ply
format ascii 1.0
element vertex 3060
property float x
property float y
property float z
property uchar red
property uchar green
property uchar blue
end_header
0.010042967897125507 -0.006518264780421137 0.04182415868634958 220 220 220
0.010182392595513883 -0.006180054465285405 0.04182415868634958 220 220 220
0.010301293670330551 -0.005841844150149673 0.04182415868634958 220 255 0
0.010396404539785482 -0.005503633835013941 0.04182415868634958 220 220 220
0.010486156959923224 -0.005165423519878208 0.04182415868634958 220 220 220
0.010564571833400399 -0.004827213204742476 0.04182415868634958 220 220 220
0.010634016099989742 -0.004489002889606743 0.04182415868634958 220 220 220
0.010691993736891699 -0.004150792574471011 0.04182415868634958 220 255 0
0.01074054892751294 -0.003812582259335278 0.04182415868634958 220 220 220
0.010785412733491576 -0.003474371944199546 0.04182415868634958 220 220 220
0.010829051424491858 -0.0031361616290638133 0.04182415868634958 220 220 220
0.010865942559700675 -0.0027979513139280814 0.04182415868634958 220 220 220
0.010897349368393892 -0.0024597409987923494 0.04182415868634958 220 255 0
0.010924492137628894 -0.0021215306836566165 0.04182415868634958 220 220 220
0.01094824957868993 -0.0017833203685208845 0.04182415868634958 220 220 220
0.010968584005893194 -0.0014451100533851517 0.04182415868634958 220 220 220
0.010986302675343833 -0.0011068997382494197 0.04182415868634958 220 220 220
0.011001140678361138 -0.0007686894231136877 0.04182415868634958 220 255 0
0.011014068173194821 -0.0004304791079779557 0.04182415868634958 220 220 220
0.011025176084762629 -9.226879284222195e-05 0.04182415868634958 220 220 220
0.011033438732378857 0.00024594152229351005 0.04182415868634958 220 220 220
0.011041389593969764 0.000584151837429242 0.04182415868634958 220 220 220
0.01104687728827014 0.000922362152564974 0.04182415868634958 220 255 0
0.0110505317953094 0.001260572467700706 0.04182415868634958 220 220 220
0.011052628676112407 0.0015987827828364398 0.04182415868634958 220 220 220
0.011053391389936435 0.0019369930979721717 0.04182415868634958 220 220 220
0.011051423723496864 0.0022752034131079037 0.04182415868634958 220 220 220
0.01104687840365666 0.0026134137282436357 0.04182415868634958 220 255 0
0.011040192672202648 0.002951624043379369 0.04182415868634958 220 220 220
0.011030603936166445 0.0032898343585151014 0.04182415868634958 220 220 220
0.011018440461802191 0.0036280446736508334 0.04182415868634958 220 220 220
0.011002374976380177 0.003966254988786565 0.04182415868634958 220 220 220
0.01097785368237094 0.004304465303922297 0.04182415868634958 220 255 0
0.01095080375569512 0.004642675619058031 0.04182415868634958 220 220 220
0.010921531509078038 0.004980885934193763 0.04182415868634958 220 220 220
0.010885027764451027 0.005319096249329495 0.04182415868634958 220 220 220
0.010844934218654689 0.005657306564465227 0.04182415868634958 220 220 220
0.010786431005784743 0.005995516879600959 0.04182415868634958 220 255 0
0.01072477886855603 0.006333727194736693 0.04182415868634958 220 220 220
0.010663769213373506 0.006671937509872425 0.04182415868634958 220 220 220
0.01058138525298186 0.007010147825008157 0.04182415868634958 220 220 220
0.010483731730376016 0.007348358140143889 0.04182415868634958 220 220 220
0.010364345436699084 0.007686568455279621 0.04182415868634958 220 255 0
0.010235319402389647 0.008024778770415353 0.04182415868634958 220 220 220
0.010051319800829937 0.008362989085551085 0.04182415868634958 220 220 220
0.009853457643482513 0.00870119940068682 0.04182415868634958 220 220 220
0.009593005377985643 0.009039409715822552 0.04182415868634958 220 220 220
0.009250980708283306 0.009377620030958284 0.04182415868634958 220 255 0
0.00877968465705693 0.009715830346094016 0.04182415868634958 220 220 220
0.008198741816072814 0.010054040661229748 0.04182415868634958 220 220 220
0.008054101825540968 -0.008547526671235532 0.04212804592241802 220 220 220
0.00865236220157075 -0.008209316356099798 0.04212804592241802 220 220 220
0.009080243735504343 -0.007871106040964066 0.04212804592241802 220 220 220
0.009404143113704626 -0.0075328957258283345 0.04212804592241802 220 255 0
0.009662648328125526 -0.0071946854106926025 0.04212804592241802 220 220 220
0.009866821643340906 -0.00685647509555687 0.04212804592241802 220 220 220
0.010033978648781371 -0.006518264780421137 0.04212804592241802 220 220 220
0.01017660443070303 -0.006180054465285405 0.04212804592241802 220 220 220
0.010288868564850347 -0.005841844150149673 0.04212804592241802 220 255 0
0.01039126485542209 -0.005503633835013941 0.04212804592241802 220 220 220
0.010476958575969572 -0.005165423519878208 0.04212804592241802 220 220 220
0.010549751336582962 -0.004827213204742476 0.04212804592241802 220 220 220
0.010624200954045832 -0.004489002889606743 0.04212804592241802 220 220 220
0.010684312281199973 -0.004150792574471011 0.04212804592241802 220 255 0
0.01073226763901109 -0.003812582259335278 0.04212804592241802 220 220 220
0.010776671140511118 -0.003474371944199546 0.04212804592241802 220 220 220
0.01081638660637917 -0.0031361616290638133 0.04212804592241802 220 220 220
0.01085654168035447 -0.0027979513139280814 0.04212804592241802 220 220 220
0.01088900397419193 -0.0024597409987923494 0.04212804592241802 220 255 0
0.010915066437115211 -0.0021215306836566165 0.04212804592241802 220 220 220
0.010937702390864636 -0.0017833203685208845 0.04212804592241802 220 220 220
0.010957200373202657 -0.0014451100533851517 0.04212804592241802 220 220 220
0.010973831289638365 -0.0011068997382494197 0.04212804592241802 220 220 220
0.010988469263808628 -0.0007686894231136877 0.04212804592241802 220 255 0
0.011000602082705688 -0.0004304791079779557 0.04212804592241802 220 220 220
0.011011166484356141 -9.226879284222195e-05 0.04212804592241802 220 220 220
0.011019204336841757 0.00024594152229351005 0.04212804592241802 220 220 220
0.011026921426930014 0.000584151837429242 0.04212804592241802 220 220 220
0.011032446206080657 0.000922362152564974 0.04212804592241802 220 255 0
0.011036304849094871 0.001260572467700706 0.04212804592241802 220 220 220
0.011038915648499275 0.0015987827828364398 0.04212804592241802 220 220 220
0.011040222366543437 0.0019369930979721717 0.04212804592241802 220 220 220
0.011039220406515709 0.0022752034131079037 0.04212804592241802 220 220 220
0.011035161167454503 0.0026134137282436357 0.04212804592241802 220 255 0
0.011029542028800764 0.002951624043379369 0.04212804592241802 220 220 220
0.0110215173142056 0.0032898343585151014 0.04212804592241802 220 220 220
0.01101073998164608 0.0036280446736508334 0.04212804592241802 220 220 220
0.01099161951008325 0.003966254988786565 0.04212804592241802 220 220 220
0.010968219962544448 0.004304465303922297 0.04212804592241802 220 255 0
0.010941437421429714 0.004642675619058031 0.04212804592241802 220 220 220
0.010912624684671721 0.004980885934193763 0.04212804592241802 220 220 220
0.010879964411685743 0.005319096249329495 0.04212804592241802 220 220 220
0.010835667568623843 0.005657306564465227 0.04212804592241802 220 220 220
0.01077963994918952 0.005995516879600959 0.04212804592241802 220 255 0
0.010716796304548012 0.006333727194736693 0.04212804592241802 220 220 220
0.01065452436192893 0.006671937509872425 0.04212804592241802 220 220 220
0.01057317401737684 0.007010147825008157 0.04212804592241802 220 220 220
0.010476497133776994 0.007348358140143889 0.04212804592241802 220 220 220
0.010362682218813164 0.007686568455279621 0.04212804592241802 220 255 0
0.010226781806959361 0.008024778770415353 0.04212804592241802 220 220 220
0.010043340809189928 0.008362989085551085 0.04212804592241802 220 220 220
0.009839626726737416 0.00870119940068682 0.04212804592241802 220 220 220
0.009582716257880212 0.009039409715822552 0.04212804592241802 220 220 220
0.009237742953924382 0.009377620030958284 0.04212804592241802 220 255 0
0.00876632302211872 0.009715830346094016 0.04212804592241802 220 220 220
0.008169212674279409 0.010054040661229748 0.04212804592241802 220 220 220
0.00800436119761105 -0.008547526671235532 0.04243193315848646 220 220 220
0.00861508229518162 -0.008209316356099798 0.04243193315848646 220 220 220
0.009049396102053082 -0.007871106040964066 0.04243193315848646 220 220 220
0.009379753238298122 -0.0075328957258283345 0.04243193315848646 220 255 0
0.009644625762944828 -0.0071946854106926025 0.04243193315848646 220 220 220
0.009848696051506102 -0.00685647509555687 0.04243193315848646 220 220 220
0.010022248247133696 -0.006518264780421137 0.04243193315848646 220 220 220
0.0101630458924385 -0.006180054465285405 0.04243193315848646 220 220 220
0.010276826665890713 -0.005841844150149673 0.04243193315848646 220 255 0
0.010386125171058698 -0.005503633835013941 0.04243193315848646 220 220 220
0.010463477894711415 -0.005165423519878208 0.04243193315848646 220 220 220
0.010539446014960777 -0.004827213204742476 0.04243193315848646 220 220 220
0.010610064360561892 -0.004489002889606743 0.04243193315848646 220 220 220
0.010676630825508248 -0.004150792574471011 0.04243193315848646 220 255 0
0.010723661261662236 -0.003812582259335278 0.04243193315848646 220 220 220
0.01076680102602982 -0.003474371944199546 0.04243193315848646 220 220 220
0.010803380382817283 -0.0031361616290638133 0.04243193315848646 220 220 220
0.010841043098197785 -0.0027979513139280814 0.04243193315848646 220 220 220
0.01087697526302813 -0.0024597409987923494 0.04243193315848646 220 255 0
0.010905113033308583 -0.0021215306836566165 0.04243193315848646 220 220 220
0.010926932553993535 -0.0017833203685208845 0.04243193315848646 220 220 220
0.010945643273891477 -0.0014451100533851517 0.04243193315848646 220 220 220
0.010961328172570341 -0.0011068997382494197 0.04243193315848646 220 220 220
0.01097523783175312 -0.0007686894231136877 0.04243193315848646 220 255 0
0.010987135992216554 -0.0004304791079779557 0.04243193315848646 220 220 220
0.010996952015246787 -9.226879284222195e-05 0.04243193315848646 220 220 220
0.011004969941304656 0.00024594152229351005 0.04243193315848646 220 220 220
0.011012435592535294 0.000584151837429242 0.04243193315848646 220 220 220
0.011018038860486204 0.000922362152564974 0.04243193315848646 220 255 0
0.011022077902880342 0.001260572467700706 0.04243193315848646 220 220 220
0.011025202620886142 0.0015987827828364398 0.04243193315848646 220 220 220
0.011027112183913983 0.0019369930979721717 0.04243193315848646 220 220 220
0.01102688835860479 0.0022752034131079037 0.04243193315848646 220 220 220
0.011023443931252347 0.0026134137282436357 0.04243193315848646 220 255 0
0.011018963388524074 0.002951624043379369 0.04243193315848646 220 220 220
0.011012430692244758 0.0032898343585151014 0.04243193315848646 220 220 220
0.010998163998697895 0.0036280446736508334 0.04243193315848646 220 220 220
0.010978653532256254 0.003966254988786565 0.04243193315848646 220 220 220
0.010955974464714215 0.004304465303922297 0.04243193315848646 220 255 0
0.010931443157748553 0.004642675619058031 0.04243193315848646 220 220 220
0.010903617517760273 0.004980885934193763 0.04243193315848646 220 220 220
0.010872647713615312 0.005319096249329495 0.04243193315848646 220 220 220
0.01082451877773406 0.005657306564465227 0.04243193315848646 220 220 220
0.010770438138610727 0.005995516879600959 0.04243193315848646 220 255 0
0.010710616186273777 0.006333727194736693 0.04243193315848646 220 220 220
0.010647772541632272 0.006671937509872425 0.04243193315848646 220 220 220
0.010567540195996865 0.007010147825008157 0.04243193315848646 220 220 220
0.01047141930552858 0.007348358140143889 0.04243193315848646 220 220 220
0.010352294083107186 0.007686568455279621 0.04243193315848646 220 255 0
0.010218146943892904 0.008024778770415353 0.04243193315848646 220 220 220
0.010037936161262414 0.008362989085551085 0.04243193315848646 220 220 220
0.009824635035926703 0.00870119940068682 0.04243193315848646 220 220 220
0.009559548307264507 0.009039409715822552 0.04243193315848646 220 220 220
0.009224505199565459 0.009377620030958284 0.04243193315848646 220 255 0
0.008759255253135981 0.009715830346094016 0.04243193315848646 220 220 220
0.008139683532486001 0.010054040661229748 0.04243193315848646 220 220 220
-0.0007640600963245286 0.01039225097636548 0.04243193315848646 220 220 220
-0.0007666254330027829 0.010730461291501212 0.04243193315848646 220 220 220
-0.0009717537239843366 -0.008885736986371264 0.042735820394554896 220 220 220
0.007954620569681133 -0.008547526671235532 0.042735820394554896 220 220 220
0.008575241799038753 -0.008209316356099798 0.042735820394554896 220 220 220
0.009017549565726517 -0.007871106040964066 0.042735820394554896 220 220 220
0.009355604903812376 -0.0075328957258283345 0.042735820394554896 220 255 0
0.009620411586685728 -0.0071946854106926025 0.042735820394554896 220 220 220
0.009831552795811199 -0.00685647509555687 0.042735820394554896 220 220 220
0.010007613041390178 -0.006518264780421137 0.042735820394554896 220 220 220
0.010147096173705671 -0.006180054465285405 0.042735820394554896 220 220 220
0.010267883541044397 -0.005841844150149673 0.042735820394554896 220 255 0
0.010372900018899137 -0.005503633835013941 0.042735820394554896 220 220 220
0.010454691075875723 -0.005165423519878208 0.042735820394554896 220 220 220
0.010530659196125086 -0.004827213204742476 0.042735820394554896 220 220 220
0.010596113760289723 -0.004489002889606743 0.042735820394554896 220 220 220
0.010664006336799238 -0.004150792574471011 0.042735820394554896 220 255 0
0.010713791147180941 -0.003812582259335278 0.042735820394554896 220 220 220
0.010755621030369991 -0.003474371944199546 0.042735820394554896 220 220 220
0.010791199242781333 -0.0031361616290638133 0.042735820394554896 220 220 220
0.01082476967554364 -0.0027979513139280814 0.042735820394554896 220 220 220
0.010860336139088439 -0.0024597409987923494 0.042735820394554896 220 255 0
0.01088979500998498 -0.0021215306836566165 0.042735820394554896 220 220 220
0.010915548921302996 -0.0017833203685208845 0.042735820394554896 220 220 220
0.010933683910547352 -0.0014451100533851517 0.042735820394554896 220 220 220
0.010948843136641016 -0.0011068997382494197 0.042735820394554896 220 220 220
0.01096181743418619 -0.0007686894231136877 0.042735820394554896 220 255 0
0.010973197045727969 -0.0004304791079779557 0.042735820394554896 220 220 220
0.010982702759005081 -9.226879284222195e-05 0.042735820394554896 220 220 220
0.010990735545767554 0.00024594152229351005 0.042735820394554896 220 220 220
0.010997949758140575 0.000584151837429242 0.042735820394554896 220 220 220
0.011003631514891747 0.000922362152564974 0.042735820394554896 220 255 0
0.011007898670207284 0.001260572467700706 0.042735820394554896 220 220 220
0.01101148959327301 0.0015987827828364398 0.042735820394554896 220 220 220
0.011013612594704354 0.0019369930979721717 0.042735820394554896 220 220 220
0.011014051234942646 0.0022752034131079037 0.042735820394554896 220 220 220
0.01101172669505019 0.0026134137282436357 0.042735820394554896 220 255 0
0.011008397353253704 0.002951624043379369 0.042735820394554896 220 220 220
0.010997202808872623 0.0032898343585151014 0.042735820394554896 220 220 220
0.010981610808881038 0.0036280446736508334 0.042735820394554896 220 220 220
0.01096403011118735 0.003966254988786565 0.042735820394554896 220 220 220
0.010943130977309114 0.004304465303922297 0.042735820394554896 220 255 0
0.010919896265694892 0.004642675619058031 0.042735820394554896 220 220 220
0.010894610350848823 0.004980885934193763 0.042735820394554896 220 220 220
0.010860022063365221 0.005319096249329495 0.042735820394554896 220 220 220
0.01081263675390862 0.005657306564465227 0.042735820394554896 220 220 220
0.010759289347720944 0.005995516879600959 0.042735820394554896 220 255 0
0.010704436067999541 0.006333727194736693 0.042735820394554896 220 220 220
0.010640358580911904 0.006671937509872425 0.042735820394554896 220 220 220
0.010556683725629117 0.007010147825008157 0.042735820394554896 220 220 220
0.010461899099997469 0.007348358140143889 0.042735820394554896 220 220 220
0.010341905947401208 0.007686568455279621 0.042735820394554896 220 255 0
0.010201580379071495 0.008024778770415353 0.042735820394554896 220 220 220
0.010032531513334896 0.008362989085551085 0.042735820394554896 220 220 220
0.009808812272453662 0.00870119940068682 0.042735820394554896 220 220 220
0.009536380356648805 0.009039409715822552 0.042735820394554896 220 220 220
0.00919420895830446 0.009377620030958284 0.042735820394554896 220 255 0
0.008739354150058182 0.009715830346094016 0.042735820394554896 220 220 220
0.008110154390692596 0.010054040661229748 0.042735820394554896 220 220 220
-0.0010514073242115925 0.01039225097636548 0.042735820394554896 220 220 220
-0.0010518790803980861 0.010730461291501212 0.042735820394554896 220 220 220
-0.0013552805456821908 -0.008885736986371264 0.043039707630623335 255 220 0
0.007896738369279562 -0.008547526671235532 0.043039707630623335 255 220 0
0.008535148048648161 -0.008209316356099798 0.043039707630623335 255 220 0
0.008982386652885477 -0.007871106040964066 0.043039707630623335 255 220 0
0.009330005790755071 -0.0075328957258283345 0.043039707630623335 255 255 0
0.009595140323253043 -0.0071946854106926025 0.043039707630623335 255 220 0
0.00981254157637639 -0.00685647509555687 0.043039707630623335 255 220 0
0.009990461647838235 -0.006518264780421137 0.043039707630623335 255 220 0
0.010131146454972841 -0.006180054465285405 0.043039707630623335 255 220 0
0.010258428250932736 -0.005841844150149673 0.043039707630623335 255 255 0
0.010356581180422124 -0.005503633835013941 0.043039707630623335 255 220 0
0.01044590425704003 -0.005165423519878208 0.043039707630623335 255 220 0
0.010516255721607352 -0.004827213204742476 0.043039707630623335 255 220 0
0.010582163160017553 -0.004489002889606743 0.043039707630623335 255 220 0
0.01064464417994538 -0.004150792574471011 0.043039707630623335 255 255 0
0.010703921032699647 -0.003812582259335278 0.043039707630623335 255 220 0
0.010742610220545953 -0.003474371944199546 0.043039707630623335 255 220 0
0.010779018102745383 -0.0031361616290638133 0.043039707630623335 255 220 0
0.010808923925732312 -0.0027979513139280814 0.043039707630623335 255 220 0
0.010840814618701022 -0.0024597409987923494 0.043039707630623335 255 255 0
0.010870546610315952 -0.0021215306836566165 0.043039707630623335 255 220 0
0.010895198297571143 -0.0017833203685208845 0.043039707630623335 255 220 0
0.010918935180777429 -0.0014451100533851517 0.043039707630623335 255 220 0
0.010936229340967387 -0.0011068997382494197 0.043039707630623335 255 220 0
0.010948397036619262 -0.0007686894231136877 0.043039707630623335 255 255 0
0.010959170944885108 -0.0004304791079779557 0.043039707630623335 255 220 0
0.010968453502763372 -9.226879284222195e-05 0.043039707630623335 255 220 0
0.010976501150230456 0.00024594152229351005 0.043039707630623335 255 220 0
0.010983463923745853 0.000584151837429242 0.043039707630623335 255 220 0
0.01098922416929729 0.000922362152564974 0.043039707630623335 255 255 0
0.010993846152780123 0.001260572467700706 0.043039707630623335 255 220 0
0.010997776565659876 0.0015987827828364398 0.043039707630623335 255 220 0
0.011000098481656867 0.0019369930979721717 0.043039707630623335 255 220 0
0.011000882211549648 0.0022752034131079037 0.043039707630623335 255 220 0
0.010998149365710128 0.0026134137282436357 0.043039707630623335 255 255 0
0.010989037647385543 0.002951624043379369 0.043039707630623335 255 220 0
0.01097731225351781 0.0032898343585151014 0.043039707630623335 255 220 0
0.010964894795985003 0.0036280446736508334 0.043039707630623335 255 220 0
0.010947317720812907 0.003966254988786565 0.043039707630623335 255 220 0
0.010930079540084115 0.004304465303922297 0.043039707630623335 255 255 0
0.010907239602210433 0.004642675619058031 0.043039707630623335 255 220 0
0.010883818066675568 0.004980885934193763 0.043039707630623335 255 220 0
0.010843599868920754 0.005319096249329495 0.043039707630623335 255 220 0
0.010798128984428185 0.005657306564465227 0.043039707630623335 255 220 0
0.010746893809352277 0.005995516879600959 0.043039707630623335 255 255 0
0.010693737800367208 0.006333727194736693 0.043039707630623335 255 220 0
0.010627458248041108 0.006671937509872425 0.043039707630623335 255 220 0
0.010543944406280238 0.007010147825008157 0.043039707630623335 255 220 0
0.010448412198780996 0.007348358140143889 0.043039707630623335 255 220 0
0.010331517811695232 0.007686568455279621 0.043039707630623335 255 255 0
0.01018460598680279 0.008024778770415353 0.043039707630623335 255 220 0
0.010015743730647932 0.008362989085551085 0.043039707630623335 255 220 0
0.009792989508980622 0.00870119940068682 0.043039707630623335 255 220 0
0.009513212406033101 0.009039409715822552 0.043039707630623335 255 220 0
0.009162877153621834 0.009377620030958284 0.043039707630623335 255 255 0
0.008704770574913161 0.009715830346094016 0.043039707630623335 255 220 0
0.00808062524889919 0.010054040661229748 0.043039707630623335 255 220 0
-0.0011758902736073232 0.01039225097636548 0.043039707630623335 255 220 0
-0.0011715452840228395 0.010730461291501212 0.043039707630623335 255 220 0
-0.0015186443072926561 -0.008885736986371264 0.04334359486669177 220 220 220
0.007835840299199114 -0.008547526671235532 0.04334359486669177 220 220 220
0.008486360352072545 -0.008209316356099798 0.04334359486669177 220 220 220
0.008945562881786827 -0.007871106040964066 0.04334359486669177 220 220 220
0.009294090312977718 -0.0075328957258283345 0.04334359486669177 220 255 0
0.009569869059820359 -0.0071946854106926025 0.04334359486669177 220 220 220
0.009789159582079354 -0.00685647509555687 0.04334359486669177 220 220 220
0.009966517702392843 -0.006518264780421137 0.04334359486669177 220 220 220
0.010115196736240013 -0.006180054465285405 0.04334359486669177 220 220 220
0.010239414465617347 -0.005841844150149673 0.04334359486669177 220 255 0
0.010340255997207577 -0.005503633835013941 0.04334359486669177 220 220 220
0.010435779368596658 -0.005165423519878208 0.04334359486669177 220 220 220
0.010501815376160642 -0.004827213204742476 0.04334359486669177 220 220 220
0.010568212559745384 -0.004489002889606743 0.04334359486669177 220 220 220
0.010625024808613357 -0.004150792574471011 0.04334359486669177 220 255 0
0.010684638069891268 -0.003812582259335278 0.04334359486669177 220 220 220
0.010729599410721914 -0.003474371944199546 0.04334359486669177 220 220 220
0.01076431067503995 -0.0031361616290638133 0.04334359486669177 220 220 220
0.010793253743785954 -0.0027979513139280814 0.04334359486669177 220 220 220
0.010821293098313603 -0.0024597409987923494 0.04334359486669177 220 255 0
0.010850012712659925 -0.0021215306836566165 0.04334359486669177 220 220 220
0.010872721233163143 -0.0017833203685208845 0.04334359486669177 220 220 220
0.010893669090460795 -0.0014451100533851517 0.04334359486669177 220 220 220
0.010913504422856117 -0.0011068997382494197 0.04334359486669177 220 220 220
0.010931199863043983 -0.0007686894231136877 0.04334359486669177 220 255 0
0.01094514484404225 -0.0004304791079779557 0.04334359486669177 220 220 220
0.010954204246521663 -9.226879284222195e-05 0.04334359486669177 220 220 220
0.010962237784771147 0.00024594152229351005 0.04334359486669177 220 220 220
0.010968978089351135 0.000584151837429242 0.04334359486669177 220 220 220
0.010974816823702837 0.000922362152564974 0.04334359486669177 220 255 0
0.010979793635352963 0.001260572467700706 0.04334359486669177 220 220 220
0.010984016486233917 0.0015987827828364398 0.04334359486669177 220 220 220
0.01098275227587295 0.0019369930979721717 0.04334359486669177 220 220 220
0.010979452011647104 0.0022752034131079037 0.04334359486669177 220 220 220
0.010974631754343142 0.0026134137282436357 0.04334359486669177 220 255 0
0.010966134218990611 0.002951624043379369 0.04334359486669177 220 220 220
0.010957421698162996 0.0032898343585151014 0.04334359486669177 220 220 220
0.010944575582640073 0.0036280446736508334 0.04334359486669177 220 220 220
0.010930754127171927 0.003966254988786565 0.04334359486669177 220 220 220
0.010913367149709668 0.004304465303922297 0.04334359486669177 220 255 0
0.010894582938725975 0.004642675619058031 0.04334359486669177 220 220 220
0.010864830913121529 0.004980885934193763 0.04334359486669177 220 220 220
0.010825914386942328 0.005319096249329495 0.04334359486669177 220 220 220
0.010781706789983716 0.005657306564465227 0.04334359486669177 220 220 220
0.010734306873781001 0.005995516879600959 0.04334359486669177 220 255 0
0.010681150864795933 0.006333727194736693 0.04334359486669177 220 220 220
0.010613612761468053 0.006671937509872425 0.04334359486669177 220 220 220
0.010531205086931358 0.007010147825008157 0.04334359486669177 220 220 220
0.01042998219595271 0.007348358140143889 0.04334359486669177 220 220 220
0.010321129675989256 0.007686568455279621 0.04334359486669177 220 255 0
0.010166994986091518 0.008024778770415353 0.04334359486669177 220 220 220
0.009990024037532883 0.008362989085551085 0.04334359486669177 220 220 220
0.009771859871442355 0.00870119940068682 0.04334359486669177 220 220 220
0.009490044455417398 0.009039409715822552 0.04334359486669177 220 220 220
0.009131545348939209 0.009377620030958284 0.04334359486669177 220 255 0
0.008665779381350533 0.009715830346094016 0.04334359486669177 220 220 220
0.00804762472898465 0.010054040661229748 0.04334359486669177 220 220 220
-0.001199171959266481 0.01039225097636548 0.04334359486669177 220 220 220
-0.0011921994178807486 0.010730461291501212 0.04334359486669177 220 220 220
-0.0015660951270087956 -0.008885736986371264 0.04364748210276021 220 220 220
0.007772992288842534 -0.008547526671235532 0.04364748210276021 220 220 220
0.008424188478883795 -0.008209316356099798 0.04364748210276021 220 220 220
0.008897204283195785 -0.007871106040964066 0.04364748210276021 220 220 220
0.009258174835200368 -0.0075328957258283345 0.04364748210276021 220 255 0
0.00953651201394808 -0.0071946854106926025 0.04364748210276021 220 220 220
0.009765777587782317 -0.00685647509555687 0.04364748210276021 220 220 220
0.009942573756947452 -0.006518264780421137 0.04364748210276021 220 220 220
0.010095582354576943 -0.006180054465285405 0.04364748210276021 220 220 220
0.0102163589215046 -0.005841844150149673 0.04364748210276021 220 255 0
0.01032393081399303 -0.005503633835013941 0.04364748210276021 220 220 220
0.010412754709709905 -0.005165423519878208 0.04364748210276021 220 220 220
0.010487375030713933 -0.004827213204742476 0.04364748210276021 220 220 220
0.01055030101490858 -0.004489002889606743 0.04364748210276021 220 220 220
0.010605612214008246 -0.004150792574471011 0.04364748210276021 220 255 0
0.010660464711495786 -0.003812582259335278 0.04364748210276021 220 220 220
0.010710835833792955 -0.003474371944199546 0.04364748210276021 220 220 220
0.010748037252385802 -0.0031361616290638133 0.04364748210276021 220 220 220
0.010777583561839596 -0.0027979513139280814 0.04364748210276021 220 220 220
0.010801771577926184 -0.0024597409987923494 0.04364748210276021 220 255 0
0.010827628228962962 -0.0021215306836566165 0.04364748210276021 220 220 220
0.010850244168755144 -0.0017833203685208845 0.04364748210276021 220 220 220
0.010868403000144161 -0.0014451100533851517 0.04364748210276021 220 220 220
0.010886244377842465 -0.0011068997382494197 0.04364748210276021 220 220 220
0.010903670017052135 -0.0007686894231136877 0.04364748210276021 220 255 0
0.010916255837109732 -0.0004304791079779557 0.04364748210276021 220 220 220
0.010927644759346 -9.226879284222195e-05 0.04364748210276021 220 220 220
0.01093757250927192 0.00024594152229351005 0.04364748210276021 220 220 220
0.010944787068821335 0.000584151837429242 0.04364748210276021 220 220 220
0.010950112577625026 0.000922362152564974 0.04364748210276021 220 255 0
0.010954070680560927 0.001260572467700706 0.04364748210276021 220 220 220
0.010955378945993976 0.0015987827828364398 0.04364748210276021 220 220 220
0.010955106055083314 0.0019369930979721717 0.04364748210276021 220 220 220
0.010953938533830147 0.0022752034131079037 0.04364748210276021 220 220 220
0.010948645006611296 0.0026134137282436357 0.04364748210276021 220 255 0
0.010943230790595677 0.002951624043379369 0.04364748210276021 220 220 220
0.01093533461095079 0.0032898343585151014 0.04364748210276021 220 220 220
0.010924266452265775 0.0036280446736508334 0.04364748210276021 220 220 220
0.010912598761414826 0.003966254988786565 0.04364748210276021 220 220 220
0.010896654759335224 0.004304465303922297 0.04364748210276021 220 255 0
0.010877313784893018 0.004642675619058031 0.04364748210276021 220 220 220
0.0108431341302667 0.004980885934193763 0.04364748210276021 220 220 220
0.010805828435690855 0.005319096249329495 0.04364748210276021 220 220 220
0.010763534107319568 0.005657306564465227 0.04364748210276021 220 220 220
0.010719813711046682 0.005995516879600959 0.04364748210276021 220 255 0
0.010664666906848794 0.006333727194736693 0.04364748210276021 220 220 220
0.010593614962070648 0.006671937509872425 0.04364748210276021 220 220 220
0.01051537516793986 0.007010147825008157 0.04364748210276021 220 220 220
0.010411552193124424 0.007348358140143889 0.04364748210276021 220 220 220
0.010295492753986068 0.007686568455279621 0.04364748210276021 220 255 0
0.010149383985380244 0.008024778770415353 0.04364748210276021 220 220 220
0.009964304344417833 0.008362989085551085 0.04364748210276021 220 220 220
0.009747328993512017 0.00870119940068682 0.04364748210276021 220 220 220
0.009463208588848158 0.009039409715822552 0.04364748210276021 220 220 220
0.009100213544256584 0.009377620030958284 0.04364748210276021 220 255 0
0.008626788187787907 0.009715830346094016 0.04364748210276021 220 220 220
0.007999473761453756 0.010054040661229748 0.04364748210276021 220 220 220
-0.0011767515221684129 0.01039225097636548 0.04364748210276021 220 220 220
-0.001169778980782677 0.010730461291501212 0.04364748210276021 220 220 220
-0.0015518279760071488 -0.008885736986371264 0.04395136933882865 220 220 220
0.007693322485483177 -0.008547526671235532 0.04395136933882865 220 220 220
0.008362016605695048 -0.008209316356099798 0.04395136933882865 220 220 220
0.008848845684604745 -0.007871106040964066 0.04395136933882865 220 220 220
0.00921643451316654 -0.0075328957258283345 0.04395136933882865 220 255 0
0.009502741346432114 -0.0071946854106926025 0.04395136933882865 220 220 220
0.009732226327289161 -0.00685647509555687 0.04395136933882865 220 220 220
0.009918517016300645 -0.006518264780421137 0.04395136933882865 220 220 220
0.010072433915293007 -0.006180054465285405 0.04395136933882865 220 220 220
0.010193303377391851 -0.005841844150149673 0.04395136933882865 220 255 0
0.010306143294017672 -0.005503633835013941 0.04395136933882865 220 220 220
0.010389730050823155 -0.005165423519878208 0.04395136933882865 220 220 220
0.010472934685267225 -0.004827213204742476 0.04395136933882865 220 220 220
0.010530178862651542 -0.004489002889606743 0.04395136933882865 220 220 220
0.010586199619403136 -0.004150792574471011 0.04395136933882865 220 255 0
0.01063491802027625 -0.003812582259335278 0.04395136933882865 220 220 220
0.010685973465725014 -0.003474371944199546 0.04395136933882865 220 220 220
0.010728697671286078 -0.0031361616290638133 0.04395136933882865 220 220 220
0.010759929112692222 -0.0027979513139280814 0.04395136933882865 220 220 220
0.010782250057538764 -0.0024597409987923494 0.04395136933882865 220 255 0
0.010805243745265997 -0.0021215306836566165 0.04395136933882865 220 220 220
0.010827729958919407 -0.0017833203685208845 0.04395136933882865 220 220 220
0.010843136909827529 -0.0014451100533851517 0.04395136933882865 220 220 220
0.010859374797665886 -0.0011068997382494197 0.04395136933882865 220 220 220
0.010875827377605087 -0.0007686894231136877 0.04395136933882865 220 255 0
0.010887060767315538 -0.0004304791079779557 0.04395136933882865 220 220 220
0.01089743533494613 -9.226879284222195e-05 0.04395136933882865 220 220 220
0.010907276575703517 0.00024594152229351005 0.04395136933882865 220 220 220
0.010914238746170436 0.000584151837429242 0.04395136933882865 220 220 220
0.010919898668096253 0.000922362152564974 0.04395136933882865 220 255 0
0.010924209519769874 0.001260572467700706 0.04395136933882865 220 220 220
0.010926146945354681 0.0015987827828364398 0.04395136933882865 220 220 220
0.010927459834293676 0.0019369930979721717 0.04395136933882865 220 220 220
0.0109263427047127 0.0022752034131079037 0.04395136933882865 220 220 220
0.010923115063575753 0.0026134137282436357 0.04395136933882865 220 255 0
0.010919937748944276 0.002951624043379369 0.04395136933882865 220 220 220
0.010911910251016562 0.0032898343585151014 0.04395136933882865 220 220 220
0.01090437589691096 0.0036280446736508334 0.04395136933882865 220 220 220
0.010892279548069898 0.003966254988786565 0.04395136933882865 220 220 220
0.010879942368960779 0.004304465303922297 0.04395136933882865 220 255 0
0.010850507467776093 0.004642675619058031 0.04395136933882865 220 220 220
0.010819473765175225 0.004980885934193763 0.04395136933882865 220 220 220
0.010784131652836027 0.005319096249329495 0.04395136933882865 220 220 220
0.010744490600239666 0.005657306564465227 0.04395136933882865 220 220 220
0.010701153827696812 0.005995516879600959 0.04395136933882865 220 255 0
0.010644674044350082 0.006333727194736693 0.04395136933882865 220 220 220
0.010573617162673245 0.006671937509872425 0.04395136933882865 220 220 220
0.010492472153453163 0.007010147825008157 0.04395136933882865 220 220 220
0.01039312219029614 0.007348358140143889 0.04395136933882865 220 220 220
0.010268783349779122 0.007686568455279621 0.04395136933882865 220 255 0
0.0101267348698974 0.008024778770415353 0.04395136933882865 220 220 220
0.009938584651302783 0.008362989085551085 0.04395136933882865 220 220 220
0.00971232799346416 0.00870119940068682 0.04395136933882865 220 220 220
0.009429052144653203 0.009039409715822552 0.04395136933882865 220 220 220
0.009068881739573958 0.009377620030958284 0.04395136933882865 220 255 0
0.008587796994225277 0.009715830346094016 0.04395136933882865 220 220 220
0.007935031339716616 0.010054040661229748 0.04395136933882865 220 220 220
0.007057170782014496 0.01039225097636548 0.04395136933882865 220 220 220
-0.0011473585436846158 0.010730461291501212 0.04395136933882865 220 220 220
-0.001529468295232466 -0.008885736986371264 0.04425525657489709 220 220 220
0.007607802983914573 -0.008547526671235532 0.04425525657489709 220 220 220
0.0082998447325063 -0.008209316356099798 0.04425525657489709 220 220 220
0.008800487086013702 -0.007871106040964066 0.04425525657489709 220 220 220
0.009169761381075316 -0.0075328957258283345 0.04425525657489709 220 255 0
0.009468970678916151 -0.0071946854106926025 0.04425525657489709 220 220 220
0.009697970586662457 -0.00685647509555687 0.04425525657489709 220 220 220
0.009886291538512566 -0.006518264780421137 0.04425525657489709 220 220 220
0.010040061619014197 -0.006180054465285405 0.04425525657489709 220 220 220
0.010170247833279102 -0.005841844150149673 0.04425525657489709 220 255 0
0.010277270536846468 -0.005503633835013941 0.04425525657489709 220 220 220
0.0103667053919364 -0.005165423519878208 0.04425525657489709 220 220 220
0.01044750623220659 -0.004827213204742476 0.04425525657489709 220 220 220
0.0105100567103945 -0.004489002889606743 0.04425525657489709 220 220 220
0.010565454852232186 -0.004150792574471011 0.04425525657489709 220 255 0
0.010609628847777174 -0.003812582259335278 0.04425525657489709 220 220 220
0.010658075882163717 -0.003474371944199546 0.04425525657489709 220 220 220
0.010698604707234828 -0.0031361616290638133 0.04425525657489709 220 220 220
0.01073814788518069 -0.0027979513139280814 0.04425525657489709 220 220 220
0.010762728537151347 -0.0024597409987923494 0.04425525657489709 220 255 0
0.010782859261569034 -0.0021215306836566165 0.04425525657489709 220 220 220
0.010802889970297382 -0.0017833203685208845 0.04425525657489709 220 220 220
0.010817870819510897 -0.0014451100533851517 0.04425525657489709 220 220 220
0.010832505217489307 -0.0011068997382494197 0.04425525657489709 220 220 220
0.010847366451492372 -0.0007686894231136877 0.04425525657489709 220 255 0
0.010857865697521346 -0.0004304791079779557 0.04425525657489709 220 220 220
0.010867387264993075 -9.226879284222195e-05 0.04425525657489709 220 220 220
0.010876980642135117 0.00024594152229351005 0.04425525657489709 220 220 220
0.010883690423519537 0.000584151837429242 0.04425525657489709 220 220 220
0.010889684758567476 0.000922362152564974 0.04425525657489709 220 255 0
0.010893990998676549 0.001260572467700706 0.04425525657489709 220 220 220
0.010896914944715386 0.0015987827828364398 0.04425525657489709 220 220 220
0.01089925124917485 0.0019369930979721717 0.04425525657489709 220 220 220
0.010898364985584295 0.0022752034131079037 0.04425525657489709 220 220 220
0.010897601585758792 0.0026134137282436357 0.04425525657489709 220 255 0
0.01089395100121243 0.002951624043379369 0.04425525657489709 220 220 220
0.010888485891082336 0.0032898343585151014 0.04425525657489709 220 220 220
0.010881697143582572 0.0036280446736508334 0.04425525657489709 220 220 220
0.010871960334724966 0.003966254988786565 0.04425525657489709 220 220 220
0.010849504582797848 0.004304465303922297 0.04425525657489709 220 255 0
0.010823701150659167 0.004642675619058031 0.04425525657489709 220 220 220
0.01079394460974566 0.004980885934193763 0.04425525657489709 220 220 220
0.010760409813092606 0.005319096249329495 0.04425525657489709 220 220 220
0.010725129175405357 0.005657306564465227 0.04425525657489709 220 220 220
0.010679214297817291 0.005995516879600959 0.04425525657489709 220 255 0
0.010620565472693331 0.006333727194736693 0.04425525657489709 220 220 220
0.010553619363275842 0.006671937509872425 0.04425525657489709 220 220 220
0.010465507485895899 0.007010147825008157 0.04425525657489709 220 220 220
0.010374557429968291 0.007348358140143889 0.04425525657489709 220 220 220
0.010242073945572177 0.007686568455279621 0.04425525657489709 220 255 0
0.010096738244569097 0.008024778770415353 0.04425525657489709 220 220 220
0.009910528972912438 0.008362989085551085 0.04425525657489709 220 220 220
0.00967713894107895 0.00870119940068682 0.04425525657489709 220 220 220
0.00939107638350136 0.009039409715822552 0.04425525657489709 220 220 220
0.009024452565768854 0.009377620030958284 0.04425525657489709 220 255 0
0.008548805800662649 0.009715830346094016 0.04425525657489709 220 220 220
0.007862191423523453 0.010054040661229748 0.04425525657489709 220 220 220
-0.001131919034219938 0.01039225097636548 0.04425525657489709 220 220 220
-0.0011249381065865508 0.010730461291501212 0.04425525657489709 220 220 220
-0.0015070899872990443 -0.008885736986371264 0.044559143810965526 255 220 0
0.007504995263608049 -0.008547526671235532 0.044559143810965526 255 220 0
0.008236887262584482 -0.008209316356099798 0.044559143810965526 255 220 0
0.008738710028716436 -0.007871106040964066 0.044559143810965526 255 220 0
0.00912308824898409 -0.0075328957258283345 0.044559143810965526 255 255 0
0.00942232294931505 -0.0071946854106926025 0.044559143810965526 255 220 0
0.009658692241338588 -0.00685647509555687 0.044559143810965526 255 220 0
0.009854066060724486 -0.006518264780421137 0.044559143810965526 255 220 0
0.010007689322735387 -0.006180054465285405 0.044559143810965526 255 220 0
0.010143505346842576 -0.005841844150149673 0.044559143810965526 255 255 0
0.010246449198323689 -0.005503633835013941 0.044559143810965526 255 220 0
0.01034368073304965 -0.005165423519878208 0.044559143810965526 255 220 0
0.010417625355755118 -0.004827213204742476 0.044559143810965526 255 220 0
0.010488986676796472 -0.004489002889606743 0.044559143810965526 255 220 0
0.010539908161012652 -0.004150792574471011 0.044559143810965526 255 255 0
0.010584766479709231 -0.003812582259335278 0.044559143810965526 255 220 0
0.01062753121770334 -0.003474371944199546 0.044559143810965526 255 220 0
0.01066851174318358 -0.0031361616290638133 0.044559143810965526 255 220 0
0.010703197817731228 -0.0027979513139280814 0.044559143810965526 255 220 0
0.010739611979506201 -0.0024597409987923494 0.044559143810965526 255 255 0
0.010760474777872071 -0.0021215306836566165 0.044559143810965526 255 220 0
0.010778049981675359 -0.0017833203685208845 0.044559143810965526 255 220 0
0.010792604729194263 -0.0014451100533851517 0.044559143810965526 255 220 0
0.01080563563731273 -0.0011068997382494197 0.044559143810965526 255 220 0
0.010818905525379655 -0.0007686894231136877 0.044559143810965526 255 255 0
0.010828670627727154 -0.0004304791079779557 0.044559143810965526 255 220 0
0.01083778075960071 -9.226879284222195e-05 0.044559143810965526 255 220 0
0.010846684708566715 0.00024594152229351005 0.044559143810965526 255 220 0
0.01085314210086864 0.000584151837429242 0.044559143810965526 255 220 0
0.010859183298333786 0.000922362152564974 0.044559143810965526 255 255 0
0.010863772477583225 0.001260572467700706 0.044559143810965526 255 220 0
0.010867682944076092 0.0015987827828364398 0.044559143810965526 255 220 0
0.01086986712475756 0.0019369930979721717 0.044559143810965526 255 220 0
0.01087038726645589 0.0022752034131079037 0.044559143810965526 255 220 0
0.01087087059556865 0.0026134137282436357 0.044559143810965526 255 255 0
0.010867964253480585 0.002951624043379369 0.044559143810965526 255 220 0
0.01086524374354541 0.0032898343585151014 0.044559143810965526 255 220 0
0.010856960848075508 0.0036280446736508334 0.044559143810965526 255 220 0
0.010840165867801529 0.003966254988786565 0.044559143810965526 255 220 0
0.01081786920207066 0.004304465303922297 0.044559143810965526 255 255 0
0.010794091641115547 0.004642675619058031 0.044559143810965526 255 220 0
0.010767138292628733 0.004980885934193763 0.044559143810965526 255 220 0
0.010735179709763154 0.005319096249329495 0.044559143810965526 255 220 0
0.01070134586100999 0.005657306564465227 0.044559143810965526 255 220 0
0.010651865921791508 0.005995516879600959 0.044559143810965526 255 255 0
0.010593222012942445 0.006333727194736693 0.044559143810965526 255 220 0
0.010527220239012144 0.006671937509872425 0.044559143810965526 255 220 0
0.010438542818338632 0.007010147825008157 0.044559143810965526 255 220 0
0.010340418410548521 0.007348358140143889 0.044559143810965526 255 220 0
0.010215364541365232 0.007686568455279621 0.044559143810965526 255 255 0
0.010060077114783144 0.008024778770415353 0.044559143810965526 255 220 0
0.009874390456094504 0.008362989085551085 0.044559143810965526 255 220 0
0.00964194988869374 0.00870119940068682 0.044559143810965526 255 220 0
0.009345361809073091 0.009039409715822552 0.044559143810965526 255 220 0
0.00897322770887168 0.009377620030958284 0.044559143810965526 255 255 0
0.00849551665537468 0.009715830346094016 0.044559143810965526 255 220 0
0.007792487161096486 0.010054040661229748 0.044559143810965526 255 220 0
-0.0011096188700693184 0.01039225097636548 0.044559143810965526 255 220 0
-0.0011025176694884828 0.010730461291501212 0.044559143810965526 255 220 0
-0.0014847116793656225 -0.008885736986371264 0.044863031047033965 220 220 220
0.007402187543301526 -0.008547526671235532 0.044863031047033965 220 220 220
0.008164501123524409 -0.008209316356099798 0.044863031047033965 220 220 220
0.008675480914195097 -0.007871106040964066 0.044863031047033965 220 220 220
0.009067119383521945 -0.0075328957258283345 0.044863031047033965 220 255 0
0.009375620353894255 -0.0071946854106926025 0.044863031047033965 220 220 220
0.009614382294320208 -0.00685647509555687 0.044863031047033965 220 220 220
0.009813161571034828 -0.006518264780421137 0.044863031047033965 220 220 220
0.009975317026456576 -0.006180054465285405 0.044863031047033965 220 220 220
0.010108797419326548 -0.005841844150149673 0.044863031047033965 220 255 0
0.010215627859800907 -0.005503633835013941 0.044863031047033965 220 220 220
0.010313804050926894 -0.005165423519878208 0.044863031047033965 220 220 220
0.010387744479303646 -0.004827213204742476 0.044863031047033965 220 220 220
0.010459010365604532 -0.004489002889606743 0.044863031047033965 220 220 220
0.010514361469793117 -0.004150792574471011 0.044863031047033965 220 255 0
0.01055990411164129 -0.003812582259335278 0.044863031047033965 220 220 220
0.010596986553242965 -0.003474371944199546 0.044863031047033965 220 220 220
0.010638418779132332 -0.0031361616290638133 0.044863031047033965 220 220 220
0.01066824775028177 -0.0027979513139280814 0.044863031047033965 220 220 220
0.01070075470132039 -0.0024597409987923494 0.044863031047033965 220 255 0
0.010729537411474043 -0.0021215306836566165 0.044863031047033965 220 220 220
0.010753209993053335 -0.0017833203685208845 0.044863031047033965 220 220 220
0.01076733863887763 -0.0014451100533851517 0.044863031047033965 220 220 220
0.010778766057136149 -0.0011068997382494197 0.044863031047033965 220 220 220
0.010790444599266938 -0.0007686894231136877 0.044863031047033965 220 255 0
0.010799475557932961 -0.0004304791079779557 0.044863031047033965 220 220 220
0.010808174254208346 -9.226879284222195e-05 0.044863031047033965 220 220 220
0.010816388774998312 0.00024594152229351005 0.044863031047033965 220 220 220
0.010822593778217742 0.000584151837429242 0.044863031047033965 220 220 220
0.01082867299390505 0.000922362152564974 0.044863031047033965 220 255 0
0.010833553956489902 0.001260572467700706 0.044863031047033965 220 220 220
0.010837922637032288 0.0015987827828364398 0.044863031047033965 220 220 220
0.010840483000340274 0.0019369930979721717 0.044863031047033965 220 220 220
0.010842667219793822 0.0022752034131079037 0.044863031047033965 220 220 220
0.010842892876440245 0.0026134137282436357 0.044863031047033965 220 255 0
0.01084197750574874 0.002951624043379369 0.044863031047033965 220 220 220
0.01083411283004073 0.0032898343585151014 0.044863031047033965 220 220 220
0.010820871252270839 0.0036280446736508334 0.044863031047033965 220 220 220
0.01080415324616903 0.003966254988786565 0.044863031047033965 220 220 220
0.010786233821343473 0.004304465303922297 0.044863031047033965 220 255 0
0.010763175655326526 0.004642675619058031 0.044863031047033965 220 220 220
0.01073815223584542 0.004980885934193763 0.044863031047033965 220 220 220
0.010709949606433698 0.005319096249329495 0.044863031047033965 220 220 220
0.010671083747743976 0.005657306564465227 0.044863031047033965 220 220 220
0.010624517545765723 0.005995516879600959 0.044863031047033965 220 255 0
0.010565878553191563 0.006333727194736693 0.044863031047033965 220 220 220
0.010493967851497142 0.006671937509872425 0.044863031047033965 220 220 220
0.010411578150781368 0.007010147825008157 0.044863031047033965 220 220 220
0.010303944511172013 0.007348358140143889 0.044863031047033965 220 220 220
0.010184493311211483 0.007686568455279621 0.044863031047033965 220 255 0
0.010023415984997192 0.008024778770415353 0.044863031047033965 220 220 220
0.0098377644375179 0.008362989085551085 0.044863031047033965 220 220 220
0.009596384236427113 0.00870119940068682 0.044863031047033965 220 220 220
0.009299647234644822 0.009039409715822552 0.044863031047033965 220 220 220
0.008916489376408248 0.009377620030958284 0.044863031047033965 220 255 0
0.008426598409961635 0.009715830346094016 0.044863031047033965 220 220 220
0.007742662823790627 0.010054040661229748 0.044863031047033965 220 220 220
-0.0010873187059186884 0.01039225097636548 0.044863031047033965 220 220 220
-0.0010801778267594507 0.010730461291501212 0.044863031047033965 220 220 220
-0.0014623333714321972 -0.008885736986371264 0.0451669182831024 220 220 220
0.007299379822995007 -0.008547526671235532 0.0451669182831024 220 220 220
0.00806752081205109 -0.008209316356099798 0.0451669182831024 220 220 220
0.008598730033879082 -0.007871106040964066 0.0451669182831024 220 220 220
0.009006055236276195 -0.0075328957258283345 0.0451669182831024 220 255 0
0.009317485176649319 -0.0071946854106926025 0.0451669182831024 220 220 220
0.009570072347301829 -0.00685647509555687 0.0451669182831024 220 220 220
0.009768872816517483 -0.006518264780421137 0.0451669182831024 220 220 220
0.009935814705589668 -0.006180054465285405 0.0451669182831024 220 220 220
0.010067343983242352 -0.005841844150149673 0.0451669182831024 220 255 0
0.010184806521278126 -0.005503633835013941 0.0451669182831024 220 220 220
0.01027500453022738 -0.005165423519878208 0.0451669182831024 220 220 220
0.010357863602852176 -0.004827213204742476 0.0451669182831024 220 220 220
0.010424314520576412 -0.004489002889606743 0.0451669182831024 220 220 220
0.010482858968674548 -0.004150792574471011 0.0451669182831024 220 255 0
0.010531706636435371 -0.003812582259335278 0.0451669182831024 220 220 220
0.010566441888782589 -0.003474371944199546 0.0451669182831024 220 220 220
0.01060343039627631 -0.0031361616290638133 0.0451669182831024 220 220 220
0.010633297682832308 -0.0027979513139280814 0.0451669182831024 220 220 220
0.010661792201089452 -0.0024597409987923494 0.0451669182831024 220 255 0
0.01069023180918965 -0.0021215306836566165 0.0451669182831024 220 220 220
0.010712424328659525 -0.0017833203685208845 0.0451669182831024 220 220 220
0.010735059334794309 -0.0014451100533851517 0.0451669182831024 220 220 220
0.01075189647695957 -0.0011068997382494197 0.0451669182831024 220 220 220
0.010761983673154223 -0.0007686894231136877 0.0451669182831024 220 255 0
0.010770477869867755 -0.0004304791079779557 0.0451669182831024 220 220 220
0.010778567748815982 -9.226879284222195e-05 0.0451669182831024 220 220 220
0.010786092841429912 0.00024594152229351005 0.0451669182831024 220 220 220
0.0107922491398901 0.000584151837429242 0.0451669182831024 220 220 220
0.010798162689476311 0.000922362152564974 0.0451669182831024 220 255 0
0.010803335603442373 0.001260572467700706 0.0451669182831024 220 220 220
0.010807704115938963 0.0015987827828364398 0.0451669182831024 220 220 220
0.010811098875922987 0.0019369930979721717 0.0451669182831024 220 220 220
0.010813910970408177 0.0022752034131079037 0.0451669182831024 220 220 220
0.010810671577552857 0.0026134137282436357 0.0451669182831024 220 255 0
0.010804266652995529 0.002951624043379369 0.0451669182831024 220 220 220
0.010794039334525751 0.0032898343585151014 0.0451669182831024 220 220 220
0.010783108552666284 0.0036280446736508334 0.0451669182831024 220 220 220
0.010768063650364363 0.003966254988786565 0.0451669182831024 220 220 220
0.010751088370967114 0.004304465303922297 0.0451669182831024 220 255 0
0.01073170991342964 0.004642675619058031 0.0451669182831024 220 220 220
0.010707236250056398 0.004980885934193763 0.0451669182831024 220 220 220
0.010682209430358584 0.005319096249329495 0.0451669182831024 220 220 220
0.010636482293080342 0.005657306564465227 0.0451669182831024 220 220 220
0.010590445336668568 0.005995516879600959 0.0451669182831024 220 255 0
0.010532168800598402 0.006333727194736693 0.0451669182831024 220 220 220
0.010458421504444215 0.006671937509872425 0.0451669182831024 220 220 220
0.010382117419878368 0.007010147825008157 0.0451669182831024 220 220 220
0.010267470611795506 0.007348358140143889 0.0451669182831024 220 220 220
0.010144958710201876 0.007686568455279621 0.0451669182831024 220 255 0
0.009986754855211239 0.008024778770415353 0.0451669182831024 220 220 220
0.009789545970827273 0.008362989085551085 0.0451669182831024 220 220 220
0.009548422990659524 0.00870119940068682 0.0451669182831024 220 220 220
0.009249427544686127 0.009039409715822552 0.0451669182831024 220 220 220
0.008859751043944816 0.009377620030958284 0.0451669182831024 220 255 0
0.00835768016454859 0.009715830346094016 0.0451669182831024 220 220 220
0.007672225888744213 0.010054040661229748 0.0451669182831024 220 220 220
-0.0010650122436908806 0.01039225097636548 0.0451669182831024 220 220 220
-0.0010578776626088242 0.010730461291501212 0.0451669182831024 220 220 220
-0.0014399550634987754 -0.008885736986371264 0.04547080551917084 220 220 220
0.007196572102688483 -0.008547526671235532 0.04547080551917084 220 220 220
0.007970540500577768 -0.008209316356099798 0.04547080551917084 220 220 220
0.00852197915356307 -0.007871106040964066 0.04547080551917084 220 220 220
0.008941987527841297 -0.0075328957258283345 0.04547080551917084 220 255 0
0.009258442848342733 -0.0071946854106926025 0.04547080551917084 220 220 220
0.009516086719078736 -0.00685647509555687 0.04547080551917084 220 220 220
0.009723704401815171 -0.006518264780421137 0.04547080551917084 220 220 220
0.009893577140589686 -0.006180054465285405 0.04547080551917084 220 220 220
0.010025890547158156 -0.005841844150149673 0.04547080551917084 220 255 0
0.010149482830571415 -0.005503633835013941 0.04547080551917084 220 220 220
0.010236205009527863 -0.005165423519878208 0.04547080551917084 220 220 220
0.010321961860091804 -0.004827213204742476 0.04547080551917084 220 220 220
0.010387827387365737 -0.004489002889606743 0.04547080551917084 220 220 220
0.010446034563651894 -0.004150792574471011 0.04547080551917084 220 255 0
0.010498979846551876 -0.003812582259335278 0.04547080551917084 220 220 220
0.010535897224322213 -0.003474371944199546 0.04547080551917084 220 220 220
0.010568399561817642 -0.0031361616290638133 0.04547080551917084 220 220 220
0.010598347615382846 -0.0027979513139280814 0.04547080551917084 220 220 220
0.010622829700858514 -0.0024597409987923494 0.04547080551917084 220 255 0
0.010650926206905258 -0.0021215306836566165 0.04547080551917084 220 220 220
0.010669384592762829 -0.0017833203685208845 0.04547080551917084 220 220 220
0.010690002648175247 -0.0014451100533851517 0.04547080551917084 220 220 220
0.010707184644439635 -0.0011068997382494197 0.04547080551917084 220 220 220
0.010721828341113512 -0.0007686894231136877 0.04547080551917084 220 255 0
0.010735636388558302 -0.0004304791079779557 0.04547080551917084 220 220 220
0.01074579993583635 -9.226879284222195e-05 0.04547080551917084 220 220 220
0.010755064162149995 0.00024594152229351005 0.04547080551917084 220 220 220
0.010761880742842277 0.000584151837429242 0.04547080551917084 220 220 220
0.010766961010027245 0.000922362152564974 0.04547080551917084 220 255 0
0.010770826646931245 0.001260572467700706 0.04547080551917084 220 220 220
0.010771993574122084 0.0015987827828364398 0.04547080551917084 220 220 220
0.010772634294127607 0.0019369930979721717 0.04547080551917084 220 220 220
0.010770085041607782 0.0022752034131079037 0.04547080551917084 220 220 220
0.010767177536904635 0.0026134137282436357 0.04547080551917084 220 255 0
0.010760629489980822 0.002951624043379369 0.04547080551917084 220 220 220
0.010753965839010771 0.0032898343585151014 0.04547080551917084 220 220 220
0.010742815591762765 0.0036280446736508334 0.04547080551917084 220 220 220
0.010731974054559695 0.003966254988786565 0.04547080551917084 220 220 220
0.01071512299823577 0.004304465303922297 0.04547080551917084 220 255 0
0.010697976246864034 0.004642675619058031 0.04547080551917084 220 220 220
0.010676320264267378 0.004980885934193763 0.04547080551917084 220 220 220
0.010640743409126744 0.005319096249329495 0.04547080551917084 220 220 220
0.010601880838416703 0.005657306564465227 0.04547080551917084 220 220 220
0.01055602189500494 0.005995516879600959 0.04547080551917084 220 255 0
0.010496619614320614 0.006333727194736693 0.04547080551917084 220 220 220
0.010422875157391287 0.006671937509872425 0.04547080551917084 220 220 220
0.010335897362039208 0.007010147825008157 0.04547080551917084 220 220 220
0.010230996712418998 0.007348358140143889 0.04547080551917084 220 220 220
0.010096787506132495 0.007686568455279621 0.04547080551917084 220 255 0
0.009939614260853635 0.008024778770415353 0.04547080551917084 220 220 220
0.009741327504136647 0.008362989085551085 0.04547080551917084 220 220 220
0.009497798898772919 0.00870119940068682 0.04547080551917084 220 220 220
0.00918809870616306 0.009039409715822552 0.04547080551917084 220 220 220
0.008803012711481383 0.009377620030958284 0.04547080551917084 220 255 0
0.008288761919135544 0.009715830346094016 0.04547080551917084 220 220 220
0.007576147941161432 0.010054040661229748 0.04547080551917084 220 220 220
-0.0010426600907453218 0.01039225097636548 0.04547080551917084 220 220 220
-0.0010355774984581942 0.010730461291501212 0.04547080551917084 220 220 220
-0.0014175767555653503 -0.008885736986371264 0.04577469275523928 220 220 220
0.007078734187067587 -0.008547526671235532 0.04577469275523928 220 220 220
0.007873560189104449 -0.008209316356099798 0.04577469275523928 220 220 220
0.008445228273247056 -0.007871106040964066 0.04577469275523928 220 220 220
0.008865859124565055 -0.0075328957258283345 0.04577469275523928 220 255 0
0.009197454086579931 -0.0071946854106926025 0.04577469275523928 220 220 220
0.009457598138784797 -0.00685647509555687 0.04577469275523928 220 220 220
0.00966848475710786 -0.006518264780421137 0.04577469275523928 220 220 220
0.009838710347518681 -0.006180054465285405 0.04577469275523928 220 220 220
0.009984437111073958 -0.005841844150149673 0.04577469275523928 220 255 0
0.01009884361517719 -0.005503633835013941 0.04577469275523928 220 220 220
0.010197405488828349 -0.005165423519878208 0.04577469275523928 220 220 220
0.010280014753582617 -0.004827213204742476 0.04577469275523928 220 220 220
0.010350390568209016 -0.004489002889606743 0.04577469275523928 220 220 220
0.010409210158629239 -0.004150792574471011 0.04577469275523928 220 255 0
0.010455685598501772 -0.003812582259335278 0.04577469275523928 220 220 220
0.010505317264370045 -0.003474371944199546 0.04577469275523928 220 220 220
0.010533368727358976 -0.0031361616290638133 0.04577469275523928 220 220 220
0.010563397547933388 -0.0027979513139280814 0.04577469275523928 220 220 220
0.010583867200627574 -0.0024597409987923494 0.04577469275523928 220 255 0
0.0106093107275937 -0.0021215306836566165 0.04577469275523928 220 220 220
0.010626344856866133 -0.0017833203685208845 0.04577469275523928 220 220 220
0.010644945961556187 -0.0014451100533851517 0.04577469275523928 220 220 220
0.010661141635405094 -0.0011068997382494197 0.04577469275523928 220 220 220
0.010673598042599701 -0.0007686894231136877 0.04577469275523928 220 255 0
0.010687406090044493 -0.0004304791079779557 0.04577469275523928 220 220 220
0.01069624958640716 -9.226879284222195e-05 0.04577469275523928 220 220 220
0.010705147817634937 0.00024594152229351005 0.04577469275523928 220 220 220
0.010711890635745194 0.000584151837429242 0.04577469275523928 220 220 220
0.010717397465130826 0.000922362152564974 0.04577469275523928 220 255 0
0.010721263102034825 0.001260572467700706 0.04577469275523928 220 220 220
0.010723688201679241 0.0015987827828364398 0.04577469275523928 220 220 220
0.010724783776916283 0.0019369930979721717 0.04577469275523928 220 220 220
0.010723823142508176 0.0022752034131079037 0.04577469275523928 220 220 220
0.010722143933122007 0.0026134137282436357 0.04577469275523928 220 255 0
0.010717135449332602 0.002951624043379369 0.04577469275523928 220 220 220
0.010711777846695834 0.0032898343585151014 0.04577469275523928 220 220 220
0.010702626864230218 0.0036280446736508334 0.04577469275523928 220 220 220
0.010692156773091464 0.003966254988786565 0.04577469275523928 220 220 220
0.01067915762550443 0.004304465303922297 0.04577469275523928 220 255 0
0.010662010874132693 0.004642675619058031 0.04577469275523928 220 220 220
0.01063769360210848 0.004980885934193763 0.04577469275523928 220 220 220
0.010599544129970911 0.005319096249329495 0.04577469275523928 220 220 220
0.010566044419738813 0.005657306564465227 0.04577469275523928 220 220 220
0.010512279510623002 0.005995516879600959 0.04577469275523928 220 255 0
0.010453589565171733 0.006333727194736693 0.04577469275523928 220 220 220
0.010385193352569082 0.006671937509872425 0.04577469275523928 220 220 220
0.01028949421005186 0.007010147825008157 0.04577469275523928 220 220 220
0.01019158567652034 0.007348358140143889 0.04577469275523928 220 220 220
0.010048616302063114 0.007686568455279621 0.04577469275523928 220 255 0
0.009891488241661767 0.008024778770415353 0.04577469275523928 220 220 220
0.009688381351068334 0.008362989085551085 0.04577469275523928 220 220 220
0.009436851648229543 0.00870119940068682 0.04577469275523928 220 220 220
0.009126467819273457 0.009039409715822552 0.04577469275523928 220 220 220
0.008735531629088704 0.009377620030958284 0.04577469275523928 220 255 0
0.008219243171067505 0.009715830346094016 0.04577469275523928 220 220 220
0.007492031893624325 0.010054040661229748 0.04577469275523928 220 220 220
-0.0010203079377997667 0.01039225097636548 0.04577469275523928 220 220 220
-0.0010132773343075744 0.010730461291501212 0.04577469275523928 220 220 220
-0.0013951984476319283 -0.008885736986371264 0.04607857999130772 255 220 0
0.006956751498481647 -0.008547526671235532 0.04607857999130772 255 220 0
0.007759110853884036 -0.008209316356099798 0.04607857999130772 255 220 0
0.008365022949328876 -0.007871106040964066 0.04607857999130772 255 220 0
0.008786712810377354 -0.0075328957258283345 0.04607857999130772 255 255 0
0.009122876257090785 -0.0071946854106926025 0.04607857999130772 255 220 0
0.00939501542889263 -0.00685647509555687 0.04607857999130772 255 220 0
0.009613265112400547 -0.006518264780421137 0.04607857999130772 255 220 0
0.009783843554447677 -0.006180054465285405 0.04607857999130772 255 220 0
0.009938219135733463 -0.005841844150149673 0.04607857999130772 255 255 0
0.010048060898334061 -0.005503633835013941 0.04607857999130772 255 220 0
0.010155528570958725 -0.005165423519878208 0.04607857999130772 255 220 0
0.010233616467356016 -0.004827213204742476 0.04607857999130772 255 220 0
0.010303773759840106 -0.004489002889606743 0.04607857999130772 255 220 0
0.010367740176658206 -0.004150792574471011 0.04607857999130772 255 255 0
0.010412437140709593 -0.003812582259335278 0.04607857999130772 255 220 0
0.010459181869564231 -0.003474371944199546 0.04607857999130772 255 220 0
0.010497594161561194 -0.0031361616290638133 0.04607857999130772 255 220 0
0.010524870303040742 -0.0027979513139280814 0.04607857999130772 255 220 0
0.010544904700396637 -0.0024597409987923494 0.04607857999130772 255 255 0
0.010567000015476537 -0.0021215306836566165 0.04607857999130772 255 220 0
0.010583305120969437 -0.0017833203685208845 0.04607857999130772 255 220 0
0.010599889274937123 -0.0014451100533851517 0.04607857999130772 255 220 0
0.010615098626370553 -0.0011068997382494197 0.04607857999130772 255 220 0
0.010625467891012106 -0.0007686894231136877 0.04607857999130772 255 255 0
0.010639032345933544 -0.0004304791079779557 0.04607857999130772 255 220 0
0.010646699236977971 -9.226879284222195e-05 0.04607857999130772 255 220 0
0.010655495260854866 0.00024594152229351005 0.04607857999130772 255 220 0
0.01066190052864811 0.000584151837429242 0.04607857999130772 255 220 0
0.010667739178556734 0.000922362152564974 0.04607857999130772 255 255 0
0.010671699557138405 0.001260572467700706 0.04607857999130772 255 220 0
0.010675382829236399 0.0015987827828364398 0.04607857999130772 255 220 0
0.010676313936490926 0.0019369930979721717 0.04607857999130772 255 220 0
0.01067756124340857 0.0022752034131079037 0.04607857999130772 255 220 0
0.010675576612975026 0.0026134137282436357 0.04607857999130772 255 255 0
0.010673641408684377 0.002951624043379369 0.04607857999130772 255 220 0
0.01066793763566707 0.0032898343585151014 0.04607857999130772 255 220 0
0.010662553368715237 0.0036280446736508334 0.04607857999130772 255 220 0
0.010651863812187945 0.003966254988786565 0.04607857999130772 255 220 0
0.010641497954420164 0.004304465303922297 0.04607857999130772 255 255 0
0.010618211680647159 0.004642675619058031 0.04607857999130772 255 220 0
0.010591579808943152 0.004980885934193763 0.04607857999130772 255 220 0
0.010558548871545524 0.005319096249329495 0.04607857999130772 255 220 0
0.01052024464843197 0.005657306564465227 0.04607857999130772 255 220 0
0.010468411779528447 0.005995516879600959 0.04607857999130772 255 255 0
0.010409843865730276 0.006333727194736693 0.04607857999130772 255 220 0
0.010338833826876358 0.006671937509872425 0.04607857999130772 255 220 0
0.01024309105806451 0.007010147825008157 0.04607857999130772 255 220 0
0.010135441469136513 0.007348358140143889 0.04607857999130772 255 220 0
0.010000445097993735 0.007686568455279621 0.04607857999130772 255 255 0
0.00983053575136944 0.008024778770415353 0.04607857999130772 255 220 0
0.009626466225470042 0.008362989085551085 0.04607857999130772 255 220 0
0.00937590439768617 0.00870119940068682 0.04607857999130772 255 220 0
0.009052290045396176 0.009039409715822552 0.04607857999130772 255 220 0
0.008653629462879708 0.009377620030958284 0.04607857999130772 255 255 0
0.008127866895493703 0.009715830346094016 0.04607857999130772 255 220 0
0.007417551075675216 0.010054040661229748 0.04607857999130772 255 220 0
-0.0009979557848542077 0.01039225097636548 0.04607857999130772 255 220 0
-0.0009909609327659955 0.010730461291501212 0.04607857999130772 255 220 0
-0.0013728201396985065 -0.008885736986371264 0.046382467227376156 220 220 220
-0.0013659214335065735 -0.008547526671235532 0.046382467227376156 220 220 220
0.007638179414719719 -0.008209316356099798 0.046382467227376156 220 220 220
0.00825387738775351 -0.007871106040964066 0.046382467227376156 220 220 220
0.00869487703757895 -0.0075328957258283345 0.046382467227376156 220 255 0
0.009048298427601638 -0.0071946854106926025 0.046382467227376156 220 220 220
0.009323482569581116 -0.00685647509555687 0.046382467227376156 220 220 220
0.009543203202926578 -0.006518264780421137 0.046382467227376156 220 220 220
0.009728976761376674 -0.006180054465285405 0.046382467227376156 220 220 220
0.009875916391482012 -0.005841844150149673 0.046382467227376156 220 255 0
0.009997271809009726 -0.005503633835013941 0.046382467227376156 220 220 220
0.010102925167371032 -0.005165423519878208 0.046382467227376156 220 220 220
0.010187218181129415 -0.004827213204742476 0.046382467227376156 220 220 220
0.010257156951471197 -0.004489002889606743 0.046382467227376156 220 220 220
0.01031714159408978 -0.004150792574471011 0.046382467227376156 220 255 0
0.010369820422128213 -0.003812582259335278 0.046382467227376156 220 220 220
0.010411036875782882 -0.003474371944199546 0.046382467227376156 220 220 220
0.010448398450705488 -0.0031361616290638133 0.046382467227376156 220 220 220
0.010482862247793179 -0.0027979513139280814 0.046382467227376156 220 220 220
0.010505942200165697 -0.0024597409987923494 0.046382467227376156 220 255 0
0.010524689303359373 -0.0021215306836566165 0.046382467227376156 220 220 220
0.010540265385072745 -0.0017833203685208845 0.046382467227376156 220 220 220
0.010554832588318061 -0.0014451100533851517 0.046382467227376156 220 220 220
0.010569055617336011 -0.0011068997382494197 0.046382467227376156 220 220 220
0.010578273635689896 -0.0007686894231136877 0.046382467227376156 220 255 0
0.010590305712815783 -0.0004304791079779557 0.046382467227376156 220 220 220
0.010597148887548782 -9.226879284222195e-05 0.046382467227376156 220 220 220
0.010605842704074796 0.00024594152229351005 0.046382467227376156 220 220 220
0.010611910421551025 0.000584151837429242 0.046382467227376156 220 220 220
0.010617787093912898 0.000922362152564974 0.046382467227376156 220 255 0
0.010622136012241983 0.001260572467700706 0.046382467227376156 220 220 220
0.01062617044756899 0.0015987827828364398 0.046382467227376156 220 220 220
0.010627926044370505 0.0019369930979721717 0.046382467227376156 220 220 220
0.010630188112187175 0.0022752034131079037 0.046382467227376156 220 220 220
0.010629009292828038 0.0026134137282436357 0.046382467227376156 220 255 0
0.010628437986663984 0.002951624043379369 0.046382467227376156 220 220 220
0.010624097424638303 0.0032898343585151014 0.046382467227376156 220 220 220
0.010619289040396137 0.0036280446736508334 0.046382467227376156 220 220 220
0.010611570851284426 0.003966254988786565 0.046382467227376156 220 220 220
0.010591868986976647 0.004304465303922297 0.046382467227376156 220 255 0
0.010570469756687718 0.004642675619058031 0.046382467227376156 220 220 220
0.010544656178978519 0.004980885934193763 0.046382467227376156 220 220 220
0.010515686007640697 0.005319096249329495 0.046382467227376156 220 220 220
0.01046859494602442 0.005657306564465227 0.046382467227376156 220 220 220
0.010424544048433893 0.005995516879600959 0.046382467227376156 220 255 0
0.01036063482948306 0.006333727194736693 0.046382467227376156 220 220 220
0.010283278808022382 0.006671937509872425 0.046382467227376156 220 220 220
0.01019668790607716 0.007010147825008157 0.046382467227376156 220 220 220
0.01007587809563765 0.007348358140143889 0.046382467227376156 220 220 220
0.009945242733867779 0.007686568455279621 0.046382467227376156 220 255 0
0.009768939599167688 0.008024778770415353 0.046382467227376156 220 220 220
0.009564088953216605 0.008362989085551085 0.046382467227376156 220 220 220
0.009304291723535398 0.00870119940068682 0.046382467227376156 220 220 220
0.008978112271518892 0.009039409715822552 0.046382467227376156 220 220 220
0.008566407831332326 0.009377620030958284 0.046382467227376156 220 255 0
0.008029078800466403 0.009715830346094016 0.046382467227376156 220 220 220
0.007343070257726106 0.010054040661229748 0.046382467227376156 220 220 220
-0.0009756036319086524 0.01039225097636548 0.046382467227376156 220 220 220
-0.0009686197909015704 0.010730461291501212 0.046382467227376156 220 220 220
-0.0013505198192607648 -0.008885736986371264 0.046686354463444595 220 220 220
-0.0013435754953555305 -0.008547526671235532 0.046686354463444595 220 220 220
0.0075172479755554016 -0.008209316356099798 0.046686354463444595 220 220 220
0.008139764946496023 -0.007871106040964066 0.046686354463444595 220 220 220
0.00860304126478055 -0.0075328957258283345 0.046686354463444595 220 255 0
0.008968047166121469 -0.0071946854106926025 0.046686354463444595 220 220 220
0.00924743736961934 -0.00685647509555687 0.046686354463444595 220 220 220
0.009472621800798093 -0.006518264780421137 0.046686354463444595 220 220 220
0.009667464732995247 -0.006180054465285405 0.046686354463444595 220 220 220
0.009810615623364966 -0.005841844150149673 0.046686354463444595 220 255 0
0.009946482719685389 -0.005503633835013941 0.046686354463444595 220 220 220
0.010043483213762555 -0.005165423519878208 0.046686354463444595 220 220 220
0.010131931210380276 -0.004827213204742476 0.046686354463444595 220 220 220
0.010208994945269903 -0.004489002889606743 0.046686354463444595 220 220 220
0.010263328683650695 -0.004150792574471011 0.046686354463444595 220 255 0
0.010321177759286244 -0.003812582259335278 0.046686354463444595 220 220 220
0.010362891882001533 -0.003474371944199546 0.046686354463444595 220 220 220
0.010399202739849782 -0.0031361616290638133 0.046686354463444595 220 220 220
0.010428574565798694 -0.0027979513139280814 0.046686354463444595 220 220 220
0.010459664494008293 -0.0024597409987923494 0.046686354463444595 220 255 0
0.010482378591242208 -0.0021215306836566165 0.046686354463444595 220 220 220
0.010497225649176049 -0.0017833203685208845 0.046686354463444595 220 220 220
0.010509775901699 -0.0014451100533851517 0.046686354463444595 220 220 220
0.01052301260830147 -0.0011068997382494197 0.046686354463444595 220 220 220
0.010531079380367686 -0.0007686894231136877 0.046686354463444595 220 255 0
0.010541579079698021 -0.0004304791079779557 0.046686354463444595 220 220 220
0.010548021892734596 -9.226879284222195e-05 0.046686354463444595 220 220 220
0.010556190147294725 0.00024594152229351005 0.046686354463444595 220 220 220
0.010561920314453941 0.000584151837429242 0.046686354463444595 220 220 220
0.010567835009269064 0.000922362152564974 0.046686354463444595 220 255 0
0.01057257246734556 0.001260572467700706 0.046686354463444595 220 220 220
0.0105765919418719 0.0015987827828364398 0.046686354463444595 220 220 220
0.01057962067192766 0.0019369930979721717 0.046686354463444595 220 220 220
0.010581718271761818 0.0022752034131079037 0.046686354463444595 220 220 220
0.010582488192689529 0.0026134137282436357 0.046686354463444595 220 255 0
0.010581870666516998 0.002951624043379369 0.046686354463444595 220 220 220
0.010580257213609539 0.0032898343585151014 0.046686354463444595 220 220 220
0.010572372366606408 0.0036280446736508334 0.046686354463444595 220 220 220
0.010559227964445018 0.003966254988786565 0.046686354463444595 220 220 220
0.01053926983667468 0.004304465303922297 0.046686354463444595 220 255 0
0.010522727832728278 0.004642675619058031 0.046686354463444595 220 220 220
0.010496593075163346 0.004980885934193763 0.046686354463444595 220 220 220
0.01046289622446744 0.005319096249329495 0.046686354463444595 220 220 220
0.010417251925027043 0.005657306564465227 0.046686354463444595 220 220 220
0.010373737756722774 0.005995516879600959 0.046686354463444595 220 255 0
0.010304807359532358 0.006333727194736693 0.046686354463444595 220 220 220
0.010227429558756393 0.006671937509872425 0.046686354463444595 220 220 220
0.010140478277597866 0.007010147825008157 0.046686354463444595 220 220 220
0.010016314722138785 0.007348358140143889 0.046686354463444595 220 220 220
0.009878954747139693 0.007686568455279621 0.046686354463444595 220 255 0
0.009707343446965933 0.008024778770415353 0.046686354463444595 220 220 220
0.009487915129395943 0.008362989085551085 0.046686354463444595 220 220 220
0.009227083179640551 0.00870119940068682 0.046686354463444595 220 220 220
0.008903934497641607 0.009039409715822552 0.046686354463444595 220 220 220
0.00847829370138241 0.009377620030958284 0.046686354463444595 220 255 0
0.007910551564820114 0.009715830346094016 0.046686354463444595 220 220 220
-0.0009603423855468925 0.010054040661229748 0.046686354463444595 220 220 220
-0.0009533708553142069 0.01039225097636548 0.046686354463444595 220 220 220
-0.0009463993250815213 0.010730461291501212 0.046686354463444595 220 220 220
-0.0013282503308145906 -0.008885736986371264 0.04699024169951303 220 220 220
-0.0013213060069093563 -0.008547526671235532 0.04699024169951303 220 220 220
0.007383641558563711 -0.008209316356099798 0.04699024169951303 220 220 220
0.008025652505238534 -0.007871106040964066 0.04699024169951303 220 220 220
0.008511205491982149 -0.0075328957258283345 0.04699024169951303 220 255 0
0.0088767704603137 -0.0071946854106926025 0.04699024169951303 220 220 220
0.00915941061401855 -0.00685647509555687 0.04699024169951303 220 220 220
0.009402040398669608 -0.006518264780421137 0.04699024169951303 220 220 220
0.009590649927891503 -0.006180054465285405 0.04699024169951303 220 220 220
0.009744907542751372 -0.005841844150149673 0.04699024169951303 220 255 0
0.009881429160604447 -0.005503633835013941 0.04699024169951303 220 220 220
0.009984041260154074 -0.005165423519878208 0.04699024169951303 220 220 220
0.01007252591067891 -0.004827213204742476 0.04699024169951303 220 220 220
0.01015169415161017 -0.004489002889606743 0.04699024169951303 220 220 220
0.010209973375231348 -0.004150792574471011 0.04699024169951303 220 255 0
0.010264419560203436 -0.003812582259335278 0.04699024169951303 220 220 220
0.010308042536022768 -0.003474371944199546 0.04699024169951303 220 220 220
0.010349804462934535 -0.0031361616290638133 0.04699024169951303 220 220 220
0.010375572031782 -0.0027979513139280814 0.04699024169951303 220 220 220
0.010405279374758662 -0.0024597409987923494 0.04699024169951303 220 255 0
0.010425727151704325 -0.0021215306836566165 0.04699024169951303 220 220 220
0.010449310005476288 -0.0017833203685208845 0.04699024169951303 220 220 220
0.010464719215079937 -0.0014451100533851517 0.04699024169951303 220 220 220
0.010475885997731091 -0.0011068997382494197 0.04699024169951303 220 220 220
0.010483885125045476 -0.0007686894231136877 0.04699024169951303 220 255 0
0.010492852446580263 -0.0004304791079779557 0.04699024169951303 220 220 220
0.010499295259616834 -9.226879284222195e-05 0.04699024169951303 220 220 220
0.010506537590514654 0.00024594152229351005 0.04699024169951303 220 220 220
0.010512157029836015 0.000584151837429242 0.04699024169951303 220 220 220
0.01051788292462523 0.000922362152564974 0.04699024169951303 220 255 0
0.010522904397955677 0.001260572467700706 0.04699024169951303 220 220 220
0.01052701343617481 0.0015987827828364398 0.04699024169951303 220 220 220
0.010531107217882146 0.0019369930979721717 0.04699024169951303 220 220 220
0.010533248431336462 0.0022752034131079037 0.04699024169951303 220 220 220
0.010535592447458069 0.0026134137282436357 0.04699024169951303 220 255 0
0.010531630742230694 0.002951624043379369 0.04699024169951303 220 220 220
0.010522672414204494 0.0032898343585151014 0.04699024169951303 220 220 220
0.010516776594383747 0.0036280446736508334 0.04699024169951303 220 220 220
0.0105048149462302 0.003966254988786565 0.04699024169951303 220 220 220
0.010487141148323866 0.004304465303922297 0.04699024169951303 220 255 0
0.01047043815323743 0.004642675619058031 0.04699024169951303 220 220 220
0.01043792817530985 0.004980885934193763 0.04699024169951303 220 220 220
0.010404946088675997 0.005319096249329495 0.04699024169951303 220 220 220
0.010365983564514996 0.005657306564465227 0.04699024169951303 220 220 220
0.010310128517238556 0.005995516879600959 0.04699024169951303 220 255 0
0.010248979889581657 0.006333727194736693 0.04699024169951303 220 220 220
0.010171580309490405 0.006671937509872425 0.04699024169951303 220 220 220
0.010069961912804095 0.007010147825008157 0.04699024169951303 220 220 220
0.009956708046307708 0.007348358140143889 0.04699024169951303 220 220 220
0.009804460264186285 0.007686568455279621 0.04699024169951303 220 255 0
0.009634247453622916 0.008024778770415353 0.04699024169951303 220 220 220
0.009411741305575278 0.008362989085551085 0.04699024169951303 220 220 220
0.009141123270858743 0.00870119940068682 0.04699024169951303 220 220 220
0.008815331255719091 0.009039409715822552 0.04699024169951303 220 220 220
0.00838863003754382 0.009377620030958284 0.04699024169951303 220 255 0
0.007792024329173825 0.009715830346094016 0.04699024169951303 220 220 220
0.007125624325064953 0.010054040661229748 0.04699024169951303 220 220 220
-0.0009311503894941613 0.01039225097636548 0.04699024169951303 220 220 220
-0.0009241788592614757 0.010730461291501212 0.04699024169951303 220 220 220
-0.001299036518463182 -0.008547526671235532 0.04729412893558147 220 220 220
0.00724202698595194 -0.008209316356099798 0.04729412893558147 220 220 220
0.00789598354543776 -0.007871106040964066 0.04729412893558147 220 220 220
0.00840837200063491 -0.0075328957258283345 0.04729412893558147 220 255 0
0.008770359016216107 -0.0071946854106926025 0.04729412893558147 220 220 220
0.009071383858417758 -0.00685647509555687 0.04729412893558147 220 220 220
0.009323794212123497 -0.006518264780421137 0.04729412893558147 220 220 220
0.009508489962352946 -0.006180054465285405 0.04729412893558147 220 220 220
0.009679105808237241 -0.005841844150149673 0.04729412893558147 220 255 0
0.009805972395840353 -0.005503633835013941 0.04729412893558147 220 220 220
0.009919239299697246 -0.005165423519878208 0.04729412893558147 220 220 220
0.010013120610977547 -0.004827213204742476 0.04729412893558147 220 220 220
0.010084322752823838 -0.004489002889606743 0.04729412893558147 220 220 220
0.01015513084709702 -0.004150792574471011 0.04729412893558147 220 255 0
0.010204894315246505 -0.003812582259335278 0.04729412893558147 220 220 220
0.010247611491556785 -0.003474371944199546 0.04729412893558147 220 220 220
0.01028891351169469 -0.0031361616290638133 0.04729412893558147 220 220 220
0.010322569497765305 -0.0027979513139280814 0.04729412893558147 220 220 220
0.010348382828442554 -0.0024597409987923494 0.04729412893558147 220 255 0
0.01036711814020199 -0.0021215306836566165 0.04729412893558147 220 220 220
0.010389349602266219 -0.0017833203685208845 0.04729412893558147 220 220 220
0.010405979850110249 -0.0014451100533851517 0.04729412893558147 220 220 220
0.010416163827136012 -0.0011068997382494197 0.04729412893558147 220 220 220
0.010430376208836812 -0.0007686894231136877 0.04729412893558147 220 255 0
0.010443230394878593 -0.0004304791079779557 0.04729412893558147 220 220 220
0.010450568626499075 -9.226879284222195e-05 0.04729412893558147 220 220 220
0.010456885033734585 0.00024594152229351005 0.04729412893558147 220 220 220
0.010462504473055946 0.000584151837429242 0.04729412893558147 220 220 220
0.010467930839981394 0.000922362152564974 0.04729412893558147 220 255 0
0.010472952313311842 0.001260572467700706 0.04729412893558147 220 220 220
0.01047743493047772 0.0015987827828364398 0.04729412893558147 220 220 220
0.010477640126519321 0.0019369930979721717 0.04729412893558147 220 220 220
0.010475711596064422 0.0022752034131079037 0.04729412893558147 220 220 220
0.010471787550441135 0.0026134137282436357 0.04729412893558147 220 255 0
0.010466528749852327 0.002951624043379369 0.04729412893558147 220 220 220
0.010457570421826125 0.0032898343585151014 0.04729412893558147 220 220 220
0.010451567142307711 0.0036280446736508334 0.04729412893558147 220 220 220
0.010447195926528687 0.003966254988786565 0.04729412893558147 220 220 220
0.010430825369115673 0.004304465303922297 0.04729412893558147 220 255 0
0.010406323409475718 0.004642675619058031 0.04729412893558147 220 220 220
0.010379263275456355 0.004980885934193763 0.04729412893558147 220 220 220
0.010346995952884552 0.005319096249329495 0.04729412893558147 220 220 220
0.010306048147813867 0.005657306564465227 0.04729412893558147 220 220 220
0.010245646727724784 0.005995516879600959 0.04729412893558147 220 255 0
0.010186468498966001 0.006333727194736693 0.04729412893558147 220 220 220
0.010101622110772868 0.006671937509872425 0.04729412893558147 220 220 220
0.009999445548010324 0.007010147825008157 0.04729412893558147 220 220 220
0.00988952120186639 0.007348358140143889 0.04729412893558147 220 220 220
0.00972996578123288 0.007686568455279621 0.04729412893558147 220 255 0
0.009551883727072741 0.008024778770415353 0.04729412893558147 220 220 220
0.009335567481754615 0.008362989085551085 0.04729412893558147 220 220 220
0.009049951053297244 0.00870119940068682 0.04729412893558147 220 220 220
0.008712442807863048 0.009039409715822552 0.04729412893558147 220 220 220
0.008284051678929576 0.009377620030958284 0.04729412893558147 220 255 0
0.007691182245483047 0.009715830346094016 0.04729412893558147 220 220 220
0.006974781816978715 0.010054040661229748 0.04729412893558147 220 220 220
-0.0009089291113781144 0.01039225097636548 0.04729412893558147 220 220 220
-0.0009019583934414334 0.010730461291501212 0.04729412893558147 220 220 220
-0.0012767670300170078 -0.008547526671235532 0.04759801617164991 255 220 0
0.00710041241334017 -0.008209316356099798 0.04759801617164991 255 220 0
0.007757168700947628 -0.007871106040964066 0.04759801617164991 255 220 0
0.008278485454965307 -0.0075328957258283345 0.04759801617164991 255 255 0
0.008661859521479996 -0.0071946854106926025 0.04759801617164991 255 220 0
0.008983357102816968 -0.00685647509555687 0.04759801617164991 255 220 0
0.00922537144303338 -0.006518264780421137 0.04759801617164991 255 220 0
0.009425194208473948 -0.006180054465285405 0.04759801617164991 255 220 0
0.009600864752868345 -0.005841844150149673 0.04759801617164991 255 255 0
0.00973051563107626 -0.005503633835013941 0.04759801617164991 255 220 0
0.009844261240561761 -0.005165423519878208 0.04759801617164991 255 220 0
0.009947576767998446 -0.004827213204742476 0.04759801617164991 255 220 0
0.01001714952927521 -0.004489002889606743 0.04759801617164991 255 220 0
0.010087750084182836 -0.004150792574471011 0.04759801617164991 255 255 0
0.010144045802011475 -0.003812582259335278 0.04759801617164991 255 220 0
0.010187180447090806 -0.003474371944199546 0.04759801617164991 255 220 0
0.010224077947539396 -0.0031361616290638133 0.04759801617164991 255 220 0
0.01025756629538039 -0.0027979513139280814 0.04759801617164991 255 220 0
0.010287790121608313 -0.0024597409987923494 0.04759801617164991 255 255 0
0.010309978327993113 -0.0021215306836566165 0.04759801617164991 255 220 0
0.010329389199056151 -0.0017833203685208845 0.04759801617164991 255 220 0
0.010334692519182734 -0.0014451100533851517 0.04759801617164991 255 220 0
0.010346735448053548 -0.0011068997382494197 0.04759801617164991 255 220 0
0.010359918418274994 -0.0007686894231136877 0.04759801617164991 255 255 0
0.010371337794742187 -0.0004304791079779557 0.04759801617164991 255 220 0
0.010381116746203404 -9.226879284222195e-05 0.04759801617164991 255 220 0
0.010389255990496778 0.00024594152229351005 0.04759801617164991 255 220 0
0.010395627860102815 0.000584151837429242 0.04759801617164991 255 220 0
0.010400941460962205 0.000922362152564974 0.04759801617164991 255 255 0
0.010404229867275776 0.001260572467700706 0.04759801617164991 255 220 0
0.010407007932666641 0.0015987827828364398 0.04759801617164991 255 220 0
0.010407038558754075 0.0019369930979721717 0.04759801617164991 255 220 0
0.010407195045934767 0.0022752034131079037 0.04759801617164991 255 220 0
0.0104034875480464 0.0026134137282436357 0.04759801617164991 255 255 0
0.010399573894555201 0.002951624043379369 0.04759801617164991 255 220 0
0.010392468429447757 0.0032898343585151014 0.04759801617164991 255 220 0
0.010385426327519862 0.0036280446736508334 0.04759801617164991 255 220 0
0.010381055111740839 0.003966254988786565 0.04759801617164991 255 220 0
0.010366076911756323 0.004304465303922297 0.04759801617164991 255 255 0
0.01034261741455926 0.004642675619058031 0.04759801617164991 255 220 0
0.01032059837560286 0.004980885934193763 0.04759801617164991 255 220 0
0.010280882174779024 0.005319096249329495 0.04759801617164991 255 220 0
0.010236706562177558 0.005657306564465227 0.04759801617164991 255 220 0
0.010181310351461106 0.005995516879600959 0.04759801617164991 255 255 0
0.010114662951115514 0.006333727194736693 0.04759801617164991 255 220 0
0.010031420881009718 0.006671937509872425 0.04759801617164991 255 220 0
0.009928929183216553 0.007010147825008157 0.04759801617164991 255 220 0
0.009802472131684158 0.007348358140143889 0.04759801617164991 255 220 0
0.009655471298279476 0.007686568455279621 0.04759801617164991 255 255 0
0.009461427193419313 0.008024778770415353 0.04759801617164991 255 220 0
0.009244582914682468 0.008362989085551085 0.04759801617164991 255 220 0
0.008958778835735749 0.00870119940068682 0.04759801617164991 255 220 0
0.008605027809349897 0.009039409715822552 0.04759801617164991 255 220 0
0.008163090894687319 0.009377620030958284 0.04759801617164991 255 255 0
0.00759197089790303 0.009715830346094016 0.04759801617164991 255 220 0
0.006823939308892477 0.010054040661229748 0.04759801617164991 255 220 0
-0.0008866574872839761 0.01039225097636548 0.04759801617164991 255 220 0
-0.0008797379276213879 0.010730461291501212 0.04759801617164991 255 220 0
-0.001254497541570837 -0.008547526671235532 0.04790190340771835 220 220 220
0.006929506706596802 -0.008209316356099798 0.04790190340771835 220 220 220
0.007618353856457495 -0.007871106040964066 0.04790190340771835 220 220 220
0.00814859890929571 -0.0075328957258283345 0.04790190340771835 220 255 0
0.008552127709565122 -0.0071946854106926025 0.04790190340771835 220 220 220
0.008879910536053737 -0.00685647509555687 0.04790190340771835 220 220 220
0.00912272128885546 -0.006518264780421137 0.04790190340771835 220 220 220
0.009341879775850406 -0.006180054465285405 0.04790190340771835 220 220 220
0.009507939737781544 -0.005841844150149673 0.04790190340771835 220 255 0
0.009652101872985815 -0.005503633835013941 0.04790190340771835 220 220 220
0.00976928318142628 -0.005165423519878208 0.04790190340771835 220 220 220
0.00986524618876871 -0.004827213204742476 0.04790190340771835 220 220 220
0.009949976305726579 -0.004489002889606743 0.04790190340771835 220 220 220
0.010016205721095219 -0.004150792574471011 0.04790190340771835 220 255 0
0.010069712792245233 -0.003812582259335278 0.04790190340771835 220 220 220
0.010124903849970246 -0.003474371944199546 0.04790190340771835 220 220 220
0.010159242383384105 -0.0031361616290638133 0.04790190340771835 220 220 220
0.010191486311948585 -0.0027979513139280814 0.04790190340771835 220 220 220
0.010217808437934534 -0.0024597409987923494 0.04790190340771835 220 255 0
0.01024321957115889 -0.0021215306836566165 0.04790190340771835 220 220 220
0.010256514179862425 -0.0017833203685208845 0.04790190340771835 220 220 220
0.010265996039588757 -0.0014451100533851517 0.04790190340771835 220 220 220
0.010277428725512034 -0.0011068997382494197 0.04790190340771835 220 220 220
0.010289460627713173 -0.0007686894231136877 0.04790190340771835 220 255 0
0.010300279568714148 -0.0004304791079779557 0.04790190340771835 220 220 220
0.01030915429655619 -9.226879284222195e-05 0.04790190340771835 220 220 220
0.010317057834725071 0.00024594152229351005 0.04790190340771835 220 220 220
0.010323170108623207 0.000584151837429242 0.04790190340771835 220 220 220
0.01032868340835882 0.000922362152564974 0.04790190340771835 220 255 0
0.010332237511483823 0.001260572467700706 0.04790190340771835 220 220 220
0.010335354686892877 0.0015987827828364398 0.04790190340771835 220 220 220
0.010336436990988827 0.0019369930979721717 0.04790190340771835 220 220 220
0.010336561254198242 0.0022752034131079037 0.04790190340771835 220 220 220
0.010335187545651665 0.0026134137282436357 0.04790190340771835 220 255 0
0.010331270045613964 0.002951624043379369 0.04790190340771835 220 220 220
0.010327366437069389 0.0032898343585151014 0.04790190340771835 220 220 220
0.01031928551273201 0.0036280446736508334 0.04790190340771835 220 220 220
0.010313832854274016 0.003966254988786565 0.04790190340771835 220 220 220
0.010301328454396973 0.004304465303922297 0.04790190340771835 220 255 0
0.010278911419642801 0.004642675619058031 0.04790190340771835 220 220 220
0.010250048237868613 0.004980885934193763 0.04790190340771835 220 220 220
0.01020881068123568 0.005319096249329495 0.04790190340771835 220 220 220
0.010165048853486196 0.005657306564465227 0.04790190340771835 220 220 220
0.010113789227328664 0.005995516879600959 0.04790190340771835 220 255 0
0.010035021395392925 0.006333727194736693 0.04790190340771835 220 220 220
0.009954758730372626 0.006671937509872425 0.04790190340771835 220 220 220
0.009847784328873725 0.007010147825008157 0.04790190340771835 220 220 220
0.009715423061501926 0.007348358140143889 0.04790190340771835 220 220 220
0.00957283503569631 0.007686568455279621 0.04790190340771835 220 255 0
0.009370970659765889 0.008024778770415353 0.04790190340771835 220 220 220
0.00913920022267087 0.008362989085551085 0.04790190340771835 220 220 220
0.008867606618174245 0.00870119940068682 0.04790190340771835 220 220 220
0.008495918818115792 0.009039409715822552 0.04790190340771835 220 220 220
0.008024151691154485 0.009377620030958284 0.04790190340771835 220 255 0
0.007492759550323013 0.009715830346094016 0.04790190340771835 220 220 220
0.006691175517469762 0.010054040661229748 0.04790190340771835 220 220 220
-0.0008643858631898414 0.01039225097636548 0.04790190340771835 220 220 220
-0.0008573625363403233 0.010730461291501212 0.04790190340771835 220 220 220
-0.0012322280531246663 -0.008547526671235532 0.048205790643786786 220 220 220
0.006747423706835497 -0.008209316356099798 0.048205790643786786 220 220 220
0.007475877515887403 -0.007871106040964066 0.048205790643786786 220 220 220
0.00800808299446108 -0.0075328957258283345 0.048205790643786786 220 255 0
0.008431350969194007 -0.0071946854106926025 0.048205790643786786 220 220 220
0.008756988961525408 -0.00685647509555687 0.048205790643786786 220 220 220
0.00902007113467754 -0.006518264780421137 0.048205790643786786 220 220 220
0.009242723357932046 -0.006180054465285405 0.048205790643786786 220 220 220
0.00941420059785539 -0.005841844150149673 0.048205790643786786 220 255 0
0.009559539160096258 -0.005503633835013941 0.048205790643786786 220 220 220
0.0096910124559032 -0.005165423519878208 0.048205790643786786 220 220 220
0.009781439771201167 -0.004827213204742476 0.048205790643786786 220 220 220
0.009870528648486757 -0.004489002889606743 0.048205790643786786 220 220 220
0.009942388472459866 -0.004150792574471011 0.048205790643786786 220 255 0
0.00999537978247899 -0.003812582259335278 0.048205790643786786 220 220 220
0.010047504032417342 -0.003474371944199546 0.048205790643786786 220 220 220
0.010087936742374435 -0.0031361616290638133 0.048205790643786786 220 220 220
0.010125406328516783 -0.0027979513139280814 0.048205790643786786 220 220 220
0.010148560509380846 -0.0024597409987923494 0.048205790643786786 220 255 0
0.010172500117624373 -0.0021215306836566165 0.048205790643786786 220 220 220
0.010183579565835325 -0.0017833203685208845 0.048205790643786786 220 220 220
0.01019729955999478 -0.0014451100533851517 0.048205790643786786 220 220 220
0.010208122002970523 -0.0011068997382494197 0.048205790643786786 220 220 220
0.010219002837151353 -0.0007686894231136877 0.048205790643786786 220 255 0
0.01022922134268611 -0.0004304791079779557 0.048205790643786786 220 220 220
0.010237191846908977 -9.226879284222195e-05 0.048205790643786786 220 220 220
0.010244965780536266 0.00024594152229351005 0.048205790643786786 220 220 220
0.0102507123571436 0.000584151837429242 0.048205790643786786 220 220 220
0.01025627205432917 0.000922362152564974 0.048205790643786786 220 255 0
0.01026024515569187 0.001260572467700706 0.048205790643786786 220 220 220
0.010263394073744101 0.0015987827828364398 0.048205790643786786 220 220 220
0.010265835423223579 0.0019369930979721717 0.048205790643786786 220 220 220
0.010265927462461712 0.0022752034131079037 0.048205790643786786 220 220 220
0.010266216594692602 0.0026134137282436357 0.048205790643786786 220 255 0
0.010262966196672729 0.002951624043379369 0.048205790643786786 220 220 220
0.010259064054883861 0.0032898343585151014 0.048205790643786786 220 220 220
0.01025330611666482 0.0036280446736508334 0.048205790643786786 220 220 220
0.010245344532896737 0.003966254988786565 0.048205790643786786 220 220 220
0.010232412433161954 0.004304465303922297 0.048205790643786786 220 255 0
0.010203449313335505 0.004642675619058031 0.048205790643786786 220 220 220
0.010172297511740792 0.004980885934193763 0.048205790643786786 220 220 220
0.010136739187692334 0.005319096249329495 0.048205790643786786 220 220 220
0.010091225422914301 0.005657306564465227 0.048205790643786786 220 220 220
0.010031991937082235 0.005995516879600959 0.048205790643786786 220 255 0
0.009955275948604125 0.006333727194736693 0.048205790643786786 220 220 220
0.009871773536105313 0.006671937509872425 0.048205790643786786 220 220 220
0.009761574083417615 0.007010147825008157 0.048205790643786786 220 220 220
0.009628373991319694 0.007348358140143889 0.048205790643786786 220 220 220
0.00946815772720657 0.007686568455279621 0.048205790643786786 220 255 0
0.009279289943906362 0.008024778770415353 0.048205790643786786 220 220 220
0.009030989065624858 0.008362989085551085 0.048205790643786786 220 220 220
0.008749015413369273 0.00870119940068682 0.048205790643786786 220 220 220
0.008378592824526226 0.009039409715822552 0.048205790643786786 220 220 220
0.00788521248762165 0.009377620030958284 0.048205790643786786 220 255 0
0.00736370934324836 0.009715830346094016 0.048205790643786786 220 220 220
0.006563628030159816 0.010054040661229748 0.048205790643786786 220 220 220
-0.0008418713329890539 0.01039225097636548 0.048205790643786786 220 220 220
-0.0008348330684945816 0.010730461291501212 0.048205790643786786 220 220 220
-0.0012099634435645127 -0.008547526671235532 0.048509677879855224 220 220 220
0.006565340707074192 -0.008209316356099798 0.048509677879855224 220 220 220
0.007316712373432418 -0.007871106040964066 0.048509677879855224 220 220 220
0.007852744778287742 -0.0075328957258283345 0.048509677879855224 220 255 0
0.00830632023039081 -0.0071946854106926025 0.048509677879855224 220 220 220
0.008634067386997077 -0.00685647509555687 0.048509677879855224 220 220 220
0.008909387985748533 -0.006518264780421137 0.048509677879855224 220 220 220
0.009134857799419475 -0.006180054465285405 0.048509677879855224 220 220 220
0.009315808720513477 -0.005841844150149673 0.048509677879855224 220 255 0
0.0094669764472067 -0.005503633835013941 0.048509677879855224 220 220 220
0.009594297898185424 -0.005165423519878208 0.048509677879855224 220 220 220
0.009697627288336707 -0.004827213204742476 0.048509677879855224 220 220 220
0.009787039258287084 -0.004489002889606743 0.048509677879855224 220 220 220
0.009856646241368741 -0.004150792574471011 0.048509677879855224 220 255 0
0.009921538521610016 -0.003812582259335278 0.048509677879855224 220 220 220
0.009968192261349318 -0.003474371944199546 0.048509677879855224 220 220 220
0.010007812871755999 -0.0031361616290638133 0.048509677879855224 220 220 220
0.010047228157103832 -0.0027979513139280814 0.048509677879855224 220 220 220
0.010076762768007978 -0.0024597409987923494 0.048509677879855224 220 255 0
0.010101780664089855 -0.0021215306836566165 0.048509677879855224 220 220 220
0.010114883086241349 -0.0017833203685208845 0.048509677879855224 220 220 220
0.0101286030804008 -0.0014451100533851517 0.048509677879855224 220 220 220
0.010138815280429012 -0.0011068997382494197 0.048509677879855224 220 220 220
0.010148545046589534 -0.0007686894231136877 0.048509677879855224 220 255 0
0.010158163116658072 -0.0004304791079779557 0.048509677879855224 220 220 220
0.010165229397261763 -9.226879284222195e-05 0.048509677879855224 220 220 220
0.01017287372634746 0.00024594152229351005 0.048509677879855224 220 220 220
0.010178254605663992 0.000584151837429242 0.048509677879855224 220 220 220
0.01018386070029952 0.000922362152564974 0.048509677879855224 220 255 0
0.010188166115543852 0.001260572467700706 0.048509677879855224 220 220 220
0.010191433460595332 0.0015987827828364398 0.048509677879855224 220 220 220
0.010194290435981797 0.0019369930979721717 0.048509677879855224 220 220 220
0.010195293670725185 0.0022752034131079037 0.048509677879855224 220 220 220
0.010195582802956075 0.0026134137282436357 0.048509677879855224 220 255 0
0.010194663495238905 0.002951624043379369 0.048509677879855224 220 220 220
0.010190760205942624 0.0032898343585151014 0.048509677879855224 220 220 220
0.010186858064153757 0.0036280446736508334 0.048509677879855224 220 220 220
0.010170037915370965 0.003966254988786565 0.048509677879855224 220 220 220
0.010149424568495411 0.004304465303922297 0.048509677879855224 220 255 0
0.010125011570166965 0.004642675619058031 0.048509677879855224 220 220 220
0.01009454678561297 0.004980885934193763 0.048509677879855224 220 220 220
0.01006268050546096 0.005319096249329495 0.048509677879855224 220 220 220
0.010003598967904474 0.005657306564465227 0.048509677879855224 220 220 220
0.009944291647349127 0.005995516879600959 0.048509677879855224 220 255 0
0.00987538987536769 0.006333727194736693 0.048509677879855224 220 220 220
0.009775482436393423 0.006671937509872425 0.048509677879855224 220 220 220
0.009670035325822926 0.007010147825008157 0.048509677879855224 220 220 220
0.009531123083039907 0.007348358140143889 0.048509677879855224 220 220 220
0.009363480418716832 0.007686568455279621 0.048509677879855224 220 255 0
0.009177020546596854 0.008024778770415353 0.048509677879855224 220 220 220
0.008921874642807432 0.008362989085551085 0.048509677879855224 220 220 220
0.00862277435760568 0.00870119940068682 0.048509677879855224 220 220 220
0.008245771640148723 0.009039409715822552 0.048509677879855224 220 220 220
0.007760381460897204 0.009377620030958284 0.048509677879855224 220 255 0
0.0071884197157746806 0.009715830346094016 0.048509677879855224 220 220 220
-0.0008263801296377882 0.010054040661229748 0.048509677879855224 220 220 220
-0.0008193418651433158 0.01039225097636548 0.048509677879855224 220 220 220
-0.00081230360064884 0.010730461291501212 0.048509677879855224 220 220 220
-0.0011876080931979074 -0.008547526671235532 0.04881356511592366 220 220 220
0.006383257707312885 -0.008209316356099798 0.04881356511592366 220 220 220
0.007153705163956458 -0.007871106040964066 0.04881356511592366 220 220 220
0.007697406562114404 -0.0075328957258283345 0.04881356511592366 220 255 0
0.008169837470578877 -0.0071946854106926025 0.04881356511592366 220 220 220
0.00850432039479102 -0.00685647509555687 0.04881356511592366 220 220 220
0.008789832658454271 -0.006518264780421137 0.04881356511592366 220 220 220
0.009021378235157026 -0.006180054465285405 0.04881356511592366 220 220 220
0.009204442676698527 -0.005841844150149673 0.04881356511592366 220 255 0
0.009374413734317143 -0.005503633835013941 0.04881356511592366 220 220 220
0.009491859000926495 -0.005165423519878208 0.04881356511592366 220 220 220
0.00960427646779689 -0.004827213204742476 0.04881356511592366 220 220 220
0.009697266167532435 -0.004489002889606743 0.04881356511592366 220 220 220
0.009766019956989905 -0.004150792574471011 0.04881356511592366 220 255 0
0.009834451321218511 -0.003812582259335278 0.04881356511592366 220 220 220
0.00988872468567991 -0.003474371944199546 0.04881356511592366 220 220 220
0.00992784852114791 -0.0031361616290638133 0.04881356511592366 220 220 220
0.009963569029671757 -0.0027979513139280814 0.04881356511592366 220 220 220
0.009992092127848804 -0.0024597409987923494 0.04881356511592366 220 255 0
0.010021127247254678 -0.0021215306836566165 0.04881356511592366 220 220 220
0.010041684975761685 -0.0017833203685208845 0.04881356511592366 220 220 220
0.010059906600806823 -0.0014451100533851517 0.04881356511592366 220 220 220
0.010069508557887501 -0.0011068997382494197 0.04881356511592366 220 220 220
0.010078532124361685 -0.0007686894231136877 0.04881356511592366 220 255 0
0.010087104890630036 -0.0004304791079779557 0.04881356511592366 220 220 220
0.010093756552651916 -9.226879284222195e-05 0.04881356511592366 220 220 220
0.010100781672158655 0.00024594152229351005 0.04881356511592366 220 220 220
0.010106097125871577 0.000584151837429242 0.04881356511592366 220 220 220
0.010111449346269868 0.000922362152564974 0.04881356511592366 220 255 0
0.0101157547615142 0.001260572467700706 0.04881356511592366 220 220 220
0.010119472847446562 0.0015987827828364398 0.04881356511592366 220 220 220
0.010122329822833027 0.0019369930979721717 0.04881356511592366 220 220 220
0.01012466291378052 0.0022752034131079037 0.04881356511592366 220 220 220
0.010124949011219547 0.0026134137282436357 0.04881356511592366 220 255 0
0.010124502658809681 0.002951624043379369 0.04881356511592366 220 220 220
0.01011389000143587 0.0032898343585151014 0.04881356511592366 220 220 220
0.010101996618648312 0.0036280446736508334 0.04881356511592366 220 220 220
0.010086555306332286 0.003966254988786565 0.04881356511592366 220 220 220
0.010066829630823492 0.004304465303922297 0.04881356511592366 220 255 0
0.010046573826998428 0.004642675619058031 0.04881356511592366 220 220 220
0.010011174643705031 0.004980885934193763 0.04881356511592366 220 220 220
0.00996920727626505 0.005319096249329495 0.04881356511592366 220 220 220
0.009915972512894647 0.005657306564465227 0.04881356511592366 220 220 220
0.009856591357616018 0.005995516879600959 0.04881356511592366 220 255 0
0.009780672428065247 0.006333727194736693 0.04881356511592366 220 220 220
0.009678844642013587 0.006671937509872425 0.04881356511592366 220 220 220
0.009571051469546586 0.007010147825008157 0.04881356511592366 220 220 220
0.009428032349674632 0.007348358140143889 0.04881356511592366 220 220 220
0.00925880311022709 0.007686568455279621 0.04881356511592366 220 255 0
0.009054748670853836 0.008024778770415353 0.04881356511592366 220 220 220
0.008805992228536515 0.008362989085551085 0.04881356511592366 220 220 220
0.008496533301842085 0.00870119940068682 0.04881356511592366 220 220 220
0.00811414239448725 0.009039409715822552 0.04881356511592366 220 220 220
0.00763783652017924 0.009377620030958284 0.04881356511592366 220 255 0
0.007013130088301005 0.009715830346094016 0.04881356511592366 220 220 220
-0.0008037555812408885 0.010054040661229748 0.04881356511592366 220 220 220
-0.0007968123972975742 0.01039225097636548 0.04881356511592366 220 220 220
-0.0007897741328030949 0.010730461291501212 0.04881356511592366 220 220 220
-0.0011651996879869474 -0.008547526671235532 0.0491174523519921 255 220 0
-0.001158310933509401 -0.008209316356099798 0.0491174523519921 255 220 0
0.006953288080828764 -0.007871106040964066 0.0491174523519921 255 220 0
0.007542068345941068 -0.0075328957258283345 0.0491174523519921 255 255 0
0.008006553896855834 -0.0071946854106926025 0.0491174523519921 255 220 0
0.008365538689820822 -0.00685647509555687 0.0491174523519921 255 220 0
0.008670277331160006 -0.006518264780421137 0.0491174523519921 255 220 0
0.008896280516546484 -0.006180054465285405 0.0491174523519921 255 220 0
0.009093076632883577 -0.005841844150149673 0.0491174523519921 255 255 0
0.009259167484801507 -0.005503633835013941 0.0491174523519921 255 220 0
0.00938942010366757 -0.005165423519878208 0.0491174523519921 255 220 0
0.00950289476951408 -0.004827213204742476 0.0491174523519921 255 220 0
0.009598378070316235 -0.004489002889606743 0.0491174523519921 255 220 0
0.009675322448199528 -0.004150792574471011 0.0491174523519921 255 255 0
0.00974187898157024 -0.003812582259335278 0.0491174523519921 255 220 0
0.00979249166401654 -0.003474371944199546 0.0491174523519921 255 220 0
0.009843452602950397 -0.0031361616290638133 0.0491174523519921 255 220 0
0.009879909902239681 -0.0027979513139280814 0.0491174523519921 255 220 0
0.009907574362035695 -0.0024597409987923494 0.0491174523519921 255 255 0
0.009934213467093451 -0.0021215306836566165 0.0491174523519921 255 220 0
0.009953706588575237 -0.0017833203685208845 0.0491174523519921 255 220 0
0.00997479746927844 -0.0014451100533851517 0.0491174523519921 255 220 0
0.009988307256319155 -0.0011068997382494197 0.0491174523519921 255 220 0
0.01000273634500896 -0.0007686894231136877 0.0491174523519921 255 255 0
0.01001331313290468 -0.0004304791079779557 0.0491174523519921 255 220 0
0.01002269832662388 -9.226879284222195e-05 0.0491174523519921 255 220 0
0.01002868961796985 0.00024594152229351005 0.0491174523519921 255 220 0
0.010034005071682771 0.000584151837429242 0.0491174523519921 255 220 0
0.010039037992240218 0.000922362152564974 0.0491174523519921 255 255 0
0.01004334340748455 0.001260572467700706 0.0491174523519921 255 220 0
0.010046086801594592 0.0015987827828364398 0.0491174523519921 255 220 0
0.010044034278006785 0.0019369930979721717 0.0491174523519921 255 220 0
0.01004293266149561 0.0022752034131079037 0.0491174523519921 255 220 0
0.010040415143980378 0.0026134137282436357 0.0491174523519921 255 255 0
0.010035433391199685 0.002951624043379369 0.0491174523519921 255 220 0
0.010026693101686607 0.0032898343585151014 0.0491174523519921 255 220 0
0.010015757681635061 0.0036280446736508334 0.0491174523519921 255 220 0
0.010003072697293607 0.003966254988786565 0.0491174523519921 255 220 0
0.009984234693151572 0.004304465303922297 0.0491174523519921 255 255 0
0.00995669849034217 0.004642675619058031 0.0491174523519921 255 220 0
0.009917148290550282 0.004980885934193763 0.0491174523519921 255 220 0
0.009875301973250735 0.005319096249329495 0.0491174523519921 255 220 0
0.00982831249216775 0.005657306564465227 0.0491174523519921 255 220 0
0.009755048189366915 0.005995516879600959 0.0491174523519921 255 255 0
0.009676941300905835 0.006333727194736693 0.0491174523519921 255 220 0
0.009581723567912705 0.006671937509872425 0.0491174523519921 255 220 0
0.00945738866297845 0.007010147825008157 0.0491174523519921 255 220 0
0.009323335063589094 0.007348358140143889 0.0491174523519921 255 220 0
0.00913986092271278 0.007686568455279621 0.0491174523519921 255 255 0
0.008932101854684883 0.008024778770415353 0.0491174523519921 255 220 0
0.008683128321497632 0.008362989085551085 0.0491174523519921 255 220 0
0.008350146597197601 0.00870119940068682 0.0491174523519921 255 220 0
0.007957622006281738 0.009039409715822552 0.0491174523519921 255 220 0
0.0075008613110294185 0.009377620030958284 0.0491174523519921 255 255 0
0.006845649978861494 0.009715830346094016 0.0491174523519921 255 220 0
0.00607091092689846 0.010054040661229748 0.0491174523519921 255 220 0
-0.0007741559596391584 0.01039225097636548 0.0491174523519921 255 220 0
-0.0007672035205643531 0.010730461291501212 0.0491174523519921 255 220 0
-0.001142480289109751 -0.008547526671235532 0.04942133958806054 220 220 220
-0.0011359525443594524 -0.008209316356099798 0.04942133958806054 220 220 220
0.00675287099770107 -0.007871106040964066 0.04942133958806054 220 220 220
0.007386730129767731 -0.0075328957258283345 0.04942133958806054 220 255 0
0.007834445571742404 -0.0071946854106926025 0.04942133958806054 220 220 220
0.008223625159954985 -0.00685647509555687 0.04942133958806054 220 220 220
0.008531304811528277 -0.006518264780421137 0.04942133958806054 220 220 220
0.008764016353719567 -0.006180054465285405 0.04942133958806054 220 220 220
0.008977664578234526 -0.005841844150149673 0.04942133958806054 220 255 0
0.00913697707754382 -0.005503633835013941 0.04942133958806054 220 220 220
0.009277178173803304 -0.005165423519878208 0.04942133958806054 220 220 220
0.009401513071231271 -0.004827213204742476 0.04942133958806054 220 220 220
0.00948945287394509 -0.004489002889606743 0.04942133958806054 220 220 220
0.009574989677645574 -0.004150792574471011 0.04942133958806054 220 255 0
0.009645786786106924 -0.003812582259335278 0.04942133958806054 220 220 220
0.009696337860591715 -0.003474371944199546 0.04942133958806054 220 220 220
0.009747219581287025 -0.0031361616290638133 0.04942133958806054 220 220 220
0.009784444802243813 -0.0027979513139280814 0.04942133958806054 220 220 220
0.009821020692403433 -0.0024597409987923494 0.04942133958806054 220 255 0
0.009847299686932223 -0.0021215306836566165 0.04942133958806054 220 220 220
0.009866305554973549 -0.0017833203685208845 0.04942133958806054 220 220 220
0.009885600967030766 -0.0014451100533851517 0.04942133958806054 220 220 220
0.009898388042867835 -0.0011068997382494197 0.04942133958806054 220 220 220
0.009912597476166784 -0.0007686894231136877 0.04942133958806054 220 255 0
0.009922730335600528 -0.0004304791079779557 0.04942133958806054 220 220 220
0.009928311039044502 -9.226879284222195e-05 0.04942133958806054 220 220 220
0.00993224980715392 0.00024594152229351005 0.04942133958806054 220 220 220
0.009938396884323967 0.000584151837429242 0.04942133958806054 220 220 220
0.009943500307178114 0.000922362152564974 0.04942133958806054 220 255 0
0.009945851503986004 0.001260572467700706 0.04942133958806054 220 220 220
0.009948064391197563 0.0015987827828364398 0.04942133958806054 220 220 220
0.009946011867609756 0.0019369930979721717 0.04942133958806054 220 220 220
0.009950314349772487 0.0022752034131079037 0.04942133958806054 220 220 220
0.009950745348294926 0.0026134137282436357 0.04942133958806054 220 255 0
0.009946627358682104 0.002951624043379369 0.04942133958806054 220 220 220
0.009939513878088346 0.0032898343585151014 0.04942133958806054 220 220 220
0.009929518744621809 0.0036280446736508334 0.04942133958806054 220 220 220
0.009913758074456222 0.003966254988786565 0.04942133958806054 220 220 220
0.009885775878019023 0.004304465303922297 0.04942133958806054 220 255 0
0.009858144965599827 0.004642675619058031 0.04942133958806054 220 220 220
0.009823121937395533 0.004980885934193763 0.04942133958806054 220 220 220
0.00978119784428259 0.005319096249329495 0.04942133958806054 220 220 220
0.009725804309907743 0.005657306564465227 0.04942133958806054 220 220 220
0.009650544758177828 0.005995516879600959 0.04942133958806054 220 255 0
0.009571723440499641 0.006333727194736693 0.04942133958806054 220 220 220
0.009471091850353736 0.006671937509872425 0.04942133958806054 220 220 220
0.00934232427177615 0.007010147825008157 0.04942133958806054 220 220 220
0.009203255750236596 0.007348358140143889 0.04942133958806054 220 220 220
0.009019655000232916 0.007686568455279621 0.04942133958806054 220 255 0
0.008801685674020596 0.008024778770415353 0.04942133958806054 220 220 220
0.00855246964893308 0.008362989085551085 0.04942133958806054 220 220 220
0.008193626208992088 0.00870119940068682 0.04942133958806054 220 220 220
0.007803455047383702 0.009039409715822552 0.04942133958806054 220 220 220
0.00733645912045322 0.009377620030958284 0.04942133958806054 220 255 0
0.006690017845954171 0.009715830346094016 0.04942133958806054 220 220 220
0.0058534297524975454 0.010054040661229748 0.04942133958806054 220 220 220
-0.0007514693186568346 0.01039225097636548 0.04942133958806054 220 220 220
-0.0011197477043236419 -0.008547526671235532 0.049725226824128985 220 220 220
-0.0011132655671410932 -0.008209316356099798 0.049725226824128985 220 220 220
0.006545160675722047 -0.007871106040964066 0.049725226824128985 220 220 220
0.0072208445820601385 -0.0075328957258283345 0.049725226824128985 220 255 0
0.007660569853348783 -0.0071946854106926025 0.049725226824128985 220 220 220
0.008063628503821824 -0.00685647509555687 0.049725226824128985 220 220 220
0.0083768896653819 -0.006518264780421137 0.049725226824128985 220 220 220
0.008630162895109834 -0.006180054465285405 0.049725226824128985 220 220 220
0.008846970924259265 -0.005841844150149673 0.049725226824128985 220 255 0
0.009014786670286132 -0.005503633835013941 0.049725226824128985 220 220 220
0.009156916080414482 -0.005165423519878208 0.049725226824128985 220 220 220
0.009285046133576504 -0.004827213204742476 0.049725226824128985 220 220 220
0.009380163416848341 -0.004489002889606743 0.049725226824128985 220 220 220
0.009466555452505673 -0.004150792574471011 0.049725226824128985 220 255 0
0.009537125703844632 -0.003812582259335278 0.049725226824128985 220 220 220
0.009600086008838202 -0.003474371944199546 0.049725226824128985 220 220 220
0.00964838446276767 -0.0031361616290638133 0.049725226824128985 220 220 220
0.009684236954552592 -0.0027979513139280814 0.049725226824128985 220 220 220
0.009720643198327758 -0.0024597409987923494 0.049725226824128985 220 255 0
0.009748717161274487 -0.0021215306836566165 0.049725226824128985 220 220 220
0.0097739626552941 -0.0017833203685208845 0.049725226824128985 220 220 220
0.009796404464783096 -0.0014451100533851517 0.049725226824128985 220 220 220
0.009809191540620163 -0.0011068997382494197 0.049725226824128985 220 220 220
0.009822458607324606 -0.0007686894231136877 0.049725226824128985 220 255 0
0.009828342842598875 -0.0004304791079779557 0.049725226824128985 220 220 220
0.009829690833224648 -9.226879284222195e-05 0.049725226824128985 220 220 220
0.009833712690560978 0.00024594152229351005 0.049725226824128985 220 220 220
0.009839748421796569 0.000584151837429242 0.049725226824128985 220 220 220
0.009844934566886562 0.000922362152564974 0.049725226824128985 220 255 0
0.009847478144075262 0.001260572467700706 0.049725226824128985 220 220 220
0.009849786402540982 0.0015987827828364398 0.049725226824128985 220 220 220
0.009847989457212726 0.0019369930979721717 0.049725226824128985 220 220 220
0.009857696038049368 0.0022752034131079037 0.049725226824128985 220 220 220
0.009861723746812417 0.0026134137282436357 0.049725226824128985 220 255 0
0.009855345004477803 0.002951624043379369 0.049725226824128985 220 220 220
0.009845323387527917 0.0032898343585151014 0.049725226824128985 220 220 220
0.009828383425513246 0.0036280446736508334 0.049725226824128985 220 220 220
0.009811959823303181 0.003966254988786565 0.049725226824128985 220 220 220
0.009786946949688895 0.004304465303922297 0.049725226824128985 220 255 0
0.009759591440857482 0.004642675619058031 0.049725226824128985 220 220 220
0.009725148622231984 0.004980885934193763 0.049725226824128985 220 220 220
0.00967040065134947 0.005319096249329495 0.049725226824128985 220 220 220
0.009614452997566903 0.005657306564465227 0.049725226824128985 220 220 220
0.009545497816748984 0.005995516879600959 0.049725226824128985 220 255 0
0.009454774827858604 0.006333727194736693 0.049725226824128985 220 220 220
0.009355261637694772 0.006671937509872425 0.049725226824128985 220 220 220
0.009227105792179004 0.007010147825008157 0.049725226824128985 220 220 220
0.00907025906632714 0.007348358140143889 0.049725226824128985 220 220 220
0.008899390450315653 0.007686568455279621 0.049725226824128985 220 255 0
0.008664394840840289 0.008024778770415353 0.049725226824128985 220 220 220
0.008398359723212713 0.008362989085551085 0.049725226824128985 220 220 220
0.008050163957129238 0.00870119940068682 0.049725226824128985 220 220 220
0.007660133087339772 0.009039409715822552 0.049725226824128985 220 220 220
0.007163458843114251 0.009377620030958284 0.049725226824128985 220 255 0
0.006507095220306017 0.009715830346094016 0.049725226824128985 220 220 220
0.00564974066665605 0.010054040661229748 0.049725226824128985 220 220 220
-0.0007287667608997378 0.01039225097636548 0.049725226824128985 220 220 220
-0.001097015119537536 -0.008547526671235532 0.050029114060197416 220 220 220
-0.0010905329823549838 -0.008209316356099798 0.050029114060197416 220 220 220
0.006336737909471715 -0.007871106040964066 0.050029114060197416 220 220 220
0.006997208207962595 -0.0075328957258283345 0.050029114060197416 220 255 0
0.007486694134955164 -0.0071946854106926025 0.050029114060197416 220 220 220
0.007893901468567138 -0.00685647509555687 0.050029114060197416 220 220 220
0.008222474519235528 -0.006518264780421137 0.050029114060197416 220 220 220
0.008482929789688672 -0.006180054465285405 0.050029114060197416 220 220 220
0.008706373677035766 -0.005841844150149673 0.050029114060197416 220 255 0
0.008878398004876446 -0.005503633835013941 0.050029114060197416 220 220 220
0.009036515731818906 -0.005165423519878208 0.050029114060197416 220 220 220
0.009156284053125642 -0.004827213204742476 0.050029114060197416 220 220 220
0.009262375240596657 -0.004489002889606743 0.050029114060197416 220 220 220
0.009358121227365769 -0.004150792574471011 0.050029114060197416 220 255 0
0.00942281522055003 -0.003812582259335278 0.050029114060197416 220 220 220
0.009486379776437584 -0.003474371944199546 0.050029114060197416 220 220 220
0.009542163930625869 -0.0031361616290638133 0.050029114060197416 220 220 220
0.009584171556687922 -0.0027979513139280814 0.050029114060197416 220 220 220
0.009620265704252083 -0.0024597409987923494 0.050029114060197416 220 255 0
0.009645909515613794 -0.0021215306836566165 0.050029114060197416 220 220 220
0.009670802513702002 -0.0017833203685208845 0.050029114060197416 220 220 220
0.009691979029268348 -0.0014451100533851517 0.050029114060197416 220 220 220
0.009708534820437183 -0.0011068997382494197 0.050029114060197416 220 220 220
0.009725077087342977 -0.0007686894231136877 0.050029114060197416 220 255 0
0.009729722636779018 -0.0004304791079779557 0.050029114060197416 220 220 220
0.00973107062740479 -9.226879284222195e-05 0.050029114060197416 220 220 220
0.009735235284335784 0.00024594152229351005 0.050029114060197416 220 220 220
0.00974109995926917 0.000584151837429242 0.050029114060197416 220 220 220
0.00974636882659501 0.000922362152564974 0.050029114060197416 220 255 0
0.009749059379823486 0.001260572467700706 0.050029114060197416 220 220 220
0.00975141304263024 0.0015987827828364398 0.050029114060197416 220 220 220
0.009749967046815695 0.0019369930979721717 0.050029114060197416 220 220 220
0.009764764412997558 0.0022752034131079037 0.050029114060197416 220 220 220
0.009759721012768207 0.0026134137282436357 0.050029114060197416 220 255 0
0.009751178306092786 0.002951624043379369 0.050029114060197416 220 220 220
0.009743167174339658 0.0032898343585151014 0.050029114060197416 220 220 220
0.009726372297653874 0.0036280446736508334 0.050029114060197416 220 220 220
0.009710161572150142 0.003966254988786565 0.050029114060197416 220 220 220
0.00968796565708134 0.004304465303922297 0.050029114060197416 220 255 0
0.00965083384069463 0.004642675619058031 0.050029114060197416 220 220 220
0.009613046833532644 0.004980885934193763 0.050029114060197416 220 220 220
0.00955948401395295 0.005319096249329495 0.050029114060197416 220 220 220
0.009503101685226065 0.005657306564465227 0.050029114060197416 220 220 220
0.009428611093738389 0.005995516879600959 0.050029114060197416 220 255 0
0.009332321272009957 0.006333727194736693 0.050029114060197416 220 220 220
0.009231835882771254 0.006671937509872425 0.050029114060197416 220 220 220
0.00909601076579504 0.007010147825008157 0.050029114060197416 220 220 220
0.00893670981226408 0.007348358140143889 0.050029114060197416 220 220 220
0.008758361363300476 0.007686568455279621 0.050029114060197416 220 255 0
0.008524149514318895 0.008024778770415353 0.050029114060197416 220 220 220
0.008227323606906842 0.008362989085551085 0.050029114060197416 220 220 220
0.007906841997085308 0.00870119940068682 0.050029114060197416 220 220 220
0.0074890099436548205 0.009039409715822552 0.050029114060197416 220 220 220
0.006967484998123627 0.009377620030958284 0.050029114060197416 220 255 0
0.006297676406729817 0.009715830346094016 0.050029114060197416 220 220 220
-0.0007130917831343064 0.010054040661229748 0.050029114060197416 220 220 220
-0.0007061224637041515 0.01039225097636548 0.050029114060197416 220 220 220
-0.001074282534751423 -0.008547526671235532 0.050333001296265854 220 220 220
-0.0010678003975688743 -0.008209316356099798 0.050333001296265854 220 220 220
-0.0010613182603863291 -0.007871106040964066 0.050333001296265854 220 220 220
0.006773571833865051 -0.0075328957258283345 0.050333001296265854 220 255 0
0.007312818416561544 -0.0071946854106926025 0.050333001296265854 220 220 220
0.007718209106111361 -0.00685647509555687 0.050333001296265854 220 220 220
0.008045993090837764 -0.006518264780421137 0.050333001296265854 220 220 220
0.008332682706439429 -0.006180054465285405 0.050333001296265854 220 220 220
0.00855817713845233 -0.005841844150149673 0.050333001296265854 220 255 0
0.008737779780579179 -0.005503633835013941 0.050333001296265854 220 220 220
0.008903752228791155 -0.005165423519878208 0.050333001296265854 220 220 220
0.009027521972674781 -0.004827213204742476 0.050333001296265854 220 220 220
0.009135269930238683 -0.004489002889606743 0.050333001296265854 220 220 220
0.009233135296218177 -0.004150792574471011 0.050333001296265854 220 255 0
0.009308470957668452 -0.003812582259335278 0.050333001296265854 220 220 220
0.009372673544036968 -0.003474371944199546 0.050333001296265854 220 220 220
0.009424432438896251 -0.0031361616290638133 0.050333001296265854 220 220 220
0.009469805471307546 -0.0027979513139280814 0.050333001296265854 220 220 220
0.00951337110862992 -0.0024597409987923494 0.050333001296265854 220 255 0
0.00954312929821878 -0.0021215306836566165 0.050333001296265854 220 220 220
0.009567656323813071 -0.0017833203685208845 0.050333001296265854 220 220 220
0.0095875153174536 -0.0014451100533851517 0.050333001296265854 220 220 220
0.00960372998281354 -0.0011068997382494197 0.050333001296265854 220 220 220
0.009619691381630914 -0.0007686894231136877 0.050333001296265854 220 255 0
0.009629999583319466 -0.0004304791079779557 0.050333001296265854 220 220 220
0.009632450421584931 -9.226879284222195e-05 0.050333001296265854 220 220 220
0.00963675787811059 0.00024594152229351005 0.050333001296265854 220 220 220
0.009642502529809957 0.000584151837429242 0.050333001296265854 220 220 220
0.009647803086303457 0.000922362152564974 0.050333001296265854 220 255 0
0.009650493639531934 0.001260572467700706 0.050333001296265854 220 220 220
0.009653039682719494 0.0015987827828364398 0.050333001296265854 220 220 220
0.009656388270756697 0.0019369930979721717 0.050333001296265854 220 220 220
0.009659681348117719 0.0022752034131079037 0.050333001296265854 220 220 220
0.009655521301117916 0.0026134137282436357 0.050333001296265854 220 255 0
0.009647301539223307 0.002951624043379369 0.050333001296265854 220 220 220
0.00963929040747018 0.0032898343585151014 0.050333001296265854 220 220 220
0.009623037525025127 0.0036280446736508334 0.050333001296265854 220 220 220
0.00959976216151616 0.003966254988786565 0.050333001296265854 220 220 220
0.009572696069910604 0.004304465303922297 0.050333001296265854 220 255 0
0.009535453669574468 0.004642675619058031 0.050333001296265854 220 220 220
0.009497368310345297 0.004980885934193763 0.050333001296265854 220 220 220
0.009447038303671284 0.005319096249329495 0.050333001296265854 220 220 220
0.009377641318174989 0.005657306564465227 0.050333001296265854 220 220 220
0.009305505162680125 0.005995516879600959 0.050333001296265854 220 255 0
0.00920889551708644 0.006333727194736693 0.050333001296265854 220 220 220
0.00909528091699401 0.006671937509872425 0.050333001296265854 220 220 220
0.008964744231925179 0.007010147825008157 0.050333001296265854 220 220 220
0.008796570827371567 0.007348358140143889 0.050333001296265854 220 220 220
0.00860641813303381 0.007686568455279621 0.050333001296265854 220 255 0
0.008363444167695683 0.008024778770415353 0.050333001296265854 220 220 220
0.008056287490600972 0.008362989085551085 0.050333001296265854 220 220 220
0.007749130813506255 0.00870119940068682 0.050333001296265854 220 220 220
0.007293773058339975 0.009039409715822552 0.050333001296265854 220 220 220
0.006779487066966468 0.009377620030958284 0.050333001296265854 220 255 0
0.006104218812203313 0.009715830346094016 0.050333001296265854 220 220 220
-0.0006905924177802031 0.010054040661229748 0.050333001296265854 220 220 220
-0.0006835464056328851 0.01039225097636548 0.050333001296265854 220 220 220
-0.0010517288925591048 -0.008547526671235532 0.05063688853233429 255 220 0
-0.0010453262646596788 -0.008209316356099798 0.05063688853233429 255 220 0
-0.0010389139184169664 -0.007871106040964066 0.05063688853233429 255 220 0
0.0065499354597675094 -0.0075328957258283345 0.05063688853233429 255 255 0
0.007101835963397673 -0.0071946854106926025 0.05063688853233429 255 220 0
0.007532620899221722 -0.00685647509555687 0.05063688853233429 255 220 0
0.007864336515004814 -0.006518264780421137 0.05063688853233429 255 220 0
0.008175438922512771 -0.006180054465285405 0.05063688853233429 255 220 0
0.008396089375234856 -0.005841844150149673 0.05063688853233429 255 255 0
0.008593469249221195 -0.005503633835013941 0.05063688853233429 255 220 0
0.00875827446990324 -0.005165423519878208 0.05063688853233429 255 220 0
0.008887845874045775 -0.004827213204742476 0.05063688853233429 255 220 0
0.009007673306484863 -0.004489002889606743 0.05063688853233429 255 220 0
0.009099780390148438 -0.004150792574471011 0.05063688853233429 255 255 0
0.009178743903268562 -0.003812582259335278 0.05063688853233429 255 220 0
0.009255752913144512 -0.003474371944199546 0.05063688853233429 255 220 0
0.00930665696895645 -0.0031361616290638133 0.05063688853233429 255 220 0
0.00935249043602758 -0.0027979513139280814 0.05063688853233429 255 220 0
0.009393522003890053 -0.0024597409987923494 0.05063688853233429 255 255 0
0.009424804969672582 -0.0021215306836566165 0.05063688853233429 255 220 0
0.0094556795498454 -0.0017833203685208845 0.05063688853233429 255 220 0
0.009478882334433296 -0.0014451100533851517 0.05063688853233429 255 220 0
0.009499163992536204 -0.0011068997382494197 0.05063688853233429 255 220 0
0.00951430567591885 -0.0007686894231136877 0.05063688853233429 255 255 0
0.009524613877607401 -0.0004304791079779557 0.05063688853233429 255 220 0
0.009533830215765076 -9.226879284222195e-05 0.05063688853233429 255 220 0
0.009538280471885397 0.00024594152229351005 0.05063688853233429 255 220 0
0.009544025123584763 0.000584151837429242 0.05063688853233429 255 220 0
0.009549237346011905 0.000922362152564974 0.05063688853233429 255 255 0
0.009551927899240382 0.001260572467700706 0.05063688853233429 255 220 0
0.009554618452468858 0.0015987827828364398 0.05063688853233429 255 220 0
0.009556765605746746 0.0019369930979721717 0.05063688853233429 255 220 0
0.009554598283237879 0.0022752034131079037 0.05063688853233429 255 220 0
0.009549919685537115 0.0026134137282436357 0.05063688853233429 255 255 0
0.009537123752663978 0.002951624043379369 0.05063688853233429 255 220 0
0.009524245143809576 0.0032898343585151014 0.05063688853233429 255 220 0
0.009504872215512761 0.0036280446736508334 0.05063688853233429 255 220 0
0.009481389072488619 0.003966254988786565 0.05063688853233429 255 220 0
0.009457426482739867 0.004304465303922297 0.05063688853233429 255 255 0
0.009419775146387125 0.004642675619058031 0.05063688853233429 255 220 0
0.009375279397732028 0.004980885934193763 0.05063688853233429 255 220 0
0.009318819017405139 0.005319096249329495 0.05063688853233429 255 220 0
0.009248575926605721 0.005657306564465227 0.05063688853233429 255 220 0
0.009176083753970565 0.005995516879600959 0.05063688853233429 255 255 0
0.00907269326726815 0.006333727194736693 0.05063688853233429 255 220 0
0.008953410946478705 0.006671937509872425 0.05063688853233429 255 220 0
0.008828703128970548 0.007010147825008157 0.05063688853233429 255 220 0
0.00864753742677762 0.007348358140143889 0.05063688853233429 255 220 0
0.008451225274846364 0.007686568455279621 0.05063688853233429 255 255 0
0.008200728969634294 0.008024778770415353 0.05063688853233429 255 220 0
0.007893056471381051 0.008362989085551085 0.05063688853233429 255 220 0
0.007577160303803529 0.00870119940068682 0.05063688853233429 255 220 0
0.007113343999679686 0.009039409715822552 0.05063688853233429 255 220 0
0.006578449854233868 0.009377620030958284 0.05063688853233429 255 255 0
0.005900851607633359 0.009715830346094016 0.05063688853233429 255 220 0
-0.0006681092500298406 0.010054040661229748 0.05063688853233429 255 220 0
-0.0006612015102528956 0.01039225097636548 0.05063688853233429 255 220 0
-0.0010229277107549235 -0.008209316356099798 0.05094077576840273 220 220 220
-0.0010165289929182364 -0.007871106040964066 0.05094077576840273 220 220 220
0.0063236116230091805 -0.0075328957258283345 0.05094077576840273 220 255 0
0.006885534779654742 -0.0071946854106926025 0.05094077576840273 220 220 220
0.00734703269233208 -0.00685647509555687 0.05094077576840273 220 220 220
0.007682679939171868 -0.006518264780421137 0.05094077576840273 220 220 220
0.00799123021140032 -0.006180054465285405 0.05094077576840273 220 220 220
0.00823326682353945 -0.005841844150149673 0.05094077576840273 220 255 0
0.008434169996771294 -0.005503633835013941 0.05094077576840273 220 220 220
0.00860965525124906 -0.005165423519878208 0.05094077576840273 220 220 220
0.00874075598334683 -0.004827213204742476 0.05094077576840273 220 220 220
0.00886678361555222 -0.004489002889606743 0.05094077576840273 220 220 220
0.008966425484078697 -0.004150792574471011 0.05094077576840273 220 255 0
0.009046520655616673 -0.003812582259335278 0.05094077576840273 220 220 220
0.0091216405258241 -0.003474371944199546 0.05094077576840273 220 220 220
0.009178115934201711 -0.0031361616290638133 0.05094077576840273 220 220 220
0.009233149170828242 -0.0027979513139280814 0.05094077576840273 220 220 220
0.009273672899150187 -0.0024597409987923494 0.05094077576840273 220 255 0
0.009305099743259111 -0.0021215306836566165 0.05094077576840273 220 220 220
0.009336156613890707 -0.0017833203685208845 0.05094077576840273 220 220 220
0.009358095195167532 -0.0014451100533851517 0.05094077576840273 220 220 220
0.009378484582077927 -0.0011068997382494197 0.05094077576840273 220 220 220
0.009396509759078612 -0.0007686894231136877 0.05094077576840273 220 255 0
0.009409045356398216 -0.0004304791079779557 0.05094077576840273 220 220 220
0.009421502708612209 -9.226879284222195e-05 0.05094077576840273 220 220 220
0.009429538677760186 0.00024594152229351005 0.05094077576840273 220 220 220
0.009435954689967536 0.000584151837429242 0.05094077576840273 220 220 220
0.009441385501330956 0.000922362152564974 0.05094077576840273 220 255 0
0.009442381458724051 0.001260572467700706 0.05094077576840273 220 220 220
0.009443366643114525 0.0015987827828364398 0.05094077576840273 220 220 220
0.009440605417434526 0.0019369930979721717 0.05094077576840273 220 220 220
0.009435578685369376 0.0022752034131079037 0.05094077576840273 220 220 220
0.009430071947463141 0.0026134137282436357 0.05094077576840273 220 255 0
0.009417276014590003 0.002951624043379369 0.05094077576840273 220 220 220
0.009404183931095232 0.0032898343585151014 0.05094077576840273 220 220 220
0.009386706906000394 0.0036280446736508334 0.05094077576840273 220 220 220
0.009362926222760698 0.003966254988786565 0.05094077576840273 220 220 220
0.009335086608215533 0.004304465303922297 0.05094077576840273 220 255 0
0.009290701096295012 0.004642675619058031 0.05094077576840273 220 220 220
0.009242134127731332 0.004980885934193763 0.05094077576840273 220 220 220
0.009190599731138992 0.005319096249329495 0.05094077576840273 220 220 220
0.00911802869274163 0.005657306564465227 0.05094077576840273 220 220 220
0.00903199083866683 0.005995516879600959 0.05094077576840273 220 255 0
0.008932830811726949 0.006333727194736693 0.05094077576840273 220 220 220
0.008810299696320443 0.006671937509872425 0.05094077576840273 220 220 220
0.008668124714222205 0.007010147825008157 0.05094077576840273 220 220 220
0.00849701694167549 0.007348358140143889 0.05094077576840273 220 220 220
0.008268616168974762 0.007686568455279621 0.05094077576840273 220 255 0
0.008032320038663738 0.008024778770415353 0.05094077576840273 220 220 220
0.007732117649559193 0.008362989085551085 0.05094077576840273 220 220 220
0.007374901342682918 0.00870119940068682 0.05094077576840273 220 220 220
0.0069329149410194 0.009039409715822552 0.05094077576840273 220 220 220
0.006336495415246571 0.009377620030958284 0.05094077576840273 220 255 0
0.0056662955542716425 0.009715830346094016 0.05094077576840273 220 220 220
-0.0006458431850925594 0.010054040661229748 0.05094077576840273 220 220 220
-0.0006389580350790597 0.01039225097636548 0.05094077576840273 220 220 220
-0.0010005215397048753 -0.008209316356099798 0.05124466300447117 220 220 220
-0.0009941265289507388 -0.007871106040964066 0.05124466300447117 220 220 220
0.006051168017755437 -0.0075328957258283345 0.05124466300447117 220 255 0
0.006669233595911811 -0.0071946854106926025 0.05124466300447117 220 220 220
0.00712617200675714 -0.00685647509555687 0.05124466300447117 220 220 220
0.0074975940251751135 -0.006518264780421137 0.05124466300447117 220 220 220
0.0077967284227019856 -0.006180054465285405 0.05124466300447117 220 220 220
0.00804611355641482 -0.005841844150149673 0.05124466300447117 220 255 0
0.00827487074432139 -0.005503633835013941 0.05124466300447117 220 220 220
0.008442424908864484 -0.005165423519878208 0.05124466300447117 220 220 220
0.008591399785997314 -0.004827213204742476 0.05124466300447117 220 220 220
0.008720511451428008 -0.004489002889606743 0.05124466300447117 220 220 220
0.008817008738413169 -0.004150792574471011 0.05124466300447117 220 255 0
0.008909569254250304 -0.003812582259335278 0.05124466300447117 220 220 220
0.008985398777943625 -0.003474371944199546 0.05124466300447117 220 220 220
0.00904245736046489 -0.0031361616290638133 0.05124466300447117 220 220 220
0.009098009731270472 -0.0027979513139280814 0.05124466300447117 220 220 220
0.00914277396896001 -0.0024597409987923494 0.05124466300447117 220 255 0
0.00918068252988417 -0.0021215306836566165 0.05124466300447117 220 220 220
0.009216577715905054 -0.0017833203685208845 0.05124466300447117 220 220 220
0.009237185459379058 -0.0014451100533851517 0.05124466300447117 220 220 220
0.00925779320285306 -0.0011068997382494197 0.05124466300447117 220 220 220
0.009275202179489073 -0.0007686894231136877 0.05124466300447117 220 255 0
0.009287833238929604 -0.0004304791079779557 0.05124466300447117 220 220 220
0.009300340178062853 -9.226879284222195e-05 0.05124466300447117 220 220 220
0.009308219475687954 0.00024594152229351005 0.05124466300447117 220 220 220
0.009314675651436694 0.000584151837429242 0.05124466300447117 220 220 220
0.00932024309961008 0.000922362152564974 0.05124466300447117 220 255 0
0.009321234545807482 0.001260572467700706 0.05124466300447117 220 220 220
0.009322173436000482 0.0015987827828364398 0.05124466300447117 220 220 220
0.009319884560041708 0.0019369930979721717 0.05124466300447117 220 220 220
0.00931472668770678 0.0022752034131079037 0.05124466300447117 220 220 220
0.009309518658680675 0.0026134137282436357 0.05124466300447117 220 255 0
0.009297253893051593 0.002951624043379369 0.05124466300447117 220 220 220
0.009283381664960337 0.0032898343585151014 0.05124466300447117 220 220 220
0.00926196660259698 0.0036280446736508334 0.05124466300447117 220 220 220
0.00923097797531593 0.003966254988786565 0.05124466300447117 220 220 220
0.00919916845897898 0.004304465303922297 0.05124466300447117 220 255 0
0.00915823262092388 0.004642675619058031 0.05124466300447117 220 220 220
0.009108672583005236 0.004980885934193763 0.05124466300447117 220 220 220
0.009053224983174277 0.005319096249329495 0.05124466300447117 220 220 220
0.008971877263946975 0.005657306564465227 0.05124466300447117 220 220 220
0.008884157778921844 0.005995516879600959 0.05124466300447117 220 255 0
0.008791822253234927 0.006333727194736693 0.05124466300447117 220 220 220
0.008652163714421655 0.006671937509872425 0.05124466300447117 220 220 220
0.008507546299473862 0.007010147825008157 0.05124466300447117 220 220 220
0.008323280685302411 0.007348358140143889 0.05124466300447117 220 220 220
0.00808600706310316 0.007686568455279621 0.05124466300447117 220 255 0
0.007849710932792136 0.008024778770415353 0.05124466300447117 220 220 220
0.007557852658484987 0.008362989085551085 0.05124466300447117 220 220 220
0.007172642381562308 0.00870119940068682 0.05124466300447117 220 220 220
0.006746587718157351 0.009039409715822552 0.05124466300447117 220 220 220
0.006106307756632649 0.009377620030958284 0.05124466300447117 220 255 0
0.005391532077859321 0.009715830346094016 0.05124466300447117 220 220 220
-0.000623599709918727 0.010054040661229748 0.05124466300447117 220 220 220
-0.0006167145599052237 0.01039225097636548 0.05124466300447117 220 220 220
-0.0009781153686548236 -0.008209316356099798 0.05154855024053961 220 220 220
-0.0009717203579006906 -0.007871106040964066 0.05154855024053961 220 220 220
0.005778724412501693 -0.0075328957258283345 0.05154855024053961 220 255 0
0.006450431847688773 -0.0071946854106926025 0.05154855024053961 220 220 220
0.006899813074472584 -0.00685647509555687 0.05154855024053961 220 220 220
0.007305891138330073 -0.006518264780421137 0.05154855024053961 220 220 220
0.007602226634003652 -0.006180054465285405 0.05154855024053961 220 220 220
0.007855005536578516 -0.005841844150149673 0.05154855024053961 220 255 0
0.008095236391927014 -0.005503633835013941 0.05154855024053961 220 220 220
0.008273538007857096 -0.005165423519878208 0.05154855024053961 220 220 220
0.008425356955667668 -0.004827213204742476 0.05154855024053961 220 220 220
0.008565336342112076 -0.004489002889606743 0.05154855024053961 220 220 220
0.008664186113292185 -0.004150792574471011 0.05154855024053961 220 255 0
0.008758656747623633 -0.003812582259335278 0.05154855024053961 220 220 220
0.00883902441002531 -0.003474371944199546 0.05154855024053961 220 220 220
0.0089055720809483 -0.0031361616290638133 0.05154855024053961 220 220 220
0.008962870291712704 -0.0027979513139280814 0.05154855024053961 220 220 220
0.009004986289611546 -0.0024597409987923494 0.05154855024053961 220 255 0
0.009043763349080285 -0.0021215306836566165 0.05154855024053961 220 220 220
0.009080067920425663 -0.0017833203685208845 0.05154855024053961 220 220 220
0.009105419138496544 -0.0014451100533851517 0.05154855024053961 220 220 220
0.009130213256549613 -0.0011068997382494197 0.05154855024053961 220 220 220
0.00915059432029187 -0.0007686894231136877 0.05154855024053961 220 255 0
0.009165478984343563 -0.0004304791079779557 0.05154855024053961 220 220 220
0.009179156718780598 -9.226879284222195e-05 0.05154855024053961 220 220 220
0.009186885721869965 0.00024594152229351005 0.05154855024053961 220 220 220
0.009193357557045815 0.000584151837429242 0.05154855024053961 220 220 220
0.0091991006978892 0.000922362152564974 0.05154855024053961 220 255 0
0.009200041338693439 0.001260572467700706 0.05154855024053961 220 220 220
0.009200980228886439 0.0015987827828364398 0.05154855024053961 220 220 220
0.009197325116853079 0.0019369930979721717 0.05154855024053961 220 220 220
0.009189111844336368 0.0022752034131079037 0.05154855024053961 220 220 220
0.009180784467348307 0.0026134137282436357 0.05154855024053961 220 255 0
0.009164810732867623 0.002951624043379369 0.05154855024053961 220 220 220
0.009146606605410432 0.0032898343585151014 0.05154855024053961 220 220 220
0.009126839142943056 0.0036280446736508334 0.05154855024053961 220 220 220
0.009095582793318523 0.003966254988786565 0.05154855024053961 220 220 220
0.009063250309742431 0.004304465303922297 0.05154855024053961 220 255 0
0.009022816037768052 0.004642675619058031 0.05154855024053961 220 220 220
0.008962933753775765 0.004980885934193763 0.05154855024053961 220 220 220
0.008901426880547503 0.005319096249329495 0.05154855024053961 220 220 220
0.008825666866717248 0.005657306564465227 0.05154855024053961 220 220 220
0.008732058160441092 0.005995516879600959 0.05154855024053961 220 255 0
0.008627209804651093 0.006333727194736693 0.05154855024053961 220 220 220
0.008493077917975989 0.006671937509872425 0.05154855024053961 220 220 220
0.008329078607453026 0.007010147825008157 0.05154855024053961 220 220 220
0.008148049867680605 0.007348358140143889 0.05154855024053961 220 220 220
0.00790992573540037 0.007686568455279621 0.05154855024053961 220 255 0
0.007671801603120134 0.008024778770415353 0.05154855024053961 220 220 220
0.007354745415548779 0.008362989085551085 0.05154855024053961 220 220 220
0.006970383420441697 0.00870119940068682 0.05154855024053961 220 220 220
0.006506132034202907 0.009039409715822552 0.05154855024053961 220 220 220
0.005882965118078514 0.009377620030958284 0.05154855024053961 220 255 0
0.0051167686014470005 0.009715830346094016 0.05154855024053961 220 220 220
-0.0006015497473398425 0.010054040661229748 0.05154855024053961 220 220 220
-0.0005945588995761518 0.01039225097636548 0.05154855024053961 220 220 220
-0.0009556935674983995 -0.008209316356099798 0.051852437476608046 220 220 220
-0.000949274809259628 -0.007871106040964066 0.051852437476608046 220 220 220
0.0054951543206182354 -0.0075328957258283345 0.051852437476608046 220 255 0
0.0061805011142358045 -0.0071946854106926025 0.051852437476608046 220 220 220
0.006673454142188029 -0.00685647509555687 0.051852437476608046 220 220 220
0.00707855986200742 -0.006518264780421137 0.051852437476608046 220 220 220
0.007407724845305318 -0.006180054465285405 0.051852437476608046 220 220 220
0.007663897516742211 -0.005841844150149673 0.051852437476608046 220 255 0
0.007899400723082688 -0.005503633835013941 0.051852437476608046 220 220 220
0.008087260422604084 -0.005165423519878208 0.051852437476608046 220 220 220
0.00825873720972679 -0.004827213204742476 0.051852437476608046 220 220 220
0.008392515142454402 -0.004489002889606743 0.051852437476608046 220 220 220
0.008503831945069314 -0.004150792574471011 0.051852437476608046 220 255 0
0.008607744240996962 -0.003812582259335278 0.051852437476608046 220 220 220
0.008683677742646728 -0.003474371944199546 0.051852437476608046 220 220 220
0.00875173274372696 -0.0031361616290638133 0.051852437476608046 220 220 220
0.00881806952530678 -0.0027979513139280814 0.051852437476608046 220 220 220
0.008865110869032362 -0.0024597409987923494 0.051852437476608046 220 255 0
0.008906379237979108 -0.0021215306836566165 0.051852437476608046 220 220 220
0.00894168324251093 -0.0017833203685208845 0.051852437476608046 220 220 220
0.008967295540060491 -0.0014451100533851517 0.051852437476608046 220 220 220
0.008992466302532129 -0.0011068997382494197 0.051852437476608046 220 220 220
0.00901225736673283 -0.0007686894231136877 0.051852437476608046 220 255 0
0.009027452348668754 -0.0004304791079779557 0.051852437476608046 220 220 220
0.009042337012720447 -9.226879284222195e-05 0.051852437476608046 220 220 220
0.009050849188228797 0.00024594152229351005 0.051852437476608046 220 220 220
0.009057827783046214 0.000584151837429242 0.051852437476608046 220 220 220
0.009064019310245303 0.000922362152564974 0.051852437476608046 220 255 0
0.009063713901386498 0.001260572467700706 0.051852437476608046 220 220 220
0.009063346470565 0.0015987827828364398 0.051852437476608046 220 220 220
0.00905990099146696 0.0019369930979721717 0.051852437476608046 220 220 220
0.009051649038202941 0.0022752034131079037 0.051852437476608046 220 220 220
0.0090429867162901 0.0026134137282436357 0.051852437476608046 220 255 0
0.009028182187343206 0.002951624043379369 0.051852437476608046 220 220 220
0.009009384000908153 0.0032898343585151014 0.051852437476608046 220 220 220
0.008990482564455015 0.0036280446736508334 0.051852437476608046 220 220 220
0.008955715064252747 0.003966254988786565 0.051852437476608046 220 220 220
0.008915992580583775 0.004304465303922297 0.051852437476608046 220 255 0
0.008872379997669717 0.004642675619058031 0.051852437476608046 220 220 220
0.008812057822884526 0.004980885934193763 0.051852437476608046 220 220 220
0.008749628777920728 0.005319096249329495 0.051852437476608046 220 220 220
0.00866989024397629 0.005657306564465227 0.051852437476608046 220 220 220
0.008567220173949515 0.005995516879600959 0.051852437476608046 220 255 0
0.00846042393025196 0.006333727194736693 0.051852437476608046 220 220 220
0.00831593901238067 0.006671937509872425 0.051852437476608046 220 220 220
0.008137562689880985 0.007010147825008157 0.051852437476608046 220 220 220
0.007959186367381299 0.007348358140143889 0.051852437476608046 220 220 220
0.0077346949177785635 0.007686568455279621 0.051852437476608046 220 255 0
0.007466943683666683 0.008024778770415353 0.051852437476608046 220 220 220
0.007147229725550019 0.008362989085551085 0.051852437476608046 220 220 220
0.006766048006762842 0.00870119940068682 0.051852437476608046 220 220 220
0.006251757500966525 0.009039409715822552 0.051852437476608046 220 220 220
0.005649945983372708 0.009377620030958284 0.051852437476608046 220 255 0
0.0048420051250346804 0.009715830346094016 0.051852437476608046 220 220 220
-0.0005796554178845482 0.010054040661229748 0.051852437476608046 220 220 220
-0.0005726736346512301 0.01039225097636548 0.051852437476608046 220 220 220
-0.0009336737200649585 -0.008209316356099798 0.052156324712676484 255 220 0
-0.0009269463882367705 -0.007871106040964066 0.052156324712676484 255 220 0
-0.0009203874006290802 -0.0075328957258283345 0.052156324712676484 255 255 0
0.005891009656340833 -0.0071946854106926025 0.052156324712676484 255 220 0
0.006445550594651879 -0.00685647509555687 0.052156324712676484 255 220 0
0.006846974066907053 -0.006518264780421137 0.052156324712676484 255 220 0
0.0071841671111619616 -0.006180054465285405 0.052156324712676484 255 220 0
0.007469621800696014 -0.005841844150149673 0.052156324712676484 255 255 0
0.007698431459066103 -0.005503633835013941 0.052156324712676484 255 220 0
0.007889022794236705 -0.005165423519878208 0.052156324712676484 255 220 0
0.008071256475438786 -0.004827213204742476 0.052156324712676484 255 220 0
0.008219571566394869 -0.004489002889606743 0.052156324712676484 255 220 0
0.00833294146254477 -0.004150792574471011 0.052156324712676484 255 255 0
0.008442327548026552 -0.003812582259335278 0.052156324712676484 255 220 0
0.008525875068198265 -0.003474371944199546 0.052156324712676484 255 220 0
0.008597182948588024 -0.0031361616290638133 0.052156324712676484 255 220 0
0.008661995337882426 -0.0027979513139280814 0.052156324712676484 255 220 0
0.00870943060573104 -0.0024597409987923494 0.052156324712676484 255 255 0
0.008755496728823479 -0.0021215306836566165 0.052156324712676484 255 220 0
0.008796010795935078 -0.0017833203685208845 0.052156324712676484 255 220 0
0.008826139728852907 -0.0014451100533851517 0.052156324712676484 255 220 0
0.008854523159695319 -0.0011068997382494197 0.052156324712676484 255 220 0
0.008873832484230366 -0.0007686894231136877 0.052156324712676484 255 255 0
0.008889150973822322 -0.0004304791079779557 0.052156324712676484 255 220 0
0.008904310377045633 -9.226879284222195e-05 0.052156324712676484 255 220 0
0.0089126442264594 0.00024594152229351005 0.052156324712676484 255 220 0
0.008919728014333161 0.000584151837429242 0.052156324712676484 255 220 0
0.008926141052655271 0.000922362152564974 0.052156324712676484 255 255 0
0.008925776822453074 0.001260572467700706 0.052156324712676484 255 220 0
0.008925336854269578 0.0015987827828364398 0.052156324712676484 255 220 0
0.008922476866080841 0.0019369930979721717 0.052156324712676484 255 220 0
0.008913851287144734 0.0022752034131079037 0.052156324712676484 255 220 0
0.00890518896523189 0.0026134137282436357 0.052156324712676484 255 255 0
0.008887166736227968 0.002951624043379369 0.052156324712676484 255 220 0
0.00886306933385616 0.0032898343585151014 0.052156324712676484 255 220 0
0.00883845007443445 0.0036280446736508334 0.052156324712676484 255 220 0
0.008802578840537645 0.003966254988786565 0.052156324712676484 255 220 0
0.00876191030274985 0.004304465303922297 0.052156324712676484 255 255 0
0.008720558029038506 0.004642675619058031 0.052156324712676484 255 220 0
0.008656456136389764 0.004980885934193763 0.052156324712676484 255 220 0
0.008583462870012826 0.005319096249329495 0.052156324712676484 255 220 0
0.008505064541591499 0.005657306564465227 0.052156324712676484 255 220 0
0.00840043429955038 0.005995516879600959 0.052156324712676484 255 255 0
0.008274575886543043 0.006333727194736693 0.052156324712676484 255 220 0
0.00812833452141433 0.006671937509872425 0.052156324712676484 255 220 0
0.00794782670078743 0.007010147825008157 0.052156324712676484 255 220 0
0.007767670449809258 0.007348358140143889 0.052156324712676484 255 220 0
0.007547639721142781 0.007686568455279621 0.052156324712676484 255 255 0
0.007249460316804703 0.008024778770415353 0.052156324712676484 255 220 0
0.006929469183832205 0.008362989085551085 0.052156324712676484 255 220 0
0.006519542500760714 0.00870119940068682 0.052156324712676484 255 220 0
0.00600556509389643 0.009039409715822552 0.052156324712676484 255 220 0
0.005368640531078682 0.009377620030958284 0.052156324712676484 255 255 0
-0.0005647079902244452 0.009715830346094016 0.052156324712676484 255 220 0
-0.0005577341291981354 0.010054040661229748 0.052156324712676484 255 220 0
-0.000911742985319975 -0.008209316356099798 0.05246021194874492 220 220 220
-0.0009050156534917906 -0.007871106040964066 0.05246021194874492 220 220 220
-0.000898288321663606 -0.0075328957258283345 0.05246021194874492 220 255 0
0.005601518198445864 -0.0071946854106926025 0.05246021194874492 220 220 220
0.006163794880422738 -0.00685647509555687 0.05246021194874492 220 220 220
0.006609311667322487 -0.006518264780421137 0.05246021194874492 220 220 220
0.006947680168926301 -0.006180054465285405 0.05246021194874492 220 220 220
0.0072589486511457305 -0.005841844150149673 0.05246021194874492 220 255 0
0.007497462195049518 -0.005503633835013941 0.05246021194874492 220 220 220
0.00768983881722167 -0.005165423519878208 0.05246021194874492 220 220 220
0.007873018847071409 -0.004827213204742476 0.05246021194874492 220 220 220
0.008022044410930242 -0.004489002889606743 0.05246021194874492 220 220 220
0.00815746243675163 -0.004150792574471011 0.05246021194874492 220 255 0
0.008270410038010833 -0.003812582259335278 0.05246021194874492 220 220 220
0.008351599072039109 -0.003474371944199546 0.05246021194874492 220 220 220
0.008430778686008602 -0.0031361616290638133 0.05246021194874492 220 220 220
0.008503390624158561 -0.0027979513139280814 0.05246021194874492 220 220 220
0.008552831394144351 -0.0024597409987923494 0.05246021194874492 220 255 0
0.008600044690460272 -0.0021215306836566165 0.05246021194874492 220 220 220
0.008639018020530985 -0.0017833203685208845 0.05246021194874492 220 220 220
0.008669956392817889 -0.0014451100533851517 0.05246021194874492 220 220 220
0.008699989696708535 -0.0011068997382494197 0.05246021194874492 220 220 220
0.008722206094944512 -0.0007686894231136877 0.05246021194874492 220 255 0
0.008740040828221354 -0.0004304791079779557 0.05246021194874492 220 220 220
0.008757777702066679 -9.226879284222195e-05 0.05246021194874492 220 220 220
0.008766877657360636 0.00024594152229351005 0.05246021194874492 220 220 220
0.008774486514384134 0.000584151837429242 0.05246021194874492 220 220 220
0.008781600198173131 0.000922362152564974 0.05246021194874492 220 255 0
0.008779809207778898 0.001260572467700706 0.05246021194874492 220 220 220
0.008778018217384663 0.0015987827828364398 0.05246021194874492 220 220 220
0.008773727293692414 0.0019369930979721717 0.05246021194874492 220 220 220
0.008761840708584448 0.0022752034131079037 0.05246021194874492 220 220 220
0.00874969897406493 0.0026134137282436357 0.05246021194874492 220 255 0
0.008732454612889965 0.002951624043379369 0.05246021194874492 220 220 220
0.008708062192430638 0.0032898343585151014 0.05246021194874492 220 220 220
0.00868298132994495 0.0036280446736508334 0.05246021194874492 220 220 220
0.008649073249448046 0.003966254988786565 0.05246021194874492 220 220 220
0.008603785102969372 0.004304465303922297 0.05246021194874492 220 255 0
0.008553968439676039 0.004642675619058031 0.05246021194874492 220 220 220
0.00848699234311615 0.004980885934193763 0.05246021194874492 220 220 220
0.008412491684442792 0.005319096249329495 0.05246021194874492 220 220 220
0.008335778047983872 0.005657306564465227 0.05246021194874492 220 220 220
0.008208125550059566 0.005995516879600959 0.05246021194874492 220 255 0
0.00807646097550352 0.006333727194736693 0.05246021194874492 220 220 220
0.007941980020612468 0.006671937509872425 0.05246021194874492 220 220 220
0.007761472199985568 0.007010147825008157 0.05246021194874492 220 220 220
0.007578415042458828 0.007348358140143889 0.05246021194874492 220 220 220
0.007328375546309744 0.007686568455279621 0.05246021194874492 220 255 0
0.0070319769499427275 0.008024778770415353 0.05246021194874492 220 220 220
0.006710535202097797 0.008362989085551085 0.05246021194874492 220 220 220
0.00625703187114314 0.00870119940068682 0.05246021194874492 220 220 220
0.005760597907408694 0.009039409715822552 0.05246021194874492 220 220 220
0.005064044279069094 0.009377620030958284 0.05246021194874492 220 255 0
-0.0005427718569096102 0.009715830346094016 0.05246021194874492 220 220 220
-0.000535797995883297 0.010054040661229748 0.05246021194874492 220 220 220
-0.0008830849187468105 -0.007871106040964066 0.05276409918481336 220 220 220
-0.0008763000808370176 -0.0075328957258283345 0.05276409918481336 220 255 0
0.005289770793049294 -0.0071946854106926025 0.05276409918481336 220 220 220
0.005869399534461294 -0.00685647509555687 0.05276409918481336 220 220 220
0.006357459255664491 -0.006518264780421137 0.05276409918481336 220 220 220
0.0067111932266906375 -0.006180054465285405 0.05276409918481336 220 220 220
0.007020646253052872 -0.005841844150149673 0.05276409918481336 220 255 0
0.007285523740747268 -0.005503633835013941 0.05276409918481336 220 220 220
0.007488869553205083 -0.005165423519878208 0.05276409918481336 220 220 220
0.007674781218704031 -0.004827213204742476 0.05276409918481336 220 220 220
0.00781766557354465 -0.004489002889606743 0.05276409918481336 220 220 220
0.00795412924127727 -0.004150792574471011 0.05276409918481336 220 255 0
0.008084308796693637 -0.003812582259335278 0.05276409918481336 220 220 220
0.008176220350383161 -0.003474371944199546 0.05276409918481336 220 220 220
0.0082570708430098 -0.0031361616290638133 0.05276409918481336 220 220 220
0.008326908970285315 -0.0027979513139280814 0.05276409918481336 220 220 220
0.00838254588478487 -0.0024597409987923494 0.05276409918481336 220 255 0
0.008437117214605994 -0.0021215306836566165 0.05276409918481336 220 220 220
0.008481258638881124 -0.0017833203685208845 0.05276409918481336 220 220 220
0.008513009711516646 -0.0014451100533851517 0.05276409918481336 220 220 220
0.008543806360673516 -0.0011068997382494197 0.05276409918481336 220 220 220
0.008565307329388538 -0.0007686894231136877 0.05276409918481336 220 255 0
0.008583536341810711 -0.0004304791079779557 0.05276409918481336 220 220 220
0.008601371501115125 -9.226879284222195e-05 0.05276409918481336 220 220 220
0.008610349638957647 0.00024594152229351005 0.05276409918481336 220 220 220
0.008618075297632343 0.000584151837429242 0.05276409918481336 220 220 220
0.008625444587995077 0.000922362152564974 0.05276409918481336 220 255 0
0.008623653597600842 0.001260572467700706 0.05276409918481336 220 220 220
0.008621723220396239 0.0015987827828364398 0.05276409918481336 220 220 220
0.00861812504545147 0.0019369930979721717 0.05276409918481336 220 220 220
0.008606030775963284 0.0022752034131079037 0.05276409918481336 220 220 220
0.00859363513214003 0.0026134137282436357 0.05276409918481336 220 255 0
0.008577674310426825 0.002951624043379369 0.05276409918481336 220 220 220
0.008550343372536849 0.0032898343585151014 0.05276409918481336 220 220 220
0.008519629259666778 0.0036280446736508334 0.05276409918481336 220 220 220
0.008480549358737426 0.003966254988786565 0.05276409918481336 220 220 220
0.008431210866098306 0.004304465303922297 0.05276409918481336 220 255 0
0.008380374606998886 0.004642675619058031 0.05276409918481336 220 220 220
0.00831696807360449 0.004980885934193763 0.05276409918481336 220 220 220
0.008227400500136229 0.005319096249329495 0.05276409918481336 220 220 220
0.008132983635039486 0.005657306564465227 0.05276409918481336 220 220 220
0.008012069659043854 0.005995516879600959 0.05276409918481336 220 255 0
0.007878476410370455 0.006333727194736693 0.05276409918481336 220 220 220
0.0077466814899079545 0.006671937509872425 0.05276409918481336 220 220 220
0.007575117699183705 0.007010147825008157 0.05276409918481336 220 220 220
0.007348565525819856 0.007348358140143889 0.05276409918481336 220 220 220
0.007104830018924894 0.007686568455279621 0.05276409918481336 220 255 0
0.006812307262650022 0.008024778770415353 0.05276409918481336 220 220 220
0.0064405407651583636 0.008362989085551085 0.05276409918481336 220 220 220
0.0060006922056151 0.00870119940068682 0.05276409918481336 220 220 220
0.005455988342048806 0.009039409715822552 0.05276409918481336 220 220 220
0.004756533580005783 0.009377620030958284 0.05276409918481336 220 255 0
-0.000520508937977955 0.009715830346094016 0.05276409918481336 220 220 220
-0.000513823193814704 0.010054040661229748 0.05276409918481336 220 220 220
-0.000860863535811135 -0.007871106040964066 0.0530679864208818 220 220 220
-0.0008540007861284754 -0.0075328957258283345 0.0530679864208818 220 255 0
0.004929522870096976 -0.0071946854106926025 0.0530679864208818 220 220 220
0.005573804103976069 -0.00685647509555687 0.0530679864208818 220 220 220
0.006058818557164692 -0.006518264780421137 0.0530679864208818 220 220 220
0.006473306699358191 -0.006180054465285405 0.0530679864208818 220 220 220
0.006778473682580054 -0.005841844150149673 0.0530679864208818 220 255 0
0.007040967438943464 -0.005503633835013941 0.0530679864208818 220 220 220
0.0072766211042678795 -0.005165423519878208 0.0530679864208818 220 220 220
0.00747069148210981 -0.004827213204742476 0.0530679864208818 220 220 220
0.007612269769345408 -0.004489002889606743 0.0530679864208818 220 220 220
0.007750796045802906 -0.004150792574471011 0.0530679864208818 220 255 0
0.007877166457812178 -0.003812582259335278 0.0530679864208818 220 220 220
0.007984067757188028 -0.003474371944199546 0.0530679864208818 220 220 220
0.008075922088560328 -0.0031361616290638133 0.0530679864208818 220 220 220
0.008150298526024636 -0.0027979513139280814 0.0530679864208818 220 220 220
0.008206409581841505 -0.0024597409987923494 0.0530679864208818 220 255 0
0.00826170114541118 -0.0021215306836566165 0.0530679864208818 220 220 220
0.008304557313154767 -0.0017833203685208845 0.0530679864208818 220 220 220
0.008340814973256838 -0.0014451100533851517 0.0530679864208818 220 220 220
0.008376601073089015 -0.0011068997382494197 0.0530679864208818 220 220 220
0.008401004516254907 -0.0007686894231136877 0.0530679864208818 220 255 0
0.008421883547255506 -0.0004304791079779557 0.0530679864208818 220 220 220
0.008442762578256106 -9.226879284222195e-05 0.0530679864208818 220 220 220
0.00845244259702337 0.00024594152229351005 0.0530679864208818 220 220 220
0.008460768890881393 0.000584151837429242 0.0530679864208818 220 220 220
0.008469095184739418 0.000922362152564974 0.0530679864208818 220 255 0
0.008465694578721514 0.001260572467700706 0.0530679864208818 220 220 220
0.008462273810307843 0.0015987827828364398 0.0530679864208818 220 220 220
0.008457617380564303 0.0019369930979721717 0.0530679864208818 220 220 220
0.00844169513457421 0.0022752034131079037 0.0530679864208818 220 220 220
0.008425772888584118 0.0026134137282436357 0.0530679864208818 220 255 0
0.00840670607506296 0.002951624043379369 0.0530679864208818 220 220 220
0.008375991962192887 0.0032898343585151014 0.0530679864208818 220 220 220
0.008344547417753813 0.0036280446736508334 0.0530679864208818 220 220 220
0.008308065600641307 0.003966254988786565 0.0530679864208818 220 220 220
0.008257617033421151 0.004304465303922297 0.0530679864208818 220 255 0
0.008200044362254008 0.004642675619058031 0.0530679864208818 220 220 220
0.008119582345886023 0.004980885934193763 0.0530679864208818 220 220 220
0.008024606087191842 0.005319096249329495 0.0530679864208818 220 220 220
0.0079301892220951 0.005657306564465227 0.0530679864208818 220 220 220
0.007817422637616487 0.005995516879600959 0.0530679864208818 220 255 0
0.0076838293889430875 0.006333727194736693 0.0530679864208818 220 220 220
0.007550236140269688 0.006671937509872425 0.0530679864208818 220 220 220
0.0073461715619667235 0.007010147825008157 0.0530679864208818 220 220 220
0.007118716009180881 0.007348358140143889 0.0530679864208818 220 220 220
0.0068727454641457734 0.007686568455279621 0.0530679864208818 220 255 0
0.006563509698139352 0.008024778770415353 0.0530679864208818 220 220 220
0.006171553186598211 0.008362989085551085 0.0530679864208818 220 220 220
0.005742430739330172 0.00870119940068682 0.0530679864208818 220 220 220
0.005130646132174356 0.009039409715822552 0.0530679864208818 220 220 220
-0.0005053039873167199 0.009377620030958284 0.0530679864208818 220 255 0
-0.0004981498079121328 0.009715830346094016 0.0530679864208818 220 220 220
-0.0004914640637488817 0.010054040661229748 0.0530679864208818 220 220 220
-0.000838597436135069 -0.007871106040964066 0.05337187365695024 220 220 220
-0.0008317282982614194 -0.0075328957258283345 0.05337187365695024 220 255 0
0.004569274947144654 -0.0071946854106926025 0.05337187365695024 220 220 220
0.005244386564269857 -0.00685647509555687 0.05337187365695024 220 220 220
0.005758047973822972 -0.006518264780421137 0.05337187365695024 220 220 220
0.006183447831804054 -0.006180054465285405 0.05337187365695024 220 220 220
0.006534532702714545 -0.005841844150149673 0.05337187365695024 220 255 0
0.006796411137139663 -0.005503633835013941 0.05337187365695024 220 220 220
0.007032064802464079 -0.005165423519878208 0.05337187365695024 220 220 220
0.007249374768017463 -0.004827213204742476 0.05337187365695024 220 220 220
0.007406873965146166 -0.004489002889606743 0.05337187365695024 220 220 220
0.007547462850328543 -0.004150792574471011 0.05337187365695024 220 255 0
0.00767002411893072 -0.003812582259335278 0.05337187365695024 220 220 220
0.007779110005233021 -0.003474371944199546 0.05337187365695024 220 220 220
0.007880702354138045 -0.0031361616290638133 0.05337187365695024 220 220 220
0.007955728623278526 -0.0027979513139280814 0.05337187365695024 220 220 220
0.00802019653372454 -0.0024597409987923494 0.05337187365695024 220 255 0
0.008084181922247172 -0.0021215306836566165 0.05337187365695024 220 220 220
0.00812751569818948 -0.0017833203685208845 0.05337187365695024 220 220 220
0.008164184974128474 -0.0014451100533851517 0.05337187365695024 220 220 220
0.008200371307632553 -0.0011068997382494197 0.05337187365695024 220 220 220
0.008224126900248239 -0.0007686894231136877 0.05337187365695024 220 255 0
0.008245367613170282 -0.0004304791079779557 0.05337187365695024 220 220 220
0.008266246644170881 -9.226879284222195e-05 0.05337187365695024 220 220 220
0.008275871726974655 0.00024594152229351005 0.05337187365695024 220 220 220
0.008284257967744547 0.000584151837429242 0.05337187365695024 220 220 220
0.008292584261602572 0.000922362152564974 0.05337187365695024 220 255 0
0.008289516419719672 0.001260572467700706 0.05337187365695024 220 220 220
0.00828602907307453 0.0015987827828364398 0.05337187365695024 220 220 220
0.008282141649572361 0.0019369930979721717 0.05337187365695024 220 220 220
0.008266219403582268 0.0022752034131079037 0.05337187365695024 220 220 220
0.008249862897265082 0.0026134137282436357 0.05337187365695024 220 255 0
0.008232354664718998 0.002951624043379369 0.05337187365695024 220 220 220
0.008201062679083848 0.0032898343585151014 0.05337187365695024 220 220 220
0.008166509660741486 0.0036280446736508334 0.05337187365695024 220 220 220
0.008125542289248716 0.003966254988786565 0.05337187365695024 220 220 220
0.008066017527144203 0.004304465303922297 0.05337187365695024 220 255 0
0.007997229273360527 0.004642675619058031 0.05337187365695024 220 220 220
0.007919009127761173 0.004980885934193763 0.05337187365695024 220 220 220
0.00782307027265015 0.005319096249329495 0.05337187365695024 220 220 220
0.007727394809150712 0.005657306564465227 0.05337187365695024 220 220 220
0.007622775616189119 0.005995516879600959 0.05337187365695024 220 255 0
0.007480147682433927 0.006333727194736693 0.05337187365695024 220 220 220
0.007304715986313298 0.006671937509872425 0.05337187365695024 220 220 220
0.007112858556228554 0.007010147825008157 0.05337187365695024 220 220 220
0.006888866492541907 0.007348358140143889 0.05337187365695024 220 220 220
0.006633391704654509 0.007686568455279621 0.05337187365695024 220 255 0
0.006283205861691935 0.008024778770415353 0.05337187365695024 220 220 220
0.005904920885071075 0.008362989085551085 0.05337187365695024 220 220 220
0.005412974482654157 0.00870119940068682 0.05337187365695024 220 220 220
0.004811681604097926 0.009039409715822552 0.05337187365695024 220 220 220
-0.0004831599103536921 0.009377620030958284 0.05337187365695024 220 255 0
-0.00047600178074309885 0.009715830346094016 0.05337187365695024 220 220 220
-0.0004691049336830594 0.010054040661229748 0.05337187365695024 220 220 220
-0.000816331336459003 -0.007871106040964066 0.053675760893018676 255 220 0
-0.0008094621985853534 -0.0075328957258283345 0.053675760893018676 255 255 0
-0.0008025806928735822 -0.0071946854106926025 0.053675760893018676 255 220 0
0.004877094279811948 -0.00685647509555687 0.053675760893018676 255 220 0
0.005456982950050282 -0.006518264780421137 0.053675760893018676 255 220 0
0.005877966562332365 -0.006180054465285405 0.053675760893018676 255 220 0
0.006254352254866308 -0.005841844150149673 0.053675760893018676 255 255 0
0.0065518548353358606 -0.005503633835013941 0.053675760893018676 255 220 0
0.006784441948578411 -0.005165423519878208 0.053675760893018676 255 220 0
0.006992636929329487 -0.004827213204742476 0.053675760893018676 255 220 0
0.007173098351757392 -0.004489002889606743 0.053675760893018676 255 220 0
0.007343056448182521 -0.004150792574471011 0.053675760893018676 255 255 0
0.007462881780049262 -0.003812582259335278 0.053675760893018676 255 220 0
0.007571967666351563 -0.003474371944199546 0.053675760893018676 255 220 0
0.007681053552653862 -0.0031361616290638133 0.053675760893018676 255 220 0
0.007757420884119138 -0.0027979513139280814 0.053675760893018676 255 220 0
0.007822767649515875 -0.0024597409987923494 0.053675760893018676 255 255 0
0.007887003038742695 -0.0021215306836566165 0.053675760893018676 255 220 0
0.007933398863034655 -0.0017833203685208845 0.053675760893018676 255 220 0
0.007975557402174661 -0.0014451100533851517 0.053675760893018676 255 220 0
0.0080175561468966 -0.0011068997382494197 0.053675760893018676 255 220 0
0.008044028575015063 -0.0007686894231136877 0.053675760893018676 255 255 0
0.008068280648597837 -0.0004304791079779557 0.053675760893018676 255 220 0
0.008089730710085657 -9.226879284222195e-05 0.053675760893018676 255 220 0
0.008099208217359495 0.00024594152229351005 0.053675760893018676 255 220 0
0.008107654196917443 0.000584151837429242 0.053675760893018676 255 220 0
0.008116073338465726 0.000922362152564974 0.053675760893018676 255 255 0
0.00811325227471111 0.001260572467700706 0.053675760893018676 255 220 0
0.008109703932071104 0.0015987827828364398 0.053675760893018676 255 220 0
0.008106155589431098 0.0019369930979721717 0.053675760893018676 255 220 0
0.00808664856962548 0.0022752034131079037 0.053675760893018676 255 220 0
0.00806637229088608 0.0026134137282436357 0.053675760893018676 255 255 0
0.008045895775882585 0.002951624043379369 0.053675760893018676 255 220 0
0.008008508861353007 0.0032898343585151014 0.053675760893018676 255 220 0
0.007970346056097255 0.0036280446736508334 0.053675760893018676 255 220 0
0.007931754504386598 0.003966254988786565 0.053675760893018676 255 220 0
0.007866860391115492 0.004304465303922297 0.053675760893018676 255 255 0
0.007792841044831446 0.004642675619058031 0.053675760893018676 255 220 0
0.007718435909636322 0.004980885934193763 0.053675760893018676 255 220 0
0.007622497054525298 0.005319096249329495 0.053675760893018676 255 220 0
0.007526558199414274 0.005657306564465227 0.053675760893018676 255 220 0
0.007410451880573531 0.005995516879600959 0.053675760893018676 255 255 0
0.00723427984258402 0.006333727194736693 0.053675760893018676 255 220 0
0.007058848146463391 0.006671937509872425 0.053675760893018676 255 220 0
0.006877134778850109 0.007010147825008157 0.053675760893018676 255 220 0
0.006656006174356029 0.007348358140143889 0.053675760893018676 255 220 0
0.006345368591729367 0.007686568455279621 0.053675760893018676 255 255 0
0.006007284526354665 0.008024778770415353 0.053675760893018676 255 220 0
0.005613270446426311 0.008362989085551085 0.053675760893018676 255 220 0
0.005076704783827434 0.00870119940068682 0.053675760893018676 255 220 0
-0.00046752456266577544 0.009039409715822552 0.053675760893018676 255 220 0
-0.00046055412147669866 0.009377620030958284 0.053675760893018676 255 255 0
-0.0004536279472010136 0.009715830346094016 0.053675760893018676 255 220 0
-0.0007870615036549776 -0.0075328957258283345 0.053979648129087114 220 255 0
-0.0007802614842391704 -0.0071946854106926025 0.053979648129087114 220 220 220
0.0045098019953540396 -0.00685647509555687 0.053979648129087114 220 220 220
0.005091496651581165 -0.006518264780421137 0.053979648129087114 220 220 220
0.005571993838974597 -0.006180054465285405 0.053979648129087114 220 220 220
0.005944029344833771 -0.005841844150149673 0.053979648129087114 220 255 0
0.006278769052689618 -0.005503633835013941 0.053979648129087114 220 220 220
0.006534278984551665 -0.005165423519878208 0.053979648129087114 220 220 220
0.0067357059314847745 -0.004827213204742476 0.053979648129087114 220 220 220
0.006918413897704461 -0.004489002889606743 0.053979648129087114 220 220 220
0.0070968219354973164 -0.004150792574471011 0.053979648129087114 220 255 0
0.007238957440709414 -0.003812582259335278 0.053979648129087114 220 220 220
0.007355165035077448 -0.003474371944199546 0.053979648129087114 220 220 220
0.007462627805223124 -0.0031361616290638133 0.053979648129087114 220 220 220
0.007542504754895632 -0.0027979513139280814 0.053979648129087114 220 220 220
0.007616853258917859 -0.0024597409987923494 0.053979648129087114 220 255 0
0.007689806675753219 -0.0021215306836566165 0.053979648129087114 220 220 220
0.007734490857248399 -0.0017833203685208845 0.053979648129087114 220 220 220
0.00777719649204626 -0.0014451100533851517 0.053979648129087114 220 220 220
0.00781934465230049 -0.0011068997382494197 0.053979648129087114 220 220 220
0.007845217277263911 -0.0007686894231136877 0.053979648129087114 220 255 0
0.007869665977174744 -0.0004304791079779557 0.053979648129087114 220 220 220
0.007893918050757516 -9.226879284222195e-05 0.053979648129087114 220 220 220
0.007904218380571237 0.00024594152229351005 0.053979648129087114 220 220 220
0.007913331777522712 0.000584151837429242 0.053979648129087114 220 220 220
0.007922421523535377 0.000922362152564974 0.053979648129087114 220 255 0
0.007918485776685587 0.001260572467700706 0.053979648129087114 220 220 220
0.007913280223426848 0.0015987827828364398 0.053979648129087114 220 220 220
0.007908001085542992 0.0019369930979721717 0.053979648129087114 220 220 220
0.007889350815813724 0.0022752034131079037 0.053979648129087114 220 220 220
0.00786885612555775 0.0026134137282436357 0.053979648129087114 220 255 0
0.007848239839949995 0.002951624043379369 0.053979648129087114 220 220 220
0.007812426067224694 0.0032898343585151014 0.053979648129087114 220 220 220
0.007773834515514036 0.0036280446736508334 0.053979648129087114 220 220 220
0.0077284461354349895 0.003966254988786565 0.053979648129087114 220 220 220
0.007660923434770388 0.004304465303922297 0.053979648129087114 220 255 0
0.007588452816302363 0.004642675619058031 0.053979648129087114 220 220 220
0.007514433470018317 0.004980885934193763 0.053979648129087114 220 220 220
0.007415941249669024 0.005319096249329495 0.053979648129087114 220 220 220
0.007288505305081508 0.005657306564465227 0.053979648129087114 220 220 220
0.007161069360493991 0.005995516879600959 0.053979648129087114 220 255 0
0.00699112330714515 0.006333727194736693 0.053979648129087114 220 220 220
0.006814415164392882 0.006671937509872425 0.053979648129087114 220 220 220
0.006637707021640614 0.007010147825008157 0.053979648129087114 220 220 220
0.006363110686409729 0.007348358140143889 0.053979648129087114 220 220 220
0.006059789165963302 0.007686568455279621 0.053979648129087114 220 255 0
0.005731363191017396 0.008024778770415353 0.053979648129087114 220 220 220
0.005266920929146919 0.008362989085551085 0.053979648129087114 220 220 220
0.0047475544402070975 0.00870119940068682 0.053979648129087114 220 220 220
-0.0004449528626647748 0.009039409715822552 0.053979648129087114 220 220 220
-0.0004379655431344769 0.009377620030958284 0.053979648129087114 220 255 0
-0.00043102215832401675 0.009715830346094016 0.053979648129087114 220 220 220
-0.0007643279534491725 -0.0075328957258283345 0.05428353536515555 220 255 0
-0.0007575615024669226 -0.0071946854106926025 0.05428353536515555 220 220 220
-0.0007507950514846693 -0.00685647509555687 0.05428353536515555 220 220 220
0.004717598509620986 -0.006518264780421137 0.05428353536515555 220 220 220
0.0052288285544874 -0.006180054465285405 0.05428353536515555 220 220 220
0.005633706434801234 -0.005841844150149673 0.05428353536515555 220 255 0
0.005964597588884625 -0.005503633835013941 0.05428353536515555 220 220 220
0.006255382920117237 -0.005165423519878208 0.05428353536515555 220 220 220
0.006478774933640064 -0.004827213204742476 0.05428353536515555 220 220 220
0.006662812791018345 -0.004489002889606743 0.05428353536515555 220 220 220
0.006842137481444384 -0.004150792574471011 0.05428353536515555 220 255 0
0.0069796773674241745 -0.003812582259335278 0.05428353536515555 220 220 220
0.007109603321821839 -0.003474371944199546 0.05428353536515555 220 220 220
0.007239319930658909 -0.0031361616290638133 0.05428353536515555 220 220 220
0.007320358225855566 -0.0027979513139280814 0.05428353536515555 220 220 220
0.0073956728033679284 -0.0024597409987923494 0.05428353536515555 220 255 0
0.007469887426490726 -0.0021215306836566165 0.05428353536515555 220 220 220
0.0075195453021824205 -0.0017833203685208845 0.05428353536515555 220 220 220
0.007568259892009764 -0.0014451100533851517 0.05428353536515555 220 220 220
0.007616950928499873 -0.0011068997382494197 0.05428353536515555 220 220 220
0.007645503203275105 -0.0007686894231136877 0.05428353536515555 220 255 0
0.007670800630400524 -0.0004304791079779557 0.05428353536515555 220 220 220
0.00769530337933442 -9.226879284222195e-05 0.05428353536515555 220 220 220
0.007705484283539999 0.00024594152229351005 0.05428353536515555 220 220 220
0.007714661623496492 0.000584151837429242 0.05428353536515555 220 220 220
0.007723808387280906 0.000922362152564974 0.05428353536515555 220 255 0
0.007720254195359473 0.001260572467700706 0.05428353536515555 220 220 220
0.007714975057475615 0.0015987827828364398 0.05428353536515555 220 220 220
0.007709695919591758 0.0019369930979721717 0.05428353536515555 220 220 220
0.007690971661721644 0.0022752034131079037 0.05428353536515555 220 220 220
0.007665990472287941 0.0026134137282436357 0.05428353536515555 220 255 0
0.007640940673206779 0.002951624043379369 0.05428353536515555 220 220 220
0.0076001556211987235 0.0032898343585151014 0.05428353536515555 220 220 220
0.007554503971483533 0.0036280446736508334 0.05428353536515555 220 220 220
0.00750839041511649 0.003966254988786565 0.05428353536515555 220 220 220
0.007444314353329292 0.004304465303922297 0.05428353536515555 220 255 0
0.0073690595689033505 0.004642675619058031 0.05428353536515555 220 220 220
0.007279872517112271 0.004980885934193763 0.05428353536515555 220 220 220
0.007164189765562094 0.005319096249329495 0.05428353536515555 220 220 220
0.007036346458699985 0.005657306564465227 0.05428353536515555 220 220 220
0.006908910514112469 0.005995516879600959 0.05428353536515555 220 255 0
0.006748502876469031 0.006333727194736693 0.05428353536515555 220 220 220
0.00656604863506618 0.006671937509872425 0.05428353536515555 220 220 220
0.006342854838857881 0.007010147825008157 0.05428353536515555 220 220 220
0.006069241560397268 0.007348358140143889 0.05428353536515555 220 220 220
0.005775543392307068 0.007686568455279621 0.05428353536515555 220 255 0
0.0053883198724635 0.008024778770415353 0.05428353536515555 220 220 220
0.004922652201003587 0.008362989085551085 0.05428353536515555 220 220 220
0.004349272516767751 0.00870119940068682 0.05428353536515555 220 220 220
0.0036448320644397146 0.009039409715822552 0.05428353536515555 220 220 220
-0.0004154538884701964 0.009377620030958284 0.05428353536515555 220 255 0
-0.0004084163694470199 0.009715830346094016 0.05428353536515555 220 220 220
-0.0007415944032433675 -0.0075328957258283345 0.05458742260122399 220 255 0
-0.0007348789141421243 -0.0071946854106926025 0.05458742260122399 220 220 220
-0.0007283637400626215 -0.00685647509555687 0.05458742260122399 220 220 220
0.0043347085733142655 -0.006518264780421137 0.05458742260122399 220 220 220
0.004848750548470754 -0.006180054465285405 0.05458742260122399 220 220 220
0.00530187675307248 -0.005841844150149673 0.05458742260122399 220 255 0
0.005650426125079634 -0.005503633835013941 0.05458742260122399 220 220 220
0.005942601601840266 -0.005165423519878208 0.05458742260122399 220 220 220
0.006187194576889481 -0.004827213204742476 0.05458742260122399 220 220 220
0.006405881793173633 -0.004489002889606743 0.05458742260122399 220 220 220
0.006586795461677173 -0.004150792574471011 0.05458742260122399 220 255 0
0.006719278850300428 -0.003812582259335278 0.05458742260122399 220 220 220
0.0068505325940971945 -0.003474371944199546 0.05458742260122399 220 220 220
0.0069780117167435925 -0.0031361616290638133 0.05458742260122399 220 220 220
0.007069709556057149 -0.0027979513139280814 0.05458742260122399 220 220 220
0.007160626024973766 -0.0024597409987923494 0.05458742260122399 220 255 0
0.0072473279012948595 -0.0021215306836566165 0.05458742260122399 220 220 220
0.007296544124685672 -0.0017833203685208845 0.05458742260122399 220 220 220
0.007345760348076489 -0.0014451100533851517 0.05458742260122399 220 220 220
0.007394307411000075 -0.0011068997382494197 0.05458742260122399 220 220 220
0.007422399202187428 -0.0007686894231136877 0.05458742260122399 220 255 0
0.007450382843924866 -0.0004304791079779557 0.05458742260122399 220 220 220
0.0074782620739595705 -9.226879284222195e-05 0.05458742260122399 220 220 220
0.007489311695444676 0.00024594152229351005 0.05458742260122399 220 220 220
0.007499220742966344 0.000584151837429242 0.05458742260122399 220 220 220
0.00750911999778273 0.000922362152564974 0.05458742260122399 220 255 0
0.007504530213668915 0.001260572467700706 0.05458742260122399 220 220 220
0.007497429063109334 0.0015987827828364398 0.05458742260122399 220 220 220
0.007490272273501819 0.0019369930979721717 0.05458742260122399 220 220 220
0.00746960903654848 0.0022752034131079037 0.05458742260122399 220 220 220
0.007444530301057269 0.0026134137282436357 0.05458742260122399 220 255 0
0.007419324263475876 0.002951624043379369 0.05458742260122399 220 220 220
0.007380561807532073 0.0032898343585151014 0.05458742260122399 220 220 220
0.007334448251165032 0.0036280446736508334 0.05458742260122399 220 220 220
0.0072815693048661565 0.003966254988786565 0.05458742260122399 220 220 220
0.007201456710880762 0.004304465303922297 0.05458742260122399 220 255 0
0.007112269659089683 0.004642675619058031 0.05458742260122399 220 220 220
0.0070230826072986054 0.004980885934193763 0.05458742260122399 220 220 220
0.0069138157687175465 0.005319096249329495 0.05458742260122399 220 220 220
0.006785440223142538 0.005657306564465227 0.05458742260122399 220 220 220
0.006657064677567525 0.005995516879600959 0.05458742260122399 220 255 0
0.0064917180600522 0.006333727194736693 0.05458742260122399 220 220 220
0.006270802663696453 0.006671937509872425 0.05458742260122399 220 220 220
0.006043249303730278 0.007010147825008157 0.05458742260122399 220 220 220
0.005777569507985305 0.007348358140143889 0.05458742260122399 220 220 220
0.005450073365418596 0.007686568455279621 0.05458742260122399 220 255 0
0.005032721207967111 0.008024778770415353 0.05458742260122399 220 220 220
0.004563985404782965 0.008362989085551085 0.05458742260122399 220 220 220
0.003937612133553906 0.00870119940068682 0.05458742260122399 220 220 220
-0.0004001947426570257 0.009039409715822552 0.05458742260122399 220 220 220
-0.0003932540388196862 0.009377620030958284 0.05458742260122399 220 255 0
-0.0007126257507335566 -0.0071946854106926025 0.05489130983729243 220 220 220
-0.0007061163771239325 -0.00685647509555687 0.05489130983729243 220 220 220
0.0038468289108954615 -0.006518264780421137 0.05489130983729243 220 220 220
0.004468214852783625 -0.006180054465285405 0.05489130983729243 220 220 220
0.004916103549324995 -0.005841844150149673 0.05489130983729243 220 255 0
0.005320551288308328 -0.005503633835013941 0.05489130983729243 220 220 220
0.005628722843787603 -0.005165423519878208 0.05489130983729243 220 220 220
0.0058761061669799965 -0.004827213204742476 0.05489130983729243 220 220 220
0.006101788292384764 -0.004489002889606743 0.05489130983729243 220 220 220
0.006318461275976317 -0.004150792574471011 0.05489130983729243 220 255 0
0.006458880333176683 -0.003812582259335278 0.05489130983729243 220 220 220
0.006591363721799935 -0.003474371944199546 0.05489130983729243 220 220 220
0.006715346224046537 -0.0031361616290638133 0.05489130983729243 220 220 220
0.006807441851268626 -0.0027979513139280814 0.05489130983729243 220 220 220
0.006898629564785545 -0.0024597409987923494 0.05489130983729243 220 255 0
0.006986834306143913 -0.0021215306836566165 0.05489130983729243 220 220 220
0.007055445141898931 -0.0017833203685208845 0.05489130983729243 220 220 220
0.007111542051921211 -0.0014451100533851517 0.05489130983729243 220 220 220
0.007166351672411956 -0.0011068997382494197 0.05489130983729243 220 220 220
0.007198178958290405 -0.0007686894231136877 0.05489130983729243 220 255 0
0.007227225423490588 -0.0004304791079779557 0.05489130983729243 220 220 220
0.007255262484574624 -9.226879284222195e-05 0.05489130983729243 220 220 220
0.007266229750497066 0.00024594152229351005 0.05489130983729243 220 220 220
0.007276183532759597 0.000584151837429242 0.05489130983729243 220 220 220
0.007286119548047591 0.000922362152564974 0.05489130983729243 220 255 0
0.007282036347292213 0.001260572467700706 0.05489130983729243 220 220 220
0.0072748795576847 0.0015987827828364398 0.05489130983729243 220 220 220
0.007267722768077186 0.0019369930979721717 0.05489130983729243 220 220 220
0.007247607932311013 0.0022752034131079037 0.05489130983729243 220 220 220
0.00721747857300699 0.0026134137282436357 0.05489130983729243 220 255 0
0.007187349213702968 0.002951624043379369 0.05489130983729243 220 220 220
0.007143824027657231 0.0032898343585151014 0.05489130983729243 220 220 220
0.007089663030919447 0.0036280446736508334 0.05489130983729243 220 220 220
0.007022613768491795 0.003966254988786565 0.05489130983729243 220 220 220
0.006945480089437534 0.004304465303922297 0.05489130983729243 220 255 0
0.006855749647186923 0.004642675619058031 0.05489130983729243 220 220 220
0.006766292697484938 0.004980885934193763 0.05489130983729243 220 220 220
0.006663441771872999 0.005319096249329495 0.05489130983729243 220 220 220
0.006535066226297988 0.005657306564465227 0.05489130983729243 220 220 220
0.006372729854852049 0.005995516879600959 0.05489130983729243 220 255 0
0.006192646514748127 0.006333727194736693 0.05489130983729243 220 220 220
0.005975556692326725 0.006671937509872425 0.05489130983729243 220 220 220
0.0057436437686026725 0.007010147825008157 0.05489130983729243 220 220 220
0.005448921376810141 0.007348358140143889 0.05489130983729243 220 220 220
0.0050868001409863466 0.007686568455279621 0.05489130983729243 220 255 0
0.004680528209280967 0.008024778770415353 0.05489130983729243 220 220 220
0.004133948682347137 0.008362989085551085 0.05489130983729243 220 220 220
-0.00038494092277071077 0.00870119940068682 0.05489130983729243 220 220 220
-0.0003779342228213168 0.009039409715822552 0.05489130983729243 220 220 220
-0.0003709275228719299 0.009377620030958284 0.05489130983729243 220 255 0
-0.0006903623445363889 -0.0071946854106926025 0.05519519707336087 255 220 0
-0.0006838529709267614 -0.00685647509555687 0.05519519707336087 255 220 0
0.0033589492484766593 -0.006518264780421137 0.05519519707336087 255 220 0
0.004012228411479159 -0.006180054465285405 0.05519519707336087 255 220 0
0.004529110830411848 -0.005841844150149673 0.05519519707336087 255 255 0
0.004929315558108223 -0.005503633835013941 0.05519519707336087 255 220 0
0.005292629720833856 -0.005165423519878208 0.05519519707336087 255 220 0
0.005564784821704676 -0.004827213204742476 0.05519519707336087 255 220 0
0.005789285040417461 -0.004489002889606743 0.05519519707336087 255 220 0
0.005993858772126291 -0.004150792574471011 0.05519519707336087 255 255 0
0.006163016983742957 -0.003812582259335278 0.05519519707336087 255 220 0
0.00633096520467619 -0.003474371944199546 0.05519519707336087 255 220 0
0.006452680731349485 -0.0031361616290638133 0.05519519707336087 255 220 0
0.006544776358571574 -0.0027979513139280814 0.05519519707336087 255 220 0
0.006636633104597325 -0.0024597409987923494 0.05519519707336087 255 255 0
0.006723387128606399 -0.0021215306836566165 0.05519519707336087 255 220 0
0.006791997964361416 -0.0017833203685208845 0.05519519707336087 255 220 0
0.006860608800116434 -0.0014451100533851517 0.05519519707336087 255 220 0
0.006916196745401374 -0.0011068997382494197 0.05519519707336087 255 220 0
0.006948024031279823 -0.0007686894231136877 0.05519519707336087 255 255 0
0.00697988632091635 -0.0004304791079779557 0.05519519707336087 255 220 0
0.007011771960739257 -9.226879284222195e-05 0.05519519707336087 255 220 0
0.007023685471236874 0.00024594152229351005 0.05519519707336087 255 220 0
0.0070344540102445525 0.000584151837429242 0.05519519707336087 255 220 0
0.007045236836950382 0.000922362152564974 0.05519519707336087 255 255 0
0.0070402383986319945 0.001260572467700706 0.05519519707336087 255 220 0
0.007031037344703216 0.0015987827828364398 0.05519519707336087 255 220 0
0.007021843738719434 0.0019369930979721717 0.05519519707336087 255 220 0
0.006999541709942554 0.0022752034131079037 0.05519519707336087 255 220 0
0.006969359699934891 0.0026134137282436357 0.05519519707336087 255 255 0
0.006939199891876257 0.002951624043379369 0.05519519707336087 255 220 0
0.0068977567569727324 0.0032898343585151014 0.05519519707336087 255 220 0
0.006830707494545084 0.0036280446736508334 0.05519519707336087 255 220 0
0.006763658232117433 0.003966254988786565 0.05519519707336087 255 220 0
0.006689529476153795 0.004304465303922297 0.05519519707336087 255 255 0
0.006599799033903184 0.004642675619058031 0.05519519707336087 255 220 0
0.006510068591652573 0.004980885934193763 0.05519519707336087 255 220 0
0.006394758206663747 0.005319096249329495 0.05519519707336087 255 220 0
0.006227435713414336 0.005657306564465227 0.05519519707336087 255 220 0
0.006060210924060387 0.005995516879600959 0.05519519707336087 255 255 0
0.00588859201419446 0.006333727194736693 0.05519519707336087 255 220 0
0.005676479149786912 0.006671937509872425 0.05519519707336087 255 220 0
0.005405060754042776 0.007010147825008157 0.05519519707336087 255 220 0
0.005087674525590688 0.007348358140143889 0.05519519707336087 255 220 0
0.004723745176035667 0.007686568455279621 0.05519519707336087 255 255 0
0.004251727108065097 0.008024778770415353 0.05519519707336087 255 220 0
0.0037077977087102074 0.008362989085551085 0.05519519707336087 255 220 0
-0.00036293135853745004 0.00870119940068682 0.05519519707336087 255 220 0
-0.000355971198791577 0.009039409715822552 0.05519519707336087 255 220 0
-0.00034896449884218647 0.009377620030958284 0.05519519707336087 255 255 0
-0.0006615416332271633 -0.00685647509555687 0.055499084309429306 220 220 220
-0.0006549778647551852 -0.006518264780421137 0.055499084309429306 220 220 220
0.003522975386437952 -0.006180054465285405 0.055499084309429306 220 220 220
0.00408651834931642 -0.005841844150149673 0.055499084309429306 220 255 0
0.004536626739732753 -0.005503633835013941 0.055499084309429306 220 220 220
0.004895834787170856 -0.005165423519878208 0.055499084309429306 220 220 220
0.005216889909925599 -0.004827213204742476 0.055499084309429306 220 220 220
0.005469830973774695 -0.004489002889606743 0.055499084309429306 220 220 220
0.005669240643810242 -0.004150792574471011 0.055499084309429306 220 255 0
0.005839141402923687 -0.003812582259335278 0.055499084309429306 220 220 220
0.006007572691509595 -0.003474371944199546 0.055499084309429306 220 220 220
0.006158854989075639 -0.0031361616290638133 0.055499084309429306 220 220 220
0.006277066820216018 -0.0027979513139280814 0.055499084309429306 220 220 220
0.006374206493096609 -0.0024597409987923494 0.055499084309429306 220 255 0
0.006459939951068885 -0.0021215306836566165 0.055499084309429306 220 220 220
0.006528550786823902 -0.0017833203685208845 0.055499084309429306 220 220 220
0.0065962475857946 -0.0014451100533851517 0.055499084309429306 220 220 220
0.006657020140481184 -0.0011068997382494197 0.055499084309429306 220 220 220
0.006693119107290394 -0.0007686894231136877 0.055499084309429306 220 255 0
0.006729218074099607 -0.0004304791079779557 0.055499084309429306 220 220 220
0.0067617458259599875 -9.226879284222195e-05 0.055499084309429306 220 220 220
0.006773637135830523 0.00024594152229351005 0.055499084309429306 220 220 220
0.006784420488437635 0.000584151837429242 0.055499084309429306 220 220 220
0.006795203841044747 0.000922362152564974 0.055499084309429306 220 255 0
0.006790854626634013 0.001260572467700706 0.055499084309429306 220 220 220
0.0067816458679133915 0.0015987827828364398 0.055499084309429306 220 220 220
0.00677243710919277 0.0019369930979721717 0.055499084309429306 220 220 220
0.006747868408771045 0.0022752034131079037 0.055499084309429306 220 220 220
0.006712154646860036 0.0026134137282436357 0.055499084309429306 220 255 0
0.0066764408849490225 0.002951624043379369 0.055499084309429306 220 220 220
0.006630768730711684 0.0032898343585151014 0.055499084309429306 220 220 220
0.006567502034079312 0.0036280446736508334 0.055499084309429306 220 220 220
0.006504235337446941 0.003966254988786565 0.055499084309429306 220 220 220
0.006433578862870059 0.004304465303922297 0.055499084309429306 220 255 0
0.006321466390946126 0.004642675619058031 0.055499084309429306 220 220 220
0.006203015786470997 0.004980885934193763 0.055499084309429306 220 220 220
0.006083373581830498 0.005319096249329495 0.055499084309429306 220 220 220
0.00591573272852091 0.005657306564465227 0.055499084309429306 220 220 220
0.005748091875211322 0.005995516879600959 0.055499084309429306 220 255 0
0.005580467203914773 0.006333727194736693 0.055499084309429306 220 220 220
0.005322505823983074 0.006671937509872425 0.055499084309429306 220 220 220
0.005034436737216756 0.007010147825008157 0.055499084309429306 220 220 220
0.004718889281838947 0.007348358140143889 0.055499084309429306 220 220 220
0.004303085531478524 0.007686568455279621 0.055499084309429306 220 255 0
0.0038117671968453844 0.008024778770415353 0.055499084309429306 220 220 220
-0.00034769328622574416 0.008362989085551085 0.055499084309429306 220 220 220
-0.00034083424334660495 0.00870119940068682 0.055499084309429306 220 220 220
-0.00033397520046746573 0.009039409715822552 0.055499084309429306 220 220 220
-0.0006393053082866841 -0.00685647509555687 0.055802971545497744 220 220 220
-0.0006327415398147025 -0.006518264780421137 0.055802971545497744 220 220 220
-0.0006259240214653156 -0.006180054465285405 0.055802971545497744 220 220 220
0.0035970954808932296 -0.005841844150149673 0.055802971545497744 220 255 0
0.004094600056419697 -0.005503633835013941 0.055802971545497744 220 220 220
0.004498940845714335 -0.005165423519878208 0.055802971545497744 220 220 220
0.004821153549491992 -0.004827213204742476 0.055802971545497744 220 220 220
0.005099178293082644 -0.004489002889606743 0.055802971545497744 220 220 220
0.005344622515494193 -0.004150792574471011 0.055802971545497744 220 255 0
0.005514523274607637 -0.003812582259335278 0.055802971545497744 220 220 220
0.005683857669975182 -0.003474371944199546 0.055802971545497744 220 220 220
0.005830869988885833 -0.0031361616290638133 0.055802971545497744 220 220 220
0.005949167724262074 -0.0027979513139280814 0.055802971545497744 220 220 220
0.006067366387436634 -0.0024597409987923494 0.055802971545497744 220 255 0
0.006172676158483444 -0.0021215306836566165 0.055802971545497744 220 220 220
0.006250178869538332 -0.0017833203685208845 0.055802971545497744 220 220 220
0.006317059665138031 -0.0014451100533851517 0.055802971545497744 220 220 220
0.006376962913898811 -0.0011068997382494197 0.055802971545497744 220 220 220
0.0064130605296171764 -0.0007686894231136877 0.055802971545497744 220 255 0
0.006449146884040391 -0.0004304791079779557 0.055802971545497744 220 220 220
0.006485233238463603 -9.226879284222195e-05 0.055802971545497744 220 220 220
0.006498241611105788 0.00024594152229351005 0.055802971545497744 220 220 220
0.006509940410054184 0.000584151837429242 0.055802971545497744 220 220 220
0.006521625908317438 0.000922362152564974 0.055802971545497744 220 255 0
0.006516565478582207 0.001260572467700706 0.055802971545497744 220 220 220
0.006505092871358014 0.0015987827828364398 0.055802971545497744 220 220 220
0.006493605259381268 0.0019369930979721717 0.055802971545497744 220 220 220
0.006470235304626506 0.0022752034131079037 0.055802971545497744 220 220 220
0.006434533961260024 0.0026134137282436357 0.055802971545497744 220 255 0
0.00639883261789354 0.002951624043379369 0.055802971545497744 220 220 220
0.006355915048520115 0.0032898343585151014 0.055802971545497744 220 220 220
0.006279970274551848 0.0036280446736508334 0.055802971545497744 220 220 220
0.006201269088028899 0.003966254988786565 0.055802971545497744 220 220 220
0.006120673790305344 0.004304465303922297 0.055802971545497744 220 255 0
0.006002178615239485 0.004642675619058031 0.055802971545497744 220 220 220
0.005883704245295126 0.004980885934193763 0.055802971545497744 220 220 220
0.005765253640820001 0.005319096249329495 0.055802971545497744 220 220 220
0.005604348103687666 0.005657306564465227 0.055802971545497744 220 220 220
0.0054177074330904705 0.005995516879600959 0.055802971545497744 220 255 0
0.005200980435332276 0.006333727194736693 0.055802971545497744 220 220 220
0.004944025144076228 0.006671937509872425 0.055802971545497744 220 220 220
0.004664551839900888 0.007010147825008157 0.055802971545497744 220 220 220
0.004294841254028108 0.007348358140143889 0.055802971545497744 220 220 220
0.003849420731011466 0.007686568455279621 0.055802971545497744 220 255 0
-0.0003326988211902471 0.008024778770415353 0.055802971545497744 220 220 220
-0.0003256280358473785 0.008362989085551085 0.055802971545497744 220 220 220
-0.00031862137225993967 0.00870119940068682 0.055802971545497744 220 220 220
-0.00031176232938080056 0.009039409715822552 0.055802971545497744 220 220 220
-0.0006100471114131867 -0.006518264780421137 0.05610685878156618 220 220 220
-0.0006029214709826826 -0.006180054465285405 0.05610685878156618 220 220 220
-0.0005957958305521788 -0.005841844150149673 0.05610685878156618 220 255 0
0.003599270178351391 -0.005503633835013941 0.05610685878156618 220 220 220
0.004046613412624732 -0.005165423519878208 0.05610685878156618 220 220 220
0.004422375874194027 -0.004827213204742476 0.05610685878156618 220 220 220
0.004699180698007992 -0.004489002889606743 0.05610685878156618 220 220 220
0.004940922287833509 -0.004150792574471011 0.05610685878156618 220 255 0
0.005157779845336099 -0.003812582259335278 0.05610685878156618 220 220 220
0.005359805905405033 -0.003474371944199546 0.05610685878156618 220 220 220
0.005502884988696027 -0.0031361616290638133 0.05610685878156618 220 220 220
0.00562121424179794 -0.0027979513139280814 0.05610685878156618 220 220 220
0.00573946729148269 -0.0024597409987923494 0.05610685878156618 220 255 0
0.0058424340654478196 -0.0021215306836566165 0.05610685878156618 220 220 220
0.005919613111724488 -0.0017833203685208845 0.05610685878156618 220 220 220
0.005997121060254509 -0.0014451100533851517 0.05610685878156618 220 220 220
0.006068528984244578 -0.0011068997382494197 0.05610685878156618 220 220 220
0.006111801994226685 -0.0007686894231136877 0.05610685878156618 220 255 0
0.006155219457132452 -0.0004304791079779557 0.05610685878156618 220 220 220
0.006198636920038221 -9.226879284222195e-05 0.05610685878156618 220 220 220
0.006213573534188887 0.00024594152229351005 0.05610685878156618 220 220 220
0.006226865751831193 0.000584151837429242 0.05610685878156618 220 220 220
0.006240157969473496 0.000922362152564974 0.05610685878156618 220 255 0
0.0062336805831509755 0.001260572467700706 0.05610685878156618 220 220 220
0.0062182724688254615 0.0015987827828364398 0.05610685878156618 220 220 220
0.006202864354499947 0.0019369930979721717 0.05610685878156618 220 220 220
0.006174946059780639 0.0022752034131079037 0.05610685878156618 220 220 220
0.006129724018352481 0.0026134137282436357 0.05610685878156618 220 255 0
0.006084501976924322 0.002951624043379369 0.05610685878156618 220 220 220
0.00603393991289611 0.0032898343585151014 0.05610685878156618 220 220 220
0.005955457917562633 0.0036280446736508334 0.05610685878156618 220 220 220
0.005876797338848853 0.003966254988786565 0.05610685878156618 220 220 220
0.005798096152325906 0.004304465303922297 0.05610685878156618 220 255 0
0.005682957965089202 0.004642675619058031 0.05610685878156618 220 220 220
0.0055644627900233445 0.004980885934193763 0.05610685878156618 220 220 220
0.005444423516044045 0.005319096249329495 0.05610685878156618 220 220 220
0.005246111996633896 0.005657306564465227 0.05610685878156618 220 220 220
0.005029384998875702 0.005995516879600959 0.05610685878156618 220 255 0
0.00481265800111751 0.006333727194736693 0.05610685878156618 220 220 220
0.004566334600057478 0.006671937509872425 0.05610685878156618 220 220 220
0.004234679497187095 0.007010147825008157 0.05610685878156618 220 220 220
0.003829819833929115 0.007348358140143889 0.05610685878156618 220 220 220
0.0033766576488025377 0.007686568455279621 0.05610685878156618 220 255 0
0.0027686404704529745 0.008024778770415353 0.05610685878156618 220 220 220
-0.00030341116255053896 0.008362989085551085 0.05610685878156618 220 220 220
-0.0002964750396125884 0.00870119940068682 0.05610685878156618 220 220 220
-0.0005877634202478693 -0.006518264780421137 0.05641074601763462 220 220 220
-0.0005806377798173688 -0.006180054465285405 0.05641074601763462 220 220 220
-0.0005734255629756164 -0.005841844150149673 0.05641074601763462 220 255 0
-0.0005664059485138186 -0.005503633835013941 0.05641074601763462 220 220 220
0.0035447298051325647 -0.005165423519878208 0.05641074601763462 220 220 220
0.00394993726278864 -0.004827213204742476 0.05641074601763462 220 220 220
0.00429873932594586 -0.004489002889606743 0.05641074601763462 220 220 220
0.004534932453884814 -0.004150792574471011 0.05641074601763462 220 255 0
0.004752106410739199 -0.003812582259335278 0.05641074601763462 220 220 220
0.004968797250372367 -0.003474371944199546 0.05641074601763462 220 220 220
0.005146895670369713 -0.0031361616290638133 0.05641074601763462 220 220 220
0.0052932292416081345 -0.0027979513139280814 0.05641074601763462 220 220 220
0.005411558494710046 -0.0024597409987923494 0.05641074601763462 220 255 0
0.005512191972412194 -0.0021215306836566165 0.05641074601763462 220 220 220
0.0055892803730009325 -0.0017833203685208845 0.05641074601763462 220 220 220
0.005666555302440663 -0.0014451100533851517 0.05641074601763462 220 220 220
0.005737040574476748 -0.0011068997382494197 0.05641074601763462 220 220 220
0.005780048288572025 -0.0007686894231136877 0.05641074601763462 220 255 0
0.00582336375484889 -0.0004304791079779557 0.05641074601763462 220 220 220
0.005866781217754661 -9.226879284222195e-05 0.05641074601763462 220 220 220
0.005881742962226473 0.00024594152229351005 0.05641074601763462 220 220 220
0.005895004070189993 0.000584151837429242 0.05641074601763462 220 220 220
0.005908296287832298 0.000922362152564974 0.05641074601763462 220 255 0
0.0059029667230437975 0.001260572467700706 0.05641074601763462 220 220 220
0.005887628240330499 0.0015987827828364398 0.05641074601763462 220 220 220
0.005872220126004985 0.0019369930979721717 0.05641074601763462 220 220 220
0.005846372745884714 0.0022752034131079037 0.05641074601763462 220 220 220
0.0058014314264529954 0.0026134137282436357 0.05641074601763462 220 255 0
0.0057563000044613295 0.002951624043379369 0.05641074601763462 220 220 220
0.005709105799686233 0.0032898343585151014 0.05641074601763462 220 220 220
0.005630623804352756 0.0036280446736508334 0.05641074601763462 220 220 220
0.005552141809019279 0.003966254988786565 0.05641074601763462 220 220 220
0.005473624403145861 0.004304465303922297 0.05641074601763462 220 255 0
0.005356025933020862 0.004642675619058031 0.05641074601763462 220 220 220
0.005201156167676217 0.004980885934193763 0.05641074601763462 220 220 220
0.005046286402331566 0.005319096249329495 0.05641074601763462 220 220 220
0.00485814331086297 0.005657306564465227 0.05641074601763462 220 220 220
0.004641341125665145 0.005995516879600959 0.05641074601763462 220 255 0
0.004418114025947044 0.006333727194736693 0.05641074601763462 220 220 220
0.004111995582210842 0.006671937509872425 0.05641074601763462 220 220 220
0.0037603607624929446 0.007010147825008157 0.05641074601763462 220 220 220
0.0033482594945229913 0.007348358140143889 0.05641074601763462 220 220 220
0.002803282463655998 0.007686568455279621 0.05641074601763462 220 255 0
-0.00028799677628965284 0.008024778770415353 0.05641074601763462 220 220 220
-0.00028100426163375075 0.008362989085551085 0.05641074601763462 220 220 220
-0.000558329771538222 -0.006180054465285405 0.05671463325370306 255 220 0
-0.0005513399207762067 -0.005841844150149673 0.05671463325370306 255 255 0
-0.0005443010982333039 -0.005503633835013941 0.05671463325370306 255 220 0
0.0029991818187904296 -0.005165423519878208 0.05671463325370306 255 220 0
0.003443137612091633 -0.004827213204742476 0.05671463325370306 255 220 0
0.003799764104016652 -0.004489002889606743 0.05671463325370306 255 220 0
0.0041016877868182405 -0.004150792574471011 0.05671463325370306 255 255 0
0.004346132746154089 -0.003812582259335278 0.05671463325370306 255 220 0
0.004563123815775467 -0.003474371944199546 0.05671463325370306 255 220 0
0.004735943004841816 -0.0031361616290638133 0.05671463325370306 255 220 0
0.004887709428490889 -0.0027979513139280814 0.05671463325370306 255 220 0
0.005040098243876894 -0.0024597409987923494 0.05671463325370306 255 255 0
0.005166729027763993 -0.0021215306836566165 0.05671463325370306 255 220 0
0.005259038279965307 -0.0017833203685208845 0.05671463325370306 255 220 0
0.0053361266805540455 -0.0014451100533851517 0.05671463325370306 255 220 0
0.005405552164708916 -0.0011068997382494197 0.05671463325370306 255 220 0
0.0054485598788041965 -0.0007686894231136877 0.05671463325370306 255 255 0
0.005491567592899475 -0.0004304791079779557 0.05671463325370306 255 220 0
0.005534925515471103 -9.226879284222195e-05 0.05671463325370306 255 220 0
0.005550032721711609 0.00024594152229351005 0.05671463325370306 255 220 0
0.005563178757894381 0.000584151837429242 0.05671463325370306 255 220 0
0.005576434606191099 0.000922362152564974 0.05671463325370306 255 255 0
0.005572164580104674 0.001260572467700706 0.05671463325370306 255 220 0
0.005556888373686293 0.0015987827828364398 0.05671463325370306 255 220 0
0.005541575897510021 0.0019369930979721717 0.05671463325370306 255 220 0
0.005517779566913917 0.0022752034131079037 0.05671463325370306 255 220 0
0.005472838247482199 0.0026134137282436357 0.05671463325370306 255 255 0
0.00542789692805048 0.002951624043379369 0.05671463325370306 255 220 0
0.0053828759905701785 0.0032898343585151014 0.05671463325370306 255 220 0
0.005302371418930014 0.0036280446736508334 0.05671463325370306 255 220 0
0.005198339109737864 0.003966254988786565 0.05671463325370306 255 220 0
0.005094306800545715 0.004304465303922297 0.05671463325370306 255 255 0
0.004957479685415218 0.004642675619058031 0.05671463325370306 255 220 0
0.0048028893623085385 0.004980885934193763 0.05671463325370306 255 220 0
0.004648149288619089 0.005319096249329495 0.05671463325370306 255 220 0
0.004470177122857402 0.005657306564465227 0.05671463325370306 255 220 0
0.004217339495041496 0.005995516879600959 0.05671463325370306 255 255 0
0.003945932313917615 0.006333727194736693 0.05671463325370306 255 220 0
0.003638648356922793 0.006671937509872425 0.05671463325370306 255 220 0
0.003257453505510731 0.007010147825008157 0.05671463325370306 255 220 0
0.002759919146899971 0.007348358140143889 0.05671463325370306 255 220 0
-0.0002726677964367541 0.007686568455279621 0.05671463325370306 255 255 0
-0.0002656392294175802 0.008024778770415353 0.05671463325370306 255 220 0
-0.000258623851434981 0.008362989085551085 0.05671463325370306 255 220 0
-0.0005290295944317715 -0.005841844150149673 0.0570185204897715 220 255 0
-0.000522010457630024 -0.005503633835013941 0.0570185204897715 220 220 220
0.0023544075309124314 -0.005165423519878208 0.0570185204897715 220 220 220
0.002870277234830649 -0.004827213204742476 0.0570185204897715 220 220 220
0.0032936899502731265 -0.004489002889606743 0.0570185204897715 220 220 220
0.0036042605881765437 -0.004150792574471011 0.0570185204897715 220 255 0
0.003875307746033377 -0.003812582259335278 0.0570185204897715 220 220 220
0.0041459005820020135 -0.003474371944199546 0.0570185204897715 220 220 220
0.004325112375393738 -0.0031361616290638133 0.0570185204897715 220 220 220
0.0044765211776733385 -0.0027979513139280814 0.0570185204897715 220 220 220
0.004628523186612063 -0.0024597409987923494 0.0570185204897715 220 255 0
0.004752144026662155 -0.0021215306836566165 0.0570185204897715 220 220 220
0.004851051107597797 -0.0017833203685208845 0.0570185204897715 220 220 220
0.00495082451955107 -0.0014451100533851517 0.0570185204897715 220 220 220
0.005039053370909409 -0.0011068997382494197 0.0570185204897715 220 220 220
0.005094205822232726 -0.0007686894231136877 0.0570185204897715 220 255 0
0.005149559558794611 -0.0004304791079779557 0.0570185204897715 220 220 220
0.005203086897226922 -9.226879284222195e-05 0.0570185204897715 220 220 220
0.0052183224811967474 0.00024594152229351005 0.0570185204897715 220 220 220
0.005231468517379517 0.000584151837429242 0.0570185204897715 220 220 220
0.005244614553562286 0.000922362152564974 0.0570185204897715 220 255 0
0.005241362437165548 0.001260572467700706 0.0570185204897715 220 220 220
0.0052260862307471675 0.0015987827828364398 0.0570185204897715 220 220 220
0.005205631231681485 0.0019369930979721717 0.0570185204897715 220 220 220
0.005175596459534018 0.0022752034131079037 0.0570185204897715 220 220 220
0.0051148476241756925 0.0026134137282436357 0.0570185204897715 220 255 0
0.005054098788817367 0.002951624043379369 0.0570185204897715 220 220 220
0.004993349953459044 0.0032898343585151014 0.0570185204897715 220 220 220
0.004896138778355255 0.0036280446736508334 0.0570185204897715 220 220 220
0.004792500487060383 0.003966254988786565 0.0570185204897715 220 220 220
0.004688468177868235 0.004304465303922297 0.0570185204897715 220 255 0
0.004558519041417101 0.004642675619058031 0.0570185204897715 220 220 220
0.0044039287183104195 0.004980885934193763 0.0570185204897715 220 220 220
0.004223174194668491 0.005319096249329495 0.0570185204897715 220 220 220
0.004009388646164753 0.005657306564465227 0.0570185204897715 220 220 220
0.0037451577830120656 0.005995516879600959 0.0570185204897715 220 255 0
0.0034660543535287684 0.006333727194736693 0.0570185204897715 220 220 220
0.0031113643764108805 0.006671937509872425 0.0570185204897715 220 220 220
0.0026561402159492615 0.007010147825008157 0.0570185204897715 220 220 220
-0.0002574245914133099 0.007348358140143889 0.0570185204897715 220 220 220
-0.0002504299416086972 0.007686568455279621 0.0570185204897715 220 255 0
-0.0002433114911075604 0.008024778770415353 0.0570185204897715 220 220 220
-0.0004998444468940419 -0.005503633835013941 0.057322407725839936 220 220 220
-0.0004929573558113617 -0.005165423519878208 0.057322407725839936 220 220 220
0.0022193076986424965 -0.004827213204742476 0.057322407725839936 220 220 220
0.002686069453418844 -0.004489002889606743 0.057322407725839936 220 220 220
0.0030863449514794243 -0.004150792574471011 0.057322407725839936 220 255 0
0.003378052781803406 -0.003812582259335278 0.057322407725839936 220 220 220
0.0036346012720790185 -0.003474371944199546 0.057322407725839936 220 220 220
0.003840577088210239 -0.0031361616290638133 0.057322407725839936 220 220 220
0.004037350539554903 -0.0027979513139280814 0.057322407725839936 220 220 220
0.004217099350504867 -0.0024597409987923494 0.057322407725839936 220 255 0
0.004337796973286576 -0.0021215306836566165 0.057322407725839936 220 220 220
0.004436344938813178 -0.0017833203685208845 0.057322407725839936 220 220 220
0.004535373187431604 -0.0014451100533851517 0.057322407725839936 220 220 220
0.0046226163487099025 -0.0011068997382494197 0.057322407725839936 220 220 220
0.00467708520426559 -0.0007686894231136877 0.057322407725839936 220 255 0
0.004732183202245246 -0.0004304791079779557 0.057322407725839936 220 220 220
0.004787536938807133 -9.226879284222195e-05 0.057322407725839936 220 220 220
0.004806255411175318 0.00024594152229351005 0.057322407725839936 220 220 220
0.004822036138504796 0.000584151837429242 0.057322407725839936 220 220 220
0.0048378968004000045 0.000922362152564974 0.057322407725839936 220 255 0
0.004833677425379643 0.001260572467700706 0.057322407725839936 220 220 220
0.004812029671717205 0.0015987827828364398 0.057322407725839936 220 220 220
0.004790210318199196 0.0019369930979721717 0.057322407725839936 220 220 220
0.004763030320544632 0.0022752034131079037 0.057322407725839936 220 220 220
0.00470284207916586 0.0026134137282436357 0.057322407725839936 220 255 0
0.004642519151675897 0.002951624043379369 0.057322407725839936 220 220 220
0.0045817703163175735 0.0032898343585151014 0.057322407725839936 220 220 220
0.004489083699984195 0.0036280446736508334 0.057322407725839936 220 220 220
0.004385604691489577 0.003966254988786565 0.057322407725839936 220 220 220
0.004282125682994959 0.004304465303922297 0.057322407725839936 220 255 0
0.004126525431462016 0.004642675619058031 0.057322407725839936 220 220 220
0.003924610826458846 0.004980885934193763 0.057322407725839936 220 220 220
0.003722580808162691 0.005319096249329495 0.057322407725839936 220 220 220
0.003518393282969037 0.005657306564465227 0.057322407725839936 220 220 220
0.003254862865736294 0.005995516879600959 0.057322407725839936 220 255 0
0.0028938752676774884 0.006333727194736693 0.057322407725839936 220 220 220
0.0024985612609435266 0.006671937509872425 0.057322407725839936 220 220 220
-0.00024200041368319103 0.007010147825008157 0.057322407725839936 220 220 220
-0.00023511993958630004 0.007348358140143889 0.057322407725839936 220 220 220
-0.00022819208678063682 0.007686568455279621 0.057322407725839936 220 255 0
-0.0004707527417668923 -0.005165423519878208 0.057626294961908374 220 220 220
-0.0004637784966092413 -0.004827213204742476 0.057626294961908374 220 220 220
0.002033405637278423 -0.004489002889606743 0.057626294961908374 220 220 220
0.002430406216544478 -0.004150792574471011 0.057626294961908374 220 255 0
0.0027977056369431364 -0.003812582259335278 0.057626294961908374 220 220 220
0.0031194717349952283 -0.003474371944199546 0.057626294961908374 220 220 220
0.0033210942498806124 -0.0031361616290638133 0.057626294961908374 220 220 220
0.0035161327544453707 -0.0027979513139280814 0.057626294961908374 220 220 220
0.003713124031542543 -0.0024597409987923494 0.057626294961908374 220 255 0
0.003865661682665885 -0.0021215306836566165 0.057626294961908374 220 220 220
0.003994155946886067 -0.0017833203685208845 0.057626294961908374 220 220 220
0.004120545850964203 -0.0014451100533851517 0.057626294961908374 220 220 220
0.0042061793265103925 -0.0011068997382494197 0.057626294961908374 220 220 220
0.004260648182066083 -0.0007686894231136877 0.057626294961908374 220 255 0
0.0043151170376217705 -0.0004304791079779557 0.057626294961908374 220 220 220
0.004370160582257764 -9.226879284222195e-05 0.057626294961908374 220 220 220
0.004389261622562781 0.00024594152229351005 0.057626294961908374 220 220 220
0.0044048351551168735 0.000584151837429242 0.057626294961908374 220 220 220
0.00442054476320379 0.000922362152564974 0.057626294961908374 220 255 0
0.00441789428718088 0.001260572467700706 0.057626294961908374 220 220 220
0.004396320745479134 0.0015987827828364398 0.057626294961908374 220 220 220
0.004374747203777387 0.0019369930979721717 0.057626294961908374 220 220 220
0.004350459395095704 0.0022752034131079037 0.057626294961908374 220 220 220
0.004290271153716933 0.0026134137282436357 0.057626294961908374 220 255 0
0.004230082912338161 0.002951624043379369 0.057626294961908374 220 220 220
0.00416609963225921 0.0032898343585151014 0.057626294961908374 220 220 220
0.0040496269767286396 0.0036280446736508334 0.057626294961908374 220 220 220
0.003912833932766953 0.003966254988786565 0.057626294961908374 220 220 220
0.003776040888805267 0.004304465303922297 0.057626294961908374 220 255 0
0.0036240532864383595 0.004642675619058031 0.057626294961908374 220 220 220
0.003422393002485237 0.004980885934193763 0.057626294961908374 220 220 220
0.003220732718532116 0.005319096249329495 0.057626294961908374 220 220 220
0.002960236630061404 0.005657306564465227 0.057626294961908374 220 220 220
0.0026313149027064053 0.005995516879600959 0.057626294961908374 220 255 0
0.002280889331047458 0.006333727194736693 0.057626294961908374 220 220 220
-0.00022663732381881727 0.006671937509872425 0.057626294961908374 220 220 220
-0.00021972081117089398 0.007010147825008157 0.057626294961908374 220 220 220
-0.00021283761273279897 0.007348358140143889 0.057626294961908374 220 220 220
-0.00044148475522066966 -0.004827213204742476 0.05793018219797681 220 220 220
-0.0004344936736991566 -0.004489002889606743 0.05793018219797681 220 220 220
-0.000427486338011266 -0.004150792574471011 0.05793018219797681 220 255 0
0.0021371576822771746 -0.003812582259335278 0.05793018219797681 220 220 220
0.0024727213712357147 -0.003474371944199546 0.05793018219797681 220 220 220
0.0027308702528000568 -0.0031361616290638133 0.05793018219797681 220 220 220
0.002988529826232371 -0.0027979513139280814 0.05793018219797681 220 220 220
0.0031919062464330107 -0.0024597409987923494 0.05793018219797681 220 255 0
0.0033413169922847825 -0.0021215306836566165 0.05793018219797681 220 220 220
0.0034680295666836367 -0.0017833203685208845 0.05793018219797681 220 220 220
0.0035964014503814916 -0.0014451100533851517 0.05793018219797681 220 220 220
0.0037064741101210403 -0.0011068997382494197 0.05793018219797681 220 220 220
0.0037763647204891136 -0.0007686894231136877 0.05793018219797681 220 255 0
0.0038471779855436313 -0.0004304791079779557 0.05793018219797681 220 220 220
0.003917991250598151 -9.226879284222195e-05 0.05793018219797681 220 220 220
0.003942139890893665 0.00024594152229351005 0.05793018219797681 220 220 220
0.003961305699517451 0.000584151837429242 0.05793018219797681 220 220 220
0.003980471508141235 0.000922362152564974 0.05793018219797681 220 255 0
0.003977503533437472 0.001260572467700706 0.05793018219797681 220 220 220
0.003947371555165589 0.0015987827828364398 0.05793018219797681 220 220 220
0.003917239576893704 0.0019369930979721717 0.05793018219797681 220 220 220
0.0038871075986218195 0.0022752034131079037 0.05793018219797681 220 220 220
0.003807602865287347 0.0026134137282436357 0.05793018219797681 220 255 0
0.0037268103881460905 0.002951624043379369 0.05793018219797681 220 220 220
0.0036459848057087303 0.0032898343585151014 0.05793018219797681 220 220 220
0.0035359389402454845 0.0036280446736508334 0.05793018219797681 220 220 220
0.003399859829990179 0.003966254988786565 0.05793018219797681 220 220 220
0.0032637807197348732 0.004304465303922297 0.05793018219797681 220 255 0
0.0031185206359865252 0.004642675619058031 0.05793018219797681 220 220 220
0.0028532505758423112 0.004980885934193763 0.05793018219797681 220 220 220
0.0025879805156980937 0.005319096249329495 0.05793018219797681 220 220 220
0.002322710455553883 0.005657306564465227 0.05793018219797681 220 220 220
-0.0002183606949351484 0.005995516879600959 0.05793018219797681 220 255 0
-0.0002112975256424697 0.006333727194736693 0.05793018219797681 220 220 220
-0.0002043474506991487 0.006671937509872425 0.05793018219797681 220 220 220
-0.00019744390236319312 0.007010147825008157 0.05793018219797681 220 220 220
-0.00041218163278227907 -0.004489002889606743 0.05823406943404525 255 220 0
-0.00040517429709438843 -0.004150792574471011 0.05823406943404525 255 255 0
-0.00039822370377936076 -0.003812582259335278 0.05823406943404525 255 220 0
-0.0003913155622457948 -0.003474371944199546 0.05823406943404525 255 220 0
0.0020643399935649214 -0.0031361616290638133 0.05823406943404525 255 220 0
0.002318778813075609 -0.0027979513139280814 0.05823406943404525 255 220 0
0.0025764383865079284 -0.0024597409987923494 0.05823406943404525 255 255 0
0.002767809149867264 -0.0021215306836566165 0.05823406943404525 255 220 0
0.002935881399236097 -0.0017833203685208845 0.05823406943404525 255 220 0
0.003070397450701392 -0.0014451100533851517 0.05823406943404525 255 220 0
0.003179073863953337 -0.0011068997382494197 0.05823406943404525 255 220 0
0.003248577797190297 -0.0007686894231136877 0.05823406943404525 255 255 0
0.0033181109071158 -0.0004304791079779557 0.05823406943404525 255 220 0
0.0033889241721703207 -9.226879284222195e-05 0.05823406943404525 255 220 0
0.003413709127206177 0.00024594152229351005 0.05823406943404525 255 220 0
0.0034324566528612394 0.000584151837429242 0.05823406943404525 255 220 0
0.0034515870164763852 0.000922362152564974 0.05823406943404525 255 255 0
0.0034510163586043766 0.001260572467700706 0.05823406943404525 255 220 0
0.0034212343809201066 0.0015987827828364398 0.05823406943404525 255 220 0
0.003391368094879811 0.0019369930979721717 0.05823406943404525 255 220 0
0.0033612361166079265 0.0022752034131079037 0.05823406943404525 255 220 0
0.0032857603650549953 0.0026134137282436357 0.05823406943404525 255 255 0
0.003205669130060013 0.002951624043379369 0.05823406943404525 255 220 0
0.003125577895065028 0.0032898343585151014 0.05823406943404525 255 220 0
0.003015338205290168 0.0036280446736508334 0.05823406943404525 255 220 0
0.0028344837874026106 0.003966254988786565 0.05823406943404525 255 220 0
0.0026536293695150533 0.004304465303922297 0.05823406943404525 255 255 0
0.002472774951627496 0.004642675619058031 0.05823406943404525 255 220 0
0.002212582947224543 0.004980885934193763 0.05823406943404525 255 220 0
-0.00021080714944653883 0.005319096249329495 0.05823406943404525 255 220 0
-0.00020344406044461166 0.005657306564465227 0.05823406943404525 255 220 0
-0.00019611609072989547 0.005995516879600959 0.05823406943404525 255 255 0
-0.0001890417907313112 0.006333727194736693 0.05823406943404525 255 220 0
-0.00018205757757948013 0.006671937509872425 0.05823406943404525 255 220 0
-0.00038287798357428127 -0.004150792574471011 0.05853795667011369 220 255 0
-0.0003759499365764765 -0.003812582259335278 0.05853795667011369 220 220 220
-0.0003690580057574 -0.003474371944199546 0.05853795667011369 220 220 220
-0.0003625194176984197 -0.0031361616290638133 0.05853795667011369 220 220 220
-0.00035600717367515253 -0.0027979513139280814 0.05853795667011369 220 220 220
0.0019067259735975912 -0.0024597409987923494 0.05853795667011369 220 255 0
0.0020945011841352595 -0.0021215306836566165 0.05853795667011369 220 220 220
0.002259538620927464 -0.0017833203685208845 0.05853795667011369 220 220 220
0.002426991142358576 -0.0014451100533851517 0.05853795667011369 220 220 220
0.0025683976919668554 -0.0011068997382494197 0.05853795667011369 220 220 220
0.0026591141155139653 -0.0007686894231136877 0.05853795667011369 220 255 0
0.0027509504783051458 -0.0004304791079779557 0.05853795667011369 220 220 220
0.002842786841096328 -9.226879284222195e-05 0.05853795667011369 220 220 220
0.002875367556179162 0.00024594152229351005 0.05853795667011369 220 220 220
0.0028990132867690345 0.000584151837429242 0.05853795667011369 220 220 220
0.0029226590173589036 0.000922362152564974 0.05853795667011369 220 255 0
0.00292319309093024 0.001260572467700706 0.05853795667011369 220 220 220
0.0028818246235946914 0.0015987827828364398 0.05853795667011369 220 220 220
0.0028404561562591427 0.0019369930979721717 0.05853795667011369 220 220 220
0.0027990876889235922 0.0022752034131079037 0.05853795667011369 220 220 220
0.002703555265817994 0.0026134137282436357 0.05853795667011369 220 255 0
0.0025956322555436197 0.002951624043379369 0.05853795667011369 220 220 220
0.0024876983955961843 0.0032898343585151014 0.05853795667011369 220 220 220
0.0023583913121409516 0.0036280446736508334 0.05853795667011369 220 220 220
0.0021782610518897867 0.003966254988786565 0.05853795667011369 220 220 220
0.0019981307916386234 0.004304465303922297 0.05853795667011369 220 255 0
-0.0002029698719987448 0.004642675619058031 0.05853795667011369 220 220 220
-0.0001961678655522485 0.004980885934193763 0.05853795667011369 220 220 220
-0.0001888225447796016 0.005319096249329495 0.05853795667011369 220 220 220
-0.00018146307620357446 0.005657306564465227 0.05853795667011369 220 220 220
-0.00017399512844829684 0.005995516879600959 0.05853795667011369 220 255 0
-0.0003471272175035629 -0.003474371944199546 0.05884184390618213 220 220 220
-0.0003406244061809859 -0.0031361616290638133 0.05884184390618213 220 220 220
-0.0003341024776618573 -0.0027979513139280814 0.05884184390618213 220 220 220
-0.00032752289834648424 -0.0024597409987923494 0.05884184390618213 220 255 0
-0.0003203784800051637 -0.0021215306836566165 0.05884184390618213 220 220 220
-0.00031324074616859496 -0.0017833203685208845 0.05884184390618213 220 220 220
-0.0003064536170109891 -0.0014451100533851517 0.05884184390618213 220 220 220
0.0018908202683054712 -0.0011068997382494197 0.05884184390618213 220 220 220
0.0019807721125924688 -0.0007686894231136877 0.05884184390618213 220 255 0
0.0020707239568794594 -0.0004304791079779557 0.05884184390618213 220 220 220
0.0021622872977906764 -9.226879284222195e-05 0.05884184390618213 220 220 220
0.0021961085486825113 0.00024594152229351005 0.05884184390618213 220 220 220
0.002219192658418176 0.000584151837429242 0.05884184390618213 220 220 220
0.0022427013490046253 0.000922362152564974 0.05884184390618213 220 255 0
0.002247071589602712 0.001260572467700706 0.05884184390618213 220 220 220
0.0022061365049580277 0.0015987827828364398 0.05884184390618213 220 220 220
0.00216520142031334 0.0019369930979721717 0.05884184390618213 220 220 220
0.0021238647199749924 0.0022752034131079037 0.05884184390618213 220 220 220
0.0020342310624442347 0.0026134137282436357 0.05884184390618213 220 255 0
0.0019271805750691665 0.002951624043379369 0.05884184390618213 220 220 220
-0.0002093123182372765 0.0032898343585151014 0.05884184390618213 220 220 220
-0.00020226296050149598 0.0036280446736508334 0.05884184390618213 220 220 220
-0.00019562606901983928 0.003966254988786565 0.05884184390618213 220 220 220
-0.0001884960998345328 0.004304465303922297 0.05884184390618213 220 255 0
-0.00018134652675420512 0.004642675619058031 0.05884184390618213 220 220 220
-0.00017428743984072848 0.004980885934193763 0.05884184390618213 220 220 220
-0.00016691376135936561 0.005319096249329495 0.05884184390618213 220 220 220
-0.00030565683887275383 -0.0024597409987923494 0.059145731142250565 220 255 0
-0.00029872617581179825 -0.0021215306836566165 0.059145731142250565 220 220 220
-0.00029193904665418546 -0.0017833203685208845 0.059145731142250565 220 220 220
-0.0002851090648027555 -0.0014451100533851517 0.059145731142250565 220 220 220
-0.00027822638001222597 -0.0011068997382494197 0.059145731142250565 220 220 220
-0.0002712760036200739 -0.0007686894231136877 0.059145731142250565 220 255 0
-0.0002643326699931989 -0.0004304791079779557 0.059145731142250565 220 220 220
-0.0002573904251371405 -9.226879284222195e-05 0.059145731142250565 220 220 220
-0.00025041002353735567 0.00024594152229351005 0.059145731142250565 220 220 220
-0.00024341392263753023 0.000584151837429242 0.059145731142250565 220 220 220
-0.0002364657443034504 0.000922362152564974 0.059145731142250565 220 255 0
-0.00022956332752832945 0.001260572467700706 0.059145731142250565 220 220 220
-0.00022267624288437385 0.0015987827828364398 0.059145731142250565 220 220 220
-0.0002157243373671694 0.0019369930979721717 0.059145731142250565 220 220 220
-0.0002088432522382791 0.0022752034131079037 0.059145731142250565 220 220 220
-0.00020192285313171132 0.0026134137282436357 0.059145731142250565 220 255 0
-0.00019494293797163095 0.002951624043379369 0.059145731142250565 220 220 220
-0.00018804440638612446 0.0032898343585151014 0.059145731142250565 220 220 220
-0.00018099504865034047 0.0036280446736508334 0.059145731142250565 220 220 220
-0.00017410494222882753 0.003966254988786565 0.059145731142250565 220 220 220
-0.00016692918253215575 0.004304465303922297 0.059145731142250565 220 255 0
-0.00015974944289834023 0.004642675619058031 0.059145731142250565 220 220 220
-0.000263836364257114 -0.0014451100533851517 0.059449618378319004 220 220 220
-0.00025698201104569496 -0.0011068997382494197 0.059449618378319004 220 220 220
-0.00025011953589011704 -0.0007686894231136877 0.059449618378319004 220 255 0
-0.00024320246413454816 -0.0004304791079779557 0.059449618378319004 220 220 220
-0.00023630900884963335 -9.226879284222195e-05 0.059449618378319004 220 220 220
-0.00022937412908950044 0.00024594152229351005 0.059449618378319004 220 220 220
-0.0002224096010034933 0.000584151837429242 0.059449618378319004 220 220 220
-0.00021548208899625776 0.000922362152564974 0.059449618378319004 220 255 0
-0.00020858348634754387 0.001260572467700706 0.059449618378319004 220 220 220
-0.000201636408890718 0.0015987827828364398 0.059449618378319004 220 220 220
-0.00019468450337352047 0.0019369930979721717 0.059449618378319004 220 220 220
-0.00018774975533062538 0.0022752034131079037 0.059449618378319004 220 220 220
-0.00018078461354194622 0.0026134137282436357 0.059449618378319004 220 255 0
-0.00017378681905495796 0.002951624043379369 0.059449618378319004 220 220 220
-0.00016677649453496549 0.0032898343585151014 0.059449618378319004 220 220 220
