finger,marker_id,u_px,v_px,u_undistorted_px,v_undistorted_px,x_camera_m,y_camera_m,z_camera_m,x_link_m,y_link_m,z_link_m,nx_link,ny_link,nz_link,distance_m,distortion_inverse,brown_reprojection_error_px,selected_model_reprojection_error_px,method,surface_error_m,mesh_reprojection_error_px,surface_link,triangle_id
middle,M002,158.617,25.089,157.74122583145038,12.33541323191271,-0.00038324686,-0.005574962,0.0072216773,0.010793129,0.00045544165,0.045134597,0.99490404,-0.018109815,0.099186614,0.009131249,brown_exact,1.4521282768960536e-14,1.4521282768960536e-14,ray_hit,0.0,4.2632564e-14,right_middip_roll_rubber_link,737
middle,M003,197.788,26.563,203.13241632408116,12.404457683835318,0.0021280583,-0.005587478,0.0072428533,0.010807658,0.0029668147,0.045141917,0.98965555,0.014070074,0.14277239,0.009391883,brown_exact,1.621132128783716e-14,1.621132128783716e-14,ray_hit,0.0,3.5527137e-15,right_middip_roll_rubber_link,729
middle,M004,120.017,27.718,112.02045904487514,12.25939792031788,-0.002874004,-0.005516753,0.0071408884,0.010704657,-0.0020356467,0.04511368,0.9880014,-0.08673398,0.1277908,0.009470308,brown_exact,7.263863829320982e-15,7.263863829320982e-15,ray_hit,0.0,3.5527137e-15,right_middip_roll_rubber_link,932
middle,M005,233.017,31.523,248.83726909741023,12.359017919918188,0.0045926464,-0.0055117486,0.007141465,0.010674707,0.0054309443,0.045117464,0.9835657,0.14162084,0.111991554,0.01012286,brown_exact,7.009541763466422e-12,7.009541763466422e-12,ray_hit,0.0,7.01417e-12,right_middip_roll_rubber_link,627
middle,M006,85.175,33.106,63.52161724408646,11.009764398307581,-0.005322514,-0.00538466,0.0068846,0.010443556,-0.0044851033,0.045012083,0.9795111,-0.16348217,0.117607936,0.010233349,brown_exact,6.124266665000091e-12,6.124266665000091e-12,ray_hit,0.0,6.15506e-12,right_middip_roll_rubber_link,1051
middle,M007,264.338,37.563,300.319976674225,9.782481562766037,0.0068990025,-0.0052683256,0.006655853,0.010160302,0.0077354806,0.044920355,0.93662435,0.33193684,0.11203903,0.010938549,brown_exact,3.4552954252264433e-12,3.4552954252264433e-12,ray_hit,0.0,3.4745466e-12,right_middip_roll_rubber_link,662
middle,M008,53.956,39.67,6.271610611928253,7.425865739809865,-0.0075189564,-0.005028222,0.00621086,0.009735228,-0.006684086,0.04475116,0.8625112,-0.49017668,0.12570304,0.010972352,brown_exact,7.0273815276087156e-12,7.0273815276087156e-12,ray_hit,0.0,7.0355644e-12,right_middip_roll_rubber_link,1211
middle,M009,294.568,45.281,370.5212492545446,4.53757904141581,0.008640086,-0.0045683286,0.005492686,0.008854897,0.009471921,0.04452663,0.57540894,0.81069696,0.1080511,0.011211169,monotonic_extrapolation,0.7591844285019974,1.4527727658641964e-14,ray_hit,0.0,7.1054274e-15,right_middip_roll_rubber_link,461
middle,M010,24.519,47.86,-75.68365652125692,-0.24120429297575186,-0.009028612,-0.004267848,0.0049150693,0.008307702,-0.008198841,0.04429951,0.52358323,-0.84521365,0.10711917,0.011130511,monotonic_extrapolation,8.912501118599508,4.4768104349687795e-13,ray_hit,0.0,4.3062643e-13,right_middip_roll_rubber_link,1187
middle,M011,159.08,64.465,158.86724047538155,62.59839159634845,-0.0003959604,-0.0034457655,0.008905223,0.010342097,0.00044111974,0.04781122,0.9725681,-0.018323146,0.23189555,0.009556835,brown_exact,1.3051479479633857e-13,1.3051479479633857e-13,ray_hit,0.0,1.7053026e-13,right_middip_roll_rubber_link,968
middle,M012,193.744,65.408,195.1817203698814,63.000197262803965,0.0020830634,-0.0034309672,0.00893808,0.010344305,0.0029201673,0.047845524,0.9755966,0.0112560615,0.219282,0.009797957,brown_exact,7.845693371714471e-13,7.845693371714471e-13,ray_hit,0.0,8.2777464e-13,right_middip_roll_rubber_link,975
middle,M013,124.554,66.114,122.07660631820181,63.15953979333001,-0.0028819442,-0.003386583,0.008850597,0.010270427,-0.0020451352,0.047810372,0.97122425,-0.0750907,0.22601953,0.0099049285,brown_exact,4.3770567477160327e-13,4.3770567477160327e-13,ray_hit,0.0,4.7664655e-13,right_middip_roll_rubber_link,763
middle,M014,226.019,68.296,232.0121851958881,63.82012823357675,0.004555215,-0.003342847,0.008853383,0.010213326,0.005391868,0.04784176,0.96484685,0.12926055,0.22882815,0.010502714,brown_exact,5.234182571308814e-14,5.234182571308814e-14,ray_hit,0.0,5.8592854e-14,right_middip_roll_rubber_link,671
middle,M015,93.259,69.693,84.47140157555215,64.23310687656416,-0.00527711,-0.0032231899,0.008608606,0.009995497,-0.0044412967,0.047740366,0.9573093,-0.19692673,0.21160991,0.010599289,brown_exact,3.2165178607611845e-12,3.2165178607611845e-12,ray_hit,0.0,3.2232335e-12,right_middip_roll_rubber_link,1269
middle,M016,255.285,72.8,272.34910252941575,65.00100831146722,0.0068500414,-0.003068227,0.008325528,0.009647494,0.007684691,0.047634225,0.8806354,0.42175603,0.2158777,0.011209439,brown_exact,7.246433953445041e-15,7.246433953445041e-15,ray_hit,0.0,3.1776438e-14,right_middip_roll_rubber_link,562
middle,M017,63.793,73.911,39.671506796676724,64.27025375132686,-0.007455571,-0.002919662,0.007803864,0.009238534,-0.0066224704,0.04734677,0.79364896,-0.5461233,0.2680869,0.0111807985,brown_exact,1.161225189146201e-11,1.161225189146201e-11,ray_hit,0.0,1.1624534e-11,right_middip_roll_rubber_link,1093
middle,M018,284.847,77.724,327.71366153222084,64.61260120718703,0.008608303,-0.002566908,0.006909433,0.008319868,0.009438229,0.046919633,0.47672075,0.8591648,0.18593869,0.011332791,brown_exact,0.0,0.0,ray_hit,0.0,4.2632564e-14,right_middip_roll_rubber_link,1614
middle,M019,32.809,78.823,-27.385313256169212,62.47645833566268,-0.008988191,-0.0023751247,0.006123481,0.0077133887,-0.00816054,0.04646506,0.40595496,-0.8995012,0.16154912,0.011132197,brown_exact,3.199272725464767e-12,3.199272725464767e-12,ray_hit,0.0,3.2413523e-12,right_middip_roll_rubber_link,1133
middle,M020,314.42,82.268,414.0913180674457,60.39808117427691,0.009537099,-0.0020204866,0.005003768,0.0066335117,0.010361018,0.045872036,0.31058076,0.942174,0.12588774,0.010957934,monotonic_extrapolation,6.467283092980084,3.623216976722521e-15,ray_hit,0.0,0.0,right_middip_roll_rubber_link,1444
middle,M021,1.338,86.467,-148.498992669785,59.67231123500691,-0.009759149,-0.0016691556,0.004077548,0.0058206753,-0.00893825,0.045420356,0.21824157,-0.97031367,0.10422072,0.010707635,monotonic_extrapolation,19.190753374715527,2.1302254979899589e-13,ray_hit,0.0,2.267918e-13,right_middip_roll_rubber_link,1311
middle,M022,159.385,98.764,159.36530867761368,98.70814454952729,-0.00042112032,-0.0011426616,0.0103577385,0.009607187,0.00041333912,0.05043303,0.9511727,-0.016156089,0.30823612,0.010429082,brown_exact,0.0,0.0,ray_hit,0.0,0.0,right_middip_roll_rubber_link,854
middle,M023,190.355,99.304,190.67723115409072,99.1196095191041,0.0020640218,-0.0011136025,0.010391226,0.009599216,0.0028984684,0.050477356,0.9460071,0.022407914,0.32337046,0.0106526,brown_exact,1.4527727658641964e-14,1.4527727658641964e-14,ray_hit,0.0,4.2632564e-14,right_middip_roll_rubber_link,510
middle,M024,128.993,99.93,128.22126169498836,99.62640151128981,-0.0028675809,-0.0010628557,0.010290483,0.009511607,-0.0020334776,0.05043663,0.92726684,-0.08464844,0.36470652,0.010735302,brown_exact,1.0919865976511855e-13,1.0919865976511855e-13,ray_hit,0.0,1.1368684e-13,right_middip_roll_rubber_link,957
middle,M025,218.732,101.118,221.283610556109,100.50825310185215,0.0044341558,-0.0009895973,0.010251718,0.009405226,0.005267926,0.050456982,0.90531003,0.18575953,0.3819779,0.011213329,brown_exact,2.1791591487962947e-14,2.1791591487962947e-14,ray_hit,0.0,4.0194366e-14,right_middip_roll_rubber_link,545
middle,M026,100.677,101.911,96.35967386627098,101.09315689757636,-0.0052010478,-0.0009168823,0.009960778,0.009190576,-0.004368104,0.050289866,0.88737285,-0.2735179,0.37115675,0.011274248,brown_exact,2.209074830870764e-14,2.209074830870764e-14,ray_hit,0.0,2.842171e-14,right_middip_roll_rubber_link,778
middle,M027,245.641,103.28,254.84773345963492,102.04881645785896,0.0066297837,-0.00081525126,0.009621931,0.00884581,0.007461573,0.050106592,0.8062245,0.44007698,0.39539135,0.01171325,brown_exact,3.3539260516488443e-13,3.3539260516488443e-13,ray_hit,0.0,3.155322e-13,right_middip_roll_rubber_link,486
middle,M028,73.47,104.357,59.578009364508844,102.86709673992318,-0.0072653145,-0.00070967025,0.009044991,0.008430219,-0.0064350953,0.049749307,0.72938806,-0.57500374,0.37062618,0.011623265,brown_exact,1.464024577111919e-14,1.464024577111919e-14,ray_hit,0.0,2.842171e-14,right_middip_roll_rubber_link,1037
middle,M029,273.662,108.135,299.8281016359259,106.66161936873736,0.00845475,-0.00040434694,0.008186458,0.007572038,0.00928201,0.049317006,0.55707604,0.7995003,0.22464535,0.011775585,brown_exact,2.6172490804394793e-13,2.6172490804394793e-13,ray_hit,0.0,2.8563463e-13,right_middip_roll_rubber_link,1617
middle,M030,43.175,109.412,3.598290720564421,107.78599842375708,-0.008867705,-0.0002937467,0.007203401,0.0068926713,-0.008042979,0.04866176,0.360662,-0.90731645,0.21610127,0.011428538,brown_exact,5.815501649112981e-14,5.815501649112981e-14,ray_hit,0.0,5.684342e-14,right_middip_roll_rubber_link,1223
middle,M031,302.383,113.968,365.97145733942284,113.63821414275544,0.0094681615,2.4940005e-05,0.0061551644,0.005888064,0.010289422,0.048097663,0.2868126,0.94133335,0.17784847,0.011293041,brown_exact,3.399636098455872e-12,3.399636098455872e-12,ray_hit,0.0,3.4108716e-12,right_middip_roll_rubber_link,1430
middle,M032,14.841,118.514,-77.20101012604428,120.67267270809344,-0.009611915,0.0003012716,0.0051997886,0.0051105563,-0.008793548,0.04757407,0.19019781,-0.97115916,0.1437869,0.010932405,monotonic_extrapolation,3.187592945097954,0.0,ray_hit,0.0,7.160723e-14,right_middip_roll_rubber_link,1309
middle,M033,186.886,127.893,187.10316160041992,128.0288839861961,0.001963151,0.0013096775,0.011459119,0.008517546,0.0027937402,0.052894354,0.8652741,0.040735323,0.49964127,0.011699598,brown_exact,3.631931914660491e-15,3.631931914660491e-15,ray_hit,0.0,0.0,right_middip_roll_rubber_link,498
middle,M034,159.826,128.0,159.8107076014275,128.0433942254088,-0.00042768195,0.0013133667,0.011480232,0.008537489,0.00040296314,0.052912492,0.88875824,-0.020361103,0.45792383,0.011563026,brown_exact,2.026415160979645e-15,2.026415160979645e-15,ray_hit,0.0,1.4210855e-14,right_middip_roll_rubber_link,848
middle,M035,132.692,128.52,132.11596595040098,128.78078992489455,-0.0028219318,0.0013610964,0.011337628,0.008415006,-0.0019917386,0.052838683,0.8577321,-0.13839786,0.49511784,0.011762554,brown_exact,9.428049086571002e-13,9.428049086571002e-13,ray_hit,0.0,9.66756e-13,right_middip_roll_rubber_link,951
middle,M036,212.563,128.651,214.36553254626543,129.20190513128563,0.0042584105,0.0013827258,0.011216395,0.008292432,0.0050882115,0.052763235,0.81023633,0.22619054,0.5406986,0.012076982,brown_exact,1.106074950286144e-12,1.106074950286144e-12,ray_hit,0.0,1.116796e-12,right_middip_roll_rubber_link,1628
middle,M037,107.485,129.564,104.3624320460226,130.41065214418342,-0.005024309,0.001444497,0.010898839,0.0080668,-0.004195371,0.05256903,0.7885951,-0.31575024,0.52765477,0.012087801,brown_exact,2.1791591487962947e-14,2.1791591487962947e-14,ray_hit,0.0,5.1237965e-14,right_middip_roll_rubber_link,914
middle,M038,237.167,130.788,243.75847722404487,132.30804443977559,0.0063724746,0.0015509463,0.01054551,0.0077102976,0.0072002136,0.052378245,0.77593803,0.41412953,0.47583288,0.012418601,brown_exact,5.000940574640342e-12,5.000940574640342e-12,ray_hit,0.0,5.0061756e-12,right_middip_roll_rubber_link,1625
middle,M039,82.513,132.032,72.44956658873717,134.2248631392158,-0.007014571,0.0016097088,0.009951496,0.007316186,-0.006188323,0.0519769,0.63853383,-0.58766824,0.49691102,0.012281191,brown_exact,8.746705756051124e-14,8.746705756051124e-14,ray_hit,0.0,1.2789769e-13,right_middip_roll_rubber_link,1282
middle,M040,264.476,135.653,284.42453469739223,139.94014297557638,0.008277642,0.0018592976,0.009046038,0.0064694234,0.009100967,0.051472414,0.47875503,0.7811481,0.4007509,0.0124019,brown_exact,1.2494127403151949e-11,1.2494127403151949e-11,ray_hit,0.0,1.2451986e-11,right_middip_roll_rubber_link,1436
middle,M041,52.877,137.663,22.386202210036913,144.024655479637,-0.008685653,0.0018915487,0.007987063,0.00579601,-0.007864836,0.050708313,0.33769837,-0.8975556,0.2834674,0.011950385,brown_exact,9.674381628084695e-12,9.674381628084695e-12,ray_hit,0.0,9.6707165e-12,right_middip_roll_rubber_link,1057
middle,M042,291.589,144.15,341.29426095400527,155.75042584286578,0.009385637,0.0022715577,0.0069540692,0.0047570667,0.010202864,0.05019664,0.288529,0.93007153,0.22741577,0.011899968,brown_exact,1.0671604988457353e-11,1.0671604988457353e-11,ray_hit,0.0,1.067885e-11,right_middip_roll_rubber_link,1458
middle,M043,29.014,147.47,-36.51322717893464,163.27470885401684,-0.009401892,0.0023498377,0.0061147325,0.004203259,-0.008586759,0.04962636,0.1759943,-0.9648428,0.19520344,0.011458938,brown_exact,1.3924129939912461e-11,1.3924129939912461e-11,ray_hit,0.0,1.397012e-11,right_middip_roll_rubber_link,1307
middle,M044,184.192,151.951,184.71624851638038,152.97195913783412,0.0018485477,0.0036875992,0.012075951,0.007167173,0.002674321,0.05494627,0.7727263,0.068838075,0.6309956,0.012761039,brown_exact,2.2040602868512912e-14,2.2040602868512912e-14,ray_hit,0.0,0.0,right_middip_roll_rubber_link,1634
middle,M045,159.986,152.091,159.8834609831431,152.91383813362313,-0.0004448545,0.0036962966,0.012122107,0.0071998425,0.00038102074,0.054986347,0.7719475,-0.024578633,0.63521093,0.01268093,brown_exact,7.246433953445041e-15,7.246433953445041e-15,ray_hit,0.0,0.0,right_middip_roll_rubber_link,841
middle,M046,136.136,152.394,135.15386085899164,153.71140077738738,-0.0026929043,0.0037112925,0.011932202,0.007069413,-0.0018675085,0.054855496,0.7468696,-0.15151326,0.6474793,0.012782913,brown_exact,4.4262011570248025e-14,4.4262011570248025e-14,ray_hit,0.0,6.3552875e-14,right_middip_roll_rubber_link,828
middle,M047,207.29,152.573,209.45424735289816,154.53162756489067,0.0040267636,0.0037347318,0.011769793,0.0069191772,0.0048516663,0.05475071,0.7487763,0.19745451,0.6327288,0.012988113,brown_exact,4.870411772825586e-14,4.870411772825586e-14,ray_hit,0.0,4.0194366e-14,right_middip_roll_rubber_link,1511
middle,M048,312.022,153.095,406.0390774747739,177.37144570880002,0.009829122,0.002623371,0.005329034,0.0034049759,0.010641531,0.049226787,0.17287864,0.97393614,0.14683777,0.011484438,monotonic_extrapolation,5.244170994262152,0.0,ray_hit,0.0,6.3552875e-14,right_middip_roll_rubber_link,1460
middle,M049,113.203,153.339,109.77795715461102,155.94964632728352,-0.0047999346,0.0037540467,0.011439067,0.006714591,-0.003975817,0.05451827,0.7278345,-0.28510657,0.6236755,0.012960883,brown_exact,3.62879694812131e-14,3.62879694812131e-14,ray_hit,0.0,2.842171e-14,right_middip_roll_rubber_link,883
middle,M050,227.871,154.222,233.70591348178465,157.93034226967217,0.005896424,0.0038382807,0.01117889,0.0064395205,0.0067196283,0.054381706,0.6494885,0.424239,0.6310198,0.013208626,brown_exact,8.749575644910456e-12,8.749575644910456e-12,ray_hit,0.0,8.74105e-12,right_middip_roll_rubber_link,1499
middle,M051,88.41,154.834,78.41394564475583,160.16473573837624,-0.0068402286,0.0037398676,0.010375054,0.0060190363,-0.0060186046,0.053719305,0.55172336,-0.62545323,0.5517332,0.01297756,brown_exact,1.4527727658641964e-14,1.4527727658641964e-14,ray_hit,0.0,0.0,right_middip_roll_rubber_link,1245
middle,M052,8.07,156.659,-118.91427666968602,190.02773457385945,-0.009728555,0.0026449428,0.004488796,0.0028953853,-0.008918087,0.04861782,0.049922667,-0.9893983,0.13637702,0.011035841,monotonic_extrapolation,15.31197566350947,5.856098308447677e-14,ray_hit,0.0,6.3948846e-14,right_middip_roll_rubber_link,1156
middle,M053,255.711,160.912,274.0076959509041,170.30140743654053,0.008018289,0.0042048744,0.00959756,0.0050997804,0.008836729,0.05345419,0.42702368,0.7874862,0.444428,0.013194207,brown_exact,1.346063085556048e-11,1.346063085556048e-11,ray_hit,0.0,1.3446232e-11,right_middip_roll_rubber_link,1451
middle,M054,61.788,163.898,33.77295889355665,177.38634756355927,-0.008457532,0.004162572,0.0084537575,0.0044230726,-0.0076416093,0.052577164,0.32975075,-0.86502635,0.37814522,0.012661867,brown_exact,9.750067788532476e-12,9.750067788532476e-12,ray_hit,0.0,9.774755e-12,right_middip_roll_rubber_link,1008
middle,M055,280.575,169.573,323.9379575223836,190.18362835255385,0.009198064,0.004462349,0.0075578415,0.0035370418,0.01001094,0.052113406,0.18984905,0.9355411,0.29785928,0.012713689,brown_exact,1.0399175890730302e-13,1.0399175890730302e-13,ray_hit,0.0,1.7288251e-13,right_middip_roll_rubber_link,1593
middle,M056,160.092,171.974,159.84933391413733,175.00521449192405,-0.00045458227,0.005831968,0.012299773,0.0057344045,0.00036606743,0.056550004,0.67527384,-0.026247498,0.7370999,0.013619945,brown_exact,7.246433953445041e-15,7.246433953445041e-15,ray_hit,0.0,0.0,right_middip_roll_rubber_link,810
middle,M057,182.108,172.349,183.11389694570374,175.72211866517026,0.0017258766,0.005877997,0.012254909,0.005662399,0.0025462834,0.056547575,0.6762214,0.08985616,0.731198,0.013700813,brown_exact,1.026033736153733e-14,1.026033736153733e-14,ray_hit,0.0,0.0,right_middip_roll_rubber_link,1490
middle,M058,138.806,172.666,137.1216535957498,176.47316631541105,-0.0025493794,0.0058746166,0.012102688,0.005578098,-0.0017293005,0.056432366,0.66921073,-0.15253346,0.7272486,0.013692535,brown_exact,1.621132128783716e-14,1.621132128783716e-14,ray_hit,0.0,0.0,right_middip_roll_rubber_link,836
middle,M059,40.579,172.868,-15.83007919577173,199.299945491141,-0.009162135,0.004385161,0.00664155,0.0030454684,-0.0083511295,0.0513818,0.13033809,-0.95489776,0.2668,0.012136085,brown_exact,0.0,0.0,ray_hit,0.0,6.9980344e-14,right_middip_roll_rubber_link,1304
middle,M060,203.158,173.287,206.265489578349,178.07402711005196,0.003801078,0.005953107,0.011962173,0.00540301,0.004620573,0.05638073,0.6702189,0.2348175,0.7040365,0.013891769,brown_exact,7.246433953445041e-15,7.246433953445041e-15,ray_hit,0.0,0.0,right_middip_roll_rubber_link,1494
middle,M061,117.68,174.056,113.132768231346,179.85039474809355,-0.0045707626,0.005931624,0.011601771,0.005207177,-0.003752019,0.056098923,0.55966634,-0.35857737,0.747125,0.0138085885,brown_exact,4.170151253181427e-12,4.170151253181427e-12,ray_hit,0.0,4.178402e-12,right_middip_roll_rubber_link,880
middle,M062,224.528,176.259,232.30312284171495,184.33608876788247,0.005808485,0.00613324,0.011240629,0.0047784536,0.0066257664,0.05596614,0.55948776,0.45104074,0.6953673,0.014060827,brown_exact,1.861585299626269e-12,1.861585299626269e-12,ray_hit,0.0,1.8528688e-12,right_middip_roll_rubber_link,1533
middle,M063,95.881,177.807,84.83266274155187,188.01772110681563,-0.006467199,0.0060813483,0.010597739,0.0044297134,-0.00565124,0.055454347,0.50538296,-0.563998,0.6530654,0.013824599,brown_exact,7.246433953445041e-15,7.246433953445041e-15,ray_hit,0.0,2.842171e-14,right_middip_roll_rubber_link,895
middle,M064,297.817,178.29,384.83380554148084,219.7122542774851,0.009701428,0.0047090473,0.0057664406,0.002151192,0.010509365,0.050949644,0.08978634,0.97128916,0.22030842,0.012228846,brown_exact,0.46665897882637436,0.46665897882637436,ray_hit,0.0,0.46665898,right_middip_roll_rubber_link,1386
middle,M065,22.359,183.514,-81.53877990551544,233.2802321090667,-0.009494395,0.0046449304,0.005045728,0.0017840224,-0.008687888,0.05037191,0.033674695,-0.9822744,0.1843991,0.011712313,monotonic_extrapolation,11.19213689601996,1.336327815963823e-13,ray_hit,0.0,1.304383e-13,right_middip_roll_rubber_link,1154
middle,M066,248.248,183.848,268.03842538244595,200.33374820693388,0.007710548,0.0065229526,0.009762252,0.0034913672,0.008523251,0.05513051,0.3177448,0.75426465,0.5745634,0.014046459,brown_exact,3.859051634285112e-13,3.859051634285112e-13,ray_hit,0.0,3.6948222e-13,right_middip_roll_rubber_link,1583
middle,M067,69.887,187.66,40.45407070879176,210.3915373894219,-0.008151995,0.006398959,0.008586572,0.002851713,-0.007341673,0.054175064,0.21614274,-0.8720946,0.43901405,0.0134584885,brown_exact,1.2867571943647515e-11,1.2867571943647515e-11,ray_hit,0.0,1.28603135e-11,right_middip_roll_rubber_link,1026
middle,M068,160.549,189.464,160.1534222082564,196.5941128000058,-0.00042170536,0.007786835,0.0121758,0.0042007356,0.00039347578,0.057768635,0.58873963,-0.027109629,0.807868,0.014459002,brown_exact,1.7974468099675162e-12,1.7974468099675162e-12,ray_hit,0.0,1.7907932e-12,right_middip_roll_rubber_link,1521
middle,M069,180.32,189.677,181.87338277433759,197.20639771101872,0.0015941756,0.007818774,0.01213673,0.0041436558,0.002409166,0.057761062,0.5897812,0.10495804,0.8007134,0.014524973,brown_exact,2.411993575746513e-12,2.411993575746513e-12,ray_hit,0.0,2.4218566e-12,right_middip_roll_rubber_link,1525
middle,M070,140.505,190.197,137.88714847566868,198.4181126683817,-0.0024498897,0.007817637,0.011962601,0.004042178,-0.0016352868,0.0576311,0.49108922,-0.18692419,0.8508177,0.014499008,brown_exact,6.297648730415031e-12,6.297648730415031e-12,ray_hit,0.0,6.3181274e-12,right_middip_roll_rubber_link,833
middle,M071,200.465,191.276,204.9577926595955,200.97439793646896,0.0036255154,0.007929092,0.011780157,0.0038155024,0.004439349,0.057570457,0.5000978,0.2022703,0.8420148,0.0146556115,brown_exact,1.621132128783716e-14,1.621132128783716e-14,ray_hit,0.0,0.0,right_middip_roll_rubber_link,1477
middle,M072,120.795,192.27,114.49931507822521,203.4624564292011,-0.00438053,0.007905496,0.011421675,0.0036212197,-0.0035674407,0.057288654,0.47410554,-0.35963142,0.8036723,0.014565046,brown_exact,0.0,0.0,ray_hit,0.0,0.0,right_middip_roll_rubber_link,1234
middle,M073,316.061,192.761,461.51824897657355,266.6715181852877,0.009881711,0.0051244604,0.0043562003,0.0008968566,0.010685177,0.050181802,-0.004762365,0.9905201,0.13728501,0.011953442,monotonic_extrapolation,23.238742183478564,1.4492867906890083e-14,ray_hit,0.0,6.3552875e-14,right_middip_roll_rubber_link,1343
middle,M074,266.356,194.828,305.3702451246321,225.65384016186763,0.00872841,0.0069993236,0.008118497,0.0020322616,0.009535917,0.054230276,0.17910264,0.9048916,0.38612613,0.013823374,brown_exact,1.2539883659639926e-11,1.2539883659639926e-11,ray_hit,0.0,1.2574768e-11,right_middip_roll_rubber_link,1379
middle,M075,220.852,195.382,231.13521256917997,210.2562986126688,0.0055929963,0.008196424,0.011013847,0.0030963775,0.006404278,0.05718111,0.39427257,0.46088368,0.79506946,0.014824566,brown_exact,7.263863829320982e-15,7.263863829320982e-15,ray_hit,0.0,2.842171e-14,right_middip_roll_rubber_link,1573
middle,M076,100.159,197.442,86.09752487830187,215.5553221452555,-0.0062195887,0.008127257,0.010356021,0.0027487893,-0.0054096216,0.056646653,0.3350719,-0.6267861,0.70346713,0.0145596275,brown_exact,2.5965968727351454e-12,2.5965968727351454e-12,ray_hit,0.0,2.6030313e-12,right_middip_roll_rubber_link,892
middle,M077,3.839,198.901,-202.80411582595391,304.19566501526026,-0.009635748,0.0050224247,0.003431056,0.00042191075,-0.0088341,0.04942697,-0.0516142,-0.9909784,0.12368402,0.011394935,monotonic_extrapolation,34.646012629088276,2.905545531728393e-14,ray_hit,0.0,1.3322676e-15,right_middip_roll_rubber_link,1108
middle,M078,54.586,198.983,2.859219312111975,238.54483092216577,-0.008751384,0.006799729,0.007076444,0.0015440548,-0.0079457285,0.053323295,0.100964904,-0.9395668,0.32713965,0.01314911,brown_exact,3.3444442666762494e-12,3.3444442666762494e-12,ray_hit,0.0,3.381019e-12,right_middip_roll_rubber_link,1302
middle,M079,244.579,204.647,269.67979782848295,233.01646892597276,0.00752978,0.0086199595,0.009384348,0.0016827545,0.008336033,0.05625603,0.26305524,0.7308072,0.6298593,0.014800921,brown_exact,2.0010522119308872e-11,2.0010522119308872e-11,ray_hit,0.0,1.9992485e-11,right_middip_roll_rubber_link,1371
middle,M080,160.41,205.776,159.75314413188187,219.69508974537501,-0.00044324188,0.009601245,0.01175905,0.0025751877,0.00036614278,0.05867587,0.40785962,-0.02851521,0.91259927,0.015187351,brown_exact,1.4492867906890083e-14,1.4492867906890083e-14,ray_hit,0.0,5.684342e-14,right_middip_roll_rubber_link,1561
middle,M081,179.625,206.032,181.97274154113933,220.51270962593026,0.001547092,0.009635015,0.011710579,0.0025105372,0.0023562587,0.058662545,0.4099127,0.12974577,0.90284973,0.015243513,brown_exact,1.4492867906890083e-14,1.4492867906890083e-14,ray_hit,0.0,2.842171e-14,right_middip_roll_rubber_link,1564
middle,M082,281.838,206.528,350.3344936807197,260.0945150484869,0.009270391,0.0073573696,0.006534208,0.0007025127,0.01007316,0.053294837,0.07248515,0.96169573,0.2643619,0.013519132,monotonic_extrapolation,1.7474514190463935,1.36962010219181e-13,ray_hit,0.0,8.038873e-14,right_middip_roll_rubber_link,1338
middle,M083,141.537,206.763,137.63580660418026,222.33132452874568,-0.002381477,0.009639121,0.0115204975,0.0023940625,-0.0015727506,0.058524266,0.40130237,-0.1994256,0.8939719,0.015208745,brown_exact,3.631931914660491e-15,3.631931914660491e-15,ray_hit,0.0,2.842171e-14,right_middip_roll_rubber_link,831
middle,M084,78.767,207.44,47.74089127488017,240.9768196528875,-0.0076913186,0.008429934,0.008606131,0.0013562788,-0.0068863262,0.05555122,0.18700163,-0.81869686,0.54292345,0.014292854,brown_exact,3.488491542823012e-12,3.488491542823012e-12,ray_hit,0.0,3.526612e-12,right_middip_roll_rubber_link,1293
middle,M085,198.823,207.745,205.21778735448504,225.29013711273018,0.0035107338,0.009740003,0.011334033,0.002173189,0.0043187104,0.05845355,0.40941325,0.21805283,0.8859084,0.015351,brown_exact,2.052067472307466e-14,2.052067472307466e-14,ray_hit,0.0,0.0,right_middip_roll_rubber_link,1566
middle,M086,122.55,209.139,113.69849312523748,229.0489580604895,-0.004270487,0.009734041,0.010959865,0.0019545043,-0.0034633398,0.05817193,0.39606276,-0.29791588,0.8685508,0.01526785,brown_exact,2.7491481169325337e-12,2.7491481169325337e-12,ray_hit,0.0,2.7608952e-12,right_middip_roll_rubber_link,1232
middle,M087,38.137,211.701,-56.36586021590551,283.596523352048,-0.009112469,0.0070449524,0.0053942404,0.00023559105,-0.008311481,0.052239563,-0.009742173,-0.9717773,0.2356988,0.012718737,monotonic_extrapolation,12.499222757533614,2.419514028302108e-12,ray_hit,0.0,2.4464556e-12,right_middip_roll_rubber_link,1118
middle,M088,218.068,211.702,231.46831332610452,236.17400816889278,0.0053860634,0.0099491,0.010553447,0.0014880296,0.0061916085,0.058014568,0.3169362,0.42524382,0.8477731,0.015471571,brown_exact,1.2228851713074994e-11,1.2228851713074994e-11,ray_hit,0.0,1.2221797e-11,right_middip_roll_rubber_link,1362
middle,M089,103.748,214.202,86.0557031882512,243.15896529565106,-0.0059562963,0.009875104,0.0099123465,0.0011535615,-0.005152016,0.057489283,0.2680343,-0.5918478,0.7601801,0.015206899,brown_exact,9.897392693360861e-13,9.897392693360861e-13,ray_hit,0.0,9.447814e-13,right_middip_roll_rubber_link,875
middle,M090,258.688,214.786,301.2687350157717,260.15778381969744,0.008359227,0.009021376,0.008008594,0.00045961022,0.009161125,0.055504393,0.15330712,0.85059625,0.5029741,0.0146764945,brown_exact,2.4786726479338893e-12,2.4786726479338893e-12,ray_hit,0.0,2.5242575e-12,right_middip_roll_rubber_link,1330
middle,M091,64.54,219.313,8.83505410491,277.36070294767796,-0.007452427,0.007873034,0.0062571573,0.00019379555,-0.006651578,0.053434994,-0.99711823,0.02058803,0.073016524,0.012517002,brown_exact,1.131086934051739e-11,1.131086934051739e-11,ray_hit,0.0,1.1319871e-11,right_middip_roll_rubber_link,3073
middle,M092,238.709,219.832,266.57899198360207,259.5088871664245,0.0058914158,0.008485093,0.007565903,0.0005695169,0.006693689,0.054816384,-0.99714917,0.02254514,0.07200907,0.012804236,brown_exact,2.8985735813780165e-14,2.8985735813780165e-14,ray_hit,0.0,2.842171e-14,right_middip_roll_rubber_link,3047
middle,M093,160.6,222.774,159.62131912378075,248.43090745290448,-0.0004277408,0.011457252,0.011052419,0.0007242978,0.00037504407,0.05939591,0.32150653,-0.027931325,0.9464953,0.015925061,brown_exact,1.3046425077889206e-13,1.3046425077889206e-13,ray_hit,0.0,1.1368684e-13,right_middip_roll_rubber_link,1351
middle,M094,178.731,223.399,182.1592275486503,250.12809408734745,0.0013460168,0.010580079,0.010079821,0.00071673916,0.0021487859,0.058086187,-0.9971035,0.02040198,0.07326931,0.014674898,brown_exact,1.4492810777812391e-11,1.4492810777812391e-11,ray_hit,0.0,1.44952115e-11,right_middip_roll_rubber_link,3125
middle,M095,142.57,223.736,136.9129592812612,251.6562423923251,-0.002295394,0.01147841,0.010815057,0.0005561237,-0.0014932208,0.05923398,0.25796384,-0.21453011,0.9420358,0.015937006,brown_exact,7.747823037159928e-12,7.747823037159928e-12,ray_hit,0.0,7.755794e-12,right_middip_roll_rubber_link,1229
middle,M096,84.812,223.801,50.0867085032603,271.2102110177859,-0.0059844945,0.008276089,0.006833368,0.0002758207,-0.0051833442,0.054132745,-0.9972712,0.019803861,0.07111972,0.012288317,brown_exact,5.971917294348072e-13,5.971917294348072e-13,ray_hit,0.0,5.8523883e-13,right_middip_roll_rubber_link,3034
middle,M097,296.325,224.149,423.6092523996424,328.8709841933345,0.008550469,0.0071422616,0.0043212115,-0.00061898486,0.00934852,0.05150865,-0.99719965,0.02055072,0.07190607,0.0119496975,monotonic_extrapolation,24.08891261583757,1.4492867906890083e-14,ray_hit,0.0,5.684342e-14,right_middip_roll_rubber_link,180
middle,M098,197.3,225.753,206.5346350192611,257.345647060198,0.0033768474,0.011666572,0.010558752,0.00022445327,0.004177874,0.05916996,0.2611435,0.24376799,0.9340135,0.016093453,brown_exact,2.9705396879642052e-12,2.9705396879642052e-12,ray_hit,0.0,2.9864442e-12,right_middip_roll_rubber_link,318
middle,M099,124.305,227.202,111.77741651121283,262.1437030647951,-0.0041102767,0.0116059,0.010165678,3.2636788e-05,-0.0033099817,0.058837637,0.22010867,-0.37588444,0.9001461,0.0159666,brown_exact,1.5192582107750824e-11,1.5192582107750824e-11,ray_hit,0.0,1.5169527e-11,right_middip_roll_rubber_link,306
middle,M100,214.618,230.145,232.32790600760862,271.21283163276064,0.0046656686,0.010927916,0.009028407,-0.00025808194,0.005464983,0.057539273,0.24044496,0.43693817,0.86675906,0.014923134,brown_exact,6.8925007087739895e-12,6.8925007087739895e-12,nearest_surface,4.3605996e-06,0.04533474,right_middip_roll_rubber_link,1937
middle,M101,107.395,232.037,84.80978594079751,278.2898921377002,-0.0052693738,0.010923117,0.008632401,-0.00048459077,-0.0044709304,0.057242233,-0.99711317,0.020554408,0.073095135,0.014886206,brown_exact,1.621132128783716e-14,1.621132128783716e-14,ray_hit,0.0,3.1776438e-14,right_middip_roll_rubber_link,249
index,M002,158.617,25.089,157.74122583145038,12.33541323191271,-0.00038319395,-0.0055741924,0.0072206804,0.009384229,0.0005047186,0.015649013,0.99338126,-0.04947568,0.10366219,0.009129988,brown_exact,1.4521282768960536e-14,1.4521282768960536e-14,ray_hit,0.0,1.4210855e-14,right_indexdip_roll_rubber_link,739
index,M003,197.788,26.563,203.13241632408116,12.404457683835318,0.0021471048,-0.0056374874,0.0073076785,0.009461683,0.0030360203,0.015671354,0.9911951,0.00067531964,0.13240784,0.009475943,brown_exact,1.621132128783716e-14,1.621132128783716e-14,ray_hit,0.0,4.6185278e-14,right_indexdip_roll_rubber_link,730
index,M004,120.017,27.718,112.02045904487514,12.25939792031788,-0.0028482578,-0.0054673324,0.0070769186,0.00923571,-0.0019621246,0.015613611,0.98417777,-0.100689836,0.14579308,0.009385471,brown_exact,7.263863829320982e-15,7.263863829320982e-15,ray_hit,0.0,1.0658141e-14,right_indexdip_roll_rubber_link,767
index,M005,233.017,31.523,248.83726909741023,12.359017919918188,0.004664123,-0.0055975295,0.00725261,0.009367515,0.0055521564,0.01565714,0.9892032,0.09758191,0.10933799,0.010280405,brown_exact,7.009541763466422e-12,7.009541763466422e-12,ray_hit,0.0,7.02646e-12,right_indexdip_roll_rubber_link,626
index,M006,85.175,33.106,63.52161724408646,11.009764398307581,-0.0052361027,-0.00529724,0.0067728283,0.008932111,-0.004353447,0.015501311,0.98250234,-0.16225238,0.09145135,0.0100672105,brown_exact,6.124266665000091e-12,6.124266665000091e-12,ray_hit,0.0,6.1232833e-12,right_indexdip_roll_rubber_link,1199
index,M007,264.338,37.563,300.319976674225,9.782481562766037,0.0069752755,-0.00532657,0.0067294375,0.008790824,0.007857116,0.015449437,0.8974557,0.43180066,0.090119205,0.011059482,brown_exact,3.4552954252264433e-12,3.4552954252264433e-12,ray_hit,0.0,3.5155713e-12,right_indexdip_roll_rubber_link,527
index,M008,53.956,39.67,6.271610611928253,7.425865739809865,-0.00743499,-0.0049720705,0.006141501,0.008292304,-0.0065594916,0.015249462,0.8954981,-0.42959803,0.11631305,0.0108498195,brown_exact,7.0273815276087156e-12,7.0273815276087156e-12,ray_hit,0.0,7.031286e-12,right_indexdip_roll_rubber_link,1209
index,M009,294.568,45.281,370.5212492545446,4.53757904141581,0.008614891,-0.004555007,0.005476669,0.0073614228,0.009481137,0.015034166,0.53016114,0.84418285,0.07927459,0.011178477,monotonic_extrapolation,0.7591844285019974,1.4527727658641964e-14,ray_hit,0.0,7.1054274e-15,right_indexdip_roll_rubber_link,283
index,M010,24.519,47.86,-75.68365652125692,-0.24120429297575186,-0.009068569,-0.0042867362,0.0049368218,0.006995101,-0.008207412,0.014812268,0.586221,-0.79932815,0.13198294,0.01117977,monotonic_extrapolation,8.912501118599508,4.4768104349687795e-13,ray_hit,0.0,4.2733105e-13,right_indexdip_roll_rubber_link,1189
index,M011,159.08,64.465,158.86724047538155,62.59839159634845,-0.00039572848,-0.003443747,0.008900007,0.008923795,0.00048712787,0.01832236,0.9707754,-0.0457285,0.23559274,0.009551236,brown_exact,1.3051479479633857e-13,1.3051479479633857e-13,ray_hit,0.0,1.1368684e-13,right_indexdip_roll_rubber_link,968
index,M012,193.744,65.408,195.1817203698814,63.000197262803965,0.0021001478,-0.0034591064,0.009011386,0.0089823,0.002983797,0.018394887,0.97494936,-0.0168279,0.22178955,0.009878315,brown_exact,7.845693371714471e-13,7.845693371714471e-13,ray_hit,0.0,7.8610566e-13,right_indexdip_roll_rubber_link,975
index,M013,124.554,66.114,122.07660631820181,63.15953979333001,-0.0028552895,-0.003355261,0.008768739,0.00879723,-0.001973971,0.018283958,0.97707427,-0.07740322,0.19832955,0.00981332,brown_exact,4.3770567477160327e-13,4.3770567477160327e-13,ray_hit,0.0,4.196415e-13,right_indexdip_roll_rubber_link,279
index,M014,226.019,68.296,232.0121851958881,63.82012823357675,0.0046207677,-0.0033909525,0.008980788,0.0088835,0.005503484,0.018417725,0.96951246,0.09551383,0.22566065,0.010653854,brown_exact,5.234182571308814e-14,5.234182571308814e-14,ray_hit,0.0,5.8592854e-14,right_indexdip_roll_rubber_link,670
index,M015,93.259,69.693,84.47140157555215,64.23310687656416,-0.005203856,-0.0031784475,0.008489106,0.008504561,-0.004325893,0.018194335,0.9478304,-0.22760339,0.22319116,0.010452156,brown_exact,3.2165178607611845e-12,3.2165178607611845e-12,ray_hit,0.0,3.2232335e-12,right_indexdip_roll_rubber_link,1268
index,M016,255.285,72.8,272.34910252941575,65.00100831146722,0.006920582,-0.0030998231,0.008411264,0.008260937,0.0077966014,0.018189052,0.84714925,0.47960663,0.22872609,0.011324871,brown_exact,7.246433953445041e-15,7.246433953445041e-15,ray_hit,0.0,3.1776438e-14,right_indexdip_roll_rubber_link,537
index,M017,63.793,73.911,39.671506796676724,64.27025375132686,-0.0073784753,-0.0028894707,0.0077231666,0.0078013637,-0.006508364,0.017818205,0.83452594,-0.48811287,0.2555627,0.011065181,brown_exact,1.161225189146201e-11,1.161225189146201e-11,ray_hit,0.0,1.1644737e-11,right_indexdip_roll_rubber_link,1095
index,M018,284.847,77.724,327.71366153222084,64.61260120718703,0.008613664,-0.0025685066,0.0069137355,0.0068458463,0.009474248,0.01743114,0.52117956,0.8440853,0.12606314,0.011339849,brown_exact,0.0,0.0,ray_hit,0.0,0.0,right_indexdip_roll_rubber_link,1615
index,M019,32.809,78.823,-27.385313256169212,62.47645833566268,-0.009001936,-0.0023787564,0.0061328444,0.00637594,-0.008147573,0.01697753,0.46671206,-0.8639189,0.18927225,0.01114922,brown_exact,3.199272725464767e-12,3.199272725464767e-12,ray_hit,0.0,3.2692688e-12,right_indexdip_roll_rubber_link,1135
index,M020,314.42,82.268,414.0913180674457,60.39808117427691,0.009526208,-0.0020181795,0.0049980544,0.0051455335,0.010368179,0.016375083,0.27008116,0.9594773,0.08037084,0.010945422,monotonic_extrapolation,6.467283092980084,3.623216976722521e-15,ray_hit,0.0,1.4210855e-14,right_indexdip_roll_rubber_link,1428
index,M021,1.338,86.467,-148.498992669785,59.67231123500691,-0.009818616,-0.0016793266,0.004102395,0.0045070183,-0.008984823,0.015935877,0.18095578,-0.97281325,0.14453155,0.010772883,monotonic_extrapolation,19.190753374715527,2.1302254979899589e-13,ray_hit,0.0,2.0712846e-13,right_indexdip_roll_rubber_link,1311
index,M022,159.385,98.764,159.36530867761368,98.70814454952729,-0.000420662,-0.0011414179,0.010346466,0.008179984,0.00045402595,0.020937553,0.9493507,-0.039620508,0.3117105,0.010417732,brown_exact,0.0,0.0,ray_hit,0.0,1.4210855e-14,right_indexdip_roll_rubber_link,854
index,M023,190.355,99.304,190.67723115409072,99.1196095191041,0.0020761387,-0.0011201401,0.010452229,0.008207489,0.002951279,0.02103041,0.92974305,0.014841241,0.36790976,0.010715136,brown_exact,1.4527727658641964e-14,1.4527727658641964e-14,ray_hit,0.0,2.842171e-14,right_indexdip_roll_rubber_link,576
index,M024,128.993,99.93,128.22126169498836,99.62640151128981,-0.0028450624,-0.0010545094,0.010209675,0.0080505125,-0.0019719424,0.02089399,0.9412272,-0.09121939,0.32522354,0.010651002,brown_exact,1.0919865976511855e-13,1.0919865976511855e-13,ray_hit,0.0,1.1368684e-13,right_indexdip_roll_rubber_link,958
index,M025,218.732,101.118,221.283610556109,100.50825310185215,0.0044791996,-0.0009996499,0.010355858,0.008027084,0.005352504,0.021039354,0.9110873,0.16674513,0.37698275,0.011327238,brown_exact,2.1791591487962947e-14,2.1791591487962947e-14,ray_hit,0.0,2.842171e-14,right_indexdip_roll_rubber_link,545
index,M026,100.677,101.911,96.35967386627098,101.09315689757636,-0.0051444056,-0.00090689695,0.0098523,0.007727017,-0.004274976,0.020727042,0.9038498,-0.25823233,0.34113282,0.0111514665,brown_exact,2.209074830870764e-14,2.209074830870764e-14,ray_hit,0.0,1.4210855e-14,right_indexdip_roll_rubber_link,779
index,M027,245.641,103.28,254.84773345963492,102.04881645785896,0.0066998214,-0.00082386367,0.009723579,0.0074491645,0.0075669144,0.020686883,0.8115624,0.44276342,0.38121775,0.01183699,brown_exact,3.3539260516488443e-13,3.3539260516488443e-13,ray_hit,0.0,3.129616e-13,right_indexdip_roll_rubber_link,485
index,M028,73.47,104.357,59.578009364508844,102.86709673992318,-0.007194695,-0.00070277223,0.008957073,0.006999064,-0.006333382,0.020198047,0.76064676,-0.5349296,0.3677864,0.0115102865,brown_exact,1.464024577111919e-14,1.464024577111919e-14,ray_hit,0.0,0.0,right_indexdip_roll_rubber_link,1039
index,M029,273.662,108.135,299.8281016359259,106.66161936873736,0.008511658,-0.00040706852,0.008241559,0.006128273,0.009364357,0.019863905,0.542639,0.784531,0.30009004,0.011854844,brown_exact,2.6172490804394793e-13,2.6172490804394793e-13,ray_hit,0.0,2.842171e-13,right_indexdip_roll_rubber_link,1450
index,M030,43.175,109.412,3.598290720564421,107.78599842375708,-0.0088285245,-0.00029244882,0.007171574,0.005517847,-0.007983573,0.01914513,0.4369004,-0.8637391,0.251143,0.011378042,brown_exact,5.815501649112981e-14,5.815501649112981e-14,ray_hit,0.0,5.684342e-14,right_indexdip_roll_rubber_link,1221
index,M031,302.383,113.968,365.97145733942284,113.63821414275544,0.009541304,2.5132667e-05,0.0062027136,0.004432113,0.010375441,0.018637279,0.33656996,0.933896,0.120660305,0.011380279,brown_exact,3.399636098455872e-12,3.399636098455872e-12,ray_hit,0.0,3.353882e-12,right_indexdip_roll_rubber_link,1431
index,M032,14.841,118.514,-77.20101012604428,120.67267270809344,-0.009588524,0.00030053844,0.0051871347,0.0037581995,-0.008762938,0.01806649,0.1826942,-0.96364385,0.19497009,0.010905799,monotonic_extrapolation,3.187592945097954,0.0,ray_hit,0.0,6.57252e-14,right_indexdip_roll_rubber_link,1129
index,M033,186.886,127.893,187.10316160041992,128.0288839861961,0.0019704686,0.0013145594,0.011501832,0.0071007498,0.002833451,0.023439111,0.8648235,0.029461166,0.50121087,0.011743209,brown_exact,3.631931914660491e-15,3.631931914660491e-15,ray_hit,0.0,1.4210855e-14,right_indexdip_roll_rubber_link,497
index,M034,159.826,128.0,159.8107076014275,128.0433942254088,-0.0004271854,0.0013118419,0.011466904,0.0071057337,0.00043570704,0.023411326,0.88657105,-0.035313036,0.46124268,0.011549601,brown_exact,2.026415160979645e-15,2.026415160979645e-15,ray_hit,0.0,0.0,right_indexdip_roll_rubber_link,848
index,M035,132.692,128.52,132.11596595040098,128.78078992489455,-0.0028047857,0.0013528264,0.01126874,0.0069688405,-0.0019435396,0.023291422,0.875972,-0.13838784,0.4620843,0.011691085,brown_exact,9.428049086571002e-13,9.428049086571002e-13,ray_hit,0.0,9.417841e-13,right_indexdip_roll_rubber_link,952
index,M036,212.563,128.651,214.36553254626543,129.20190513128563,0.0042899135,0.0013929548,0.011299371,0.0068816026,0.005150629,0.023341032,0.8173575,0.21723108,0.53360796,0.012166325,brown_exact,1.106074950286144e-12,1.106074950286144e-12,ray_hit,0.0,1.1243651e-12,right_indexdip_roll_rubber_link,1628
index,M037,107.485,129.564,104.3624320460226,130.41065214418342,-0.0049779806,0.0014311776,0.0107983425,0.0066198567,-0.0041206973,0.022994127,0.8223706,-0.2914895,0.4886108,0.011976342,brown_exact,2.1791591487962947e-14,2.1791591487962947e-14,ray_hit,0.0,2.842171e-14,right_indexdip_roll_rubber_link,915
index,M038,237.167,130.788,243.75847722404487,132.30804443977559,0.00644587,0.0015688093,0.010666968,0.006304259,0.0073003764,0.022988515,0.7194378,0.4670372,0.5140871,0.012561632,brown_exact,5.000940574640342e-12,5.000940574640342e-12,ray_hit,0.0,5.0094824e-12,right_indexdip_roll_rubber_link,1517
index,M039,82.513,132.032,72.44956658873717,134.2248631392158,-0.006931818,0.0015907185,0.009834094,0.005877826,-0.0060827998,0.022384003,0.6881136,-0.5456588,0.47828457,0.012136305,brown_exact,8.746705756051124e-14,8.746705756051124e-14,ray_hit,0.0,8.526513e-14,right_indexdip_roll_rubber_link,1281
index,M040,264.476,135.653,284.42453469739223,139.94014297557638,0.008380072,0.0018823054,0.009157977,0.005040774,0.009220823,0.022076394,0.50838405,0.78436255,0.35541677,0.012555366,brown_exact,1.2494127403151949e-11,1.2494127403151949e-11,ray_hit,0.0,1.2451986e-11,right_indexdip_roll_rubber_link,1435
index,M041,52.877,137.663,22.386202210036913,144.024655479637,-0.008592945,0.0018713587,0.007901811,0.0043951417,-0.007760306,0.021135228,0.30279702,-0.89735675,0.32103702,0.011822829,brown_exact,9.674381628084695e-12,9.674381628084695e-12,ray_hit,0.0,9.6707165e-12,right_indexdip_roll_rubber_link,1057
index,M042,291.589,144.15,341.29426095400527,155.75042584286578,0.009526124,0.002305559,0.00705816,0.0033092098,0.010347932,0.020798458,0.24294937,0.94928396,0.19958858,0.012078091,brown_exact,1.0671604988457353e-11,1.0671604988457353e-11,ray_hit,0.0,1.0626413e-11,right_indexdip_roll_rubber_link,1459
index,M043,29.014,147.47,-36.51322717893464,163.27470885401684,-0.009297271,0.0023236896,0.00604669,0.00282593,-0.008481905,0.020058649,0.13879602,-0.9620157,0.2350775,0.011331427,brown_exact,1.3924129939912461e-11,1.3924129939912461e-11,ray_hit,0.0,1.3922233e-11,right_indexdip_roll_rubber_link,1307
index,M044,184.192,151.951,184.71624851638038,152.97195913783412,0.0018535719,0.0036976216,0.012108772,0.005736468,0.0027015675,0.025484195,0.7737307,0.065251276,0.6301453,0.012795722,brown_exact,2.2040602868512912e-14,2.2040602868512912e-14,ray_hit,0.0,2.842171e-14,right_indexdip_roll_rubber_link,1634
index,M045,159.986,152.091,159.8834609831431,152.91383813362313,-0.00044436054,0.0036921925,0.012108647,0.0057656495,0.00040381702,0.02548047,0.80340785,-0.03003424,0.59467113,0.012666849,brown_exact,7.246433953445041e-15,7.246433953445041e-15,ray_hit,0.0,2.842171e-14,right_indexdip_roll_rubber_link,842
index,M046,136.136,152.394,135.15386085899164,153.71140077738738,-0.0026803287,0.0036939608,0.011876479,0.0056336103,-0.0018337356,0.025309056,0.73947394,-0.15309666,0.65554535,0.012723217,brown_exact,4.4262011570248025e-14,4.4262011570248025e-14,ray_hit,0.0,4.0194366e-14,right_indexdip_roll_rubber_link,828
index,M047,207.29,152.573,209.45424735289816,154.53162756489067,0.004053696,0.003759711,0.011848514,0.005492097,0.0048991414,0.025332244,0.7555506,0.19597276,0.62509036,0.013074982,brown_exact,4.870411772825586e-14,4.870411772825586e-14,ray_hit,0.0,6.3552875e-14,right_indexdip_roll_rubber_link,1510
index,M048,312.022,153.095,406.0390774747739,177.37144570880002,0.009981425,0.0026640203,0.005411607,0.0019365357,0.010788187,0.019814149,0.1412905,0.9833336,0.114420265,0.01166239,monotonic_extrapolation,5.244170994262152,0.0,ray_hit,0.0,2.842171e-14,right_indexdip_roll_rubber_link,1597
index,M049,113.203,153.339,109.77795715461102,155.94964632728352,-0.0047577475,0.0037210523,0.011338528,0.005276501,-0.0039152005,0.024927258,0.6947651,-0.37680563,0.6126329,0.012846969,brown_exact,3.62879694812131e-14,3.62879694812131e-14,ray_hit,0.0,4.0194366e-14,right_indexdip_roll_rubber_link,912
index,M050,227.871,154.222,233.70591348178465,157.93034226967217,0.0059565813,0.0038774402,0.011292942,0.0050121252,0.0067968713,0.024997968,0.66411775,0.4247776,0.615233,0.013343385,brown_exact,8.749575644910456e-12,8.749575644910456e-12,ray_hit,0.0,8.767026e-12,right_indexdip_roll_rubber_link,1499
index,M051,88.41,154.834,78.41394564475583,160.16473573837624,-0.006756407,0.0036940386,0.010247916,0.0045891283,-0.005921528,0.02409842,0.5265805,-0.6228096,0.57863736,0.012818531,brown_exact,1.4527727658641964e-14,1.4527727658641964e-14,ray_hit,0.0,1.4210855e-14,right_indexdip_roll_rubber_link,1245
index,M052,8.07,156.659,-118.91427666968602,190.02773457385945,-0.009616809,0.0026145622,0.004437236,0.0015368172,-0.008815615,0.019056711,0.038183764,-0.9840481,0.17375633,0.01090908,monotonic_extrapolation,15.31197566350947,5.856098308447677e-14,ray_hit,0.0,3.5527137e-14,right_indexdip_roll_rubber_link,1157
index,M053,255.711,160.912,274.0076959509041,170.30140743654053,0.008153013,0.004275525,0.00975882,0.0036660733,0.008978656,0.02412374,0.48397848,0.74083436,0.46575668,0.013415897,brown_exact,1.346063085556048e-11,1.346063085556048e-11,ray_hit,0.0,1.347237e-11,right_indexdip_roll_rubber_link,1557
index,M054,61.788,163.898,33.77295889355665,177.38634756355927,-0.008310458,0.0040901857,0.008306749,0.0030134635,-0.0074929725,0.022920296,0.29731694,-0.86622816,0.40156114,0.01244168,brown_exact,9.750067788532476e-12,9.750067788532476e-12,ray_hit,0.0,9.754207e-12,right_indexdip_roll_rubber_link,1082
index,M055,280.575,169.573,323.9379575223836,190.18362835255385,0.009396826,0.0045587765,0.0077211596,0.002079079,0.010205119,0.022798372,0.24995363,0.9164811,0.3123869,0.012988421,brown_exact,1.0399175890730302e-13,1.0399175890730302e-13,ray_hit,0.0,1.1718571e-13,right_indexdip_roll_rubber_link,1591
index,M056,160.092,171.974,159.84933391413733,175.00521449192405,-0.0004541949,0.0058269985,0.012289293,0.0042996327,0.00037788547,0.0270426,0.6725501,-0.021633228,0.73973536,0.01360834,brown_exact,7.246433953445041e-15,7.246433953445041e-15,ray_hit,0.0,0.0,right_indexdip_roll_rubber_link,810
index,M057,182.108,172.349,183.11389694570374,175.72211866517026,0.0017305008,0.0058937464,0.012287744,0.004224993,0.0025618933,0.027086092,0.67792916,0.09401044,0.7290912,0.013737523,brown_exact,1.026033736153733e-14,1.026033736153733e-14,ray_hit,0.0,0.0,right_indexdip_roll_rubber_link,1490
index,M058,138.806,172.666,137.1216535957498,176.47316631541105,-0.0025377506,0.00584782,0.012047483,0.004145309,-0.0017074903,0.026876763,0.66169786,-0.14789788,0.7350389,0.013630078,brown_exact,1.621132128783716e-14,1.621132128783716e-14,ray_hit,0.0,0.0,right_indexdip_roll_rubber_link,836
index,M059,40.579,172.868,-15.83007919577173,199.299945491141,-0.008996,0.0043056454,0.0065211193,0.0016666026,-0.008193344,0.021736948,0.12902123,-0.94450176,0.3021091,0.011916022,brown_exact,0.0,0.0,ray_hit,0.0,7.1054274e-15,right_indexdip_roll_rubber_link,1305
index,M060,203.158,173.287,206.265489578349,178.07402711005196,0.0038217807,0.005985531,0.012027324,0.0039596357,0.0046503856,0.026953882,0.594605,0.19091468,0.78102267,0.013967431,brown_exact,7.246433953445041e-15,7.246433953445041e-15,ray_hit,0.0,0.0,right_indexdip_roll_rubber_link,1528
index,M061,117.68,174.056,113.132768231346,179.85039474809355,-0.0045317737,0.0058810273,0.011502807,0.0037782397,-0.0037056638,0.026494056,0.63238895,-0.32044572,0.70526505,0.013690801,brown_exact,4.170151253181427e-12,4.170151253181427e-12,ray_hit,0.0,4.1864897e-12,right_indexdip_roll_rubber_link,881
index,M062,224.528,176.259,232.30312284171495,184.33608876788247,0.0058692098,0.0061973594,0.011358143,0.003332144,0.0066910484,0.026598085,0.58582,0.3752677,0.71832377,0.014207825,brown_exact,1.861585299626269e-12,1.861585299626269e-12,ray_hit,0.0,1.874325e-12,right_indexdip_roll_rubber_link,1531
index,M063,95.881,177.807,84.83266274155187,188.01772110681563,-0.00636907,0.0059890742,0.010436936,0.0030052431,-0.0055515585,0.025773942,0.45647007,-0.6164191,0.6416094,0.013614834,brown_exact,7.246433953445041e-15,7.246433953445041e-15,ray_hit,0.0,2.842171e-14,right_indexdip_roll_rubber_link,908
index,M064,297.817,178.29,384.83380554148084,219.7122542774851,0.009928126,0.0048190854,0.0059011877,0.0006625506,0.0107208975,0.021619493,0.14265877,0.97580945,0.16566342,0.012514602,brown_exact,0.46665897882637436,0.46665897882637436,ray_hit,0.0,0.46665898,right_indexdip_roll_rubber_link,1385
index,M065,22.359,183.514,-81.53877990551544,233.2802321090667,-0.009309251,0.0045543527,0.0049473345,0.0004326204,-0.008520163,0.020733327,0.025266634,-0.97477794,0.22174212,0.011483919,monotonic_extrapolation,11.19213689601996,1.336327815963823e-13,ray_hit,0.0,1.1910866e-13,right_indexdip_roll_rubber_link,1155
index,M066,248.248,183.848,268.03842538244595,200.33374820693388,0.007847385,0.0066387136,0.0099355,0.0020308804,0.008655055,0.025835672,0.36431834,0.7120953,0.60016024,0.014295738,brown_exact,3.859051634285112e-13,3.859051634285112e-13,ray_hit,0.0,3.6948222e-13,right_indexdip_roll_rubber_link,1581
index,M067,69.887,187.66,40.45407070879176,210.3915373894219,-0.007980055,0.0062639946,0.008405467,0.0014599251,-0.007179608,0.024447605,0.18204011,-0.8609408,0.4750182,0.013174626,brown_exact,1.2867571943647515e-11,1.2867571943647515e-11,ray_hit,0.0,1.2871521e-11,right_indexdip_roll_rubber_link,1026
index,M068,160.549,189.464,160.1534222082564,196.5941128000058,-0.0004213454,0.007780188,0.012165407,0.002764485,0.00039388135,0.028256867,0.5804685,-0.08499922,0.8098342,0.01444666,brown_exact,1.7974468099675162e-12,1.7974468099675162e-12,ray_hit,0.0,1.8192114e-12,right_indexdip_roll_rubber_link,1643
index,M069,180.32,189.677,181.87338277433759,197.20639771101872,0.0015959804,0.007827626,0.012150469,0.0026970832,0.0024105886,0.02827749,0.49972856,0.060942274,0.86403555,0.014541416,brown_exact,2.411993575746513e-12,2.411993575746513e-12,ray_hit,0.0,2.4218566e-12,right_indexdip_roll_rubber_link,1473
index,M070,140.505,190.197,137.88714847566868,198.4181126683817,-0.0024394684,0.007784383,0.011911715,0.0026138565,-0.0016260173,0.028071076,0.5745951,-0.15911031,0.80282277,0.014437333,brown_exact,6.297648730415031e-12,6.297648730415031e-12,ray_hit,0.0,6.2898727e-12,right_indexdip_roll_rubber_link,834
index,M071,200.465,191.276,204.9577926595955,200.97439793646896,0.0036412424,0.007963487,0.011831257,0.0023601456,0.0044522746,0.028131053,0.50450444,0.21594831,0.8359674,0.014719185,brown_exact,1.621132128783716e-14,1.621132128783716e-14,ray_hit,0.0,2.842171e-14,right_indexdip_roll_rubber_link,1476
index,M072,120.795,192.27,114.49931507822521,203.4624564292011,-0.0043380265,0.00782879,0.011310852,0.0021998354,-0.0035292355,0.027654089,0.46508935,-0.37058088,0.8039662,0.014423723,brown_exact,0.0,0.0,ray_hit,0.0,3.1776438e-14,right_indexdip_roll_rubber_link,1235
index,M073,316.061,192.761,461.51824897657355,266.6715181852877,0.0101538915,0.005265608,0.004476187,-0.0006248922,0.0109325405,0.020858783,0.051663253,0.9953181,0.08168713,0.012282686,monotonic_extrapolation,23.238742183478564,1.4492867906890083e-14,ray_hit,0.0,2.842171e-14,right_indexdip_roll_rubber_link,1342
index,M074,266.356,194.828,305.3702451246321,225.65384016186763,0.008953372,0.0071797203,0.008327739,0.00054130837,0.009744753,0.025002293,0.23424768,0.8808291,0.41142207,0.014179651,brown_exact,1.2539883659639926e-11,1.2539883659639926e-11,ray_hit,0.0,1.2574768e-11,right_indexdip_roll_rubber_link,1377
index,M075,220.852,195.382,231.13521256917997,210.2562986126688,0.005648525,0.0082778,0.011123194,0.001630909,0.0064516715,0.027814897,0.41475627,0.4202115,0.80709326,0.014971749,brown_exact,7.263863829320982e-15,7.263863829320982e-15,ray_hit,0.0,2.842171e-14,right_indexdip_roll_rubber_link,1571
index,M076,100.159,197.442,86.09752487830187,215.5553221452555,-0.0061211525,0.007998629,0.010192119,0.0013449556,-0.0053218557,0.026936006,0.30668205,-0.6136547,0.72758096,0.014329195,brown_exact,2.5965968727351454e-12,2.5965968727351454e-12,ray_hit,0.0,2.5882488e-12,right_indexdip_roll_rubber_link,891
index,M077,3.839,198.901,-202.80411582595391,304.19566501526026,-0.009437847,0.004919273,0.003360588,-0.00089844636,-0.008663381,0.019797795,-0.0583775,-0.98521936,0.16104303,0.011160903,monotonic_extrapolation,34.646012629088276,2.905545531728393e-14,ray_hit,0.0,2.7089442e-14,right_indexdip_roll_rubber_link,1109
index,M078,54.586,198.983,2.859219312111975,238.54483092216577,-0.00853013,0.006627817,0.006897536,0.0001870133,-0.0077436916,0.023569932,0.05156639,-0.9340496,0.35340104,0.012816671,brown_exact,3.3444442666762494e-12,3.3444442666762494e-12,ray_hit,0.0,3.3811085e-12,right_indexdip_roll_rubber_link,1168
index,M079,244.579,204.647,269.67979782848295,233.01646892597276,0.00768276,0.008795088,0.009575007,0.0001886186,0.008470193,0.02700994,0.30336356,0.6891159,0.65809566,0.0151016265,brown_exact,2.0010522119308872e-11,2.0010522119308872e-11,ray_hit,0.0,1.9992485e-11,right_indexdip_roll_rubber_link,1369
index,M080,160.41,205.776,159.75314413188187,219.69508974537501,-0.00044268605,0.009589205,0.011744305,0.0011383289,0.0003546845,0.029153751,0.39927438,-0.0880585,0.9125928,0.0151683055,brown_exact,1.4492867906890083e-14,1.4492867906890083e-14,ray_hit,0.0,0.0,right_indexdip_roll_rubber_link,1647
index,M081,179.625,206.032,181.97274154113933,220.51270962593026,0.0015477594,0.009639172,0.01171563,0.0010601549,0.0023443915,0.029165855,0.40998015,0.07183243,0.90926147,0.015250088,brown_exact,1.4492867906890083e-14,1.4492867906890083e-14,ray_hit,0.0,2.842171e-14,right_indexdip_roll_rubber_link,1563
index,M082,281.838,206.528,350.3344936807197,260.0945150484869,0.008314046,0.006598374,0.0058601312,-0.000669847,0.009092091,0.022779023,-0.9957316,0.061343327,0.06896085,0.012124481,monotonic_extrapolation,1.7474514190463935,1.36962010219181e-13,ray_hit,0.0,1.4210855e-13,right_indexdip_roll_rubber_link,3065
index,M083,141.537,206.763,137.63580660418026,222.33132452874568,-0.0023701498,0.0095932735,0.011465702,0.0009701376,-0.0015747423,0.028949358,0.39412498,-0.17522927,0.9021974,0.015136408,brown_exact,3.631931914660491e-15,3.631931914660491e-15,ray_hit,0.0,0.0,right_indexdip_roll_rubber_link,830
index,M084,78.767,207.44,47.74089127488017,240.9768196528875,-0.007502417,0.008222892,0.008394762,-8.65372e-06,-0.0067180656,0.02574983,0.13830741,-0.838619,0.5268674,0.013941817,brown_exact,3.488491542823012e-12,3.488491542823012e-12,ray_hit,0.0,3.5155713e-12,right_indexdip_roll_rubber_link,1018
index,M085,198.823,207.745,205.21778735448504,225.29013711273018,0.003529085,0.009790916,0.011393277,0.0007100117,0.0043219924,0.029027706,0.41593796,0.23848225,0.87756586,0.015431242,brown_exact,2.052067472307466e-14,2.052067472307466e-14,ray_hit,0.0,4.0194366e-14,right_indexdip_roll_rubber_link,1566
index,M086,122.55,209.139,113.69849312523748,229.0489580604895,-0.0042259847,0.009632603,0.010845653,0.0005465904,-0.0034353393,0.028514711,0.358421,-0.42302278,0.8322176,0.015108746,brown_exact,2.7491481169325337e-12,2.7491481169325337e-12,ray_hit,0.0,2.7538642e-12,right_indexdip_roll_rubber_link,802
index,M087,38.137,211.701,-56.36586021590551,283.596523352048,-0.008863997,0.006852856,0.0052471543,-0.0010803762,-0.008091494,0.022493538,-0.047137436,-0.96022433,0.2752223,0.012371932,monotonic_extrapolation,12.499222757533614,2.419514028302108e-12,ray_hit,0.0,2.4571222e-12,right_indexdip_roll_rubber_link,1118
index,M088,218.068,211.702,231.46831332610452,236.17400816889278,0.005437697,0.010044477,0.010654617,6.5550325e-06,0.006222995,0.02864817,0.33385804,0.36273724,0.87003475,0.015619889,brown_exact,1.2228851713074994e-11,1.2228851713074994e-11,ray_hit,0.0,1.2221797e-11,right_indexdip_roll_rubber_link,1360
index,M089,103.748,214.202,86.0557031882512,243.15896529565106,-0.0058518494,0.009701939,0.009738529,-0.00022754105,-0.005069802,0.027738038,0.2284648,-0.63004816,0.74218804,0.014940238,brown_exact,9.897392693360861e-13,9.897392693360861e-13,ray_hit,0.0,9.685299e-13,right_indexdip_roll_rubber_link,890
index,M090,258.688,214.786,301.2687350157717,260.15778381969744,0.0065852897,0.007106921,0.006309065,-0.0007286575,0.0073625846,0.0234529,-0.9957159,0.0605513,0.06988115,0.01156195,brown_exact,2.4786726479338893e-12,2.4786726479338893e-12,ray_hit,0.0,2.4914023e-12,right_indexdip_roll_rubber_link,3062
index,M091,64.54,219.313,8.83505410491,277.36070294767796,-0.008093207,0.008549979,0.0067951656,-0.0013151165,-0.007323236,0.024779443,0.011404688,-0.9187562,0.39466056,0.013593249,brown_exact,1.131086934051739e-11,1.131086934051739e-11,ray_hit,0.0,1.1329617e-11,right_indexdip_roll_rubber_link,1166
index,M092,238.709,219.832,266.57899198360207,259.5088871664245,0.0072485786,0.010439741,0.009308805,-0.0012072263,0.008020659,0.027912047,0.05462277,0.6954361,0.71650887,0.015753854,brown_exact,2.8985735813780165e-14,2.8985735813780165e-14,ray_hit,0.0,2.842171e-14,right_indexdip_roll_rubber_link,329
index,M093,160.6,222.774,159.62131912378075,248.43090745290448,-0.00042693072,0.011435554,0.011031488,-0.00071108394,0.0003501346,0.029858742,0.3139448,-0.086595796,0.9454839,0.015894901,brown_exact,1.3046425077889206e-13,1.3046425077889206e-13,ray_hit,0.0,1.1368684e-13,right_indexdip_roll_rubber_link,1650
index,M094,178.731,223.399,182.1592275486503,250.12809408734745,0.0013255749,0.0104194,0.009926739,-0.00071380375,0.002102716,0.02835782,-0.9957228,0.061289415,0.069136046,0.014452032,brown_exact,1.4492810777812391e-11,1.4492810777812391e-11,ray_hit,0.0,1.44952115e-11,right_indexdip_roll_rubber_link,3123
index,M095,142.57,223.736,136.9129592812612,251.6562423923251,-0.0022827855,0.011415359,0.01075565,-0.00086017523,-0.001507469,0.029640174,0.30735373,-0.18069437,0.9342822,0.015849466,brown_exact,7.747823037159928e-12,7.747823037159928e-12,ray_hit,0.0,7.755794e-12,right_indexdip_roll_rubber_link,1230
index,M096,84.812,223.801,50.0867085032603,271.2102110177859,-0.0071017505,0.009821167,0.008109102,-0.0013922021,-0.006332566,0.026606452,0.081948556,-0.8163754,0.5716779,0.014582446,brown_exact,5.971917294348072e-13,5.971917294348072e-13,ray_hit,0.0,5.534941e-13,right_indexdip_roll_rubber_link,1295
index,M097,296.325,224.149,423.6092523996424,328.8709841933345,0.008821486,0.006908039,0.004689365,-0.001688616,0.009588376,0.02211578,-0.9958125,0.06134349,0.067782775,0.012146182,monotonic_extrapolation,24.08891261583757,1.4492867906890083e-14,nearest_surface,0.0004783893,7.1424785,right_indexdip_roll_rubber_link,180
index,M098,197.3,225.753,206.5346350192611,257.345647060198,0.0033922752,0.011719873,0.010606992,-0.0012482698,0.0041636727,0.029733332,0.2507679,0.1781304,0.9515172,0.01616698,brown_exact,2.9705396879642052e-12,2.9705396879642052e-12,ray_hit,0.0,2.9864442e-12,right_indexdip_roll_rubber_link,320
index,M099,124.305,227.202,111.77741651121283,262.1437030647951,-0.003485152,0.009840779,0.008619598,-0.0011050708,-0.002712597,0.026999077,-0.9957534,0.061059255,0.06889808,0.013538267,brown_exact,1.5192582107750824e-11,1.5192582107750824e-11,ray_hit,0.0,1.5169527e-11,right_indexdip_roll_rubber_link,3103
index,M100,214.618,230.145,232.32790600760862,271.21283163276064,0.004689557,0.01084006,0.0092324205,-0.0015277988,0.0054579633,0.02812301,-0.99589497,0.0605082,0.06731986,0.014991212,brown_exact,6.8925007087739895e-12,6.8925007087739895e-12,nearest_surface,0.00021763363,2.2381332,right_indexdip_roll_rubber_link,215
index,M101,107.395,232.037,84.80978594079751,278.2898921377002,-0.005524095,0.01145114,0.009049691,-0.0019921255,-0.0047614025,0.02839588,0.08387903,-0.64737874,0.7575388,0.0156058045,brown_exact,1.621132128783716e-14,1.621132128783716e-14,ray_hit,0.0,1.4210855e-14,right_indexdip_roll_rubber_link,879
ring,M002,158.617,25.089,157.74122583145038,12.33541323191271,-0.00038386203,-0.0055839103,0.007233269,0.009388833,-0.0007429211,0.015666204,0.99498266,0.0033604414,0.09999086,0.009145905,brown_exact,1.4521282768960536e-14,1.4521282768960536e-14,ray_hit,0.0,2.842171e-14,right_ringdip_roll_rubber_link,736
ring,M003,197.788,26.563,203.13241632408116,12.404457683835318,0.002111248,-0.005543341,0.0071856393,0.009335643,0.0017523929,0.01565796,0.9950317,0.032823976,0.093992025,0.009317693,brown_exact,1.621132128783716e-14,1.621132128783716e-14,ray_hit,0.0,1.7763568e-14,right_ringdip_roll_rubber_link,745
ring,M004,120.017,27.718,112.02045904487514,12.25939792031788,-0.002902347,-0.005571158,0.007211311,0.009355751,-0.0032613047,0.01565842,0.9904794,-0.05412675,0.12657331,0.009563703,brown_exact,7.263863829320982e-15,7.263863829320982e-15,ray_hit,0.0,3.1974423e-14,right_ringdip_roll_rubber_link,932
ring,M005,233.017,31.523,248.83726909741023,12.359017919918188,0.004518717,-0.005423024,0.0070265066,0.009148266,0.0041605397,0.015620223,0.98855865,0.10702215,0.10629204,0.009959909,brown_exact,7.009541763466422e-12,7.009541763466422e-12,ray_hit,0.0,6.9734483e-12,right_ringdip_roll_rubber_link,632
ring,M006,85.175,33.106,63.52161724408646,11.009764398307581,-0.0054081134,-0.005471259,0.0069953213,0.009128113,-0.0057662814,0.015564771,0.970455,-0.21201764,0.11517676,0.010397927,brown_exact,6.124266665000091e-12,6.124266665000091e-12,ray_hit,0.0,6.143352e-12,right_ringdip_roll_rubber_link,1102
ring,M007,264.338,37.563,300.319976674225,9.782481562766037,0.0068022627,-0.0051944517,0.006562523,0.008676006,0.006445771,0.015428399,0.9280249,0.34976944,0.12818417,0.010785166,brown_exact,3.4552954252264433e-12,3.4552954252264433e-12,ray_hit,0.0,3.4576795e-12,right_ringdip_roll_rubber_link,663
ring,M008,53.956,39.67,6.271610611928253,7.425865739809865,-0.0075829364,-0.005071008,0.006263709,0.008333412,-0.007938306,0.015288959,0.81766427,-0.5605619,0.13113163,0.011065718,brown_exact,7.0273815276087156e-12,7.0273815276087156e-12,ray_hit,0.0,7.0427652e-12,right_ringdip_roll_rubber_link,1213
ring,M009,294.568,45.281,370.5212492545446,4.53757904141581,0.008649145,-0.0045731184,0.005498445,0.0075087724,0.008296796,0.015053481,0.634468,0.76185006,0.13051759,0.011222924,monotonic_extrapolation,0.7591844285019974,1.4527727658641964e-14,ray_hit,0.0,7.1054274e-15,right_ringdip_roll_rubber_link,282
ring,M010,24.519,47.86,-75.68365652125692,-0.24120429297575186,-0.00897453,-0.0042422833,0.004885628,0.006790482,-0.009324448,0.014819493,0.476606,-0.87578696,0.07644578,0.011063838,monotonic_extrapolation,8.912501118599508,4.4768104349687795e-13,ray_hit,0.0,4.3783502e-13,right_ringdip_roll_rubber_link,1185
ring,M011,159.08,64.465,158.86724047538155,62.59839159634845,-0.00039651312,-0.003450575,0.008917653,0.008930698,-0.0007539511,0.01834546,0.9725471,0.012417134,0.23237464,0.009570174,brown_exact,1.3051479479633857e-13,1.3051479479633857e-13,ray_hit,0.0,1.4210855e-13,right_ringdip_roll_rubber_link,967
ring,M012,193.744,65.408,195.1817203698814,63.000197262803965,0.0020679515,-0.0034060767,0.008873236,0.00887663,0.0017107204,0.018342232,0.9742557,0.03955934,0.22194801,0.009726875,brown_exact,7.845693371714471e-13,7.845693371714471e-13,ray_hit,0.0,7.445457e-13,right_ringdip_roll_rubber_link,974
ring,M013,124.554,66.114,122.07660631820181,63.15953979333001,-0.0029091097,-0.0034185052,0.008934024,0.008908932,-0.0032664863,0.018379087,0.97318125,-0.047158595,0.22515388,0.009998294,brown_exact,4.3770567477160327e-13,4.3770567477160327e-13,ray_hit,0.0,4.196415e-13,right_ringdip_roll_rubber_link,763
ring,M014,226.019,68.296,232.0121851958881,63.82012823357675,0.0044966703,-0.0032998838,0.008739597,0.008716884,0.0041400194,0.018313989,0.9589956,0.15651363,0.23628585,0.01036773,brown_exact,5.234182571308814e-14,5.234182571308814e-14,ray_hit,0.0,5.8592854e-14,right_ringdip_roll_rubber_link,671
ring,M015,93.259,69.693,84.47140157555215,64.23310687656416,-0.005351057,-0.0032683557,0.008729236,0.008651676,-0.0057075387,0.018327389,0.94325775,-0.21981183,0.24889277,0.010747815,brown_exact,3.2165178607611845e-12,3.2165178607611845e-12,ray_hit,0.0,3.2191272e-12,right_ringdip_roll_rubber_link,1270
ring,M016,255.285,72.8,272.34910252941575,65.00100831146722,0.0067699975,-0.0030323742,0.008228243,0.008183955,0.006415247,0.01811302,0.8636779,0.4458682,0.23507866,0.011078455,brown_exact,7.246433953445041e-15,7.246433953445041e-15,ray_hit,0.0,3.1776438e-14,right_ringdip_roll_rubber_link,562
ring,M017,63.793,73.911,39.671506796676724,64.27025375132686,-0.007519896,-0.0029448522,0.007871194,0.00782942,-0.007873481,0.017906269,0.78859985,-0.5817922,0.19906832,0.011277264,brown_exact,1.161225189146201e-11,1.161225189146201e-11,ray_hit,0.0,1.1644737e-11,right_ringdip_roll_rubber_link,1067
ring,M018,284.847,77.724,327.71366153222084,64.61260120718703,0.008586843,-0.0025605087,0.006892208,0.0069456925,0.008236485,0.017435992,0.5623374,0.80143976,0.20364416,0.011304539,brown_exact,0.0,0.0,ray_hit,0.0,5.684342e-14,right_ringdip_roll_rubber_link,478
ring,M019,32.809,78.823,-27.385313256169212,62.47645833566268,-0.008979855,-0.0023729217,0.006117801,0.0062259156,-0.009327775,0.016986066,0.4398931,-0.88921005,0.12569618,0.011121872,brown_exact,3.199272725464767e-12,3.199272725464767e-12,ray_hit,0.0,3.2413523e-12,right_ringdip_roll_rubber_link,1133
ring,M020,314.42,82.268,414.0913180674457,60.39808117427691,0.009578649,-0.0020292893,0.0050255684,0.005305332,0.009234102,0.016404392,0.2742302,0.9474024,0.16500442,0.0110056745,monotonic_extrapolation,6.467283092980084,3.623216976722521e-15,ray_hit,0.0,5.684342e-14,right_ringdip_roll_rubber_link,1444
ring,M021,1.338,86.467,-148.498992669785,59.67231123500691,-0.009715977,-0.0016617718,0.0040595103,0.004317487,-0.010057149,0.015932461,0.21284808,-0.9744594,0.0715861,0.010660268,monotonic_extrapolation,19.190753374715527,2.1302254979899589e-13,ray_hit,0.0,1.6705547e-13,right_ringdip_roll_rubber_link,1310
ring,M022,159.385,98.764,159.36530867761368,98.70814454952729,-0.0004216735,-0.0011441625,0.010371344,0.008189532,-0.0007764889,0.020969113,0.95081776,0.0075566173,0.3096587,0.010442782,brown_exact,0.0,0.0,ray_hit,0.0,1.4210855e-14,right_ringdip_roll_rubber_link,854
ring,M023,190.355,99.304,190.67723115409072,99.1196095191041,0.002051561,-0.0011068796,0.010328493,0.008141903,0.0016969295,0.02096222,0.94416803,0.045247123,0.32634243,0.010588288,brown_exact,1.4527727658641964e-14,1.4527727658641964e-14,ray_hit,0.0,1.4210855e-14,right_ringdip_roll_rubber_link,510
ring,M024,128.993,99.93,128.22126169498836,99.62640151128981,-0.002888923,-0.0010707661,0.010367071,0.008123402,-0.00324352,0.021015054,0.9294961,-0.06405052,0.36322787,0.010815201,brown_exact,1.0919865976511855e-13,1.0919865976511855e-13,ray_hit,0.0,1.1368684e-13,right_ringdip_roll_rubber_link,957
ring,M025,218.732,101.118,221.283610556109,100.50825310185215,0.004387173,-0.0009791118,0.010143093,0.007931159,0.004033302,0.020909952,0.9220926,0.1717096,0.34678677,0.011094516,brown_exact,2.1791591487962947e-14,2.1791591487962947e-14,ray_hit,0.0,1.4210855e-14,right_ringdip_roll_rubber_link,570
ring,M026,100.677,101.911,96.35967386627098,101.09315689757636,-0.005260083,-0.00092728954,0.010073841,0.00781217,-0.0056135934,0.02089317,0.8968445,-0.2544096,0.3618642,0.011402219,brown_exact,2.209074830870764e-14,2.209074830870764e-14,ray_hit,0.0,2.0097183e-14,right_ringdip_roll_rubber_link,778
ring,M027,245.641,103.28,254.84773345963492,102.04881645785896,0.0065556113,-0.00080613047,0.009514283,0.007389502,0.0062036705,0.020558447,0.8203792,0.42182195,0.3860624,0.011582205,brown_exact,3.3539260516488443e-13,3.3539260516488443e-13,ray_hit,0.0,2.842171e-13,right_ringdip_roll_rubber_link,590
ring,M028,73.47,104.357,59.578009364508844,102.86709673992318,-0.0073360037,-0.00071657513,0.009132996,0.0070186458,-0.0076867193,0.020335043,0.6965021,-0.6094654,0.37873045,0.011736356,brown_exact,1.464024577111919e-14,1.464024577111919e-14,ray_hit,0.0,1.4210855e-14,right_ringdip_roll_rubber_link,1036
ring,M029,273.662,108.135,299.8281016359259,106.66161936873736,0.008377464,-0.00040065072,0.008111624,0.006156003,0.0080299,0.019787483,0.5259088,0.8103194,0.25846136,0.011667942,brown_exact,2.6172490804394793e-13,2.6172490804394793e-13,ray_hit,0.0,2.2737368e-13,right_ringdip_roll_rubber_link,1617
ring,M030,43.175,109.412,3.598290720564421,107.78599842375708,-0.008914185,-0.00029528636,0.007241157,0.005434016,-0.009259302,0.019211154,0.4286945,-0.8719937,0.23632179,0.0114884395,brown_exact,5.815501649112981e-14,5.815501649112981e-14,ray_hit,0.0,5.8592854e-14,right_ringdip_roll_rubber_link,1058
ring,M031,302.383,113.968,365.97145733942284,113.63821414275544,0.009433293,2.4848156e-05,0.0061324965,0.0045191543,0.009091527,0.01860155,0.25046477,0.94353193,0.21682918,0.0112514505,brown_exact,3.399636098455872e-12,3.399636098455872e-12,ray_hit,0.0,3.353882e-12,right_ringdip_roll_rubber_link,1430
ring,M032,14.841,118.514,-77.20101012604428,120.67267270809344,-0.009656652,0.0003026738,0.00522399,0.0036371944,-0.009995416,0.018112363,0.19316496,-0.97505796,0.109312534,0.010983287,monotonic_extrapolation,3.187592945097954,0.0,ray_hit,0.0,3.7303494e-14,right_ringdip_roll_rubber_link,1308
ring,M033,186.886,127.893,187.10316160041992,128.0288839861961,0.0019549134,0.001304182,0.0114110345,0.0070743533,0.001604059,0.023380104,0.88588655,0.0786869,0.45717984,0.011650506,brown_exact,3.631931914660491e-15,3.631931914660491e-15,ray_hit,0.0,1.4210855e-14,right_ringdip_roll_rubber_link,601
ring,M034,159.826,128.0,159.8107076014275,128.0433942254088,-0.00042810777,0.0013146743,0.011491662,0.007112078,-0.00077911053,0.023447039,0.8884758,-0.005142762,0.4588947,0.0115745375,brown_exact,2.026415160979645e-15,2.026415160979645e-15,ray_hit,0.0,0.0,right_ringdip_roll_rubber_link,848
ring,M035,132.692,128.52,132.11596595040098,128.78078992489455,-0.0028380235,0.0013688579,0.011402279,0.0070034736,-0.003188657,0.023416879,0.86277795,-0.08079677,0.49908528,0.011829629,brown_exact,9.428049086571002e-13,9.428049086571002e-13,ray_hit,0.0,9.417841e-13,right_ringdip_roll_rubber_link,689
ring,M036,212.563,128.651,214.36553254626543,129.20190513128563,0.0042211674,0.0013706327,0.011118298,0.006837099,0.0038711668,0.023207042,0.8471628,0.20350985,0.4908146,0.011971359,brown_exact,1.106074950286144e-12,1.106074950286144e-12,ray_hit,0.0,1.1243651e-12,right_ringdip_roll_rubber_link,491
ring,M037,107.485,129.564,104.3624320460226,130.41065214418342,-0.0050696908,0.0014575444,0.010997282,0.006658657,-0.005419118,0.023175277,0.79961205,-0.30674303,0.51626474,0.012196984,brown_exact,2.1791591487962947e-14,2.1791591487962947e-14,ray_hit,0.0,1.4210855e-14,right_ringdip_roll_rubber_link,914
ring,M038,237.167,130.788,243.75847722404487,132.30804443977559,0.0062989728,0.0015330572,0.0104238745,0.006259058,0.0059510306,0.022799715,0.7560123,0.41640532,0.50502676,0.0122753605,brown_exact,5.000940574640342e-12,5.000940574640342e-12,ray_hit,0.0,5.0094824e-12,right_ringdip_roll_rubber_link,1624
ring,M039,82.513,132.032,72.44956658873717,134.2248631392158,-0.0070892936,0.0016268562,0.010057503,0.0058968114,-0.0074360375,0.022590237,0.66008204,-0.5827014,0.4740789,0.012412015,brown_exact,8.746705756051124e-14,8.746705756051124e-14,ray_hit,0.0,8.987734e-14,right_ringdip_roll_rubber_link,1282
ring,M040,264.476,135.653,284.42453469739223,139.94014297557638,0.008177043,0.0018367015,0.008936101,0.0050444733,0.007833411,0.021897357,0.4913472,0.80032426,0.34359723,0.01225118,brown_exact,1.2494127403151949e-11,1.2494127403151949e-11,ray_hit,0.0,1.2451986e-11,right_ringdip_roll_rubber_link,1549
ring,M041,52.877,137.663,22.386202210036913,144.024655479637,-0.008795205,0.0019154067,0.008087804,0.0043582628,-0.009136515,0.021319663,0.41232193,-0.8525957,0.3210471,0.012101115,brown_exact,9.674381628084695e-12,9.674381628084695e-12,ray_hit,0.0,9.631e-12,right_ringdip_roll_rubber_link,1083
ring,M042,291.589,144.15,341.29426095400527,155.75042584286578,0.0092707975,0.0022437638,0.0068689818,0.003362576,0.008933124,0.0206337,0.23940389,0.92864573,0.28337762,0.011754364,brown_exact,1.0671604988457353e-11,1.0671604988457353e-11,ray_hit,0.0,1.0663293e-11,right_ringdip_roll_rubber_link,1546
ring,M043,29.014,147.47,-36.51322717893464,163.27470885401684,-0.009528021,0.0023813616,0.0061967634,0.0027439685,-0.009863624,0.020226259,0.177703,-0.9709137,0.16046251,0.011612664,brown_exact,1.3924129939912461e-11,1.3924129939912461e-11,ray_hit,0.0,1.3946139e-11,right_ringdip_roll_rubber_link,1306
ring,M044,184.192,151.951,184.71624851638038,152.97195913783412,0.0018433081,0.0036771467,0.0120417215,0.0057326844,0.0014972007,0.025436725,0.76896316,0.07241422,0.63517857,0.012724868,brown_exact,2.2040602868512912e-14,2.2040602868512912e-14,ray_hit,0.0,2.842171e-14,right_ringdip_roll_rubber_link,1634
ring,M045,159.986,152.091,159.8834609831431,152.91383813362313,-0.00044521035,0.0036992533,0.012131804,0.0057684407,-0.00079145853,0.025518458,0.77175224,-0.021057738,0.6355746,0.012691074,brown_exact,7.246433953445041e-15,7.246433953445041e-15,ray_hit,0.0,0.0,right_ringdip_roll_rubber_link,841
ring,M046,136.136,152.394,135.15386085899164,153.71140077738738,-0.0027055333,0.0037286973,0.011988159,0.0056424383,-0.0030513497,0.02543142,0.7515324,-0.1492514,0.64259094,0.01284286,brown_exact,4.4262011570248025e-14,4.4262011570248025e-14,ray_hit,0.0,4.0194366e-14,right_ringdip_roll_rubber_link,828
ring,M047,207.29,152.573,209.45424735289816,154.53162756489067,0.004000775,0.003710628,0.0116938315,0.0054826364,0.0036555661,0.025200617,0.7401139,0.19984505,0.64210075,0.012904288,brown_exact,4.870411772825586e-14,4.870411772825586e-14,ray_hit,0.0,4.0194366e-14,right_ringdip_roll_rubber_link,1511
ring,M048,312.022,153.095,406.0390774747739,177.37144570880002,0.00969387,0.0025872728,0.0052557047,0.002029235,0.009360918,0.019664759,0.12031284,0.97182876,0.20266648,0.011326409,monotonic_extrapolation,5.244170994262152,0.0,ray_hit,0.0,2.842171e-14,right_ringdip_roll_rubber_link,1544
ring,M049,113.203,153.339,109.77795715461102,155.94964632728352,-0.004842243,0.0037871364,0.011539896,0.0052914806,-0.005186831,0.025137428,0.7376393,-0.28238866,0.6133065,0.013075126,brown_exact,3.62879694812131e-14,3.62879694812131e-14,ray_hit,0.0,4.0194366e-14,right_ringdip_roll_rubber_link,883
ring,M050,227.871,154.222,233.70591348178465,157.93034226967217,0.005838436,0.0038005335,0.011068953,0.005004172,0.0054949317,0.024796437,0.7080012,0.38140863,0.59435827,0.013078727,brown_exact,8.749575644910456e-12,8.749575644910456e-12,ray_hit,0.0,8.74105e-12,right_ringdip_roll_rubber_link,1514
ring,M051,88.41,154.834,78.41394564475583,160.16473573837624,-0.006929934,0.0037889138,0.010511117,0.0045943283,-0.0072720684,0.024374139,0.5919604,-0.57945037,0.5601966,0.013147754,brown_exact,1.4527727658641964e-14,1.4527727658641964e-14,ray_hit,0.0,0.0,right_ringdip_roll_rubber_link,910
ring,M052,8.07,156.659,-118.91427666968602,190.02773457385945,-0.009865519,0.00268218,0.004551992,0.0014185832,-0.010196433,0.019205347,0.08757923,-0.99152094,0.09600041,0.01119121,monotonic_extrapolation,15.31197566350947,5.856098308447677e-14,ray_hit,0.0,6.9980344e-14,right_ringdip_roll_rubber_link,1156
ring,M053,255.711,160.912,274.0076959509041,170.30140743654053,0.007889631,0.0041374047,0.0094435625,0.003673419,0.007550848,0.023814054,0.39502585,0.7781787,0.48825452,0.012982499,brown_exact,1.346063085556048e-11,1.346063085556048e-11,ray_hit,0.0,1.34612425e-11,right_ringdip_roll_rubber_link,1452
ring,M054,61.788,163.898,33.77295889355665,177.38634756355927,-0.008611332,0.004238268,0.008607488,0.0029805899,-0.008947765,0.023260271,0.2915064,-0.8886167,0.3540966,0.012892121,brown_exact,9.750067788532476e-12,9.750067788532476e-12,ray_hit,0.0,9.774755e-12,right_ringdip_roll_rubber_link,1007
ring,M055,280.575,169.573,323.9379575223836,190.18362835255385,0.009012067,0.0043721143,0.007405012,0.0021388133,0.008678721,0.022456288,0.18454404,0.94753546,0.26099822,0.0124566015,brown_exact,1.0399175890730302e-13,1.0399175890730302e-13,ray_hit,0.0,6.3552875e-14,right_ringdip_roll_rubber_link,1412
ring,M056,160.092,171.974,159.84933391413733,175.00521449192405,-0.00045496767,0.0058369124,0.012310202,0.00429932,-0.00079601724,0.027081523,0.6749592,-0.030873444,0.73720884,0.013631494,brown_exact,7.246433953445041e-15,7.246433953445041e-15,ray_hit,0.0,0.0,right_ringdip_roll_rubber_link,1502
ring,M057,182.108,172.349,183.11389694570374,175.72211866517026,0.0017213235,0.00586249,0.012222578,0.0042293784,0.0013805351,0.027033526,0.6720076,0.0862662,0.7355025,0.013664668,brown_exact,1.026033736153733e-14,1.026033736153733e-14,ray_hit,0.0,0.0,right_ringdip_roll_rubber_link,1491
ring,M058,138.806,172.666,137.1216535957498,176.47316631541105,-0.0025613576,0.005902218,0.012159552,0.0041425256,-0.0029018656,0.02701328,0.67349553,-0.15724967,0.7222716,0.013756869,brown_exact,1.621132128783716e-14,1.621132128783716e-14,ray_hit,0.0,0.0,right_ringdip_roll_rubber_link,837
ring,M059,40.579,172.868,-15.83007919577173,199.299945491141,-0.009353504,0.0044767535,0.006780271,0.0015780013,-0.009684979,0.022062073,0.16650048,-0.95933837,0.22792,0.01238957,brown_exact,0.0,0.0,ray_hit,0.0,2.9296427e-14,right_ringdip_roll_rubber_link,1304
ring,M060,203.158,173.287,206.265489578349,178.07402711005196,0.0037738963,0.005910536,0.01187663,0.0039694356,0.0034340404,0.026808608,0.66012156,0.23123667,0.71468115,0.013792427,brown_exact,7.246433953445041e-15,7.246433953445041e-15,ray_hit,0.0,2.842171e-14,right_ringdip_roll_rubber_link,1494
ring,M061,117.68,174.056,113.132768231346,179.85039474809355,-0.004610075,0.0059826416,0.011701557,0.0037690308,-0.0049492745,0.026726764,0.57229084,-0.36720994,0.7332395,0.013927355,brown_exact,4.170151253181427e-12,4.170151253181427e-12,ray_hit,0.0,4.1864897e-12,right_ringdip_roll_rubber_link,880
ring,M062,224.528,176.259,232.30312284171495,184.33608876788247,0.0057439227,0.006065068,0.011115686,0.003352364,0.005406263,0.026346568,0.5256318,0.50267446,0.68631595,0.013904538,brown_exact,1.861585299626269e-12,1.861585299626269e-12,ray_hit,0.0,1.855918e-12,right_ringdip_roll_rubber_link,1535
ring,M063,95.881,177.807,84.83266274155187,188.01772110681563,-0.0065580094,0.006166741,0.01074655,0.0029862595,-0.0068944506,0.026140304,0.44154167,-0.60766286,0.6601415,0.01401872,brown_exact,7.246433953445041e-15,7.246433953445041e-15,ray_hit,0.0,3.1776438e-14,right_ringdip_roll_rubber_link,894
ring,M064,297.817,178.29,384.83380554148084,219.7122542774851,0.009489619,0.0046062353,0.005640543,0.00078577455,0.009161064,0.021301797,0.082195684,0.9802759,0.17973033,0.011961856,brown_exact,0.46665897882637436,0.46665897882637436,ray_hit,0.0,0.46665898,right_ringdip_roll_rubber_link,1596
ring,M065,22.359,183.514,-81.53877990551544,233.2802321090667,-0.009712579,0.0047516725,0.0051616803,0.0002893051,-0.010039496,0.021043284,0.07102759,-0.9869914,0.14423254,0.011981465,monotonic_extrapolation,11.19213689601996,1.336327815963823e-13,ray_hit,0.0,1.4648214e-13,right_ringdip_roll_rubber_link,1154
ring,M066,248.248,183.848,268.03842538244595,200.33374820693388,0.0075665917,0.006401169,0.00957999,0.0020813965,0.007233441,0.02543032,0.34276617,0.7702242,0.5378345,0.013784212,brown_exact,3.859051634285112e-13,3.859051634285112e-13,ray_hit,0.0,3.5950935e-13,right_ringdip_roll_rubber_link,1559
ring,M067,69.887,187.66,40.45407070879176,210.3915373894219,-0.008336046,0.006543431,0.008780435,0.0013843591,-0.008666829,0.024931377,0.26493064,-0.85190356,0.4517434,0.0137623465,brown_exact,1.2867571943647515e-11,1.2867571943647515e-11,ray_hit,0.0,1.2871521e-11,right_ringdip_roll_rubber_link,1017
ring,M068,160.549,189.464,160.1534222082564,196.5941128000058,-0.00042212044,0.0077945,0.012187785,0.002762858,-0.00075773284,0.028300552,0.5886205,-0.037633847,0.807533,0.014473234,brown_exact,1.7974468099675162e-12,1.7974468099675162e-12,ray_hit,0.0,1.8192114e-12,right_ringdip_roll_rubber_link,1521
ring,M069,180.32,189.677,181.87338277433759,197.20639771101872,0.001589551,0.007796093,0.012101522,0.0027110672,0.0012541345,0.028237518,0.58462024,0.09456178,0.80577743,0.014482837,brown_exact,2.411993575746513e-12,2.411993575746513e-12,ray_hit,0.0,2.4218566e-12,right_ringdip_roll_rubber_link,1525
ring,M070,140.505,190.197,137.88714847566868,198.4181126683817,-0.0024605652,0.007851703,0.012014728,0.0025973313,-0.0027956045,0.028210236,0.499409,-0.11819244,0.8582664,0.014562188,brown_exact,6.297648730415031e-12,6.297648730415031e-12,ray_hit,0.0,6.2898727e-12,right_ringdip_roll_rubber_link,1646
ring,M071,200.465,191.276,204.9577926595955,200.97439793646896,0.0036025948,0.007878964,0.011705683,0.00239172,0.003268321,0.02799883,0.48324272,0.281146,0.82911605,0.014562959,brown_exact,1.621132128783716e-14,1.621132128783716e-14,ray_hit,0.0,0.0,right_ringdip_roll_rubber_link,1479
ring,M072,120.795,192.27,114.49931507822521,203.4624564292011,-0.004413812,0.007965559,0.011508453,0.0021670223,-0.004747341,0.027910218,0.49438596,-0.29449576,0.8178354,0.014675707,brown_exact,0.0,0.0,ray_hit,0.0,1.4210855e-14,right_ringdip_roll_rubber_link,938
ring,M073,316.061,192.761,461.51824897657355,266.6715181852877,0.009660777,0.005009888,0.0042588045,-0.00043820785,0.009336554,0.020545159,0.030169602,0.9846856,0.17170924,0.011686188,monotonic_extrapolation,23.238742183478564,1.4492867906890083e-14,ray_hit,0.0,6.3552875e-14,right_ringdip_roll_rubber_link,1387
ring,M074,266.356,194.828,305.3702451246321,225.65384016186763,0.0085192565,0.0068316027,0.007923959,0.00065672613,0.0081911525,0.024487777,0.13969637,0.88962203,0.43480748,0.013492133,brown_exact,1.2539883659639926e-11,1.2539883659639926e-11,ray_hit,0.0,1.2574768e-11,right_ringdip_roll_rubber_link,1380
ring,M075,220.852,195.382,231.13521256917997,210.2562986126688,0.005532159,0.008107267,0.010894044,0.0016857624,0.0052003954,0.027548485,0.3640116,0.5039308,0.7832939,0.0146633135,brown_exact,7.263863829320982e-15,7.263863829320982e-15,ray_hit,0.0,0.0,right_ringdip_roll_rubber_link,1575
ring,M076,100.159,197.442,86.09752487830187,215.5553221452555,-0.0063124527,0.008248605,0.010510646,0.0012822587,-0.0066428627,0.027358167,0.37255967,-0.5818732,0.7229266,0.014777017,brown_exact,2.5965968727351454e-12,2.5965968727351454e-12,ray_hit,0.0,2.6030313e-12,right_ringdip_roll_rubber_link,872
ring,M077,3.839,198.901,-202.80411582595391,304.19566501526026,-0.009870815,0.0051449486,0.0035147576,-0.0011055892,-0.0101927975,0.020082645,-0.007184817,-0.9922706,0.123885,0.011672918,monotonic_extrapolation,34.646012629088276,2.905545531728393e-14,ray_hit,0.0,2.7089442e-14,right_ringdip_roll_rubber_link,1107
ring,M078,54.586,198.983,2.859219312111975,238.54483092216577,-0.008996548,0.0069902195,0.0072746864,4.2394993e-05,-0.009322587,0.024111453,0.1471481,-0.93268013,0.32932535,0.013517475,brown_exact,3.3444442666762494e-12,3.3444442666762494e-12,ray_hit,0.0,3.3558085e-12,right_ringdip_roll_rubber_link,1301
ring,M079,244.579,204.647,269.67979782848295,233.01646892597276,0.007372979,0.008440456,0.009188928,0.00030364914,0.0070461174,0.026504394,0.21139212,0.76424825,0.60929304,0.014492705,brown_exact,2.0010522119308872e-11,2.0010522119308872e-11,ray_hit,0.0,1.9992485e-11,right_ringdip_roll_rubber_link,1374
ring,M080,160.41,205.776,159.75314413188187,219.69508974537501,-0.00044370373,0.009611249,0.011771304,0.0011340751,-0.0007735526,0.029206818,0.40783,-0.050221134,0.9116757,0.015203176,brown_exact,1.4492867906890083e-14,1.4492867906890083e-14,ray_hit,0.0,0.0,right_ringdip_roll_rubber_link,1561
ring,M081,179.625,206.032,181.97274154113933,220.51270962593026,0.0015425666,0.009606832,0.011676324,0.0010808276,0.0012129185,0.029133283,0.40522173,0.10988917,0.90759003,0.015198924,brown_exact,1.4492867906890083e-14,1.4492867906890083e-14,ray_hit,0.0,2.842171e-14,right_ringdip_roll_rubber_link,1565
ring,M082,281.838,206.528,350.3344936807197,260.0945150484869,0.009004176,0.0071460893,0.0063465666,-0.00063081627,0.0086806305,0.023526082,0.028368976,0.9477237,0.31782854,0.013130905,monotonic_extrapolation,1.7474514190463935,1.36962010219181e-13,ray_hit,0.0,1.4210855e-13,right_ringdip_roll_rubber_link,1339
ring,M083,141.537,206.763,137.63580660418026,222.33132452874568,-0.0023914292,0.009679402,0.01156864,0.0009409205,-0.0027206067,0.029101828,0.40983945,-0.1295916,0.9029051,0.015272302,brown_exact,3.631931914660491e-15,3.631931914660491e-15,ray_hit,0.0,0.0,right_ringdip_roll_rubber_link,1648
ring,M084,78.767,207.44,47.74089127488017,240.9768196528875,-0.007882465,0.008639437,0.008820013,-0.00014506573,-0.008207834,0.026363412,0.17222111,-0.7996419,0.5752501,0.014648063,brown_exact,3.488491542823012e-12,3.488491542823012e-12,ray_hit,0.0,3.5088152e-12,right_ringdip_roll_rubber_link,1255
ring,M085,198.823,207.745,205.21778735448504,225.29013711273018,0.0034898992,0.009682201,0.01126677,0.0007576453,0.003161407,0.028879384,0.39288995,0.2982493,0.8698763,0.015259898,brown_exact,2.052067472307466e-14,2.052067472307466e-14,ray_hit,0.0,2.842171e-14,right_ringdip_roll_rubber_link,1568
ring,M086,122.55,209.139,113.69849312523748,229.0489580604895,-0.004301598,0.009804955,0.011039708,0.000486911,-0.0046291808,0.0287928,0.31938154,-0.3397418,0.8846304,0.015379078,brown_exact,2.7491481169325337e-12,2.7491481169325337e-12,ray_hit,0.0,2.7538642e-12,right_ringdip_roll_rubber_link,1231
ring,M087,38.137,211.701,-56.36586021590551,283.596523352048,-0.00809377,0.006257385,0.0047912085,-0.0010717565,-0.008415861,0.021775596,-0.9972298,-0.020207861,0.07158452,0.011296887,monotonic_extrapolation,12.499222757533614,2.419514028302108e-12,ray_hit,0.0,2.4571222e-12,right_ringdip_roll_rubber_link,3077
ring,M088,218.068,211.702,231.46831332610452,236.17400816889278,0.0053235176,0.009833566,0.010430895,9.230055e-05,0.0049973913,0.028359544,0.2913742,0.46342158,0.8368641,0.015291907,brown_exact,1.2228851713074994e-11,1.2228851713074994e-11,ray_hit,0.0,1.2221797e-11,right_ringdip_roll_rubber_link,1364
ring,M089,103.748,214.202,86.0557031882512,243.15896529565106,-0.0060520503,0.010033857,0.010071699,-0.0003371556,-0.006376728,0.02822666,0.3010141,-0.54867494,0.7799656,0.015451366,brown_exact,9.897392693360861e-13,9.897392693360861e-13,ray_hit,0.0,9.341408e-13,right_ringdip_roll_rubber_link,862
ring,M090,258.688,214.786,301.2687350157717,260.15778381969744,0.008129671,0.008773636,0.0077886665,-0.0008782884,0.0078069973,0.02568683,0.09421999,0.8688992,0.485939,0.014273457,brown_exact,2.4786726479338893e-12,2.4786726479338893e-12,ray_hit,0.0,2.4914023e-12,right_ringdip_roll_rubber_link,1333
ring,M091,64.54,219.313,8.83505410491,277.36070294767796,-0.0064027226,0.0067640855,0.005375812,-0.0010510876,-0.0067248764,0.022549087,-0.9971723,-0.020396672,0.07232843,0.010753932,brown_exact,1.131086934051739e-11,1.131086934051739e-11,ray_hit,0.0,1.1329617e-11,right_ringdip_roll_rubber_link,3074
ring,M092,238.709,219.832,266.57899198360207,259.5088871664245,0.0069615203,0.010026307,0.008940158,-0.0010427051,0.006639421,0.027380768,0.15874766,0.73362505,0.66075224,0.015129971,brown_exact,2.8985735813780165e-14,2.8985735813780165e-14,ray_hit,0.0,2.842171e-14,right_ringdip_roll_rubber_link,1326
ring,M093,160.6,222.774,159.62131912378075,248.43090745290448,-0.00042827972,0.011471688,0.0110663455,-0.0007200863,-0.0007515673,0.029927954,0.32092103,-0.05498182,0.9455087,0.015945125,brown_exact,1.3046425077889206e-13,1.3046425077889206e-13,ray_hit,0.0,1.1368684e-13,right_ringdip_roll_rubber_link,1352
ring,M094,178.731,223.399,182.1592275486503,250.12809408734745,0.0014628863,0.011498707,0.010955014,-0.0008079735,0.0011399216,0.029863307,0.31695005,0.113252446,0.9416563,0.015949065,brown_exact,1.4492810777812391e-11,1.4492810777812391e-11,ray_hit,0.0,1.4466845e-11,right_ringdip_roll_rubber_link,1355
ring,M095,142.57,223.736,136.9129592812612,251.6562423923251,-0.0020351033,0.010176792,0.009588662,-0.00075239525,-0.0023582864,0.02796337,-0.9972152,-0.020311512,0.07175847,0.014129798,brown_exact,7.747823037159928e-12,7.747823037159928e-12,ray_hit,0.0,7.755794e-12,right_ringdip_roll_rubber_link,3118
ring,M096,84.812,223.801,50.0867085032603,271.2102110177859,-0.0074765044,0.010339422,0.008537013,-0.0015962463,-0.007796736,0.027290728,0.12983017,-0.76482,0.63102657,0.01535195,brown_exact,5.971917294348072e-13,5.971917294348072e-13,ray_hit,0.0,5.8523883e-13,right_ringdip_roll_rubber_link,303
ring,M097,296.325,224.149,423.6092523996424,328.8709841933345,0.00674104,0.0056308345,0.0034067675,-0.0014801273,0.0064204866,0.020327548,-0.99716485,-0.020984309,0.07226324,0.009420933,monotonic_extrapolation,24.08891261583757,1.4492867906890083e-14,ray_hit,0.0,5.684342e-14,right_ringdip_roll_rubber_link,3093
ring,M098,197.3,225.753,206.5346350192611,257.345647060198,0.0028018462,0.009680017,0.008760834,-0.0009201018,0.0024792866,0.027015781,-0.997232,-0.020327425,0.07152009,0.0133531,brown_exact,2.9705396879642052e-12,2.9705396879642052e-12,ray_hit,0.0,2.9543544e-12,right_ringdip_roll_rubber_link,3054
ring,M099,124.305,227.202,111.77741651121283,262.1437030647951,-0.004147864,0.011712032,0.010258639,-0.0014523498,-0.0044685835,0.02948859,0.24651285,-0.33232698,0.9103792,0.016112609,brown_exact,1.5192582107750824e-11,1.5192582107750824e-11,ray_hit,0.0,1.517161e-11,right_ringdip_roll_rubber_link,309
ring,M100,214.618,230.145,232.32790600760862,271.21283163276064,0.005007988,0.011733547,0.009687948,-0.0018178364,0.0046886187,0.029078912,0.077123515,0.44433543,0.8925346,0.016019126,brown_exact,6.8925007087739895e-12,6.8925007087739895e-12,ray_hit,0.0,6.89922e-12,right_ringdip_roll_rubber_link,1316
ring,M101,107.395,232.037,84.80978594079751,278.2898921377002,-0.0052498435,0.010686336,0.008740722,-0.0017098355,-0.005569659,0.027674254,-0.9972298,-0.020554716,0.0714855,0.014770201,brown_exact,1.621132128783716e-14,1.621132128783716e-14,nearest_surface,0.00023300863,2.488705,right_ringdip_roll_rubber_link,245
pinky,M002,158.617,25.089,157.74122583145038,12.33541323191271,-0.0003850735,-0.0056015337,0.0072560976,0.009377803,-0.0013745996,0.015679378,0.99352926,0.046843223,0.10346657,0.009174771,brown_exact,1.4521282768960536e-14,1.4521282768960536e-14,ray_hit,0.0,0.0,right_pinkydip_roll_rubber_link,735
pinky,M003,197.788,26.563,203.13241632408116,12.404457683835318,0.002095622,-0.0055023124,0.0071324557,0.00924944,0.0011077033,0.015653353,0.99282354,0.059402958,0.10379138,0.00924873,brown_exact,1.621132128783716e-14,1.621132128783716e-14,ray_hit,0.0,1.7763568e-14,right_pinkydip_roll_rubber_link,743
pinky,M004,120.017,27.718,112.02045904487514,12.25939792031788,-0.0029381253,-0.005639836,0.0073002074,0.009406927,-0.003928143,0.015686726,0.9927823,-0.040054224,0.113043964,0.009681599,brown_exact,7.263863829320982e-15,7.263863829320982e-15,ray_hit,0.0,4.2780338e-14,right_pinkydip_roll_rubber_link,790
pinky,M005,233.017,31.523,248.83726909741023,12.359017919918188,0.004451901,-0.005342837,0.0069226096,0.009017304,0.0034667542,0.015603233,0.983445,0.13995558,0.11510157,0.009812637,brown_exact,7.009541763466422e-12,7.009541763466422e-12,ray_hit,0.0,6.9734483e-12,right_pinkydip_roll_rubber_link,632
pinky,M006,85.175,33.106,63.52161724408646,11.009764398307581,-0.0054939105,-0.0055580577,0.007106299,0.009187865,-0.0064816177,0.015596695,0.97765356,-0.17859241,0.11089753,0.010562885,brown_exact,6.124266665000091e-12,6.124266665000091e-12,ray_hit,0.0,6.144453e-12,right_pinkydip_roll_rubber_link,1101
pinky,M007,264.338,37.563,300.319976674225,9.782481562766037,0.0066964705,-0.005113665,0.0064604594,0.008563781,0.0057165874,0.015411499,0.9416796,0.31651783,0.11426286,0.01061743,brown_exact,3.4552954252264433e-12,3.4552954252264433e-12,ray_hit,0.0,3.4688751e-12,right_pinkydip_roll_rubber_link,613
pinky,M008,53.956,39.67,6.271610611928253,7.425865739809865,-0.007625952,-0.0050997743,0.006299241,0.008284256,-0.0086035915,0.015300583,0.76660156,-0.62947696,0.12681013,0.011128489,brown_exact,7.0273815276087156e-12,7.0273815276087156e-12,ray_hit,0.0,7.0557575e-12,right_pinkydip_roll_rubber_link,1215
pinky,M009,294.568,45.281,370.5212492545446,4.53757904141581,0.008633508,-0.0045648506,0.005488504,0.0075287237,0.0076654362,0.015052816,0.7014325,0.69803715,0.14400189,0.011202634,monotonic_extrapolation,0.7591844285019974,1.4527727658641964e-14,ray_hit,0.0,3.5527137e-14,right_pinkydip_roll_rubber_link,460
pinky,M010,24.519,47.86,-75.68365652125692,-0.24120429297575186,-0.008907789,-0.004210735,0.0048492956,0.0066406555,-0.009866953,0.014812385,0.41978812,-0.90648735,0.04537193,0.010981561,monotonic_extrapolation,8.912501118599508,4.4768104349687795e-13,ray_hit,0.0,4.0848482e-13,right_pinkydip_roll_rubber_link,1183
pinky,M011,159.08,64.465,158.86724047538155,62.59839159634845,-0.00039735963,-0.0034579418,0.008936691,0.008900079,-0.0013814924,0.018361032,0.9714782,0.026781583,0.2356116,0.009590605,brown_exact,1.3051479479633857e-13,1.3051479479633857e-13,ray_hit,0.0,1.4210855e-13,right_pinkydip_roll_rubber_link,966
pinky,M012,193.744,65.408,195.1817203698814,63.000197262803965,0.0020546417,-0.0033841543,0.008816127,0.008792402,0.0010718812,0.018320346,0.97137123,0.06730598,0.22783302,0.009664271,brown_exact,7.845693371714471e-13,7.845693371714471e-13,ray_hit,0.0,7.944109e-13,right_pinkydip_roll_rubber_link,974
pinky,M013,124.554,66.114,122.07660631820181,63.15953979333001,-0.0029402382,-0.0034550845,0.009029621,0.00893118,-0.0039248844,0.01843221,0.9745178,-0.0071221096,0.22419702,0.010105279,brown_exact,4.3770567477160327e-13,4.3770567477160327e-13,ray_hit,0.0,4.3220627e-13,right_pinkydip_roll_rubber_link,762
pinky,M014,226.019,68.296,232.0121851958881,63.82012823357675,0.004434505,-0.0032542637,0.008618774,0.00859091,0.0034541711,0.018259818,0.96910733,0.11654279,0.21736786,0.010224398,brown_exact,5.234182571308814e-14,5.234182571308814e-14,ray_hit,0.0,6.3552875e-14,right_pinkydip_roll_rubber_link,281
pinky,M015,93.259,69.693,84.47140157555215,64.23310687656416,-0.0054250592,-0.0033135554,0.008849957,0.008677877,-0.0064070034,0.018392624,0.94921476,-0.19829504,0.24427538,0.010896451,brown_exact,3.2165178607611845e-12,3.2165178607611845e-12,ray_hit,0.0,3.232743e-12,right_pinkydip_roll_rubber_link,1271
pinky,M016,255.285,72.8,272.34910252941575,65.00100831146722,0.0066778194,-0.0029910863,0.008116211,0.00808509,0.0057033403,0.018060626,0.90764064,0.33922583,0.2472131,0.010927614,brown_exact,7.246433953445041e-15,7.246433953445041e-15,ray_hit,0.0,3.1776438e-14,right_pinkydip_roll_rubber_link,522
pinky,M017,63.793,73.911,39.671506796676724,64.27025375132686,-0.007571845,-0.0029651958,0.007925569,0.00777783,-0.008543763,0.017935777,0.74489605,-0.6384067,0.19382131,0.011355169,brown_exact,1.161225189146201e-11,1.161225189146201e-11,ray_hit,0.0,1.1610679e-11,right_pinkydip_roll_rubber_link,1065
pinky,M018,284.847,77.724,327.71366153222084,64.61260120718703,0.00855911,-0.0025522392,0.0068699485,0.0069485307,0.0075975843,0.017424166,0.6074818,0.76122063,0.226956,0.011268029,brown_exact,0.0,0.0,ray_hit,0.0,1.4210855e-14,right_pinkydip_roll_rubber_link,583
pinky,M019,32.809,78.823,-27.385313256169212,62.47645833566268,-0.008986293,-0.002374623,0.0061221872,0.006119619,-0.009939577,0.016985165,0.3705818,-0.9248749,0.08529698,0.011129846,brown_exact,3.199272725464767e-12,3.199272725464767e-12,ray_hit,0.0,3.2413523e-12,right_pinkydip_roll_rubber_link,1131
pinky,M020,314.42,82.268,414.0913180674457,60.39808117427691,0.009615455,-0.0020370868,0.005044879,0.005359978,0.008671934,0.016407112,0.30288532,0.94271386,0.1398251,0.011047963,monotonic_extrapolation,6.467283092980084,3.623216976722521e-15,ray_hit,0.0,5.8592854e-14,right_pinkydip_roll_rubber_link,1611
pinky,M021,1.338,86.467,-148.498992669785,59.67231123500691,-0.009698733,-0.0016588224,0.0040523056,0.004198358,-0.010630369,0.01591937,0.22356997,-0.9744377,0.022080878,0.010641349,monotonic_extrapolation,19.190753374715527,2.1302254979899589e-13,ray_hit,0.0,1.8969835e-13,right_pinkydip_roll_rubber_link,1176
pinky,M022,159.385,98.764,159.36530867761368,98.70814454952729,-0.00042232662,-0.0011459346,0.010387408,0.008143454,-0.0013979175,0.020983594,0.9489042,0.030862471,0.31405145,0.010458956,brown_exact,0.0,0.0,ray_hit,0.0,2.842171e-14,right_pinkydip_roll_rubber_link,854
pinky,M023,190.355,99.304,190.67723115409072,99.1196095191041,0.002039686,-0.0011004728,0.010268711,0.008058249,0.0010652143,0.020925418,0.9403116,0.06901573,0.333243,0.010527002,brown_exact,1.4527727658641964e-14,1.4527727658641964e-14,ray_hit,0.0,2.842171e-14,right_pinkydip_roll_rubber_link,509
pinky,M024,128.993,99.93,128.22126169498836,99.62640151128981,-0.0029114415,-0.0010791125,0.01044788,0.008105851,-0.0038867665,0.021073213,0.9298171,-0.045205828,0.36523503,0.010899504,brown_exact,1.0919865976511855e-13,1.0919865976511855e-13,ray_hit,0.0,1.1368684e-13,right_pinkydip_roll_rubber_link,956
pinky,M025,218.732,101.118,221.283610556109,100.50825310185215,0.004340156,-0.0009686187,0.010034391,0.0078297565,0.0033684107,0.020838642,0.91384125,0.19214326,0.35773617,0.010975617,brown_exact,2.1791591487962947e-14,2.1791591487962947e-14,ray_hit,0.0,4.0194366e-14,right_pinkydip_roll_rubber_link,570
pinky,M026,100.677,101.911,96.35967386627098,101.09315689757636,-0.0053174845,-0.00093740865,0.010183772,0.007797021,-0.0062894756,0.020970799,0.87543494,-0.28331116,0.39159727,0.011526647,brown_exact,2.209074830870764e-14,2.209074830870764e-14,ray_hit,0.0,4.0194366e-14,right_pinkydip_roll_rubber_link,776
pinky,M027,245.641,103.28,254.84773345963492,102.04881645785896,0.006483101,-0.00079721404,0.009409048,0.0073093697,0.005517368,0.020486753,0.8467593,0.38498145,0.36713484,0.011454097,brown_exact,3.3539260516488443e-13,3.3539260516488443e-13,ray_hit,0.0,3.129616e-13,right_pinkydip_roll_rubber_link,540
pinky,M028,73.47,104.357,59.578009364508844,102.86709673992318,-0.007401616,-0.0007229841,0.009214681,0.0069677155,-0.008364376,0.020391349,0.69736,-0.6259992,0.3490187,0.011841324,brown_exact,1.464024577111919e-14,1.464024577111919e-14,ray_hit,0.0,3.1776438e-14,right_pinkydip_roll_rubber_link,1035
pinky,M029,273.662,108.135,299.8281016359259,106.66161936873736,0.008319966,-0.00039790085,0.00805595,0.0061305654,0.0073676603,0.019744301,0.49390948,0.8183677,0.2938158,0.011587859,brown_exact,2.6172490804394793e-13,2.6172490804394793e-13,ray_hit,0.0,2.8457214e-13,right_pinkydip_roll_rubber_link,1617
pinky,M030,43.175,109.412,3.598290720564421,107.78599842375708,-0.008980675,-0.00029748888,0.0072951685,0.005353285,-0.009925306,0.01924413,0.40454006,-0.88954103,0.21228306,0.0115741305,brown_exact,5.815501649112981e-14,5.815501649112981e-14,ray_hit,0.0,5.684342e-14,right_pinkydip_roll_rubber_link,1057
pinky,M031,302.383,113.968,365.97145733942284,113.63821414275544,0.00940337,2.4769339e-05,0.0061130445,0.0045327093,0.0084691765,0.018577762,0.2993245,0.9178824,0.26057005,0.011215761,brown_exact,3.399636098455872e-12,3.399636098455872e-12,ray_hit,0.0,3.4108716e-12,right_pinkydip_roll_rubber_link,1446
pinky,M032,14.841,118.514,-77.20101012604428,120.67267270809344,-0.0097299805,0.0003049722,0.005263659,0.0035416654,-0.010654204,0.01813139,0.22980227,-0.970703,0.07018994,0.011066691,monotonic_extrapolation,3.187592945097954,0.0,ray_hit,0.0,6.57252e-14,right_pinkydip_roll_rubber_link,1308
pinky,M033,186.886,127.893,187.10316160041992,128.0288839861961,0.0019456161,0.0012979795,0.011356765,0.0069946786,0.0009831475,0.023335267,0.8808687,0.093360804,0.46406266,0.011595097,brown_exact,3.631931914660491e-15,3.631931914660491e-15,ray_hit,0.0,1.4210855e-14,right_pinkydip_roll_rubber_link,601
pinky,M034,159.826,128.0,159.8107076014275,128.0433942254088,-0.00042846485,0.0013157708,0.011501247,0.007050916,-0.0013917197,0.023454826,0.8866408,0.009687903,0.4623573,0.0115841925,brown_exact,2.026415160979645e-15,2.026415160979645e-15,ray_hit,0.0,1.4210855e-14,right_pinkydip_roll_rubber_link,848
pinky,M035,132.692,128.52,132.11596595040098,128.78078992489455,-0.0028540886,0.0013766065,0.011466823,0.0069552385,-0.0038164177,0.023469718,0.8637202,-0.06847161,0.4992986,0.011896592,brown_exact,9.428049086571002e-13,9.428049086571002e-13,ray_hit,0.0,9.396374e-13,right_pinkydip_roll_rubber_link,689
pinky,M036,212.563,128.651,214.36553254626543,129.20190513128563,0.004184389,0.0013586907,0.011021427,0.0067511844,0.0032248127,0.023125766,0.8405815,0.20964396,0.49947187,0.011867055,brown_exact,1.106074950286144e-12,1.106074950286144e-12,ray_hit,0.0,1.0970927e-12,right_pinkydip_roll_rubber_link,492
pinky,M037,107.485,129.564,104.3624320460226,130.41065214418342,-0.0051182695,0.0014715109,0.01110266,0.006616202,-0.0060769147,0.023261525,0.8091473,-0.29716468,0.5069258,0.012313858,brown_exact,2.1791591487962947e-14,2.1791591487962947e-14,ray_hit,0.0,2.842171e-14,right_pinkydip_roll_rubber_link,914
pinky,M038,237.167,130.788,243.75847722404487,132.30804443977559,0.0062330686,0.0015170173,0.010314813,0.0061853104,0.0052800123,0.022704579,0.73809326,0.42366168,0.52509916,0.012146927,brown_exact,5.000940574640342e-12,5.000940574640342e-12,ray_hit,0.0,5.0061756e-12,right_pinkydip_roll_rubber_link,1624
pinky,M039,82.513,132.032,72.44956658873717,134.2248631392158,-0.0071750293,0.0016465308,0.010179136,0.00584695,-0.00812512,0.022689775,0.6803479,-0.57624763,0.4528414,0.012562122,brown_exact,8.746705756051124e-14,8.746705756051124e-14,ray_hit,0.0,9.947598e-14,right_pinkydip_roll_rubber_link,1282
pinky,M040,264.476,135.653,284.42453469739223,139.94014297557638,0.008075082,0.0018137994,0.008824675,0.0049916445,0.0071356213,0.021791628,0.45949665,0.8035813,0.37831196,0.012098418,brown_exact,1.2494127403151949e-11,1.2494127403151949e-11,ray_hit,0.0,1.2505811e-11,right_pinkydip_roll_rubber_link,1549
pinky,M041,52.877,137.663,22.386202210036913,144.024655479637,-0.008912519,0.0019409553,0.008195682,0.0042858077,-0.009845092,0.021407522,0.39586422,-0.86931586,0.29594168,0.012262524,brown_exact,9.674381628084695e-12,9.674381628084695e-12,ray_hit,0.0,9.6707165e-12,right_pinkydip_roll_rubber_link,1082
pinky,M042,291.589,144.15,341.29426095400527,155.75042584286578,0.009174713,0.0022205086,0.0067977896,0.0033498914,0.00825386,0.020551847,0.14451015,0.9574091,0.24996926,0.011632538,brown_exact,1.0671604988457353e-11,1.0671604988457353e-11,ray_hit,0.0,1.0641719e-11,right_pinkydip_roll_rubber_link,1421
pinky,M043,29.014,147.47,-36.51322717893464,163.27470885401684,-0.009687093,0.0024211188,0.0063002193,0.002655742,-0.01060131,0.020314671,0.2140393,-0.96925235,0.121396534,0.011806538,brown_exact,1.3924129939912461e-11,1.3924129939912461e-11,ray_hit,0.0,1.3918026e-11,right_pinkydip_roll_rubber_link,1306
pinky,M044,184.192,151.951,184.71624851638038,152.97195913783412,0.0018372413,0.0036650444,0.01200209,0.0056592417,0.000889845,0.025394171,0.7937965,0.12135222,0.59595364,0.012682987,brown_exact,2.2040602868512912e-14,2.2040602868512912e-14,ray_hit,0.0,0.0,right_pinkydip_roll_rubber_link,471
pinky,M045,159.986,152.091,159.8834609831431,152.91383813362313,-0.00044549027,0.0037015793,0.012139432,0.0056977808,-0.0013934673,0.025520902,0.7700756,-0.017882613,0.6377019,0.012699054,brown_exact,7.246433953445041e-15,7.246433953445041e-15,ray_hit,0.0,0.0,right_pinkydip_roll_rubber_link,841
pinky,M046,136.136,152.394,135.15386085899164,153.71140077738738,-0.002718151,0.0037460867,0.012044068,0.0055753817,-0.0036648908,0.025479484,0.77283347,-0.11946822,0.6232622,0.012902755,brown_exact,4.4262011570248025e-14,4.4262011570248025e-14,ray_hit,0.0,4.0194366e-14,right_pinkydip_roll_rubber_link,827
pinky,M047,207.29,152.573,209.45424735289816,154.53162756489067,0.0039714854,0.0036834627,0.011608222,0.0054070777,0.0030270726,0.025112849,0.71560895,0.28559196,0.6374489,0.012809817,brown_exact,4.870411772825586e-14,4.870411772825586e-14,ray_hit,0.0,5.684342e-14,right_pinkydip_roll_rubber_link,1512
pinky,M048,312.022,153.095,406.0390774747739,177.37144570880002,0.009585714,0.0025584062,0.005197066,0.0020357114,0.008679727,0.01958387,0.056867905,0.9834995,0.1717402,0.011200039,monotonic_extrapolation,5.244170994262152,0.0,ray_hit,0.0,0.0,right_pinkydip_roll_rubber_link,1543
pinky,M049,113.203,153.339,109.77795715461102,155.94964632728352,-0.0048869303,0.0038220864,0.011646393,0.005229176,-0.005829899,0.025233708,0.74600005,-0.2791842,0.6045991,0.013195791,brown_exact,3.62879694812131e-14,3.62879694812131e-14,ray_hit,0.0,2.842171e-14,right_pinkydip_roll_rubber_link,883
pinky,M050,227.871,154.222,233.70591348178465,157.93034226967217,0.0057728933,0.0037578684,0.0109446915,0.0049296822,0.0048339856,0.024667837,0.6636477,0.46477717,0.58613473,0.012931904,brown_exact,8.749575644910456e-12,8.749575644910456e-12,ray_hit,0.0,8.74105e-12,right_pinkydip_roll_rubber_link,1516
pinky,M051,88.41,154.834,78.41394564475583,160.16473573837624,-0.0070269094,0.0038419347,0.0106582055,0.0045315446,-0.007962137,0.02451032,0.6118924,-0.5791212,0.53870803,0.013331739,brown_exact,1.4527727658641964e-14,1.4527727658641964e-14,ray_hit,0.0,1.4210855e-14,right_pinkydip_roll_rubber_link,910
pinky,M052,8.07,156.659,-118.91427666968602,190.02773457385945,-0.010038488,0.0027292056,0.0046318,0.0013100517,-0.0109375315,0.01927636,0.13726933,-0.98531795,0.10151666,0.011387422,monotonic_extrapolation,15.31197566350947,5.856098308447677e-14,ray_hit,0.0,6.3948846e-14,right_pinkydip_roll_rubber_link,1155
pinky,M053,255.711,160.912,274.0076959509041,170.30140743654053,0.007778977,0.004079377,0.009311115,0.0036238297,0.0068549425,0.023664445,0.41693148,0.78775305,0.453446,0.012800417,brown_exact,1.346063085556048e-11,1.346063085556048e-11,ray_hit,0.0,1.347237e-11,right_pinkydip_roll_rubber_link,1435
pinky,M054,61.788,163.898,33.77295889355665,177.38634756355927,-0.008774541,0.0043185954,0.008770626,0.0028983573,-0.00969144,0.023421012,0.35140267,-0.85889745,0.37257388,0.013136466,brown_exact,9.750067788532476e-12,9.750067788532476e-12,ray_hit,0.0,9.79564e-12,right_pinkydip_roll_rubber_link,1028
pinky,M055,280.575,169.573,323.9379575223836,190.18362835255385,0.008839703,0.004288494,0.0072633848,0.0021150236,0.007932773,0.022277413,0.13378377,0.9392019,0.31623045,0.012218359,brown_exact,1.0399175890730302e-13,1.0399175890730302e-13,ray_hit,0.0,1.1718571e-13,right_pinkydip_roll_rubber_link,1459
pinky,M056,160.092,171.974,159.84933391413733,175.00521449192405,-0.00045527788,0.0058408924,0.012318595,0.0042224983,-0.0013865974,0.027080502,0.6701612,0.02136686,0.74190795,0.013640788,brown_exact,7.246433953445041e-15,7.246433953445041e-15,ray_hit,0.0,0.0,right_pinkydip_roll_rubber_link,1488
pinky,M057,182.108,172.349,183.11389694570374,175.72211866517026,0.0017167896,0.005847048,0.012190384,0.004156975,0.00078634836,0.026989033,0.6660196,0.0813891,0.74148077,0.013628676,brown_exact,1.026033736153733e-14,1.026033736153733e-14,ray_hit,0.0,0.0,right_pinkydip_roll_rubber_link,1491
pinky,M058,138.806,172.666,137.1216535957498,176.47316631541105,-0.0025712783,0.0059250784,0.012206648,0.0040612384,-0.0035009116,0.027053172,0.6761132,-0.09414631,0.73075813,0.013810151,brown_exact,1.621132128783716e-14,1.621132128783716e-14,ray_hit,0.0,0.0,right_pinkydip_roll_rubber_link,1642
pinky,M059,40.579,172.868,-15.83007919577173,199.299945491141,-0.009584955,0.00458753,0.006948048,0.001473913,-0.0104858205,0.02224169,0.20220105,-0.9608908,0.18921837,0.012696147,brown_exact,0.0,0.0,ray_hit,0.0,7.1054274e-15,right_pinkydip_roll_rubber_link,1304
pinky,M060,203.158,173.287,206.265489578349,178.07402711005196,0.0037478337,0.005869718,0.01179461,0.003899207,0.0028204324,0.026709124,0.64861566,0.22640586,0.72666234,0.013697177,brown_exact,7.246433953445041e-15,7.246433953445041e-15,ray_hit,0.0,0.0,right_pinkydip_roll_rubber_link,1495
pinky,M061,117.68,174.056,113.132768231346,179.85039474809355,-0.0046413755,0.0060232608,0.011781004,0.0036809705,-0.005566847,0.026801335,0.59079313,-0.275683,0.7582627,0.014021915,brown_exact,4.170151253181427e-12,4.170151253181427e-12,ray_hit,0.0,4.163174e-12,right_pinkydip_roll_rubber_link,940
pinky,M062,224.528,176.259,232.30312284171495,184.33608876788247,0.0056751487,0.0059924484,0.0109825935,0.0032882395,0.004754769,0.026185641,0.50361943,0.49065456,0.7110736,0.013738054,brown_exact,1.861585299626269e-12,1.861585299626269e-12,ray_hit,0.0,1.8528688e-12,right_pinkydip_roll_rubber_link,1536
pinky,M063,95.881,177.807,84.83266274155187,188.01772110681563,-0.006641855,0.0062455838,0.010883946,0.0028947364,-0.0075585763,0.026280845,0.47573867,-0.55883473,0.67924696,0.014197952,brown_exact,7.246433953445041e-15,7.246433953445041e-15,ray_hit,0.0,2.842171e-14,right_pinkydip_roll_rubber_link,870
pinky,M064,297.817,178.29,384.83380554148084,219.7122542774851,0.00929486,0.0045117,0.00552478,0.000794926,0.008402864,0.021130204,0.02856361,0.97161585,0.23483346,0.011716358,brown_exact,0.46665897882637436,0.46665897882637436,ray_hit,0.0,0.46665898,right_pinkydip_roll_rubber_link,1597
pinky,M065,22.359,183.514,-81.53877990551544,233.2802321090667,-0.00996965,0.0048774392,0.0052982992,0.00015384059,-0.010855635,0.021205178,0.08756657,-0.9817211,0.16898447,0.01229859,monotonic_extrapolation,11.19213689601996,1.336327815963823e-13,ray_hit,0.0,1.1910866e-13,right_pinkydip_roll_rubber_link,1152
pinky,M066,248.248,183.848,268.03842538244595,200.33374820693388,0.007425254,0.0062816003,0.009401044,0.0020382928,0.0065190997,0.025199462,0.31010184,0.7542383,0.57875854,0.013526734,brown_exact,3.859051634285112e-13,3.859051634285112e-13,ray_hit,0.0,4.1382634e-13,right_pinkydip_roll_rubber_link,1558
pinky,M067,69.887,187.66,40.45407070879176,210.3915373894219,-0.008531429,0.006696799,0.008986234,0.0012721594,-0.009429949,0.02516702,0.2549547,-0.83701354,0.48415536,0.014084914,brown_exact,1.2867571943647515e-11,1.2867571943647515e-11,ray_hit,0.0,1.28733794e-11,right_pinkydip_roll_rubber_link,1292
pinky,M068,160.549,189.464,160.1534222082564,196.5941128000058,-0.00042211753,0.0077944454,0.0121877,0.0026794926,-0.001336012,0.02828515,0.5831691,0.016040258,0.81219244,0.014473134,brown_exact,1.7974468099675162e-12,1.7974468099675162e-12,ray_hit,0.0,1.8192114e-12,right_pinkydip_roll_rubber_link,1523
pinky,M069,180.32,189.677,181.87338277433759,197.20639771101872,0.001585355,0.0077755135,0.012069577,0.0026375358,0.0006720623,0.02818448,0.57892776,0.084720105,0.81096554,0.014444606,brown_exact,2.411993575746513e-12,2.411993575746513e-12,ray_hit,0.0,2.4218566e-12,right_pinkydip_roll_rubber_link,1526
pinky,M070,140.505,190.197,137.88714847566868,198.4181126683817,-0.0024659352,0.0078688385,0.012040949,0.0025031492,-0.0033779687,0.02822535,0.49982294,-0.1361246,0.8553637,0.014593968,brown_exact,6.297648730415031e-12,6.297648730415031e-12,ray_hit,0.0,6.2898727e-12,right_pinkydip_roll_rubber_link,1645
pinky,M071,200.465,191.276,204.9577926595955,200.97439793646896,0.0035792098,0.00782782,0.011629699,0.0023278592,0.002669541,0.02789145,0.46969396,0.26496404,0.84212923,0.014468428,brown_exact,1.621132128783716e-14,1.621132128783716e-14,ray_hit,0.0,2.842171e-14,right_pinkydip_roll_rubber_link,1479
pinky,M072,120.795,192.27,114.49931507822521,203.4624564292011,-0.0044466183,0.008024764,0.011593992,0.0020666432,-0.0053538494,0.027996115,0.50276923,-0.30889177,0.8073469,0.014784786,brown_exact,0.0,0.0,ray_hit,0.0,1.4210855e-14,right_pinkydip_roll_rubber_link,938
pinky,M073,316.061,192.761,461.51824897657355,266.6715181852877,0.009463297,0.004907479,0.0041717486,-0.00040003765,0.008584805,0.020385444,-0.04013771,0.98641586,0.15928806,0.011447307,monotonic_extrapolation,23.238742183478564,1.4492867906890083e-14,ray_hit,0.0,5.684342e-14,right_pinkydip_roll_rubber_link,1389
pinky,M074,266.356,194.828,305.3702451246321,225.65384016186763,0.008308791,0.00666283,0.0077281995,0.0006490774,0.007418379,0.024206609,0.14862734,0.8990707,0.41180322,0.013158813,brown_exact,1.2539883659639926e-11,1.2539883659639926e-11,ray_hit,0.0,1.2574768e-11,right_pinkydip_roll_rubber_link,1590
pinky,M075,220.852,195.382,231.13521256917997,210.2562986126688,0.0054591517,0.008000277,0.010750277,0.0016343629,0.0045574335,0.027350867,0.41291967,0.52493346,0.74427295,0.014469804,brown_exact,7.263863829320982e-15,7.263863829320982e-15,ray_hit,0.0,2.842171e-14,right_pinkydip_roll_rubber_link,1468
pinky,M076,100.159,197.442,86.09752487830187,215.5553221452555,-0.0064001926,0.008363255,0.010656739,0.0011675577,-0.007297396,0.027523099,0.4013159,-0.5370479,0.7419738,0.014982409,brown_exact,2.5965968727351454e-12,2.5965968727351454e-12,ray_hit,0.0,2.6030313e-12,right_pinkydip_roll_rubber_link,859
pinky,M077,3.839,198.901,-202.80411582595391,304.19566501526026,-0.008308483,0.004330617,0.002958449,-0.0009794385,-0.009181566,0.019096492,-0.9959296,-0.06115084,0.06621765,0.009825353,monotonic_extrapolation,34.646012629088276,2.905545531728393e-14,ray_hit,0.0,8.393286e-14,right_pinkydip_roll_rubber_link,3083
pinky,M078,54.586,198.983,2.859219312111975,238.54483092216577,-0.00925218,0.0071888426,0.0074813925,-0.000105785955,-0.010135188,0.024373269,0.14870457,-0.92419666,0.35177758,0.013901566,brown_exact,3.3444442666762494e-12,3.3444442666762494e-12,ray_hit,0.0,3.3431773e-12,right_pinkydip_roll_rubber_link,1022
pinky,M079,244.579,204.647,269.67979782848295,233.01646892597276,0.0072157755,0.008260493,0.008993005,0.0002889309,0.0063293613,0.026214411,0.1557514,0.7959634,0.5849647,0.014183698,brown_exact,2.0010522119308872e-11,2.0010522119308872e-11,ray_hit,0.0,1.9992485e-11,right_pinkydip_roll_rubber_link,1376
pinky,M080,160.41,205.776,159.75314413188187,219.69508974537501,-0.00044355722,0.009608075,0.011767416,0.0010472747,-0.0013390229,0.02918081,0.4027268,0.0063321427,0.91529834,0.015198156,brown_exact,1.4492867906890083e-14,1.4492867906890083e-14,ray_hit,0.0,0.0,right_pinkydip_roll_rubber_link,1563
pinky,M081,179.625,206.032,181.97274154113933,220.51270962593026,0.0015392211,0.009585996,0.011651001,0.0010085221,0.0006443194,0.029079314,0.3980101,0.08779334,0.91317046,0.01516596,brown_exact,1.4492867906890083e-14,1.4492867906890083e-14,ray_hit,0.0,2.842171e-14,right_pinkydip_roll_rubber_link,1565
pinky,M082,281.838,206.528,350.3344936807197,260.0945150484869,0.008747246,0.00694218,0.0061654714,-0.00059582724,0.00787092,0.023227926,0.030986197,0.9580894,0.28478858,0.012756223,monotonic_extrapolation,1.7474514190463935,1.36962010219181e-13,ray_hit,0.0,1.4210855e-13,right_pinkydip_roll_rubber_link,1385
pinky,M083,141.537,206.763,137.63580660418026,222.33132452874568,-0.0023979605,0.009705839,0.011600236,0.00084090454,-0.0032912206,0.029121358,0.4103575,-0.15293837,0.8990087,0.015314014,brown_exact,3.631931914660491e-15,3.631931914660491e-15,ray_hit,0.0,0.0,right_pinkydip_roll_rubber_link,1647
pinky,M084,78.767,207.44,47.74089127488017,240.9768196528875,-0.008062197,0.008836429,0.009021123,-0.00029411688,-0.008943002,0.026619285,0.2146859,-0.7662017,0.60567725,0.014982061,brown_exact,3.488491542823012e-12,3.488491542823012e-12,ray_hit,0.0,3.4977184e-12,right_pinkydip_roll_rubber_link,901
pinky,M085,198.823,207.745,205.21778735448504,225.29013711273018,0.0034631658,0.009608033,0.011180464,0.00070018426,0.0025718682,0.028743254,0.38008782,0.2786515,0.8819788,0.015143004,brown_exact,2.052067472307466e-14,2.052067472307466e-14,ray_hit,0.0,2.842171e-14,right_pinkydip_roll_rubber_link,1569
pinky,M086,122.55,209.139,113.69849312523748,229.0489580604895,-0.004334143,0.009879136,0.011123233,0.00037192443,-0.0052222307,0.028881308,0.32970107,-0.25738278,0.90832335,0.015495433,brown_exact,2.7491481169325337e-12,2.7491481169325337e-12,ray_hit,0.0,2.7573454e-12,right_pinkydip_roll_rubber_link,1230
pinky,M087,38.137,211.701,-56.36586021590551,283.596523352048,-0.006911365,0.005343254,0.004091269,-0.00096338027,-0.0077845394,0.020615937,-0.9959805,-0.06069925,0.065866865,0.009646544,monotonic_extrapolation,12.499222757533614,2.419514028302108e-12,ray_hit,0.0,2.4571222e-12,right_pinkydip_roll_rubber_link,3080
pinky,M088,218.068,211.702,231.46831332610452,236.17400816889278,0.0052525997,0.009702567,0.010291939,5.767909e-05,0.004368671,0.02814394,0.25798333,0.5031541,0.8247912,0.015088194,brown_exact,1.2228851713074994e-11,1.2228851713074994e-11,ray_hit,0.0,1.2256317e-11,right_pinkydip_roll_rubber_link,1366
pinky,M089,103.748,214.202,86.0557031882512,243.15896529565106,-0.0061326264,0.010167447,0.010205792,-0.00047479995,-0.0070112683,0.02838961,0.24621613,-0.53104055,0.8107858,0.015657084,brown_exact,9.897392693360861e-13,9.897392693360861e-13,ray_hit,0.0,9.410333e-13,right_pinkydip_roll_rubber_link,806
pinky,M090,258.688,214.786,301.2687350157717,260.15778381969744,0.007909627,0.008536162,0.007577852,-0.00085198006,0.0070361393,0.025343282,0.03632398,0.8854946,0.46322772,0.0138871195,brown_exact,2.4786726479338893e-12,2.4786726479338893e-12,ray_hit,0.0,2.4681108e-12,right_pinkydip_roll_rubber_link,1335
pinky,M091,64.54,219.313,8.83505410491,277.36070294767796,-0.008238204,0.008703159,0.006916906,-0.0015993303,-0.009104283,0.024961917,-0.9958584,-0.06242155,0.066103406,0.013836783,brown_exact,1.131086934051739e-11,1.131086934051739e-11,ray_hit,0.0,1.1329617e-11,right_pinkydip_roll_rubber_link,259
pinky,M092,238.709,219.832,266.57899198360207,259.5088871664245,0.006803976,0.009799404,0.008737835,-0.0010328694,0.0059324605,0.027050028,0.105090946,0.7612138,0.6399293,0.014787569,brown_exact,2.8985735813780165e-14,2.8985735813780165e-14,ray_hit,0.0,2.842171e-14,right_pinkydip_roll_rubber_link,1329
pinky,M093,160.6,222.774,159.62131912378075,248.43090745290448,-0.00042793417,0.011462431,0.011057416,-0.0008079914,-0.0013024501,0.029887656,0.31519738,0.0010416786,0.9490256,0.01593226,brown_exact,1.3046425077889206e-13,1.3046425077889206e-13,ray_hit,0.0,1.7053026e-13,right_pinkydip_roll_rubber_link,1353
pinky,M094,178.731,223.399,182.1592275486503,250.12809408734745,0.0014588719,0.011467152,0.010924951,-0.0008785013,0.0005852723,0.029792061,0.30252856,0.18065211,0.9358639,0.015905296,brown_exact,1.4492810777812391e-11,1.4492810777812391e-11,ray_hit,0.0,1.44952115e-11,right_pinkydip_roll_rubber_link,1357
pinky,M095,142.57,223.736,136.9129592812612,251.6562423923251,-0.0019735433,0.009868954,0.009298614,-0.0008100293,-0.0028481348,0.027514406,-0.995924,-0.06131863,0.066146694,0.013702385,brown_exact,7.747823037159928e-12,7.747823037159928e-12,ray_hit,0.0,7.755794e-12,right_pinkydip_roll_rubber_link,3119
pinky,M096,84.812,223.801,50.0867085032603,271.2102110177859,-0.0070051,0.00967043,0.008010703,-0.0015773193,-0.007871348,0.026422033,-0.9960065,-0.061174836,0.06502889,0.014379152,brown_exact,5.971917294348072e-13,5.971917294348072e-13,nearest_surface,2.0277295e-05,0.22577241,right_pinkydip_roll_rubber_link,253
pinky,M097,296.325,224.149,423.6092523996424,328.8709841933345,0.008927359,0.007457081,0.0045116837,-0.0020799185,0.008067802,0.022338381,-0.11719076,0.97052205,0.21060222,0.012476422,monotonic_extrapolation,24.08891261583757,1.4492867906890083e-14,ray_hit,0.0,5.684342e-14,right_pinkydip_roll_rubber_link,350
pinky,M098,197.3,225.753,206.5346350192611,257.345647060198,0.0030291488,0.010465318,0.0094715655,-0.0010827801,0.0021579561,0.02804086,-0.9959539,-0.0609354,0.06605093,0.014436385,brown_exact,2.9705396879642052e-12,2.9705396879642052e-12,ray_hit,0.0,2.9825196e-12,right_pinkydip_roll_rubber_link,3053
pinky,M099,124.305,227.202,111.77741651121283,262.1437030647951,-0.0041299085,0.011661334,0.010214233,-0.0015600693,-0.0049961684,0.029391713,-0.9961331,-0.061499447,0.06274328,0.01604286,brown_exact,1.5192582107750824e-11,1.5192582107750824e-11,ray_hit,0.0,1.5169527e-11,right_pinkydip_roll_rubber_link,192
pinky,M100,214.618,230.145,232.32790600760862,271.21283163276064,0.0049323416,0.011556311,0.00954161,-0.0018278027,0.0040696827,0.028820317,0.17782553,0.5197633,0.8355981,0.015777156,brown_exact,6.8925007087739895e-12,6.8925007087739895e-12,ray_hit,0.0,6.8665932e-12,right_pinkydip_roll_rubber_link,1320
pinky,M101,107.395,232.037,84.80978594079751,278.2898921377002,-0.0052891523,0.010606063,0.0090046665,-0.0015928185,-0.006155116,0.02778664,-0.99592733,-0.061587527,0.06584591,0.014884479,brown_exact,1.621132128783716e-14,1.621132128783716e-14,nearest_surface,0.0004892858,5.151598,right_pinkydip_roll_rubber_link,243
thumb,M002,158.617,25.089,157.74122583145038,12.33541323191271,-0.00036789532,-0.005351648,0.0069324016,-0.010351607,0.015808996,-0.0005927272,-0.9995096,-0.011715201,-0.029041782,0.008765482,brown_exact,1.4521282768960536e-14,1.4521282768960536e-14,ray_hit,0.0,0.0,right_thumbdip_roll_rubber_link,1481
thumb,M003,197.788,26.563,203.13241632408116,12.404457683835318,0.0020180081,-0.005298528,0.006868297,-0.010268706,0.015801435,0.0017931765,-0.9959864,-0.004612857,0.089385405,0.008906192,brown_exact,1.621132128783716e-14,1.621132128783716e-14,ray_hit,0.0,1.7763568e-14,right_thumbdip_roll_rubber_link,1477
thumb,M004,120.017,27.718,112.02045904487514,12.25939792031788,-0.0027416646,-0.005262723,0.006812072,-0.010203578,0.01578716,-0.0029664962,-0.99596566,-0.0049407133,-0.08959884,0.009034229,brown_exact,7.263863829320982e-15,7.263863829320982e-15,ray_hit,0.0,3.1974423e-14,right_thumbdip_roll_rubber_link,1484
thumb,M005,233.017,31.523,248.83726909741023,12.359017919918188,0.0042609586,-0.0051136822,0.006625698,-0.009966364,0.015761355,0.0040361285,-0.9709739,0.008269463,0.2390425,0.009391773,brown_exact,7.009541763466422e-12,7.009541763466422e-12,ray_hit,0.0,7.0122476e-12,right_thumbdip_roll_rubber_link,1468
thumb,M006,85.175,33.106,63.52161724408646,11.009764398307581,-0.0049837995,-0.005041991,0.0064464775,-0.009788718,0.015685765,-0.0052086296,-0.97090346,0.0064623044,-0.23938394,0.009582119,brown_exact,6.124266665000091e-12,6.124266665000091e-12,ray_hit,0.0,6.144453e-12,right_thumbdip_roll_rubber_link,1490
thumb,M007,264.338,37.563,300.319976674225,9.782481562766037,0.0063102483,-0.0048187315,0.006087849,-0.009377064,0.015591076,0.00608542,-0.94167554,0.013559558,0.33624884,0.010005064,brown_exact,3.4552954252264433e-12,3.4552954252264433e-12,ray_hit,0.0,3.5155713e-12,right_thumbdip_roll_rubber_link,1590
thumb,M008,53.956,39.67,6.271610611928253,7.425865739809865,-0.0070251185,-0.0046979734,0.0058029364,-0.009089873,0.01547572,-0.007249946,-0.9073657,0.010366358,-0.42021433,0.010251698,brown_exact,7.0273815276087156e-12,7.0273815276087156e-12,ray_hit,0.0,7.0355644e-12,right_thumbdip_roll_rubber_link,1494
thumb,M009,294.568,45.281,370.5212492545446,4.53757904141581,0.008223014,-0.004347807,0.0052275443,-0.008435063,0.015318102,0.007998189,-0.84039587,0.031139279,0.54107773,0.010669986,monotonic_extrapolation,0.7591844285019974,1.4527727658641964e-14,ray_hit,0.0,7.1054274e-15,right_thumbdip_roll_rubber_link,1435
thumb,M010,24.519,47.86,-75.68365652125692,-0.24120429297575186,-0.008817278,-0.00416795,0.0048000216,-0.008005081,0.015144053,-0.009042101,-0.7447743,0.03601341,-0.666344,0.010869977,monotonic_extrapolation,8.912501118599508,4.4768104349687795e-13,ray_hit,0.0,4.5944157e-13,right_thumbdip_roll_rubber_link,1500
thumb,M011,159.08,64.465,158.86724047538155,62.59839159634845,-0.0003878341,-0.0033750476,0.00872246,-0.010226375,0.018472748,-0.00061266555,-0.9959223,0.08510481,-0.029930932,0.009360698,brown_exact,1.3051479479633857e-13,1.3051479479633857e-13,ray_hit,0.0,1.8474111e-13,right_thumbdip_roll_rubber_link,1609
thumb,M012,193.744,65.408,195.1817203698814,63.000197262803965,0.0020185532,-0.0033247138,0.008661277,-0.01014751,0.018465273,0.001793722,-0.9939918,0.07012319,0.084042005,0.009494524,brown_exact,7.845693371714471e-13,7.845693371714471e-13,ray_hit,0.0,8.0839654e-13,right_thumbdip_roll_rubber_link,1553
thumb,M013,124.554,66.114,122.07660631820181,63.15953979333001,-0.002794456,-0.0032837752,0.008581916,-0.010062361,0.018438317,-0.0030192868,-0.98472005,0.119326055,-0.12683754,0.009604242,brown_exact,4.3770567477160327e-13,4.3770567477160327e-13,ray_hit,0.0,4.196415e-13,right_thumbdip_roll_rubber_link,310
thumb,M014,226.019,68.296,232.0121851958881,63.82012823357675,0.004298864,-0.0031547234,0.008355146,-0.009810611,0.018369852,0.0040740343,-0.9666202,0.08573688,0.24144262,0.009911659,brown_exact,5.234182571308814e-14,5.234182571308814e-14,ray_hit,0.0,3.1776438e-14,right_thumbdip_roll_rubber_link,1544
thumb,M015,93.259,69.693,84.47140157555215,64.23310687656416,-0.0050225453,-0.003067705,0.008193332,-0.009634493,0.018317403,-0.0052473745,-0.9665518,0.085686035,-0.24173439,0.010087986,brown_exact,3.2165178607611845e-12,3.2165178607611845e-12,ray_hit,0.0,3.2191272e-12,right_thumbdip_roll_rubber_link,1353
thumb,M016,255.285,72.8,272.34910252941575,65.00100831146722,0.006392576,-0.002863322,0.007769526,-0.009189951,0.01816336,0.0061677485,-0.9392066,0.0627815,0.337564,0.01046084,brown_exact,7.246433953445041e-15,7.246433953445041e-15,ray_hit,0.0,3.1776438e-14,right_thumbdip_roll_rubber_link,1470
thumb,M017,63.793,73.911,39.671506796676724,64.27025375132686,-0.0070896083,-0.002776348,0.007420805,-0.008881356,0.01797905,-0.0073144347,-0.89100695,0.08011413,-0.446865,0.010631979,brown_exact,1.161225189146201e-11,1.161225189146201e-11,ray_hit,0.0,1.1627703e-11,right_thumbdip_roll_rubber_link,1597
thumb,M018,284.847,77.724,327.71366153222084,64.61260120718703,0.008339666,-0.0024868033,0.006693812,-0.008161839,0.017671531,0.008114842,-0.79785454,0.08200092,0.59724694,0.010979132,brown_exact,0.0,0.0,ray_hit,0.0,2.842171e-14,right_thumbdip_roll_rubber_link,1583
thumb,M019,32.809,78.823,-27.385313256169212,62.47645833566268,-0.008977681,-0.0023723473,0.0061163204,-0.0076716756,0.01734534,-0.009202504,-0.7479688,0.08471572,-0.65830535,0.01111918,brown_exact,3.199272725464767e-12,3.199272725464767e-12,ray_hit,0.0,3.2468305e-12,right_thumbdip_roll_rubber_link,1635
thumb,M020,314.42,82.268,414.0913180674457,60.39808117427691,0.0098363785,-0.0020838906,0.0051607895,-0.0067909337,0.016875854,0.009611559,-0.62502307,0.09202221,0.7751633,0.0113018,monotonic_extrapolation,6.467283092980084,3.623216976722521e-15,ray_hit,0.0,0.0,right_thumbdip_roll_rubber_link,1576
thumb,M021,1.338,86.467,-148.498992669785,59.67231123500691,-0.010392877,-0.0017775454,0.0043423316,-0.005994599,0.01651573,-0.010617693,-0.48730585,0.100438684,-0.86743593,0.011402956,monotonic_extrapolation,19.190753374715527,2.1302254979899589e-13,ray_hit,0.0,1.9662473e-13,right_thumbdip_roll_rubber_link,1628
thumb,M022,159.385,98.764,159.36530867761368,98.70814454952729,-0.00042508641,-0.001153423,0.010455287,-0.00988775,0.021269824,-0.00064991665,-0.98269254,0.1846905,-0.014311597,0.010527303,brown_exact,0.0,0.0,ray_hit,0.0,1.4210855e-14,right_thumbdip_roll_rubber_link,1042
thumb,M023,190.355,99.304,190.67723115409072,99.1196095191041,0.0020587132,-0.0011107385,0.010364502,-0.009793296,0.021236047,0.0018338833,-0.9813808,0.16577429,0.09700821,0.010625202,brown_exact,1.4527727658641964e-14,1.4527727658641964e-14,ray_hit,0.0,0.0,right_thumbdip_roll_rubber_link,1050
thumb,M024,128.993,99.93,128.22126169498836,99.62640151128981,-0.0028668186,-0.0010625732,0.010287748,-0.009704897,0.021216054,-0.0030916482,-0.980323,0.15387326,-0.123652086,0.01073245,brown_exact,1.0919865976511855e-13,1.0919865976511855e-13,ray_hit,0.0,1.2141759e-13,right_thumbdip_roll_rubber_link,1037
thumb,M025,218.732,101.118,221.283610556109,100.50825310185215,0.004334405,-0.0009673353,0.010021095,-0.009448725,0.021095486,0.004109577,-0.96245784,0.14993896,0.2262593,0.010961074,brown_exact,2.1791591487962947e-14,2.1791591487962947e-14,ray_hit,0.0,2.842171e-14,right_thumbdip_roll_rubber_link,993
thumb,M026,100.677,101.911,96.35967386627098,101.09315689757636,-0.005121059,-0.0009027812,0.0098075885,-0.009251809,0.020990655,-0.0053458866,-0.9409799,0.177292,-0.288313,0.0111008575,brown_exact,2.209074830870764e-14,2.209074830870764e-14,ray_hit,0.0,4.493867e-14,right_thumbdip_roll_rubber_link,1119
thumb,M027,245.641,103.28,254.84773345963492,102.04881645785896,0.0064211516,-0.00078959623,0.00931914,-0.008825768,0.02072637,0.006196325,-0.8958381,0.17278117,0.40941522,0.011344647,brown_exact,3.3539260516488443e-13,3.3539260516488443e-13,ray_hit,0.0,3.1392803e-13,right_thumbdip_roll_rubber_link,299
thumb,M028,73.47,104.357,59.578009364508844,102.86709673992318,-0.007178401,-0.0007011806,0.008936788,-0.008492316,0.02051936,-0.007403226,-0.87361383,0.13191713,-0.468398,0.011484218,brown_exact,1.464024577111919e-14,1.464024577111919e-14,ray_hit,0.0,2.0097183e-14,right_thumbdip_roll_rubber_link,1676
thumb,M029,273.662,108.135,299.8281016359259,106.66161936873736,0.008414731,-0.00040243304,0.008147709,-0.007722297,0.020174572,0.008189909,-0.7503485,0.13737546,0.6466105,0.011719847,brown_exact,2.6172490804394793e-13,2.6172490804394793e-13,ray_hit,0.0,2.2737368e-13,right_thumbdip_roll_rubber_link,1686
thumb,M030,43.175,109.412,3.598290720564421,107.78599842375708,-0.009130276,-0.00030244447,0.0074166926,-0.0071335076,0.019729842,-0.009355096,-0.69566727,0.13614541,-0.705345,0.011766935,brown_exact,5.815501649112981e-14,5.815501649112981e-14,ray_hit,0.0,9.947598e-14,right_thumbdip_roll_rubber_link,1668
thumb,M031,302.383,113.968,365.97145733942284,113.63821414275544,0.009917185,2.6122774e-05,0.0064470707,-0.0062144864,0.019278849,0.009692368,-0.49811164,0.13847008,0.8559853,0.011828608,brown_exact,3.399636098455872e-12,3.399636098455872e-12,ray_hit,0.0,3.4108716e-12,right_thumbdip_roll_rubber_link,1694
thumb,M032,14.841,118.514,-77.20101012604428,120.67267270809344,-0.010396337,0.0003258582,0.00562414,-0.0054196427,0.018910885,-0.010621151,-0.419901,0.13862975,-0.89691967,0.011824591,monotonic_extrapolation,3.187592945097954,0.0,ray_hit,0.0,1.9539925e-14,right_thumbdip_roll_rubber_link,1661
thumb,M033,186.886,127.893,187.10316160041992,128.0288839861961,0.0020442766,0.0013637989,0.011932657,-0.009159552,0.02409626,0.0018194491,-0.95528156,0.27869093,0.098835565,0.012183076,brown_exact,3.631931914660491e-15,3.631931914660491e-15,ray_hit,0.0,0.0,right_thumbdip_roll_rubber_link,1087
thumb,M034,159.826,128.0,159.8107076014275,128.0433942254088,-0.0004488302,0.0013783107,0.012047912,-0.009231009,0.02418784,-0.000673658,-0.9564748,0.29103824,-0.021277927,0.0121348,brown_exact,2.026415160979645e-15,2.026415160979645e-15,ray_hit,0.0,2.842171e-14,right_thumbdip_roll_rubber_link,1217
thumb,M035,132.692,128.52,132.11596595040098,128.78078992489455,-0.0029463181,0.0014210915,0.011837373,-0.009051578,0.024069667,-0.0031711452,-0.9543281,0.26326355,-0.14124514,0.0122810295,brown_exact,9.428049086571002e-13,9.428049086571002e-13,ray_hit,0.0,9.396374e-13,right_thumbdip_roll_rubber_link,1102
thumb,M036,212.563,128.651,214.36553254626543,129.20190513128563,0.004372786,0.0014198639,0.011517652,-0.008825829,0.023843287,0.0041479594,-0.9275961,0.2698323,0.25837183,0.012401354,brown_exact,1.106074950286144e-12,1.106074950286144e-12,ray_hit,0.0,1.116796e-12,right_thumbdip_roll_rubber_link,979
thumb,M037,107.485,129.564,104.3624320460226,130.41065214418342,-0.0052048517,0.0014964035,0.011290477,-0.008610768,0.02373731,-0.005429677,-0.9240273,0.25103697,-0.28836423,0.012522163,brown_exact,2.1791591487962947e-14,2.1791591487962947e-14,ray_hit,0.0,5.1237965e-14,right_thumbdip_roll_rubber_link,1137
thumb,M038,237.167,130.788,243.75847722404487,132.30804443977559,0.0064982623,0.0015815607,0.01075367,-0.008170218,0.023419049,0.006273438,-0.8805217,0.23670945,0.41067043,0.012663734,brown_exact,5.000940574640342e-12,5.000940574640342e-12,ray_hit,0.0,5.0061756e-12,right_thumbdip_roll_rubber_link,991
thumb,M039,82.513,132.032,72.44956658873717,134.2248631392158,-0.007283374,0.0016713939,0.010332843,-0.007808491,0.023185905,-0.007508197,-0.82250386,0.2450655,-0.5132546,0.012751814,brown_exact,8.746705756051124e-14,8.746705756051124e-14,ray_hit,0.0,8.987734e-14,right_thumbdip_roll_rubber_link,1190
thumb,M040,264.476,135.653,284.42453469739223,139.94014297557638,0.008575746,0.0019262568,0.009371814,-0.006947535,0.022688726,0.008350926,-0.70972306,0.24201527,0.6616055,0.012848532,brown_exact,1.2494127403151949e-11,1.2494127403151949e-11,ray_hit,0.0,1.2505811e-11,right_thumbdip_roll_rubber_link,1228
thumb,M041,52.877,137.663,22.386202210036913,144.024655479637,-0.009292336,0.0020236713,0.008544951,-0.006292616,0.022174567,-0.009517153,-0.5597851,0.1838699,-0.8079805,0.012785106,brown_exact,9.674381628084695e-12,9.674381628084695e-12,ray_hit,0.0,9.639782e-12,right_thumbdip_roll_rubber_link,1325
thumb,M042,291.589,144.15,341.29426095400527,155.75042584286578,0.010035795,0.0024289123,0.0074357893,-0.0052205995,0.021679506,0.009810982,-0.42442608,0.16834499,0.8896755,0.012724298,brown_exact,1.0671604988457353e-11,1.0671604988457353e-11,ray_hit,0.0,1.0663293e-11,right_thumbdip_roll_rubber_link,1396
thumb,M043,29.014,147.47,-36.51322717893464,163.27470885401684,-0.010346595,0.0025859498,0.006729142,-0.004608835,0.021292403,-0.010571406,-0.3033228,0.16763292,-0.9380269,0.012610334,brown_exact,1.3924129939912461e-11,1.3924129939912461e-11,ray_hit,0.0,1.3974254e-11,right_thumbdip_roll_rubber_link,1317
thumb,M044,184.192,151.951,184.71624851638038,152.97195913783412,0.0020187646,0.0040271585,0.013187922,-0.008170824,0.026869632,0.0017939407,-0.90750384,0.4078999,0.10027186,0.013936093,brown_exact,2.2040602868512912e-14,2.2040602868512912e-14,ray_hit,0.0,0.0,right_thumbdip_roll_rubber_link,929
thumb,M045,159.986,152.091,159.8834609831431,152.91383813362313,-0.00048801414,0.00405491,0.01329819,-0.0082294075,0.02696708,-0.00071283826,-0.9070194,0.42087618,-0.013382498,0.0139112305,brown_exact,7.246433953445041e-15,7.246433953445041e-15,ray_hit,0.0,0.0,right_thumbdip_roll_rubber_link,1204
thumb,M046,136.136,152.394,135.15386085899164,153.71140077738738,-0.002951975,0.004068337,0.013080138,-0.008065356,0.026822798,-0.0031767986,-0.90853184,0.39647466,-0.13182469,0.014012692,brown_exact,4.4262011570248025e-14,4.4262011570248025e-14,ray_hit,0.0,4.0194366e-14,right_thumbdip_roll_rubber_link,1149
thumb,M047,207.29,152.573,209.45424735289816,154.53162756489067,0.004370849,0.004053863,0.012775517,-0.007859654,0.02659768,0.004146026,-0.8710501,0.40508872,0.27780357,0.014097942,brown_exact,4.870411772825586e-14,4.870411772825586e-14,ray_hit,0.0,2.842171e-14,right_thumbdip_roll_rubber_link,1093
thumb,M048,312.022,153.095,406.0390774747739,177.37144570880002,0.010649404,0.0028423024,0.005773764,-0.003750854,0.020800266,0.010424596,-0.20495409,0.1405691,0.9686249,0.012442863,monotonic_extrapolation,5.244170994262152,0.0,ray_hit,0.0,6.3552875e-14,right_thumbdip_roll_rubber_link,1702
thumb,M049,113.203,153.339,109.77795715461102,155.94964632728352,-0.00524759,0.00410416,0.012505908,-0.007633022,0.026443169,-0.005472412,-0.8672055,0.3813666,-0.32017833,0.014169652,brown_exact,3.62879694812131e-14,3.62879694812131e-14,ray_hit,0.0,2.842171e-14,right_thumbdip_roll_rubber_link,1180
thumb,M050,227.871,154.222,233.70591348178465,157.93034226967217,0.006358899,0.0041393293,0.012055687,-0.007289108,0.026150545,0.0061340784,-0.7990463,0.3580055,0.48307046,0.014244621,brown_exact,8.749575644910456e-12,8.749575644910456e-12,ray_hit,0.0,8.767026e-12,right_thumbdip_roll_rubber_link,1237
thumb,M051,88.41,154.834,78.41394564475583,160.16473573837624,-0.007478923,0.0040890714,0.011343807,-0.006819871,0.025612805,-0.007703742,-0.77675754,0.3236252,-0.54029113,0.014189319,brown_exact,1.4527727658641964e-14,1.4527727658641964e-14,ray_hit,0.0,1.4210855e-14,right_thumbdip_roll_rubber_link,1281
thumb,M052,8.07,156.659,-118.91427666968602,190.02773457385945,-0.010820892,0.0029419214,0.004992805,-0.0031269072,0.020320049,-0.011045697,-0.135864,0.14255261,-0.98041815,0.012274963,monotonic_extrapolation,15.31197566350947,5.856098308447677e-14,ray_hit,0.0,3.5527137e-14,right_thumbdip_roll_rubber_link,1652
thumb,M053,255.711,160.912,274.0076959509041,170.30140743654053,0.008701262,0.0045630326,0.010415052,-0.0058272574,0.025293704,0.008476447,-0.6743884,0.29929322,0.6749991,0.01431805,brown_exact,1.346063085556048e-11,1.346063085556048e-11,ray_hit,0.0,1.3483548e-11,right_thumbdip_roll_rubber_link,861
thumb,M054,61.788,163.898,33.77295889355665,177.38634756355927,-0.009420576,0.0046365564,0.009416372,-0.005067392,0.02464142,-0.009645388,-0.46109605,0.28751332,-0.8394799,0.01410365,brown_exact,9.750067788532476e-12,9.750067788532476e-12,ray_hit,0.0,9.754207e-12,right_thumbdip_roll_rubber_link,414
thumb,M055,280.575,169.573,323.9379575223836,190.18362835255385,0.009998228,0.004850541,0.008215318,-0.0040651346,0.023945967,0.009773419,-0.26977852,0.2342405,0.9339973,0.013819688,brown_exact,1.0399175890730302e-13,1.0399175890730302e-13,ray_hit,0.0,1.1718571e-13,right_thumbdip_roll_rubber_link,700
thumb,M056,160.092,171.974,159.84933391413733,175.00521449192405,-0.00051991467,0.006670136,0.014067492,-0.006930142,0.029363565,-0.000744734,-0.82781047,0.560748,-0.017073302,0.015577399,brown_exact,7.246433953445041e-15,7.246433953445041e-15,ray_hit,0.0,0.0,right_thumbdip_roll_rubber_link,1259
thumb,M057,182.108,172.349,183.11389694570374,175.72211866517026,0.0019694706,0.0067076306,0.013984594,-0.0068449406,0.029331673,0.0017446517,-0.8295344,0.55066633,0.092947945,0.015634576,brown_exact,1.026033736153733e-14,1.026033736153733e-14,ray_hit,0.0,0.0,right_thumbdip_roll_rubber_link,1252
thumb,M058,138.806,172.666,137.1216535957498,176.47316631541105,-0.0029216923,0.006732549,0.013870171,-0.006746236,0.029268632,-0.003146511,-0.83050704,0.541516,-0.13045496,0.0156922,brown_exact,1.621132128783716e-14,1.621132128783716e-14,ray_hit,0.0,0.0,right_thumbdip_roll_rubber_link,1265
thumb,M059,40.579,172.868,-15.83007919577173,199.299945491141,-0.010245622,0.0049037375,0.00742696,-0.0034686902,0.023427622,-0.0104704285,-0.16025375,0.20097211,-0.96639997,0.013571261,brown_exact,0.0,0.0,ray_hit,0.0,7.1054274e-15,right_thumbdip_roll_rubber_link,416
thumb,M060,203.158,173.287,206.265489578349,178.07402711005196,0.004319381,0.0067648543,0.0135932965,-0.0065272064,0.029096244,0.0040945634,-0.8298626,0.51169866,0.2224693,0.015786007,brown_exact,7.246433953445041e-15,7.246433953445041e-15,ray_hit,0.0,2.842171e-14,right_thumbdip_roll_rubber_link,1247
thumb,M061,117.68,174.056,113.132768231346,179.85039474809355,-0.005240656,0.0068009663,0.013302133,-0.006295301,0.028916476,-0.005465473,-0.7676256,0.5554876,-0.31966326,0.015832383,brown_exact,4.170151253181427e-12,4.170151253181427e-12,ray_hit,0.0,4.1864897e-12,right_thumbdip_roll_rubber_link,612
thumb,M062,224.528,176.259,232.30312284171495,184.33608876788247,0.006576659,0.006944363,0.012727205,-0.0057866494,0.02861261,0.0063518444,-0.7529901,0.48477772,0.4449679,0.015920376,brown_exact,1.861585299626269e-12,1.861585299626269e-12,ray_hit,0.0,1.8528688e-12,right_thumbdip_roll_rubber_link,582
thumb,M063,95.881,177.807,84.83266274155187,188.01772110681563,-0.0074293804,0.0069861235,0.012174457,-0.0053653135,0.028252343,-0.0076541943,-0.6691419,0.47846907,-0.56860924,0.015881404,brown_exact,7.246433953445041e-15,7.246433953445041e-15,ray_hit,0.0,2.842171e-14,right_thumbdip_roll_rubber_link,495
thumb,M064,297.817,178.29,384.83380554148084,219.7122542774851,0.010497164,0.005095295,0.0062394184,-0.0024918348,0.0227258,0.01027236,-0.041665822,0.15342066,0.98728216,0.013231887,brown_exact,0.46665897882637436,0.46665897882637436,ray_hit,0.0,0.46665898,right_thumbdip_roll_rubber_link,1408
thumb,M065,22.359,183.514,-81.53877990551544,233.2802321090667,-0.010572962,0.005172597,0.0056189247,-0.0019973808,0.022342943,-0.010797763,-0.04146149,0.15701616,-0.98672533,0.013042837,monotonic_extrapolation,11.19213689601996,1.336327815963823e-13,ray_hit,0.0,1.304383e-13,right_thumbdip_roll_rubber_link,1313
thumb,M066,248.248,183.848,268.03842538244595,200.33374820693388,0.008651589,0.0073190522,0.010953695,-0.004265177,0.027627302,0.008426779,-0.38827276,0.40972093,0.8254532,0.015760772,brown_exact,3.859051634285112e-13,3.859051634285112e-13,ray_hit,0.0,3.8657706e-13,right_thumbdip_roll_rubber_link,852
thumb,M067,69.887,187.66,40.45407070879176,210.3915373894219,-0.009325162,0.007319844,0.009822279,-0.0034625195,0.02682984,-0.009549968,-0.28964615,0.32862368,-0.8989503,0.015395322,brown_exact,1.2867571943647515e-11,1.2867571943647515e-11,ray_hit,0.0,1.2871521e-11,right_thumbdip_roll_rubber_link,421
thumb,M068,160.549,189.464,160.1534222082564,196.5941128000058,-0.00049730274,0.009182748,0.014358505,-0.005364206,0.031349957,-0.0007221163,-0.7074347,0.7064243,-0.022378352,0.017051006,brown_exact,1.7974468099675162e-12,1.7974468099675162e-12,ray_hit,0.0,1.8192114e-12,right_thumbdip_roll_rubber_link,651
thumb,M069,180.32,189.677,181.87338277433759,197.20639771101872,0.0018747556,0.009194904,0.014272833,-0.0052949106,0.031298146,0.0016499422,-0.70640314,0.69752187,0.120240755,0.017081415,brown_exact,2.411993575746513e-12,2.411993575746513e-12,ray_hit,0.0,2.4218566e-12,right_thumbdip_roll_rubber_link,646
thumb,M070,140.505,190.197,137.88714847566868,198.4181126683817,-0.0028946646,0.009236922,0.014134399,-0.0051671243,0.031230291,-0.0031194775,-0.70491517,0.6879369,-0.1727352,0.017131288,brown_exact,6.297648730415031e-12,6.297648730415031e-12,ray_hit,0.0,6.2898727e-12,right_thumbdip_roll_rubber_link,657
thumb,M071,200.465,191.276,204.9577926595955,200.97439793646896,0.0042596254,0.009315906,0.01384053,-0.0049031232,0.031079005,0.0040348135,-0.7000732,0.6748783,0.23331702,0.017218908,brown_exact,1.621132128783716e-14,1.621132128783716e-14,ray_hit,0.0,0.0,right_thumbdip_roll_rubber_link,641
thumb,M072,120.795,192.27,114.49931507822521,203.4624564292011,-0.005188657,0.009363913,0.013528762,-0.0046482226,0.030893136,-0.0054134675,-0.5929944,0.69583493,-0.40518066,0.017252026,brown_exact,0.0,0.0,ray_hit,0.0,1.4210855e-14,right_thumbdip_roll_rubber_link,539
thumb,M073,316.061,192.761,461.51824897657355,266.6715181852877,0.01061827,0.0055064256,0.0046809013,-0.0010970552,0.021917967,0.010393472,0.06801048,0.15255637,0.9859519,0.012844424,monotonic_extrapolation,23.238742183478564,1.4492867906890083e-14,ray_hit,0.0,6.3552875e-14,right_thumbdip_roll_rubber_link,1412
thumb,M074,266.356,194.828,305.3702451246321,225.65384016186763,0.0096265245,0.007719523,0.008953854,-0.0025650768,0.026500635,0.009401722,-0.09603062,0.33274418,0.9381148,0.015245738,brown_exact,1.2539883659639926e-11,1.2539883659639926e-11,ray_hit,0.0,1.2584111e-11,right_thumbdip_roll_rubber_link,874
thumb,M075,220.852,195.382,231.13521256917997,210.2562986126688,0.006516935,0.009550436,0.012833286,-0.0040236977,0.030534817,0.006292126,-0.5409228,0.65354437,0.5294169,0.017273521,brown_exact,7.263863829320982e-15,7.263863829320982e-15,ray_hit,0.0,2.842171e-14,right_thumbdip_roll_rubber_link,710
thumb,M076,100.159,197.442,86.09752487830187,215.5553221452555,-0.0073331534,0.009582374,0.012210179,-0.0035594152,0.030117959,-0.00755796,-0.43357688,0.626991,-0.6472198,0.017166406,brown_exact,2.5965968727351454e-12,2.5965968727351454e-12,ray_hit,0.0,2.5956117e-12,right_thumbdip_roll_rubber_link,503
thumb,M077,3.839,198.901,-202.80411582595391,304.19566501526026,-0.010662406,0.005557548,0.0037966238,-0.00043407586,0.021330498,-0.010887201,0.06789858,0.15885295,-0.9849647,0.012609028,monotonic_extrapolation,34.646012629088276,2.905545531728393e-14,ray_hit,0.0,3.9263616e-14,right_thumbdip_roll_rubber_link,1306
thumb,M078,54.586,198.983,2.859219312111975,238.54483092216577,-0.009881195,0.0076775798,0.007990019,-0.0019113484,0.025791077,-0.010105995,-0.063143805,0.25360936,-0.9652436,0.014846671,brown_exact,3.3444442666762494e-12,3.3444442666762494e-12,ray_hit,0.0,3.3811085e-12,right_thumbdip_roll_rubber_link,762
thumb,M079,244.579,204.647,269.67979782848295,233.01646892597276,0.008531966,0.0097672455,0.010633371,-0.002311316,0.029136835,0.008307165,-0.17492455,0.48688444,0.85577154,0.016770871,brown_exact,2.0010522119308872e-11,2.0010522119308872e-11,ray_hit,0.0,2.0024702e-11,right_thumbdip_roll_rubber_link,832
thumb,M080,160.41,205.776,159.75314413188187,219.69508974537501,-0.00053433183,0.011574381,0.014175634,-0.0035476761,0.032916345,-0.0007591387,-0.5399973,0.84117126,-0.028875872,0.01830848,brown_exact,1.4492867906890083e-14,1.4492867906890083e-14,ray_hit,0.0,0.0,right_thumbdip_roll_rubber_link,563
thumb,M081,179.625,206.032,181.97274154113933,220.51270962593026,0.0018598326,0.011582708,0.014077841,-0.0034724888,0.03285327,0.001635026,-0.53567576,0.83975023,0.08871836,0.018324949,brown_exact,1.4492867906890083e-14,1.4492867906890083e-14,ray_hit,0.0,2.842171e-14,right_thumbdip_roll_rubber_link,559
thumb,M082,281.838,206.528,350.3344936807197,260.0945150484869,0.009995099,0.007932528,0.007045016,-0.0010617083,0.025305262,0.009770301,0.042203426,0.19682203,0.97953045,0.0145759825,monotonic_extrapolation,1.7474514190463935,1.36962010219181e-13,ray_hit,0.0,1.1718571e-13,right_thumbdip_roll_rubber_link,888
thumb,M083,141.537,206.763,137.63580660418026,222.33132452874568,-0.0028743546,0.011634061,0.013904813,-0.0033135945,0.03276763,-0.0030991605,-0.5261764,0.8207272,-0.22258763,0.018356392,brown_exact,3.631931914660491e-15,3.631931914660491e-15,ray_hit,0.0,0.0,right_thumbdip_roll_rubber_link,569
thumb,M084,78.767,207.44,47.74089127488017,240.9768196528875,-0.008895963,0.009750264,0.009954059,-0.0018416805,0.028645655,-0.009120764,-0.15473905,0.40447813,-0.9013619,0.016531458,brown_exact,3.488491542823012e-12,3.488491542823012e-12,ray_hit,0.0,3.548761e-12,right_thumbdip_roll_rubber_link,757
thumb,M085,198.823,207.745,205.21778735448504,225.29013711273018,0.004195745,0.011640464,0.013545519,-0.0030544093,0.03251875,0.00397094,-0.5135435,0.7994536,0.31168422,0.018346272,brown_exact,2.052067472307466e-14,2.052067472307466e-14,ray_hit,0.0,2.842171e-14,right_thumbdip_roll_rubber_link,554
thumb,M086,122.55,209.139,113.69849312523748,229.0489580604895,-0.0051323143,0.011698469,0.013171676,-0.0027484542,0.032296184,-0.0053571183,-0.48731476,0.77594584,-0.40054014,0.018349057,brown_exact,2.7491481169325337e-12,2.7491481169325337e-12,ray_hit,0.0,2.7573454e-12,right_thumbdip_roll_rubber_link,574
thumb,M087,38.137,211.701,-56.36586021590551,283.596523352048,-0.010120038,0.007823916,0.0059906836,-0.0003908508,0.024484614,-0.010344833,0.11648331,0.1968946,-0.97348046,0.014125053,monotonic_extrapolation,12.499222757533614,2.419514028302108e-12,ray_hit,0.0,2.430887e-12,right_thumbdip_roll_rubber_link,479
thumb,M088,218.068,211.702,231.46831332610452,236.17400816889278,0.0063445834,0.011719672,0.012431569,-0.0022088971,0.03178919,0.006119781,-0.3190068,0.7049792,0.6334343,0.018224938,brown_exact,1.2228851713074994e-11,1.2228851713074994e-11,ray_hit,0.0,1.2256317e-11,right_thumbdip_roll_rubber_link,720
thumb,M089,103.748,214.202,86.0557031882512,243.15896529565106,-0.007080684,0.011739257,0.01178353,-0.0017356541,0.031345993,-0.0073054843,-0.30277482,0.7086335,-0.6373116,0.01807755,brown_exact,9.897392693360861e-13,9.897392693360861e-13,ray_hit,0.0,9.685299e-13,right_thumbdip_roll_rubber_link,750
thumb,M090,258.688,214.786,301.2687350157717,260.15778381969744,0.009214407,0.0099442955,0.008827902,-0.0009065851,0.027988885,0.00898961,-0.01929316,0.38762227,0.9216164,0.016177954,brown_exact,2.4786726479338893e-12,2.4786726479338893e-12,ray_hit,0.0,2.4681108e-12,right_thumbdip_roll_rubber_link,844
thumb,M091,64.54,219.313,8.83505410491,277.36070294767796,-0.00941237,0.009943594,0.007902752,-0.0002511944,0.027335849,-0.009637165,0.076331,0.2965039,-0.95197636,0.015808897,brown_exact,1.131086934051739e-11,1.131086934051739e-11,ray_hit,0.0,1.1329617e-11,right_thumbdip_roll_rubber_link,475
thumb,M092,238.709,219.832,266.57899198360207,259.5088871664245,0.008085955,0.01164577,0.010384184,-0.0008096866,0.030292716,0.007861158,-0.116218284,0.5398532,0.8336977,0.017573785,brown_exact,2.8985735813780165e-14,2.8985735813780165e-14,ray_hit,0.0,2.842171e-14,right_thumbdip_roll_rubber_link,768
thumb,M093,160.6,222.774,159.62131912378075,248.43090745290448,-0.0005210345,0.013956171,0.013463042,-0.0013625814,0.034102123,-0.0007458334,-0.33080024,0.9430273,-0.035646282,0.019398445,brown_exact,1.3046425077889206e-13,1.3046425077889206e-13,ray_hit,0.0,1.1368684e-13,right_thumbdip_roll_rubber_link,787
thumb,M094,178.731,223.399,182.1592275486503,250.12809408734745,0.0017800253,0.013991511,0.01332995,-0.0012433181,0.034033302,0.0015552269,-0.32511878,0.93935,0.10917579,0.01940666,brown_exact,1.4492810777812391e-11,1.4492810777812391e-11,ray_hit,0.0,1.44952115e-11,right_thumbdip_roll_rubber_link,783
thumb,M095,142.57,223.736,136.9129592812612,251.6562423923251,-0.0026016484,0.013009873,0.012258016,-0.0011758144,0.03258137,-0.0028264467,0.9848271,0.1735384,1.4619613e-06,0.018063342,brown_exact,7.747823037159928e-12,7.747823037159928e-12,ray_hit,0.0,7.755794e-12,right_thumbdip_roll_rubber_link,1997
thumb,M096,84.812,223.801,50.0867085032603,271.2102110177859,-0.00756423,0.01046074,0.008637182,-0.0004070613,0.028220458,-0.0077890255,0.98482496,0.17355047,0.000232792,0.015532082,brown_exact,5.971917294348072e-13,5.971917294348072e-13,ray_hit,0.0,5.995566e-13,right_thumbdip_roll_rubber_link,1930
thumb,M097,296.325,224.149,423.6092523996424,328.8709841933345,0.009136152,0.007631487,0.0046172026,0.0004469804,0.023379445,0.00891136,0.98481154,0.1736266,-0.00016268733,0.01276822,monotonic_extrapolation,24.08891261583757,1.4492867906890083e-14,ray_hit,0.0,0.0,right_thumbdip_roll_rubber_link,1974
thumb,M098,197.3,225.753,206.5346350192611,257.345647060198,0.0034944455,0.012072858,0.010926459,-0.00089283555,0.030977953,0.0032696482,0.9847841,0.17378083,-0.00065378,0.016653905,brown_exact,2.9705396879642052e-12,2.9705396879642052e-12,ray_hit,0.0,2.9864442e-12,right_thumbdip_roll_rubber_link,1993
thumb,M099,124.305,227.202,111.77741651121283,262.1437030647951,-0.004960208,0.014005792,0.012267758,-0.00048025756,0.033294227,-0.005185004,-0.25500876,0.8407889,-0.4775401,0.019268207,brown_exact,1.5192582107750824e-11,1.5192582107750824e-11,ray_hit,0.0,1.5169527e-11,right_thumbdip_roll_rubber_link,798
thumb,M100,214.618,230.145,232.32790600760862,271.21283163276064,0.005966933,0.0139803225,0.011543026,1.5482945e-05,0.032764994,0.005742139,-0.14488235,0.7949314,0.5891461,0.019086517,brown_exact,6.8925007087739895e-12,6.8925007087739895e-12,ray_hit,0.0,6.8665932e-12,right_thumbdip_roll_rubber_link,398
thumb,M101,107.395,232.037,84.80978594079751,278.2898921377002,-0.0066724843,0.013831686,0.010931007,0.00034453714,0.032227952,-0.006897277,-0.13584693,0.730008,-0.6698014,0.018850053,brown_exact,1.621132128783716e-14,1.621132128783716e-14,ray_hit,0.0,0.0,right_thumbdip_roll_rubber_link,360
