mtllib base_pivot_Mesh.mtl
v -0.02154768943786621 0.002122262239456177 0.015228361129760743
v -0.02269021224975586 0.002234790802001953 0.015
v -0.022799999237060546 1.7482011254203388e-17 0.015
v -0.02123591423034668 0.0042240858078002935 0.015228361129760743
v -0.021818239212036135 0.006618490695953369 0.015
v -0.02236190414428711 0.004448059558868408 0.015
v -0.02028134536743164 0.004034210205078125 0.015878679275512696
v -0.02071962356567383 0.006285229206085205 0.015228361129760743
v -0.020003793716430664 0.008285842895507812 0.015228361129760743
v -0.019095314025878905 0.010206658363342285 0.015228361129760743
v -0.021064453125 0.00872518253326416 0.015
v -0.019104608535766603 0.007913388252258301 0.015878679275512696
v -0.01978826332092285 0.006002703666687012 0.015878679275512696
v -0.02154768943786621 -0.002122262239456177 0.015228361129760743
v -0.020579105377197267 0.002026865005493164 0.015878679275512696
v -0.020107805252075197 0.01074784564971924 0.015
v -0.01800293731689453 0.012029178619384765 0.015228361129760743
v -0.017624637603759766 0.014464166641235352 0.015
v -0.018957508087158202 0.012667001724243164 0.015
v -0.016122034072875976 0.016122034072875976 0.015
v -0.015310240745544434 0.015310240745544434 0.015228361129760743
v -0.014464166641235352 0.017624637603759766 0.015
v -0.012029178619384765 0.01800293731689453 0.015228361129760743
v -0.012667001724243164 0.018957508087158202 0.015
v -0.013735851287841798 0.0167371826171875 0.015228361129760743
v -0.00872518253326416 0.021064453125 0.015
v -0.01074784564971924 0.020107805252075197 0.015
v -0.010206658363342285 0.019095314025878905 0.015228361129760743
v -0.006618490695953369 0.021818239212036135 0.015
v -0.006285229206085205 0.02071962356567383 0.015228361129760743
v -0.018236967086791993 0.009747861862182617 0.015878679275512696
v -0.01964352226257324 0.003907339572906494 0.01685194969177246
v -0.0167371826171875 0.013735851287841798 0.015228361129760743
v -0.015984835624694823 0.013118415832519532 0.015878679275512696
v -0.017193693161010742 0.011488458633422852 0.015878679275512696
v -0.014622035026550293 0.014622035026550293 0.015878679275512696
v -0.018503793716430666 0.007664522171020508 0.01685194969177246
v -0.016652973175048828 0.011127161026000977 0.01685194969177246
v -0.01548213291168213 0.012705858230590821 0.01685194969177246
v -0.01766343688964844 0.009441304206848146 0.01685194969177246
v -0.01916594696044922 0.0058139262199401855 0.01685194969177246
v -0.011488458633422852 0.017193693161010742 0.015878679275512696
v -0.007913388252258301 0.019104608535766603 0.015878679275512696
v -0.008285842895507812 0.020003793716430664 0.015228361129760743
v -0.006002703666687012 0.01978826332092285 0.015878679275512696
v -0.009747861862182617 0.018236967086791993 0.015878679275512696
v -0.012705858230590821 0.01548213291168213 0.01685194969177246
v -0.013118415832519532 0.015984835624694823 0.015878679275512696
v -0.009441304206848146 0.01766343688964844 0.01685194969177246
v -0.007664522171020508 0.018503793716430666 0.01685194969177246
v -0.011127161026000977 0.016652973175048828 0.01685194969177246
v -0.014162190437316894 0.014162190437316894 0.01685194969177246
v -0.004448059558868408 0.02236190414428711 0.015
v -0.020579105377197267 -0.002026865005493164 0.015878679275512696
v -0.019931919097900392 0.0019631227254867556 0.01685194969177246
v -0.0042240858078002935 0.02123591423034668 0.015228361129760743
v -0.002122262239456177 0.02154768943786621 0.015228361129760743
v -0.002234790802001953 0.02269021224975586 0.015
v -1.3538252956841677e-17 0.021651948928833008 0.015228361129760743
v -1.0816355779520292e-17 0.022799999237060546 0.015
v 0.002234790802001953 0.02269021224975586 0.015
v 0.0042240858078002935 0.02123591423034668 0.015228361129760743
v 0.004448059558868408 0.02236190414428711 0.015
v 0.002122262239456177 0.02154768943786621 0.015228361129760743
v 0.00872518253326416 0.021064453125 0.015
v 0.006618490695953369 0.021818239212036135 0.015
v 0.008285842895507812 0.020003793716430664 0.015228361129760743
v 0.006285229206085205 0.02071962356567383 0.015228361129760743
v 0.010206658363342285 0.019095314025878905 0.015228361129760743
v 0.01074784564971924 0.020107805252075197 0.015
v 0.012667001724243164 0.018957508087158202 0.015
v 0.012029178619384765 0.01800293731689453 0.015228361129760743
v -0.004034210205078125 0.02028134536743164 0.015878679275512696
v 0.017624637603759766 0.014464166641235352 0.015
v 0.016122034072875976 0.016122034072875976 0.015
v 0.0167371826171875 0.013735851287841798 0.015228361129760743
v 0.02269021224975586 0.002234790802001953 0.015
v 0.02236190414428711 0.004448059558868408 0.015
v 0.02154768943786621 0.002122262239456177 0.015228361129760743
v 0.02123591423034668 0.0042240858078002935 0.015228361129760743
v 0.021818239212036135 0.006618490695953369 0.015
v 0.014464166641235352 0.017624637603759766 0.015
v 0.015310240745544434 0.015310240745544434 0.015228361129760743
v 0.020003793716430664 0.008285842895507812 0.015228361129760743
v 0.021064453125 0.00872518253326416 0.015
v 0.020107805252075197 0.01074784564971924 0.015
v 0.02071962356567383 0.006285229206085205 0.015228361129760743
v 0.019095314025878905 0.010206658363342285 0.015228361129760743
v 0.018957508087158202 0.012667001724243164 0.015
v 0.021651948928833008 2.04148018476992e-17 0.015228361129760743
v -1.3478657412738759e-17 0.020678680419921876 0.015878679275512696
v 0.002026865005493164 0.020579105377197267 0.015878679275512696
v 0.004034210205078125 0.02028134536743164 0.015878679275512696
v -0.002026865005493164 0.020579105377197267 0.015878679275512696
v -0.003907339572906494 0.01964352226257324 0.01685194969177246
v 0.007913388252258301 0.019104608535766603 0.015878679275512696
v 0.009747861862182617 0.018236967086791993 0.015878679275512696
v 0.006002703666687012 0.01978826332092285 0.015878679275512696
v -0.0019631227254867556 0.019931919097900392 0.01685194969177246
v 0.011488458633422852 0.017193693161010742 0.015878679275512696
v 0.013735851287841798 0.0167371826171875 0.015228361129760743
v 0.014622035026550293 0.014622035026550293 0.015878679275512696
v 0.01800293731689453 0.012029178619384765 0.015228361129760743
v 0.015984835624694823 0.013118415832519532 0.015878679275512696
v 0.013118415832519532 0.015984835624694823 0.015878679275512696
v 0.018236967086791993 0.009747861862182617 0.015878679275512696
v 0.01978826332092285 0.006002703666687012 0.015878679275512696
v 0.02028134536743164 0.004034210205078125 0.015878679275512696
v 0.019104608535766603 0.007913388252258301 0.015878679275512696
v 0.017193693161010742 0.011488458633422852 0.015878679275512696
v 0.020579105377197267 0.002026865005493164 0.015878679275512696
v 0.020678680419921876 2.0533992935905037e-17 0.015878679275512696
v -0.0058139262199401855 0.01916594696044922 0.01685194969177246
v -0.019704658508300783 0.001940739393234253 0.018000000000000002
v -0.01829281425476074 0.007577131748199463 0.018000000000000002
v -0.018947418212890626 0.005747636795043945 0.018000000000000002
v -0.016463098526000978 0.011000290870666504 0.018000000000000002
v -0.014000714302062988 0.014000714302062988 0.018000000000000002
v -0.01256098747253418 0.015305606842041016 0.018000000000000002
v -0.015305606842041016 0.01256098747253418 0.018000000000000002
v -0.0174620418548584 0.00933365535736084 0.018000000000000002
v -0.00933365535736084 0.0174620418548584 0.018000000000000002
v 0.0019631227254867556 0.019931919097900392 0.01685194969177246
v -1.3438836699822439e-17 0.020028362274169924 0.01685194969177246
v -0.005747636795043945 0.018947418212890626 0.018000000000000002
v -0.001940739393234253 0.019704658508300783 0.018000000000000002
v -1.584965509803405e-17 0.019799999237060547 0.018000000000000002
v -0.0038627884387969972 0.019419548034667968 0.018000000000000002
v 0.003907339572906494 0.01964352226257324 0.01685194969177246
v -0.011000290870666504 0.016463098526000978 0.018000000000000002
v -0.019799999237060547 2.5491202437733993e-17 0.018000000000000002
v -0.019419548034667968 0.0038627884387969972 0.018000000000000002
v -0.007577131748199463 0.01829281425476074 0.018000000000000002
v 0.001940739393234253 0.019704658508300783 0.018000000000000002
v 0.0038627884387969972 0.019419548034667968 0.018000000000000002
v 0.0058139262199401855 0.01916594696044922 0.01685194969177246
v -0.019931919097900392 -0.0019631227254867556 0.01685194969177246
v 0.007664522171020508 0.018503793716430666 0.01685194969177246
v 0.011127161026000977 0.016652973175048828 0.01685194969177246
v 0.012705858230590821 0.01548213291168213 0.01685194969177246
v 0.009441304206848146 0.01766343688964844 0.01685194969177246
v 0.007577131748199463 0.01829281425476074 0.018000000000000002
v 0.011000290870666504 0.016463098526000978 0.018000000000000002
v 0.014162190437316894 0.014162190437316894 0.01685194969177246
v 0.005747636795043945 0.018947418212890626 0.018000000000000002
v 0.01548213291168213 0.012705858230590821 0.01685194969177246
v 0.016652973175048828 0.011127161026000977 0.01685194969177246
v 0.01766343688964844 0.009441304206848146 0.01685194969177246
v 0.014000714302062988 0.014000714302062988 0.018000000000000002
v 0.01916594696044922 0.0058139262199401855 0.01685194969177246
v 0.01964352226257324 0.003907339572906494 0.01685194969177246
v 0.018503793716430666 0.007664522171020508 0.01685194969177246
v 0.019931919097900392 0.0019631227254867556 0.01685194969177246
v 0.01256098747253418 0.015305606842041016 0.018000000000000002
v 0.00933365535736084 0.0174620418548584 0.018000000000000002
v 0.015305606842041016 0.01256098747253418 0.018000000000000002
v 0.016463098526000978 0.011000290870666504 0.018000000000000002
v 0.0174620418548584 0.00933365535736084 0.018000000000000002
v 0.019419548034667968 0.0038627884387969972 0.018000000000000002
v 0.019704658508300783 0.001940739393234253 0.018000000000000002
v 0.01829281425476074 0.007577131748199463 0.018000000000000002
v 0.018947418212890626 0.005747636795043945 0.018000000000000002
v 0.020028362274169924 2.0613634361737673e-17 0.01685194969177246
v 0.022799999237060546 2.0274206236916247e-17 0.015
v 0.02154768943786621 -0.002122262239456177 0.015228361129760743
v 0.02236190414428711 -0.004448059558868408 0.015
v 0.02269021224975586 -0.002234790802001953 0.015
v 0.02071962356567383 -0.006285229206085205 0.015228361129760743
v 0.021818239212036135 -0.006618490695953369 0.015
v 0.021064453125 -0.00872518253326416 0.015
v 0.01978826332092285 -0.006002703666687012 0.015878679275512696
v 0.02123591423034668 -0.0042240858078002935 0.015228361129760743
v 0.019104608535766603 -0.007913388252258301 0.015878679275512696
v 0.020003793716430664 -0.008285842895507812 0.015228361129760743
v 0.02028134536743164 -0.004034210205078125 0.015878679275512696
v 0.020107805252075197 -0.01074784564971924 0.015
v 0.017624637603759766 -0.014464166641235352 0.015
v 0.018957508087158202 -0.012667001724243164 0.015
v 0.01800293731689453 -0.012029178619384765 0.015228361129760743
v 0.0167371826171875 -0.013735851287841798 0.015228361129760743
v 0.016122034072875976 -0.016122034072875976 0.015
v 0.01074784564971924 -0.020107805252075197 0.015
v 0.010206658363342285 -0.019095314025878905 0.015228361129760743
v 0.00872518253326416 -0.021064453125 0.015
v 0.019095314025878905 -0.010206658363342285 0.015228361129760743
v 0.012667001724243164 -0.018957508087158202 0.015
v 0.014464166641235352 -0.017624637603759766 0.015
v 0.013735851287841798 -0.0167371826171875 0.015228361129760743
v 0.015310240745544434 -0.015310240745544434 0.015228361129760743
v 0.012029178619384765 -0.01800293731689453 0.015228361129760743
v 0.008285842895507812 -0.020003793716430664 0.015228361129760743
v 0.006618490695953369 -0.021818239212036135 0.015
v 0.018236967086791993 -0.009747861862182617 0.015878679275512696
v 0.020579105377197267 -0.002026865005493164 0.015878679275512696
v 0.015984835624694823 -0.013118415832519532 0.015878679275512696
v 0.017193693161010742 -0.011488458633422852 0.015878679275512696
v 0.01964352226257324 -0.003907339572906494 0.01685194969177246
v 0.018503793716430666 -0.007664522171020508 0.01685194969177246
v 0.016652973175048828 -0.011127161026000977 0.01685194969177246
v 0.01548213291168213 -0.012705858230590821 0.01685194969177246
v 0.01766343688964844 -0.009441304206848146 0.01685194969177246
v 0.014622035026550293 -0.014622035026550293 0.015878679275512696
v 0.01916594696044922 -0.0058139262199401855 0.01685194969177246
v 0.013118415832519532 -0.015984835624694823 0.015878679275512696
v 0.009747861862182617 -0.018236967086791993 0.015878679275512696
v 0.007913388252258301 -0.019104608535766603 0.015878679275512696
v 0.011488458633422852 -0.017193693161010742 0.015878679275512696
v 0.012705858230590821 -0.01548213291168213 0.01685194969177246
v 0.009441304206848146 -0.01766343688964844 0.01685194969177246
v 0.007664522171020508 -0.018503793716430666 0.01685194969177246
v 0.011127161026000977 -0.016652973175048828 0.01685194969177246
v 0.006002703666687012 -0.01978826332092285 0.015878679275512696
v 0.006285229206085205 -0.02071962356567383 0.015228361129760743
v 0.014162190437316894 -0.014162190437316894 0.01685194969177246
v 0.004448059558868408 -0.02236190414428711 0.015
v 0.0042240858078002935 -0.02123591423034668 0.015228361129760743
v 0.002122262239456177 -0.02154768943786621 0.015228361129760743
v 0.002234790802001953 -0.02269021224975586 0.015
v -8.23505421298186e-18 -0.021651948928833008 0.015228361129760743
v -1.6400744897913067e-17 -0.022799999237060546 0.015
v 0.004034210205078125 -0.02028134536743164 0.015878679275512696
v -0.004448059558868408 -0.02236190414428711 0.015
v -0.002234790802001953 -0.02269021224975586 0.015
v -0.0042240858078002935 -0.02123591423034668 0.015228361129760743
v -0.006618490695953369 -0.021818239212036135 0.015
v -0.006285229206085205 -0.02071962356567383 0.015228361129760743
v -0.00872518253326416 -0.021064453125 0.015
v -0.01074784564971924 -0.020107805252075197 0.015
v -0.008285842895507812 -0.020003793716430664 0.015228361129760743
v -0.013735851287841798 -0.0167371826171875 0.015228361129760743
v -0.014464166641235352 -0.017624637603759766 0.015
v -0.012667001724243164 -0.018957508087158202 0.015
v -0.018957508087158202 -0.012667001724243164 0.015
v -0.017624637603759766 -0.014464166641235352 0.015
v -0.01800293731689453 -0.012029178619384765 0.015228361129760743
v -0.015310240745544434 -0.015310240745544434 0.015228361129760743
v -0.016122034072875976 -0.016122034072875976 0.015
v -0.021064453125 -0.00872518253326416 0.015
v -0.020107805252075197 -0.01074784564971924 0.015
v -0.020003793716430664 -0.008285842895507812 0.015228361129760743
v -0.02236190414428711 -0.004448059558868408 0.015
v -0.021818239212036135 -0.006618490695953369 0.015
v -0.02123591423034668 -0.0042240858078002935 0.015228361129760743
v -0.010206658363342285 -0.019095314025878905 0.015228361129760743
v -0.02269021224975586 -0.002234790802001953 0.015
v -8.413841692323561e-18 -0.020678680419921876 0.015878679275512696
v -0.002122262239456177 -0.02154768943786621 0.015228361129760743
v -0.002026865005493164 -0.020579105377197267 0.015878679275512696
v -0.004034210205078125 -0.02028134536743164 0.015878679275512696
v 0.002026865005493164 -0.020579105377197267 0.015878679275512696
v 0.003907339572906494 -0.01964352226257324 0.01685194969177246
v -0.007913388252258301 -0.019104608535766603 0.015878679275512696
v -0.009747861862182617 -0.018236967086791993 0.015878679275512696
v -0.006002703666687012 -0.01978826332092285 0.015878679275512696
v 0.0019631227254867556 -0.019931919097900392 0.01685194969177246
v -0.012029178619384765 -0.01800293731689453 0.015228361129760743
v -0.011488458633422852 -0.017193693161010742 0.015878679275512696
v -0.014622035026550293 -0.014622035026550293 0.015878679275512696
v -0.0167371826171875 -0.013735851287841798 0.015228361129760743
v -0.015984835624694823 -0.013118415832519532 0.015878679275512696
v -0.013118415832519532 -0.015984835624694823 0.015878679275512696
v -0.019095314025878905 -0.010206658363342285 0.015228361129760743
v -0.018236967086791993 -0.009747861862182617 0.015878679275512696
v -0.02071962356567383 -0.006285229206085205 0.015228361129760743
v -0.01978826332092285 -0.006002703666687012 0.015878679275512696
v -0.02028134536743164 -0.004034210205078125 0.015878679275512696
v -0.019104608535766603 -0.007913388252258301 0.015878679275512696
v -0.017193693161010742 -0.011488458633422852 0.015878679275512696
v 0.0058139262199401855 -0.01916594696044922 0.01685194969177246
v 0.019704658508300783 -0.001940739393234253 0.018000000000000002
v 0.019931919097900392 -0.0019631227254867556 0.01685194969177246
v 0.018947418212890626 -0.005747636795043945 0.018000000000000002
v 0.01829281425476074 -0.007577131748199463 0.018000000000000002
v 0.019419548034667968 -0.0038627884387969972 0.018000000000000002
v 0.016463098526000978 -0.011000290870666504 0.018000000000000002
v 0.014000714302062988 -0.014000714302062988 0.018000000000000002
v 0.015305606842041016 -0.01256098747253418 0.018000000000000002
v 0.0174620418548584 -0.00933365535736084 0.018000000000000002
v 0.00933365535736084 -0.0174620418548584 0.018000000000000002
v -0.0019631227254867556 -0.019931919097900392 0.01685194969177246
v -8.533302984039571e-18 -0.020028362274169924 0.01685194969177246
v 0.005747636795043945 -0.018947418212890626 0.018000000000000002
v 0.001940739393234253 -0.019704658508300783 0.018000000000000002
v -1.1000052661824279e-17 -0.019799999237060547 0.018000000000000002
v 0.0038627884387969972 -0.019419548034667968 0.018000000000000002
v -0.003907339572906494 -0.01964352226257324 0.01685194969177246
v 0.007577131748199463 -0.01829281425476074 0.018000000000000002
v 0.01256098747253418 -0.015305606842041016 0.018000000000000002
v 0.019799999237060547 2.064160000152422e-17 0.018000000000000002
v 0.011000290870666504 -0.016463098526000978 0.018000000000000002
v -0.0038627884387969972 -0.019419548034667968 0.018000000000000002
v -0.001940739393234253 -0.019704658508300783 0.018000000000000002
v -0.0058139262199401855 -0.01916594696044922 0.01685194969177246
v -0.007664522171020508 -0.018503793716430666 0.01685194969177246
v -0.011127161026000977 -0.016652973175048828 0.01685194969177246
v -0.012705858230590821 -0.01548213291168213 0.01685194969177246
v -0.009441304206848146 -0.01766343688964844 0.01685194969177246
v -0.007577131748199463 -0.01829281425476074 0.018000000000000002
v -0.011000290870666504 -0.016463098526000978 0.018000000000000002
v -0.01256098747253418 -0.015305606842041016 0.018000000000000002
v -0.00933365535736084 -0.0174620418548584 0.018000000000000002
v -0.014162190437316894 -0.014162190437316894 0.01685194969177246
v -0.005747636795043945 -0.018947418212890626 0.018000000000000002
v -0.01548213291168213 -0.012705858230590821 0.01685194969177246
v -0.016652973175048828 -0.011127161026000977 0.01685194969177246
v -0.01766343688964844 -0.009441304206848146 0.01685194969177246
v -0.015305606842041016 -0.01256098747253418 0.018000000000000002
v -0.01916594696044922 -0.0058139262199401855 0.01685194969177246
v -0.01964352226257324 -0.003907339572906494 0.01685194969177246
v -0.018503793716430666 -0.007664522171020508 0.01685194969177246
v -0.014000714302062988 -0.014000714302062988 0.018000000000000002
v -0.016463098526000978 -0.011000290870666504 0.018000000000000002
v -0.0174620418548584 -0.00933365535736084 0.018000000000000002
v -0.01829281425476074 -0.007577131748199463 0.018000000000000002
v -0.019419548034667968 -0.0038627884387969972 0.018000000000000002
v -0.019704658508300783 -0.001940739393234253 0.018000000000000002
v -0.018947418212890626 -0.005747636795043945 0.018000000000000002
v 0.019799999237060547 2.064160000152422e-17 0.018000000000000002
v 0.019704658508300783 0.001940739393234253 0.018000000000000002
v 0.019799999237060547 1.821680047748523e-17 0.04470000076293945
v 0.019419548034667968 0.0038627884387969972 0.018000000000000002
v 0.018947418212890626 0.005747636795043945 0.018000000000000002
v 0.018947418212890626 0.005747636795043945 0.04470000076293945
v 0.019704658508300783 0.001940739393234253 0.04470000076293945
v 0.01829281425476074 0.007577131748199463 0.018000000000000002
v 0.0174620418548584 0.00933365535736084 0.018000000000000002
v 0.01829281425476074 0.007577131748199463 0.04470000076293945
v 0.016463098526000978 0.011000290870666504 0.018000000000000002
v 0.015305606842041016 0.01256098747253418 0.018000000000000002
v 0.016463098526000978 0.011000290870666504 0.04470000076293945
v 0.014000714302062988 0.014000714302062988 0.018000000000000002
v 0.01256098747253418 0.015305606842041016 0.018000000000000002
v 0.014000714302062988 0.014000714302062988 0.04470000076293945
v 0.011000290870666504 0.016463098526000978 0.018000000000000002
v 0.00933365535736084 0.0174620418548584 0.018000000000000002
v 0.00933365535736084 0.0174620418548584 0.04470000076293945
v 0.01256098747253418 0.015305606842041016 0.04470000076293945
v 0.007577131748199463 0.01829281425476074 0.018000000000000002
v 0.005747636795043945 0.018947418212890626 0.018000000000000002
v 0.007577131748199463 0.01829281425476074 0.04470000076293945
v 0.0038627884387969972 0.019419548034667968 0.018000000000000002
v 0.001940739393234253 0.019704658508300783 0.018000000000000002
v 0.001940739393234253 0.019704658508300783 0.04470000076293945
v 0.0038627884387969972 0.019419548034667968 0.04470000076293945
v 0.015305606842041016 0.01256098747253418 0.04470000076293945
v -1.584965509803405e-17 0.019799999237060547 0.018000000000000002
v -0.001940739393234253 0.019704658508300783 0.018000000000000002
v -1.1000052661824279e-17 0.019799999237060547 0.04470000076293945
v -0.0038627884387969972 0.019419548034667968 0.018000000000000002
v -0.005747636795043945 0.018947418212890626 0.018000000000000002
v -0.005747636795043945 0.018947418212890626 0.04470000076293945
v -0.0038627884387969972 0.019419548034667968 0.04470000076293945
v -0.007577131748199463 0.01829281425476074 0.018000000000000002
v -0.00933365535736084 0.0174620418548584 0.018000000000000002
v -0.007577131748199463 0.01829281425476074 0.04470000076293945
v -0.011000290870666504 0.016463098526000978 0.018000000000000002
v -0.01256098747253418 0.015305606842041016 0.018000000000000002
v -0.01256098747253418 0.015305606842041016 0.04470000076293945
v -0.011000290870666504 0.016463098526000978 0.04470000076293945
v -0.014000714302062988 0.014000714302062988 0.018000000000000002
v -0.015305606842041016 0.01256098747253418 0.018000000000000002
v -0.014000714302062988 0.014000714302062988 0.04470000076293945
v -0.016463098526000978 0.011000290870666504 0.018000000000000002
v -0.0174620418548584 0.00933365535736084 0.018000000000000002
v -0.0174620418548584 0.00933365535736084 0.04470000076293945
v -0.016463098526000978 0.011000290870666504 0.04470000076293945
v -0.01829281425476074 0.007577131748199463 0.018000000000000002
v -0.018947418212890626 0.005747636795043945 0.018000000000000002
v -0.018947418212890626 0.005747636795043945 0.04470000076293945
v -0.019419548034667968 0.0038627884387969972 0.018000000000000002
v -0.019704658508300783 0.001940739393234253 0.018000000000000002
v -0.019419548034667968 0.0038627884387969972 0.04470000076293945
v -0.01829281425476074 0.007577131748199463 0.04470000076293945
v 0.019419548034667968 0.0038627884387969972 0.04470000076293945
v 0.0174620418548584 0.00933365535736084 0.04470000076293945
v 0.011000290870666504 0.016463098526000978 0.04470000076293945
v 0.005747636795043945 0.018947418212890626 0.04470000076293945
v -0.001940739393234253 0.019704658508300783 0.04470000076293945
v -0.00933365535736084 0.0174620418548584 0.04470000076293945
v -0.015305606842041016 0.01256098747253418 0.04470000076293945
v -0.019704658508300783 0.001940739393234253 0.04470000076293945
v -0.019799999237060547 2.5491202437733993e-17 0.018000000000000002
v -0.019799999237060547 2.064212516195152e-17 0.04470000076293945
v 0.019704658508300783 -0.001940739393234253 0.04470000076293945
v -0.019704658508300783 -0.001940739393234253 0.018000000000000002
v -0.019704658508300783 -0.001940739393234253 0.04470000076293945
v -0.019419548034667968 -0.0038627884387969972 0.018000000000000002
v -0.018947418212890626 -0.005747636795043945 0.018000000000000002
v -0.018947418212890626 -0.005747636795043945 0.04470000076293945
v -0.019419548034667968 -0.0038627884387969972 0.04470000076293945
v -0.01829281425476074 -0.007577131748199463 0.018000000000000002
v -0.0174620418548584 -0.00933365535736084 0.018000000000000002
v -0.0174620418548584 -0.00933365535736084 0.04470000076293945
v -0.016463098526000978 -0.011000290870666504 0.018000000000000002
v -0.015305606842041016 -0.01256098747253418 0.018000000000000002
v -0.015305606842041016 -0.01256098747253418 0.04470000076293945
v -0.016463098526000978 -0.011000290870666504 0.04470000076293945
v -0.01829281425476074 -0.007577131748199463 0.04470000076293945
v -0.014000714302062988 -0.014000714302062988 0.018000000000000002
v -0.01256098747253418 -0.015305606842041016 0.018000000000000002
v -0.01256098747253418 -0.015305606842041016 0.04470000076293945
v -0.011000290870666504 -0.016463098526000978 0.018000000000000002
v -0.00933365535736084 -0.0174620418548584 0.018000000000000002
v -0.00933365535736084 -0.0174620418548584 0.04470000076293945
v -0.011000290870666504 -0.016463098526000978 0.04470000076293945
v -0.007577131748199463 -0.01829281425476074 0.018000000000000002
v -0.005747636795043945 -0.018947418212890626 0.018000000000000002
v -0.007577131748199463 -0.01829281425476074 0.04470000076293945
v -0.0038627884387969972 -0.019419548034667968 0.018000000000000002
v -0.001940739393234253 -0.019704658508300783 0.018000000000000002
v -0.001940739393234253 -0.019704658508300783 0.04470000076293945
v -0.0038627884387969972 -0.019419548034667968 0.04470000076293945
v -0.014000714302062988 -0.014000714302062988 0.04470000076293945
v -1.1000052661824279e-17 -0.019799999237060547 0.018000000000000002
v 0.001940739393234253 -0.019704658508300783 0.018000000000000002
v 0.001940739393234253 -0.019704658508300783 0.04470000076293945
v 0.0038627884387969972 -0.019419548034667968 0.018000000000000002
v 0.005747636795043945 -0.018947418212890626 0.018000000000000002
v 0.005747636795043945 -0.018947418212890626 0.04470000076293945
v 0.0038627884387969972 -0.019419548034667968 0.04470000076293945
v 0.007577131748199463 -0.01829281425476074 0.018000000000000002
v 0.00933365535736084 -0.0174620418548584 0.018000000000000002
v 0.00933365535736084 -0.0174620418548584 0.04470000076293945
v 0.011000290870666504 -0.016463098526000978 0.018000000000000002
v 0.01256098747253418 -0.015305606842041016 0.018000000000000002
v 0.011000290870666504 -0.016463098526000978 0.04470000076293945
v 0.007577131748199463 -0.01829281425476074 0.04470000076293945
v 0.014000714302062988 -0.014000714302062988 0.018000000000000002
v 0.015305606842041016 -0.01256098747253418 0.018000000000000002
v 0.014000714302062988 -0.014000714302062988 0.04470000076293945
v 0.016463098526000978 -0.011000290870666504 0.018000000000000002
v 0.0174620418548584 -0.00933365535736084 0.018000000000000002
v 0.0174620418548584 -0.00933365535736084 0.04470000076293945
v 0.015305606842041016 -0.01256098747253418 0.04470000076293945
v 0.01829281425476074 -0.007577131748199463 0.018000000000000002
v 0.018947418212890626 -0.005747636795043945 0.018000000000000002
v 0.01829281425476074 -0.007577131748199463 0.04470000076293945
v 0.019419548034667968 -0.0038627884387969972 0.018000000000000002
v 0.019704658508300783 -0.001940739393234253 0.018000000000000002
v 0.019419548034667968 -0.0038627884387969972 0.04470000076293945
v 0.01256098747253418 -0.015305606842041016 0.04470000076293945
v -1.584965509803405e-17 -0.019799999237060547 0.04470000076293945
v -0.005747636795043945 -0.018947418212890626 0.04470000076293945
v 0.016463098526000978 -0.011000290870666504 0.04470000076293945
v 0.018947418212890626 -0.005747636795043945 0.04470000076293945
v -0.020107805252075197 -0.01074784564971924 0.015
v -0.04404999923706055 4.440892098500626e-18 0.015
v -0.018957508087158202 -0.012667001724243164 0.015
v -0.022024999618530276 -0.038148418426513675 0.015
v -0.017624637603759766 -0.014464166641235352 0.015
v -0.016122034072875976 -0.016122034072875976 0.015
v -0.021818239212036135 -0.006618490695953369 0.015
v -0.02236190414428711 -0.004448059558868408 0.015
v -0.021064453125 -0.00872518253326416 0.015
v -0.02269021224975586 -0.002234790802001953 0.015
v -0.004448059558868408 -0.02236190414428711 0.015
v -0.006618490695953369 -0.021818239212036135 0.015
v -1.6400744897913067e-17 -0.022799999237060546 0.015
v -0.002234790802001953 -0.02269021224975586 0.015
v -0.014464166641235352 -0.017624637603759766 0.015
v -0.01074784564971924 -0.020107805252075197 0.015
v -0.012667001724243164 -0.018957508087158202 0.015
v -0.00872518253326416 -0.021064453125 0.015
v 0.022024999618530276 -0.038148418426513675 0.015
v -0.022799999237060546 1.7482011254203388e-17 0.015
v -0.02269021224975586 0.002234790802001953 0.015
v -0.02236190414428711 0.004448059558868408 0.015
v -0.021818239212036135 0.006618490695953369 0.015
v -0.021064453125 0.00872518253326416 0.015
v -0.020107805252075197 0.01074784564971924 0.015
v -0.018957508087158202 0.012667001724243164 0.015
v -0.022024999618530276 0.038148418426513675 0.015
v -0.017624637603759766 0.014464166641235352 0.015
v -0.016122034072875976 0.016122034072875976 0.015
v -0.014464166641235352 0.017624637603759766 0.015
v -0.012667001724243164 0.018957508087158202 0.015
v -0.01074784564971924 0.020107805252075197 0.015
v -0.00872518253326416 0.021064453125 0.015
v -0.004448059558868408 0.02236190414428711 0.015
v -0.002234790802001953 0.02269021224975586 0.015
v -0.006618490695953369 0.021818239212036135 0.015
v -1.0816355779520292e-17 0.022799999237060546 0.015
v 0.004448059558868408 -0.02236190414428711 0.015
v 0.002234790802001953 -0.02269021224975586 0.015
v 0.00872518253326416 -0.021064453125 0.015
v 0.006618490695953369 -0.021818239212036135 0.015
v 0.012667001724243164 -0.018957508087158202 0.015
v 0.01074784564971924 -0.020107805252075197 0.015
v 0.016122034072875976 -0.016122034072875976 0.015
v 0.014464166641235352 -0.017624637603759766 0.015
v 0.018957508087158202 -0.012667001724243164 0.015
v 0.017624637603759766 -0.014464166641235352 0.015
v 0.04404999923706055 0.0 0.015
v 0.020107805252075197 -0.01074784564971924 0.015
v 0.021818239212036135 -0.006618490695953369 0.015
v 0.021064453125 -0.00872518253326416 0.015
v 0.02236190414428711 -0.004448059558868408 0.015
v 0.02269021224975586 -0.002234790802001953 0.015
v 0.022799999237060546 2.0274206236916247e-17 0.015
v 0.01074784564971924 0.020107805252075197 0.015
v 0.012667001724243164 0.018957508087158202 0.015
v 0.022024999618530276 0.038148418426513675 0.015
v 0.014464166641235352 0.017624637603759766 0.015
v 0.016122034072875976 0.016122034072875976 0.015
v 0.002234790802001953 0.02269021224975586 0.015
v 0.006618490695953369 0.021818239212036135 0.015
v 0.00872518253326416 0.021064453125 0.015
v 0.004448059558868408 0.02236190414428711 0.015
v 0.02236190414428711 0.004448059558868408 0.015
v 0.021818239212036135 0.006618490695953369 0.015
v 0.02269021224975586 0.002234790802001953 0.015
v 0.017624637603759766 0.014464166641235352 0.015
v 0.018957508087158202 0.012667001724243164 0.015
v 0.021064453125 0.00872518253326416 0.015
v 0.020107805252075197 0.01074784564971924 0.015
v 0.002820360898971558 -0.013840001106262207 0.04470000076293945
v 0.004411679744720459 -0.013556803703308105 0.04470000076293945
v 0.0027874114513397217 -0.013980058670043946 0.044588626861572264
v 0.0012145380973815918 -0.013957159042358398 0.04470000076293945
v 0.0011243594884872436 -0.014209600448608398 0.04447724914550781
v -0.00715876579284668 -0.01151630210876465 0.04470000076293945
v -0.00802628993988037 -0.010983866691589355 0.04459529876708984
v -0.007827014446258546 -0.011069416046142578 0.04470000076293945
v -0.000554075300693512 -0.014244268417358399 0.04436587142944336
v -0.002224492073059082 -0.014082898139953613 0.04425449371337891
v -0.0019941556453704832 -0.013675256729125977 0.04470000076293945
v -0.003863523483276367 -0.013724491119384766 0.04414311599731446
v -0.0035517044067382812 -0.01327438735961914 0.04470000076293945
v -0.006657578945159912 -0.01185146713256836 0.04470000076293945
v -0.006490516662597656 -0.011963188171386719 0.04470000076293945
v -0.0069596958160400395 -0.012440528869628906 0.043920364379882816
v -0.0003982121050357819 -0.013903197288513185 0.04470000076293945
v -0.006824641227722168 -0.011739745140075683 0.04470000076293945
v -0.005448904037475586 -0.013173418998718262 0.04403173828125
v -0.008375041007995606 -0.01153705406188965 0.04380898666381836
v -0.009674080848693848 -0.010474225997924805 0.043697612762451175
v -0.010836878776550294 -0.009264222145080566 0.04358623504638672
v -0.010368562698364258 -0.0088076753616333 0.0443725471496582
v -0.011849191665649414 -0.007925043106079102 0.04347485733032227
v -0.011330533981323242 -0.007526761531829834 0.044261169433593754
v -0.009262634277343751 -0.009965784072875976 0.044483921051025395
v -0.0050573511123657225 -0.01270194149017334 0.04470000076293945
v -0.012698946952819824 -0.006476911544799805 0.043363479614257815
v -0.013374073028564453 -0.004940052986145019 0.04325210189819336
v -0.012776720046997071 -0.004673841476440429 0.04403841400146485
v -0.013862548828125 -0.003334706544876099 0.043140727996826174
v -0.013238041877746583 -0.0031405160427093507 0.04392703628540039
v -0.014156421661376954 -0.0016822571754455567 0.04302935028076172
v -0.014254916191101075 -6.107594817876816e-06 0.04291797256469727
v -0.013602463722229004 3.6900173872709276e-05 0.04370428466796875
v -0.01415798568725586 0.0016701337099075317 0.04280659866333008
v -0.01350493049621582 0.0016361269950866699 0.0435929069519043
v -0.013513511657714843 -0.00156282377243042 0.043815662384033206
v -0.013865584373474122 0.0033228585720062255 0.042695220947265626
v -0.01337840461730957 0.004928661823272705 0.04258384323120117
v -0.012751248359680176 0.004743170261383056 0.04337015533447266
v -0.012704415321350098 0.006466141223907471 0.04247246551513672
v -0.012103503227233888 0.006208255290985108 0.043258777618408205
v -0.011855711936950683 0.007915029525756836 0.04236109161376953
v -0.010844440460205078 0.009255073547363282 0.04224971389770508
v -0.0103203182220459 0.008863953590393067 0.043036026000976564
v -0.009682747840881347 0.010466024398803711 0.042138336181640625
v -0.008384889602661132 0.011529867172241212 0.04202695846557617
v -0.007966532707214355 0.011027246475219727 0.04281327056884766
v -0.009208173751831054 0.0100159912109375 0.04292464828491211
v -0.011289311408996583 0.007588279247283935 0.04314739990234375
v -0.013220946311950683 0.0032123277187347415 0.04348153305053711
v -0.012137076377868653 -0.006142372608184814 0.0441497917175293
v -0.006970655441284179 0.012434456825256348 0.041915584564208984
v -0.005460729122161865 0.013168598175048828 0.04180420684814453
v -0.005171298027038574 0.012582199096679687 0.042590518951416016
v -0.003875795125961304 0.013721095085144044 0.04169282913208008
v -0.0036572513580322265 0.013104656219482423 0.04247914123535156
v -0.0022366335391998293 0.01408113193511963 0.04158145141601562
v -0.0005656270980834962 0.014244295120239258 0.041470077514648436
v -0.0004970353841781617 0.013593992233276368 0.042256385803222656
v 0.0011135119199752808 0.01421147918701172 0.04135869979858398
v 0.0011051415205001831 0.013557648658752442 0.04214501190185547
v -0.0020920403003692628 0.013443302154541016 0.04236776351928711
v -0.006614316463470459 0.011886189460754395 0.0427018928527832
v 0.00269183087348938 0.013335348129272461 0.042033634185791015
v 0.0027770309448242186 0.01398374080657959 0.04124732208251953
v 0.004401177406311035 0.013562134742736816 0.04113594818115234
v 0.004240373134613037 0.012928168296813964 0.04192225646972656
v 0.005962944984436036 0.01294970417022705 0.04102457046508789
v 0.007442314147949219 0.01215743637084961 0.04091319274902344
v 0.007138115882873535 0.01157862663269043 0.04169950485229492
v 0.005728826045989991 0.012339077949523927 0.041810882568359374
v 0.008820011138916015 0.01119830322265625 0.04080181503295899
v 0.008449887275695801 0.01065925407409668 0.04158812713623047
v 0.010076763153076172 0.01008527946472168 0.0406904411315918
v 0.009645783424377441 0.009593402862548828 0.04147674942016601
v 0.011193389892578126 0.008831447601318359 0.04057906341552735
v 0.010707538604736328 0.008393619537353516 0.041365375518798826
v 0.012153825759887696 0.007453532218933106 0.040467685699462894
v 0.01294575595855713 0.0059726438522338865 0.04035630798339844
v 0.012371103286743164 0.005660444259643555 0.041142620086669926
v 0.013557169914245605 0.004410154342651368 0.04024493408203125
v 0.01294983959197998 0.00416765022277832 0.04103124237060547
v 0.011619873046875 0.007075908184051514 0.04125399780273437
v 0.013979697227478027 0.0027874577045440673 0.0401335563659668
v 0.014209930419921876 0.0011259769201278687 0.040022178649902346
v 0.013562874794006348 0.001031840443611145 0.04080849075317383
v 0.014244852066040039 -0.0005528380274772644 0.03991080093383789
v 0.013591167449951171 -0.0005702374577522277 0.04069711303710938
v 0.01408325481414795 -0.002226042985916138 0.039799427032470705
v 0.013726743698120117 -0.0038683781623840333 0.03968804931640625
v 0.01308683967590332 -0.003732461214065552 0.04047436141967774
v 0.013177215576171875 -0.005454416275024414 0.0395766716003418
v 0.012441088676452636 -0.006961531639099121 0.03946529769897461
v 0.011850756645202637 -0.006680176734924316 0.04025160598754883
v 0.012557709693908691 -0.005244253158569336 0.040362983703613284
v 0.013431954383850099 -0.002166370630264282 0.040585735321044925
v 0.013348159790039062 0.0026179635524749756 0.040919868469238285
v 0.01153274917602539 -0.008372034072875977 0.03935391998291016
v 0.01097976303100586 -0.008023393630981446 0.04014022827148438
v 0.01046739387512207 -0.009668733596801758 0.039242542266845704
v 0.009959281921386719 -0.009257546424865723 0.04002885437011719
v 0.009260218620300293 -0.010834444046020507 0.03913116455078125
v 0.008803868293762207 -0.010366280555725098 0.039917476654052736
v 0.007926421165466309 -0.011851975440979004 0.03901979064941406
v 0.006481207847595215 -0.012704153060913086 0.03890841293334961
v 0.006146469593048096 -0.01214207649230957 0.039694725036621095
v 0.004942339897155762 -0.013376855850219726 0.038797035217285156
v 0.004676038265228271 -0.01277937412261963 0.03958334732055664
v 0.007528076171875 -0.011333238601684571 0.03980609893798828
v 0.0033334290981292727 -0.013862967491149902 0.03868566131591797
v 0.001678903341293335 -0.01415635108947754 0.038574283599853515
v 0.0015596630573272705 -0.01351340389251709 0.039360591888427734
v 2.7171922847628594e-06 -0.014252938270568848 0.03846290588378906
v -4.009342938661575e-05 -0.013600544929504394 0.03924921798706055
v -0.001672415852546692 -0.01415408992767334 0.03835152816772461
v -0.003323983430862427 -0.013862042427062989 0.03824015426635742
v -0.0032133774757385253 -0.013217568397521973 0.03902646255493164
v -0.004929473400115967 -0.013379035949707031 0.03812877655029297
v -0.0047439451217651364 -0.012751858711242675 0.03891508483886719
v -0.001638266921043396 -0.013501197814941407 0.039137840270996094
v 0.003139329195022583 -0.013238409996032716 0.03947196960449219
v -0.006466482639312744 -0.012707711219787598 0.038017398834228514
v -0.00791443920135498 -0.01185746192932129 0.03790602111816406
v -0.007587727069854736 -0.011290988922119142 0.038692333221435546
v -0.009254292488098144 -0.010843284606933594 0.03779464721679687
v -0.008863206863403321 -0.0103192195892334 0.03858095550537109
v -0.010467037200927735 -0.00968034553527832 0.03768326950073242
v -0.01153366756439209 -0.008383811950683594 0.03757189178466797
v -0.011030866622924806 -0.007965490818023682 0.03835820388793945
v -0.012437060356140136 -0.006969949245452881 0.03746051406860352
v -0.011888669967651368 -0.00661363172531128 0.038246826171875
v -0.010016949653625488 -0.009205877304077148 0.03846957778930664
v -0.013167616844177246 -0.005459418296813965 0.03734914016723633
v -0.013717620849609376 -0.003873978853225708 0.03723776245117188
v -0.013101339340209961 -0.003655524253845215 0.03802407455444336
v -0.014079352378845215 -0.002235391616821289 0.037126384735107425
v -0.013441605567932129 -0.002090855121612549 0.037912696838378904
v -0.01424524211883545 -0.0005654411911964417 0.03701501083374024
v -0.014212501525878907 0.0011132687330245971 0.036903633117675784
v -0.013558624267578125 0.0011049089431762697 0.037689941406250003
v -0.013984113693237306 0.0027771480083465575 0.03679225540161133
v -0.013563404083251953 0.004402547836303711 0.03668087768554688
v -0.01292937469482422 0.004241658687591553 0.03746718978881836
v -0.013335700988769532 0.0026919298171997072 0.037578567504882816
v -0.013594897270202636 -0.0004968518018722535 0.03780131912231446
v -0.012581260681152343 -0.005170046329498291 0.038135448455810544
v -0.006208595752716065 -0.012106657981872559 0.0388037109375
v -0.01295369815826416 0.005965819835662842 0.03656949996948242
v -0.012159764289855957 0.007444051265716553 0.036458126068115236
v -0.011580859184265137 0.007139738082885742 0.037244434356689456
v -0.011195270538330079 0.008818875312805176 0.03634674835205078
v -0.010656388282775878 0.008448755264282227 0.03713306045532227
v -0.010077279090881347 0.010073657989501954 0.03623537063598633
v -0.008822858810424805 0.011191768646240234 0.03612399673461914
v -0.00838545036315918 0.01070595932006836 0.03691030502319336
v -0.00744907808303833 0.012156576156616212 0.03601261901855469
v -0.007071657180786133 0.011622499465942383 0.036798931121826174
v -0.009585806846618652 0.009642769813537597 0.037021682739257815
v -0.005973004817962647 0.012951448440551757 0.035901241302490235
v -0.004412189483642579 0.013560924530029297 0.03578986358642578
v -0.00416956377029419 0.012953459739685058 0.03657617568969727
v -0.002788214921951294 0.013979313850402832 0.035678489685058594
v -0.0026186690330505373 0.01334781265258789 0.03646479797363281
v -0.0011246730089187623 0.01420579719543457 0.03556711196899414
v 0.0005548301935195922 0.014239592552185059 0.03545573425292969
v 0.0005721368193626403 0.013586110115051269 0.03624204635620117
v 0.0022266879081726076 0.014079914093017579 0.03534435653686523
v 0.0038672938346862792 0.013725979804992676 0.03523297882080078
v 0.0037314457893371585 0.013086050033569337 0.036019290924072266
v 0.002166992425918579 0.0134287109375 0.03613066864013672
v -0.001030592918395996 0.013558919906616212 0.03635342025756836
v -0.005660763740539551 0.012376567840576173 0.03668755340576172
v 0.005453222274780274 0.013177721977233887 0.03512160491943359
v 0.0069631519317626955 0.012443400382995606 0.03501022720336914
v 0.0066817646026611326 0.011852919578552246 0.035796539306640625
v 0.008377118110656738 0.011536646842956542 0.034898849487304685
v 0.00802829360961914 0.010983454704284669 0.03568516159057617
v 0.009675179481506348 0.010471182823181152 0.0347874755859375
v 0.010837694168090821 0.009260933876037597 0.034676097869873045
v 0.010369399070739747 0.008804570198059082 0.03546240997314453
v 0.01184944248199463 0.007922831058502198 0.03456472015380859
v 0.01133080291748047 0.007524693012237549 0.03535103225708008
v 0.009263740539550782 0.009962891578674317 0.03557378387451172
v 0.01269858169555664 0.00647610330581665 0.034453346252441404
v 0.013373353004455567 0.004940036296844482 0.03434196853637696
v 0.012775981903076172 0.004673867702484131 0.035128280639648436
v 0.01386224365234375 0.0033340504169464113 0.034230590820312504
v 0.013237683296203614 0.003139930009841919 0.03501690292358398
v 0.014158428192138672 0.0016801536083221435 0.03411921310424805
v 0.014259312629699707 2.687036292627454e-06 0.03400783920288086
v 0.013606633186340332 -4.013285040855408e-05 0.034794147491455076
v 0.014162450790405274 -0.0016739246845245363 0.03389646148681641
v 0.013865655899047851 -0.003325336217880249 0.03378508758544922
v 0.013221046447753907 -0.0032146570682525634 0.034571395874023435
v 0.013509200096130372 -0.0016397143602371216 0.03468277359008789
v 0.013515371322631836 0.0015608522891998292 0.03490552520751953
v 0.012136714935302734 0.006141644954681396 0.03523965454101562
v 0.0052431440353393555 0.012558138847351075 0.03590791320800781
v -0.012342886924743652 0.00573154354095459 0.03735581207275391
v -0.010155423164367676 -0.008851156234741211 0.04470000076293945
v -0.011111330032348633 -0.007558369159698487 0.04470000076293945
v -0.012545843124389649 -0.004682492256164551 0.04470000076293945
v -0.011911288261413574 -0.006164174556732178 0.04470000076293945
v -0.01327689266204834 -0.0015572395324707031 0.04470000076293945
v -0.01329493522644043 0.001359229564666748 0.04460729217529297
v -0.012777624130249023 0.003924060344696045 0.04442188262939453
v -0.011765435218811035 0.0063372721672058105 0.0442364730834961
v -0.012330838203430176 0.005155287265777588 0.044329177856445315
v -0.013099664688110352 0.0026546380519866944 0.04451458740234375
v -0.013002791404724122 -0.003140225172042847 0.04470000076293945
v -0.009053754806518556 -0.010028534889221192 0.04470000076293945
v -0.00942399501800537 0.00947878360748291 0.04395835876464844
v -0.008450891494750977 0.010355125427246094 0.04386565399169922
v -0.006269800662994385 0.011801426887512208 0.043680244445800785
v -0.003850341796875 0.012799388885498047 0.04349483489990234
v -0.007395755767822265 0.011131334304809571 0.04377294921875
v -0.001282840609550476 0.013303356170654297 0.04330942535400391
v 2.6310289278626444e-05 0.013363616943359375 0.04321672058105469
v 0.0039015717506408693 0.012784534454345704 0.04293860626220703
v 0.006315407752990723 0.011777609825134278 0.042753196716308596
v 0.0051333107948303225 0.012340884208679199 0.042845901489257814
v 0.0013353198766708374 0.013296788215637208 0.04312401580810547
v -0.002579296588897705 0.013115338325500488 0.043402130126953126
v 0.008489190101623535 0.010320498466491699 0.042567787170410154
v 0.01033999538421631 0.008469930648803711 0.04238237762451172
v 0.011792312622070313 0.00629118299484253 0.042196968078613284
v 0.012351604461669921 0.005106239795684814 0.042104263305664066
v 0.011119626045227052 0.0074162807464599615 0.0422896728515625
v 0.013298774719238281 0.0013083437681198121 0.04182614898681641
v 0.013365002632141113 5.7701239619678545e-18 0.04172999954223633
v 0.013109820365905762 -0.0026110525131225588 0.04154424285888672
v 0.011786706924438476 -0.006302792549133301 0.041265804290771486
v 0.012792855262756348 -0.0038851044178009036 0.041451431274414065
v 0.013300415992736816 -0.0013114150762557984 0.04163705444335938
v 0.012791220664978028 0.003873054027557373 0.04201155853271484
v 0.00743748950958252 0.011101783752441407 0.04266049194335938
v -0.010305365562438966 0.008509919166564942 0.044051063537597655
v 0.010325467109680176 -0.008475885391235352 0.041080181121826174
v 0.00944479751586914 -0.009447443008422853 0.04098736953735352
v 0.006302360534667969 -0.011791023254394531 0.04070893478393555
v 0.0051165099143981934 -0.012351859092712402 0.040616123199462895
v 0.008475180625915528 -0.01032999324798584 0.04089455795288086
v 0.002605255365371704 -0.013109445571899414 0.040430500030517576
v 0.001306399941444397 -0.013299753189086914 0.04033768844604492
v -0.002610147476196289 -0.013104970932006837 0.040059249877929685
v -0.005115646839141846 -0.012349442481994629 0.039873626708984374
v -0.0038815858364105223 -0.012788902282714844 0.03996643829345703
v -0.001313535213470459 -0.01329633903503418 0.04015206146240234
v 0.003879715919494629 -0.012792410850524903 0.04052331161499024
v -0.008478797912597657 -0.010329756736755371 0.039595191955566406
v -0.009452138900756836 -0.009448509216308593 0.03950237655639648
v -0.01111580467224121 -0.007423831939697266 0.03931675338745117
v -0.011787963867187501 -0.006298349380493164 0.039223941802978515
v -0.01033454418182373 -0.008477092742919922 0.03940956497192383
v -0.013106989860534669 -0.0026058499813079836 0.03894550704956055
v -0.013300524711608887 -0.0013091189861297607 0.03885269546508789
v -0.013300047874450684 0.001311155676841736 0.03866706848144531
v -0.012351254463195802 0.005117635250091553 0.038388633728027345
v -0.012791396141052246 0.003882419586181641 0.0384814453125
v -0.013364757537841797 7.374550914391875e-07 0.038759883880615235
v -0.012787653923034669 -0.0038775224685668945 0.0390383186340332
v -0.00630030345916748 -0.011788524627685548 0.03978081512451172
v -0.011111931800842285 0.007424765586853028 0.03820301055908203
v -0.01032656764984131 0.0084762601852417 0.03811019897460938
v -0.007418931484222412 0.011114697456359863 0.03783176422119141
v -0.0062969613075256345 0.01179232120513916 0.03773894882202149
v -0.00847074031829834 0.010330178260803223 0.037924575805664065
v -0.0038805031776428223 0.01279270076751709 0.037553325653076175
v -0.001310345768928528 0.013295276641845703 0.03736770248413086
v 0.0013115501403808594 0.013296156883239747 0.03718207931518555
v 0.003882713556289673 0.012792715072631836 0.03699645233154297
v 0.0026098778247833254 0.013107640266418457 0.03708926391601563
v 5.392712773755193e-07 0.013358592987060547 0.03727489089965821
v -0.005114157676696778 0.012354098320007325 0.03764613723754883
v 0.0074271030426025396 0.01111275577545166 0.036718017578125
v 0.008480629920959474 0.010330138206481933 0.03662520599365234
v 0.01033166790008545 0.008476399421691894 0.03643958282470703
v 0.011785312652587891 0.00629866361618042 0.03625395965576172
v 0.009452252388000489 0.009448741912841797 0.036532394409179686
v 0.0127900447845459 0.0038802568912506105 0.036068336486816406
v 0.013109103202819824 0.00260750150680542 0.035975521087646484
v 0.013304290771484375 -0.001313472867012024 0.035697086334228516
v 0.012746460914611816 -0.004743692398071289 0.03446001815795899
v 0.01278886890411377 -0.0038809914588928225 0.035511463165283204
v 0.013111271858215333 -0.0026105024814605713 0.03560427474975586
v 0.013301981925964356 0.001308788299560547 0.03588270950317383
v 0.012346942901611329 0.005114289283752442 0.03616114807128906
v 0.006302432060241699 0.011789070129394532 0.036810829162597654
v -0.011789826393127442 0.006302182674407959 0.03829582214355469
v 0.011108874320983887 -0.007424581050872803 0.04117299270629883
v 0.013373353958129884 -0.004929245471954346 0.03367370986938477
v 0.012096445083618164 -0.006207644939422607 0.0343486442565918
v 0.01269700527191162 -0.006465524673461914 0.033562332153320315
v 0.011282330513000488 -0.007587440013885499 0.03423726654052735
v 0.011848414421081543 -0.007914151668548584 0.03345095443725586
v 0.009207115173339844 -0.010018261909484863 0.03401451110839844
v 0.010839385032653808 -0.009255104064941407 0.033339580535888674
v 0.009681718826293945 -0.01046835994720459 0.03322820281982422
v 0.007968770980834962 -0.011031242370605468 0.03390313720703125
v 0.008387322425842286 -0.011534002304077149 0.03311682510375977
v 0.010315443992614746 -0.008864004135131836 0.034125888824462894
v 0.0051703333854675295 -0.01258138084411621 0.033680381774902346
v 0.006972532272338868 -0.01243676471710205 0.033005447387695314
v 0.005459739208221436 -0.013167729377746582 0.03289406967163086
v 0.003653434991836548 -0.013102123260498047 0.03356900405883789
v 0.0038717699050903323 -0.013718448638916017 0.03278269577026367
v 0.0004933184683322907 -0.013598898887634278 0.03334625244140625
v 0.0022314612865447997 -0.014081209182739259 0.03267131805419922
v 0.0005616644024848939 -0.014249442100524902 0.032559940338134766
v -0.001106277346611023 -0.013562668800354004 0.0332348747253418
v -0.0011147726774215698 -0.0142167387008667 0.03244856262207031
v 0.0020871589183807373 -0.013443365097045898 0.03345762634277344
v 0.006616046905517578 -0.011888425827026367 0.0337917594909668
v -0.004237717151641846 -0.012919973373413086 0.03301212310791016
v -0.002775397062301636 -0.013982009887695313 0.032337188720703125
v -0.004398450851440429 -0.01355354881286621 0.03222581100463867
v -0.00572813892364502 -0.012330380439758301 0.032900745391845704
v -0.0059622483253479 -0.012940603256225586 0.03211443328857422
v -0.00845500373840332 -0.010659161567687989 0.03267799377441406
v -0.007445102691650391 -0.01215241813659668 0.03200305938720703
v -0.008825326919555664 -0.011198240280151367 0.03189168167114258
v -0.009650105476379395 -0.009595332145690917 0.03256661605834961
v -0.010081247329711914 -0.010087331771850587 0.031780303955078124
v -0.007140793323516846 -0.011573812484741212 0.03278936767578125
v -0.0116179838180542 -0.007075352191925049 0.0323438606262207
v -0.011194111824035645 -0.00883222484588623 0.0316689281463623
v -0.012151862144470215 -0.007452954769134522 0.03155755043029785
v -0.012368808746337891 -0.005658511638641357 0.03223248291015625
v -0.012943379402160645 -0.00597060489654541 0.03144617462158203
v -0.01335381031036377 -0.0026135706901550294 0.03200973129272461
v -0.013557900428771972 -0.004406527996063232 0.031334796905517576
v -0.013985610961914063 -0.0027827908992767336 0.031223419189453126
v -0.013591744422912598 0.0005720947980880737 0.0317869758605957
v -0.014216852188110352 -0.001121575713157654 0.031112043380737305
v -0.014245448112487792 0.0005548689961433411 0.03100066566467285
v -0.013569498062133789 -0.0010277174711227418 0.031898353576660154
v -0.012950523376464844 -0.004164227962493897 0.03212110900878906
v -0.010708239555358887 -0.008394343376159668 0.032455238342285156
v -0.002690204381942749 -0.013333700180053712 0.033123497009277345
v -0.013074575424194336 0.003727893590927124 0.03156422233581543
v -0.014075716018676758 0.002224095106124878 0.030889287948608398
v -0.013713942527770997 0.003863616466522217 0.030777912139892578
v -0.01254731559753418 0.005240977764129639 0.03145284652709961
v -0.013166413307189942 0.005450947761535645 0.030666536331176757
v -0.010985834121704102 0.008030261039733887 0.031230093002319336
v -0.012439414978027344 0.006963603019714356 0.030555158615112304
v -0.011539234161376954 0.008379096031188965 0.030443782806396483
v -0.009965856552124024 0.009264766693115234 0.031118717193603516
v -0.010474355697631835 0.009676196098327637 0.030332406997680663
v -0.011849042892456054 0.006682250499725342 0.03134147071838379
v -0.007523777484893799 0.011332862854003907 0.030895965576171875
v -0.009262070655822754 0.010838686943054199 0.030221031188964843
v -0.007921867847442627 0.011851608276367187 0.030109653472900393
v -0.0061390123367309575 0.01213869857788086 0.03078458786010742
v -0.006473345756530762 0.012700668334960937 0.029998277664184572
v -0.003137814521789551 0.01323869228363037 0.030561834335327148
v -0.004936607837677002 0.013374664306640626 0.02988689994812012
v -0.0033319015502929687 0.01386328411102295 0.029775524139404298
v 3.920393437147141e-05 0.013602981567382813 0.030339080810546877
v -0.0016799218654632569 0.01415753746032715 0.029664146423339845
v -3.739278065040708e-06 0.014255486488342286 0.029552770614624024
v -0.0015605503320693971 0.013514533996582031 0.030450458526611327
v -0.004670566558837891 0.01277723789215088 0.0306732120513916
v -0.008805633544921875 0.010370366096496582 0.031007341384887695
v 0.0032151317596435546 0.013219513893127442 0.030116327285766603
v 0.0016727861166000366 0.014157529830932618 0.02944139289855957
v 0.003325793981552124 0.013864069938659669 0.02933001708984375
v 0.0047460999488830565 0.012749517440795898 0.030004951477050783
v 0.004931756019592285 0.01337656307220459 0.029218639373779297
v 0.007590976715087891 0.01128896999359131 0.02978219795227051
v 0.006469301223754883 0.0127033052444458 0.029107263565063476
v 0.007917916297912598 0.011855320930480957 0.028995887756347656
v 0.008865817070007324 0.010319580078125 0.029670820236206055
v 0.009257092475891113 0.010843642234802246 0.028884510040283203
v 0.006211226463317871 0.012102477073669434 0.02989357376098633
v 0.011028874397277831 0.007963181018829346 0.02944806671142578
v 0.010466865539550781 0.009679974555969239 0.028773134231567382
v 0.011531610488891602 0.008381395339965821 0.02866175651550293
v 0.011889341354370118 0.006611304759979248 0.02933669090270996
v 0.01243776798248291 0.006967541217803955 0.02855038070678711
v 0.013171794891357422 0.00545806360244751 0.028439002990722658
v 0.013720831871032716 0.003872807502746582 0.028327627182006838
v 0.013104427337646486 0.0036543724536895754 0.029113937377929687
v 0.014078751564025879 0.0022334985733032226 0.028216249465942384
v 0.014243246078491211 0.0005629319548606873 0.028104873657226564
v 0.01359299373626709 0.0004944738745689392 0.028891183853149413
v 0.013441045761108399 0.0020890448093414307 0.029002559661865233
v 0.012585265159606934 0.0051687083244323735 0.029225313186645507
v 0.01001673698425293 0.009205534934997558 0.029559444427490235
v 0.0016386855840682985 0.013504488945007324 0.030227705001831057
v -0.01342474365234375 0.0021644487380981445 0.03167560005187988
v 0.014212228775024415 -0.0011160244941711426 0.02799349594116211
v 0.0139856595993042 -0.0027797939777374266 0.027882118225097657
v 0.013337157249450685 -0.002694448232650757 0.028668430328369143
v 0.01356481647491455 -0.004404341697692871 0.027770742416381836
v 0.012930700302124024 -0.004243373394012451 0.02855705261230469
v 0.01295156192779541 -0.005965864658355713 0.027659364700317383
v 0.012155546188354493 -0.007443862438201904 0.027547988891601562
v 0.011576821327209472 -0.007139556407928467 0.028334299087524415
v 0.011192126274108887 -0.0088202543258667 0.027436613082885742
v 0.010653376579284668 -0.008450070381164552 0.028222923278808595
v 0.012340831756591798 -0.005731587409973145 0.02844567680358887
v 0.010076786041259765 -0.010077014923095703 0.02732523536682129
v 0.00882501220703125 -0.011196120262145996 0.027213859558105468
v 0.008387500762939454 -0.010710112571716309 0.02800016975402832
v 0.00745228910446167 -0.012159543991088867 0.027102483749389648
v 0.007074729919433594 -0.011625329017639161 0.0278887939453125
v 0.005974295616149902 -0.012949621200561524 0.026991106033325198
v 0.004410696983337402 -0.013556125640869141 0.026879728317260744
v 0.004168187141418457 -0.012948859214782714 0.027666040420532226
v 0.0027849016189575196 -0.01397581672668457 0.026768352508544924
v 0.0026155569553375246 -0.01334445571899414 0.027554662704467773
v 0.005662027359008789 -0.012374811172485352 0.027777416229248047
v 0.009585326194763183 -0.00964597511291504 0.028111547470092774
v 0.0011204650402069092 -0.014205726623535156 0.02665697479248047
v -0.0005590577721595765 -0.014242887496948242 0.02654559898376465
v -0.0005761354565620423 -0.013589256286621094 0.0273319091796875
v -0.002230112075805664 -0.014084332466125489 0.026434221267700196
v -0.0021702275276184084 -0.013432942390441896 0.02722053146362305
v -0.0038691816329956053 -0.013727289199829101 0.026322845458984376
v -0.005454023361206055 -0.01317551326751709 0.026211467742919922
v -0.005243862152099609 -0.012556063652038575 0.026997779846191408
v -0.006963930130004883 -0.012440628051757812 0.026100091934204102
v -0.0066824631690979 -0.011850298881530762 0.026886402130126955
v -0.003733207702636719 -0.013087327957153321 0.02710915565490723
v -0.00837828540802002 -0.011534720420837403 0.02598871612548828
v -0.009676472663879394 -0.010469882011413575 0.025877338409423828
v -0.009264951705932617 -0.009961645126342773 0.026663650512695314
v -0.010838757514953614 -0.009259006500244141 0.025765962600708008
v -0.01037040615081787 -0.00880271339416504 0.02655227279663086
v -0.011850848197937011 -0.007919972419738769 0.025654584884643554
v -0.012700526237487793 -0.0064725522994995115 0.025543209075927734
v -0.012138593673706054 -0.0061382155418396 0.026329519271850586
v -0.013375576972961427 -0.004936524391174316 0.025431831359863283
v -0.013863834381103515 -0.0033316814899444582 0.025320455551147463
v -0.013239229202270508 -0.0031376163959503174 0.026106765747070312
v -0.012778135299682617 -0.0046704673767089845 0.026218143463134766
v -0.011332152366638183 -0.007521934986114502 0.02644089698791504
v -0.008029372215270997 -0.01098162841796875 0.026775026321411134
v 0.0010266209840774536 -0.01355884075164795 0.02744328498840332
v -0.014157279014587403 -0.001679194211959839 0.02520907783508301
v -0.014255195617675782 -2.6587643660604955e-06 0.02509770202636719
v -0.013602699279785156 4.0199067443609236e-05 0.02588401222229004
v -0.014157614707946778 0.0016740820407867433 0.02498632621765137
v -0.013504561424255372 0.001639895796775818 0.025772636413574218
v -0.013864566802978515 0.003327185392379761 0.024874948501586915
v -0.013376816749572754 0.004933033466339111 0.024763572692871095
v -0.012749737739562988 0.004747332572937012 0.025549882888793944
v -0.01270235252380371 0.0064702281951904295 0.02465219497680664
v -0.012101535797119142 0.006212143898010254 0.025438507080078127
v -0.013219974517822267 0.0032164511680603026 0.025661260604858398
v -0.011853260040283203 0.00791862964630127 0.02454081916809082
v -0.0108416748046875 0.009258111953735352 0.024429441452026367
v -0.010317666053771973 0.008866842269897462 0.02521575164794922
v -0.009679734230041504 0.01046855354309082 0.024318065643310547
v -0.009205281257629394 0.010018396377563478 0.0251043758392334
v -0.008381680488586426 0.011532021522521974 0.024206687927246093
v -0.006967277526855469 0.012436320304870605 0.024095312118530273
v -0.006611083984375 0.011887961387634278 0.024881622314453126
v -0.005457182407379151 0.013170184135437012 0.02398393440246582
v -0.003872054100036621 0.013722348213195802 0.02387255859375
v -0.003653684377670288 0.013105844497680664 0.024658868789672852
v -0.005167911529541016 0.01258370590209961 0.024770246505737305
v -0.007963455677032471 0.011029294967651367 0.024992998123168946
v -0.01128696632385254 0.007591703414916992 0.025327129364013674
v -0.002232648611068726 0.014081933021545411 0.02376118087768555
v -0.0005613812804222107 0.014244531631469727 0.02364980506896973
v -0.0004929842650890351 0.01359420108795166 0.024436115264892578
v 0.0011179559230804445 0.01421110725402832 0.023538427352905275
v 0.001109385848045349 0.013557273864746094 0.024324739456176758
v 0.002781529664993286 0.013982787132263183 0.023427051544189455
v 0.0044055070877075195 0.013560696601867676 0.023315675735473634
v 0.004244507312774658 0.012926779747009278 0.024101985931396484
v 0.005966830730438233 0.01294792652130127 0.02320429801940918
v 0.0057325267791748045 0.012337376594543457 0.02399060821533203
v 0.002696129560470581 0.013334417343139648 0.024213361740112304
v 0.007445552349090576 0.012155415534973145 0.02309292221069336
v 0.00882249927520752 0.011196063041687012 0.022981544494628907
v 0.008452228546142578 0.010657137870788574 0.02376785469055176
v 0.010078500747680665 0.010082773208618164 0.022870168685913086
v 0.009647401809692382 0.009591042518615723 0.02365647888183594
v 0.01119448757171631 0.008828557014465332 0.022758790969848633
v 0.01215483283996582 0.007450130462646485 0.022647415161132813
v 0.011620805740356446 0.0070726871490478516 0.023433725357055665
v 0.012948053359985352 0.005968664646148682 0.02253603744506836
v 0.013562914848327636 0.004405599594116211 0.02242466163635254
v 0.01295531177520752 0.004163297653198242 0.02321097183227539
v 0.012373279571533204 0.005656659126281738 0.02332234764099121
v 0.010708547592163086 0.008390893936157226 0.023545101165771486
v 0.007141185760498047 0.011576705932617188 0.023879232406616213
v -0.0020882411003112795 0.013444055557250976 0.02454749298095703
v -0.013514287948608398 -0.001559888482093811 0.025995389938354492
v 0.013558352470397949 -0.0011075221300125121 0.028779806137084963
v 0.011779026985168457 -0.0062981991767883305 0.03532583999633789
v 0.010325703620910644 -0.008478292465209961 0.03514021682739258
v 0.008480776786804199 -0.010334768295288087 0.03495458984375
v 0.007428150653839112 -0.01111512279510498 0.034861778259277346
v 0.009448947906494141 -0.009452388763427735 0.035047405242919924
v 0.0038772046566009524 -0.012787890434265137 0.03458334350585938
v 0.0026039152145385745 -0.013107972145080566 0.03449053192138672
v -2.597053535282612e-06 -0.013369239807128907 0.03430490493774414
v -0.001310985803604126 -0.013303739547729492 0.03421209335327149
v 0.0013065069913864135 -0.013302893638610841 0.0343977165222168
v 0.006301740646362305 -0.011787097930908203 0.03476896667480469
v 0.013587831497192383 -0.0005743312239646912 0.022876840591430664
v 0.014214228630065918 0.001120591163635254 0.022201906204223635
v 0.014241385459899903 -0.0005571167469024658 0.022090530395507815
v 0.013422870635986328 -0.002167991638183594 0.022765464782714843
v 0.014073769569396972 -0.002227729082107544 0.021979154586791994
v 0.013715508460998536 -0.0038682239055633544 0.02186777687072754
v 0.013076082229614257 -0.0037323381900787353 0.02265408706665039
v 0.013170727729797363 -0.005455578804016113 0.02175640106201172
v 0.012551475524902343 -0.005245410442352295 0.02254271125793457
v -0.0062991147041320805 -0.011779551506042481 0.033840847015380864
v -0.007426141262054444 -0.011108270645141602 0.0337480354309082
v -0.0103330717086792 -0.008481178283691406 0.03346960067749023
v -0.011785179138183595 -0.006299078941345215 0.033283973693847654
v -0.011112077713012695 -0.007425989627838135 0.03337678909301758
v -0.00848171329498291 -0.010331104278564453 0.033655223846435545
v -0.005112359523773194 -0.012339844703674316 0.03393365859985352
v -0.0038776021003723146 -0.012784043312072755 0.034026470184326175
v -0.012790325164794922 -0.003876349687576294 0.03309835052490234
v -0.013305278778076171 -0.0013080648183822633 0.03291272735595703
v -0.013297815322875977 0.0013091050386428832 0.03272710037231445
v -0.013101494789123536 0.0026056542396545412 0.032634288787841796
v -0.013366908073425294 4.7465218813158575e-07 0.03281991195678711
v -0.011784196853637696 0.00630109453201294 0.03235585403442383
v -0.011113992691040039 0.00742759895324707 0.03226304244995117
v -0.009452164649963379 0.009452062606811524 0.03207741928100586
v -0.006297535896301269 0.011786760330200196 0.03179898452758789
v -0.008478256225585937 0.010331889152526856 0.031984607696533204
v -0.010334245681762695 0.00848126220703125 0.032170230865478516
v -0.012781450271606445 0.003877950429916382 0.03254147720336914
v -0.0038785698413848877 0.012790695190429687 0.03161335945129395
v -0.0026072778701782227 0.013109565734863281 0.03152054786682129
v 0.001310964584350586 0.01329975700378418 0.031242111206054687
v 0.0026088516712188723 0.013108257293701173 0.03114929962158203
v -0.0013100419044494629 0.013300726890563965 0.031427736282348635
v 0.005115423202514648 0.012347092628479004 0.030963674545288086
v 0.006300698280334473 0.011785703659057617 0.03087086296081543
v 0.00945139217376709 0.009450644493103028 0.03059242820739746
v 0.013988181114196778 0.0027823734283447268 0.022313283920288085
v 0.013356244087219239 0.002613091230392456 0.023099594116210938
v 0.011112738609313964 0.007423540115356445 0.030406803131103517
v 0.010331516265869142 0.008477834701538086 0.030499614715576173
v 0.008479732513427735 0.010331374168395996 0.030685239791870118
v 0.0038810837268829345 0.01278987216949463 0.03105648612976074
v -0.005112332344055176 0.012347926139831543 0.0317061710357666
v -0.012346445083618164 -0.005111940383911133 0.033191162109375
v 0.013566956520080567 0.0010266828536987305 0.022988218307495117
v 0.012443552970886231 -0.006966772079467774 0.021645023345947267
v 0.011539155006408692 -0.008379312515258789 0.021533647537231446
v 0.010985836982727051 -0.008030402183532716 0.0223199577331543
v 0.010471429824829102 -0.009675140380859376 0.021422271728515626
v 0.00996312141418457 -0.00926368808746338 0.02220858192443848
v 0.009258625030517578 -0.010838410377502442 0.021310895919799806
v 0.007919076919555665 -0.011853392601013184 0.021199518203735352
v 0.0075211181640625 -0.011334541320800782 0.021985830307006838
v 0.006471709251403808 -0.01270535945892334 0.02108814239501953
v 0.006137468338012695 -0.012143167495727539 0.021874452590942384
v 0.0088023681640625 -0.010370049476623535 0.02209720611572266
v 0.004935777664184571 -0.013380152702331543 0.020976764678955078
v 0.0033307461738586426 -0.013864374160766602 0.020865388870239258
v 0.0031368091106414794 -0.01323972225189209 0.02165169906616211
v 0.0016784714460372926 -0.014153385162353515 0.020754013061523437
v 0.0015592795610427856 -0.013510555267333985 0.02154032325744629
v 2.3531254846602678e-06 -0.01424819564819336 0.020642635345458984
v -0.0016741836071014404 -0.014149910926818847 0.020531259536743163
v -0.0016399599313735962 -0.01349719524383545 0.021317569732666016
v -0.00332771372795105 -0.013859634399414063 0.02041988182067871
v -0.004934812068939209 -0.013378472328186036 0.02030850410461426
v -0.004749072551727295 -0.012751298904418945 0.021094816207885742
v -0.0032169597148895266 -0.013215251922607422 0.021206192016601563
v -4.0428493171930316e-05 -0.013596004486083984 0.021428945541381837
v 0.0046698288917541506 -0.012782471656799316 0.021763076782226564
v -0.00647221040725708 -0.01270798110961914 0.02019712829589844
v -0.007919284343719482 -0.011857317924499513 0.020085750579833986
v -0.007592374801635742 -0.011290828704833984 0.02087206268310547
v -0.009257603645324707 -0.010841944694519044 0.019974374771118165
v -0.008866375923156738 -0.01031792163848877 0.020760684967041015
v -0.010468802452087403 -0.009677515029907227 0.019862997055053712
v -0.011534516334533692 -0.008379681587219238 0.01975162124633789
v -0.011031659126281738 -0.007961541175842286 0.020537931442260744
v -0.012438051223754883 -0.00696509313583374 0.019640243530273438
v -0.011889592170715332 -0.006608995437622071 0.02042655372619629
v -0.010018628120422363 -0.00920316219329834 0.020649307250976565
v -0.013169392585754395 -0.0054543776512145994 0.019528867721557618
v -0.013720194816589355 -0.0038691582679748534 0.019417490005493164
v -0.013103776931762696 -0.003650929927825928 0.02020380210876465
v -0.014082112312316895 -0.0022310588359832763 0.019306114196777344
v -0.013444225311279296 -0.0020867259502410887 0.020092424392700196
v -0.014246967315673828 -0.0005617263913154602 0.01919473648071289
v -0.014212035179138183 0.0011163989305496215 0.01908336067199707
v -0.0135581693649292 0.0011079038381576539 0.019869670867919922
v -0.01398116683959961 0.0027799212932586672 0.018971982955932616
v -0.013558608055114746 0.004405388355255127 0.018860607147216796
v -0.01292478656768799 0.004244393348693848 0.01964691734313965
v -0.013332880020141602 0.0026945934295654296 0.019758295059204102
v -0.01359653377532959 -0.0004933074712753296 0.019981048583984376
v -0.012582932472229004 -0.005165239334106445 0.02031517791748047
v -0.006214094638824463 -0.012106891632080079 0.02098343849182129
v -0.01294860076904297 0.005969347476959229 0.018749229431152346
v -0.012156571388244629 0.007448954105377197 0.018637853622436525
v -0.011577796936035157 0.007144437313079834 0.019424163818359375
v -0.011195235252380371 0.008825119972229003 0.01852647590637207
v -0.010656338691711426 0.008454723358154297 0.019312788009643554
v -0.010080089569091797 0.010080187797546387 0.01841510009765625
v -0.00882663631439209 0.011196502685546875 0.01830372428894043
v -0.008389052391052245 0.010710453033447266 0.01909003448486328
v -0.0074504041671752935 0.01215644931793213 0.018192346572875977
v -0.007072937488555908 0.011622339248657227 0.01897865867614746
v -0.009588476181030274 0.009648994445800781 0.0192014102935791
v -0.005969279766082764 0.012945905685424804 0.018080970764160157
v -0.0044053044319152836 0.013556904792785644 0.017969593048095703
v -0.004163022994995117 0.012949589729309083 0.01875590515136719
v -0.002780944347381592 0.013982102394104004 0.017858217239379883
v -0.002611739158630371 0.013350465774536134 0.018644527435302736
v -0.0011186631917953491 0.01421415901184082 0.01774683952331543
v 0.0005590433478355408 0.014246496200561523 0.01763546371459961
v 0.0005761620998382569 0.013592724800109864 0.018421773910522462
v 0.0022293803691864015 0.014080056190490723 0.017524085998535156
v 0.0038693828582763673 0.013720048904418946 0.017412710189819335
v 0.0037334015369415285 0.013080399513244629 0.018199020385742188
v 0.0021695451736450195 0.013428869247436524 0.01831039619445801
v -0.0010248490571975709 0.013566914558410645 0.018533151626586915
v -0.005657242298126221 0.012371232986450195 0.01886728096008301
v 0.005456084251403808 0.013171732902526856 0.01730133247375488
v 0.006966519832611084 0.0124403715133667 0.01718995666503906
v 0.0066849365234375 0.011850021362304688 0.017976266860961914
v 0.008379165649414063 0.011533963203430177 0.01707857894897461
v 0.00803020191192627 0.010980916023254395 0.017864891052246094
v 0.009676270484924317 0.010467686653137208 0.01696720314025879
v 0.010840699195861817 0.009257882118225098 0.01685582733154297
v 0.010372238159179687 0.008801721572875976 0.01764213752746582
v 0.011855313301086426 0.007920888423919678 0.016744449615478517
v 0.01133640480041504 0.007522860050201416 0.01753076171875
v 0.009264737129211427 0.009959611892700195 0.01775351333618164
v 0.012703318595886231 0.00647324275970459 0.016633071899414063
v 0.013373666763305665 0.004934760570526124 0.016521696090698243
v 0.012776320457458497 0.004668611526489258 0.017308006286621096
v 0.01386008071899414 0.00332797908782959 0.01641031837463379
v 0.013235664367675782 0.0031338155269622805 0.017196628570556642
v 0.013513504981994629 0.0015561344623565673 0.017085254669189455
v 0.014156427383422852 0.0016755189895629884 0.01629894256591797
v 0.013604434013366699 -1.407490635756403e-07 0.016976219177246094
v 0.014256571769714356 2.2997012280590036e-17 0.016187570571899415
v 0.01214125919342041 0.0061388306617736815 0.017419384002685546
v 0.00524583101272583 0.01255241584777832 0.018087644577026368
v -0.012338009834289551 0.005734935760498047 0.019535541534423828
v 0.011853059768676759 -0.006685248374938965 0.02243133544921875
v 0.012342625617980958 -0.005113828182220459 0.03541865158081055
v -0.013364904403686524 5.059976875782013e-05 0.04470000076293945
v 0.0123506498336792 -0.005119782447814941 0.04135861968994141
v -3.9517018012702466e-06 -0.013361702919006348 0.040244873046875
v 0.013367452621459962 -2.622917992994189e-06 0.03578989791870117
v -0.009443061828613281 0.009447714805603028 0.03801738739013672
v 0.00511395263671875 -0.012346185684204102 0.034676155090332034
v 0.011104557991027832 -0.007423291683197022 0.035233028411865236
v -0.00742477035522461 -0.011112530708312989 0.03968800354003906
v -0.013108294486999511 0.002609321355819702 0.03857425689697266
v -0.012346611976623536 -0.005112300872802735 0.03913113021850586
v 0.005117379665374756 0.012351555824279785 0.03690364074707031
v 0.011111454963684082 0.0074228706359863285 0.036346771240234374
v 0.013107314109802246 0.0026069328784942628 0.03003555488586426
v 0.013363177299499512 -5.484409630298615e-07 0.029849931716918948
v 0.013300236701965333 -0.001311152458190918 0.02975711822509766
v 0.012793745994567871 -0.0038818790912628176 0.029571495056152343
v -0.013111653327941895 -0.0026043670177459716 0.033005538940429686
v 0.01235183048248291 -0.0051159396171569825 0.029478681564331054
v -0.007423154354095459 0.011112709045410157 0.03189179611206055
v 0.012790520668029786 0.0038789613246917724 0.030128366470336915
v 0.010325487136840821 -0.008475717544555663 0.029200246810913086
v 0.011109477043151855 -0.0074226813316345215 0.029293058395385742
v 0.008474254608154297 -0.010332545280456544 0.029014623641967774
v 0.007423958778381348 -0.011116908073425294 0.028921812057495118
v 0.009444254875183106 -0.009448909759521484 0.02910743522644043
v 0.00630184268951416 -0.01179228401184082 0.02882899856567383
v 0.0051170048713684085 -0.012350145339965821 0.028736186981201173
v 0.0013091230392456054 -0.013294126510620117 0.02845775032043457
v -1.994352787733078e-06 -0.013360540390014648 0.028364938735961916
v 0.002607855319976807 -0.013102580070495605 0.028550561904907228
v -0.01234118366241455 0.005113821029663086 0.032448665618896484
v -0.009454107284545899 -0.009453163146972657 0.03356241226196289
v 3.528831584844738e-07 0.013364018440246582 0.031334922790527346
v 0.013298577308654785 0.0013096359968185426 0.029942743301391603
v 0.011787790298461914 0.006298476696014404 0.03031399154663086
v 0.013110157966613769 -0.0026092748641967775 0.029664306640625
v 0.01178774929046631 -0.0062995171546936036 0.029385869979858398
v 0.0038814125061035157 -0.012787415504455567 0.028643375396728517
v 0.012349406242370606 0.005113359928131104 0.030221179962158205
v 0.007425827980041504 0.011111775398254396 0.030778051376342774
v -0.013364904403686524 5.059976875782013e-05 0.04470000076293945
v -0.011088061332702638 0.007459115982055664 0.04414376831054687
v 0.007424930572509766 -0.011114274024963379 0.04080174636840821
v -0.005084253311157226 0.012359434127807618 0.04358753967285156
v 0.0026313524246215822 0.013103538513183594 0.04303131103515625
v 0.00946014404296875 0.00944084644317627 0.042475082397460937
v 0.013107482910156251 0.0026032238006591796 0.041918853759765624
v 0.013364999771118165 -1.877729742527645e-17 0.041733577728271486
v -0.0026065685749053955 -0.013107043266296386 0.03411928176879883
v -0.0026082961559295657 0.013106535911560059 0.03746051406860352
v -0.002610225200653076 -0.013111916542053223 0.02817931365966797
v -0.003881831407546997 -0.012794206619262696 0.028086502075195315
v -0.007425861835479736 -0.011112021446228028 0.027808067321777343
v -0.008479815483093261 -0.010330351829528808 0.027715255737304687
v -0.006300790309906006 -0.011787649154663087 0.02790087890625
v -0.010331010818481446 -0.00847651481628418 0.027529630661010742
v -0.011785772323608399 -0.006297724723815918 0.02734400749206543
v -0.012791277885437012 -0.003879793882369995 0.027158382415771485
v -0.013109529495239258 -0.0026082048416137694 0.02706557083129883
v -0.012347954750061035 -0.00511326265335083 0.027251195907592774
v -0.009451521873474122 -0.009449285507202148 0.02762244415283203
v -0.013299859046936036 0.001310844898223877 0.02678713607788086
v -0.013108833312988281 0.002608855962753296 0.026694322586059572
v -0.012347565650939942 0.005115335464477539 0.02650869941711426
v -0.011785288810729981 0.006300376892089844 0.0264158878326416
v -0.012790769577026368 0.0038811430931091307 0.026601511001586916
v -0.009450670242309571 0.009451919555664063 0.026137451171875
v -0.008479008674621582 0.010331954002380371 0.026044639587402343
v -0.006299316883087158 0.011785688400268555 0.0258590145111084
v -0.0026075396537780762 0.013109954833984375 0.02558057975769043
v -0.0038794264793395998 0.012790740013122559 0.025673391342163086
v -0.007424813747406006 0.01111189365386963 0.025951828002929687
v -0.01033017635345459 0.008479537010192871 0.026230262756347655
v -0.013300320625305177 -0.0013106192350387574 0.026972759246826173
v 8.582320879213512e-07 0.013363701820373535 0.025394954681396485
v 0.001311658263206482 0.013299099922180176 0.02530214309692383
v 0.0038818397521972656 0.012790487289428712 0.025116519927978517
v 0.005115536689758301 0.012348298072814942 0.025023706436157228
v 0.006299505710601807 0.011786167144775391 0.024930894851684572
v 0.0026096267700195315 0.013107791900634765 0.025209331512451173
v 0.007423391342163086 0.011111148834228516 0.024838083267211916
v 0.01033108139038086 0.008479551315307617 0.02455964660644531
v 0.011787525177001953 0.006299046039581299 0.0243740234375
v 0.011112524986267091 0.007425200939178467 0.024466835021972656
v 0.008476845741271973 0.010330320358276367 0.024745271682739257
v -0.0013098491430282592 0.013300889968872071 0.025487768173217774
v 0.012350074768066406 0.005112761974334717 0.024281211853027344
v 0.012794166564941407 0.0038780241012573245 0.024188398361206054
v 0.013363119125366212 5.624541663564742e-07 0.023909963607788087
v 0.013101001739501954 -0.002606802463531494 0.02372433853149414
v 0.013303545951843262 0.0013099480867385864 0.024002775192260743
v 0.01329482650756836 -0.0013091783523559572 0.023817150115966797
v 0.012783977508544922 -0.003879838228225708 0.023631526947021485
v 0.011789657592773438 -0.006302258014678955 0.023445903778076174
v 0.010334323883056641 -0.008478628158569337 0.02326028060913086
v 0.011117136001586914 -0.007426753997802735 0.023353092193603518
v 0.013113795280456543 0.002606508731842041 0.0240955867767334
v -0.0013127070665359497 -0.013300308227539063 0.028272125244140626
v 0.008477075576782227 -0.010330105781555176 0.023074655532836913
v 0.0074226393699646 -0.011112756729125976 0.022981843948364257
v 0.005113720893859863 -0.01235223388671875 0.022796220779418945
v 0.0038802480697631837 -0.012793867111206055 0.02270340919494629
v 0.006298019886016846 -0.011789332389831543 0.0228890323638916
v 0.0013113090991973878 -0.013296163558959961 0.022517784118652344
v -0.0013095920085906983 -0.013292662620544434 0.022332160949707032
v -0.00511607313156128 -0.012351204872131347 0.02205372428894043
v -0.00847821044921875 -0.010332086563110352 0.02177528762817383
v -0.0063010377883911135 -0.011791208267211915 0.021960912704467775
v -0.0038808324337005614 -0.01278892421722412 0.022146535873413087
v 0.0026086251735687256 -0.013108587265014649 0.022610597610473633
v -0.009450618743896485 -0.009450084686279297 0.021682476043701174
v -0.010332377433776855 -0.008477878570556641 0.021589664459228518
v -0.011786465644836427 -0.006298352241516114 0.02140403938293457
v -0.012788373947143555 -0.0038779022693634035 0.021218416213989257
v -0.011113619804382325 -0.007424051284790039 0.02149685096740723
v -0.013302314758300782 -0.0013104749917984008 0.021032791137695312
v -0.013365872383117676 -1.1473052436485887e-06 0.020939979553222656
v -0.012788686752319336 0.0038799965381622315 0.020661542892456055
v -0.0117880277633667 0.006301370143890381 0.020475919723510743
v -0.01234832763671875 0.00511574935913086 0.0205687313079834
v -0.013299857139587402 0.0013088433742523193 0.02084716796875
v -0.013108559608459473 -0.0026066787242889403 0.0211256046295166
v -0.01033012580871582 0.008478178024291993 0.02029029655456543
v -0.008478297233581544 0.010331932067871094 0.020104671478271486
v -0.006300797462463379 0.011787134170532227 0.019919048309326174
v -0.0038789234161376953 0.01278791618347168 0.019733423233032225
v -0.0074258637428283696 0.011113880157470703 0.02001185989379883
v -0.011112558364868165 0.00742539930343628 0.020383108139038087
v -0.001309499979019165 0.013301788330078125 0.019547800064086913
v -2.0579882686888596e-10 0.01336646842956543 0.019454988479614257
v 0.0026070070266723633 0.013106923103332519 0.019269363403320312
v 0.0013096449375152588 0.013300621032714843 0.01936217498779297
v -0.005114412307739258 0.012346444129943847 0.019826236724853515
v -0.0026077711582183838 -0.013102974891662598 0.022239349365234376
v 0.006301022529602051 0.011788186073303224 0.01899092674255371
v 0.007425263404846192 0.011113264083862305 0.018898115158081055
v 0.00944972038269043 0.00944907283782959 0.018712491989135743
v 0.010331477165222168 0.00847767162322998 0.018619680404663087
v 0.008477906227111816 0.010330581665039062 0.0188053035736084
v 0.01234689998626709 0.005115018367767334 0.018341243743896486
v 0.012787303924560548 0.003879652500152588 0.018248430252075197
v 0.013365002632141113 2.2782340250437904e-17 0.017969999313354492
v 0.013299585342407227 0.0013098467588424684 0.018062808990478515
v 0.01310594367980957 0.002607163429260254 0.01815561866760254
v 0.011787967681884766 0.00630096435546875 0.018434055328369142
v 0.003879648685455322 0.01278831958770752 0.019176551818847656
v 0.009450977325439452 -0.009449249267578124 0.023167467117309572
v 0.012346084594726563 -0.005115814208984375 0.02353871536254883
v -0.011111275672912597 -0.0074224014282226565 0.027436819076538086
v -0.013363725662231445 4.196646113996394e-08 0.026879947662353517
v -0.005115735530853272 -0.012350591659545898 0.027993690490722655
v -0.005113770484924316 0.012347312927246093 0.025766202926635742
v -0.011110604286193848 0.007425399780273438 0.02632307434082031
v 0.009449522018432617 0.009450758934020996 0.0246524600982666
v 1.0023986687883735e-06 -0.013357290267944336 0.022424972534179688
v -0.013106662750244141 0.0026067929267883302 0.020754356384277344
v -0.012346196174621583 -0.005112381458282471 0.021311227798461913
v -0.0026065471172332763 0.013107661247253419 0.01964061164855957
v 0.005115132808685302 0.012347759246826172 0.019083740234375
v 0.011113945960998536 0.007425311088562012 0.01852686882019043
v -0.009449212074279786 0.009450193405151368 0.020197483062744142
v -0.007425050735473633 -0.011115316390991212 0.021868099212646486
v 0.014256571769714356 2.2997012280590036e-17 0.016187570571899415
v 0.014156427383422852 0.0016755189895629884 0.01629894256591797
v 0.014693384170532228 2.3066401219629107e-17 0.015663792610168457
v 0.014581503868103028 0.0017985179424285889 0.015779924392700196
v 0.01386008071899414 0.00332797908782959 0.01641031837463379
v 0.014250953674316407 0.0035701239109039305 0.01589593982696533
v 0.013373666763305665 0.004934760570526124 0.016521696090698243
v 0.013168190956115723 -0.006715035915374756 0.04470000076293945
v 0.013631868362426759 -0.005646024227142334 0.04470000076293945
v 0.01309747886657715 -0.007000678062438965 0.04423583984375
v 0.011118831634521485 -0.009525976181030274 0.04470000076293945
v 0.010886131286621093 -0.009866428375244141 0.044667816162109374
v 0.010332612037658692 -0.010385082244873048 0.04470000076293945
v 0.012959224700927734 0.0069267797470092774 0.01612797164916992
v 0.012703318595886231 0.00647324275970459 0.016633071899414063
v 0.011855313301086426 0.007920888423919678 0.016744449615478517
v 0.010886131286621093 0.009866428375244141 0.016360002517700197
v 0.010840699195861817 0.009257882118225098 0.01685582733154297
v 0.009676270484924317 0.010467686653137208 0.01696720314025879
v 0.009596824645996094 0.01112589168548584 0.016476016998291015
v 0.008379165649414063 0.011533963203430177 0.01707857894897461
v 0.01201309585571289 0.00845993137359619 0.016243986129760742
v 0.014580144882202148 -0.001798424243927002 0.043921245574951175
v 0.014737067222595214 -0.0018176984786987306 0.0445838851928711
v 0.014755000114440918 -0.0011603975296020509 0.04470000076293945
v 0.01370801830291748 0.005288362979888916 0.01601195526123047
v 0.01437777328491211 -0.003448903799057007 0.04470000076293945
v 0.01465999984741211 -0.0023207950592041018 0.04470000076293945
v 0.014402990341186524 -0.0036082048416137694 0.04446786880493164
v 0.013167848587036133 0.006715675830841064 0.015
v 0.01363161849975586 0.005646574974060059 0.015
v 0.01309747886657715 0.007000678062438965 0.015463963508605957
v 0.006606374263763428 0.013124067306518555 0.016708049774169922
v 0.006966519832611084 0.0124403715133667 0.01718995666503906
v 0.005456084251403808 0.013171732902526856 0.01730133247375488
v 0.014377676010131837 0.0034492516517639162 0.015
v 0.014659961700439454 0.0023210296630859373 0.015
v 0.014402990341186524 0.0036082048416137694 0.015231931686401367
v 0.0032189064025878907 0.014336084365844727 0.016940080642700195
v 0.0038693828582763673 0.013720048904418946 0.017412710189819335
v 0.0022293803691864015 0.014080056190490723 0.017524085998535156
v 0.001440327763557434 0.014623544692993165 0.017056095123291017
v 0.0005590433478355408 0.014246496200561523 0.01763546371459961
v 0.004949521064758301 0.013833186149597169 0.016824064254760743
v 0.01385426139831543 0.005344778060913086 0.01534794807434082
v 0.014095389366149902 0.004577473640441894 0.015
v -0.002155733346939087 0.014532929420471193 0.017288127899169923
v -0.0011186631917953491 0.01421415901184082 0.01774683952331543
v -0.002780944347381592 0.013982102394104004 0.017858217239379883
v -0.005623292446136474 0.013575804710388184 0.017520158767700196
v -0.0044053044319152836 0.013556904792785644 0.017969593048095703
v -0.005969279766082764 0.012945905685424804 0.018080970764160157
v -0.007241872310638428 0.012784387588500977 0.017636173248291014
v -0.0074504041671752935 0.01215644931793213 0.018192346572875977
v -0.003919148445129394 0.014160674095153808 0.01740414237976074
v -0.00036019253730773927 0.014688557624816894 0.017172111511230468
v 0.014737067222595214 0.0018176984786987306 0.01511591625213623
v 0.01475498104095459 0.0011605148315429687 0.015
v 0.008163669586181642 0.012217944145202638 0.01659203338623047
v 0.01111805534362793 0.00952680778503418 0.015
v 0.010885133743286132 0.009865504264831543 0.015033353805541992
v 0.010331671714782715 0.010385951042175294 0.015
v -0.010131682395935059 0.010641128540039064 0.01786820602416992
v -0.00882663631439209 0.011196502685546875 0.01830372428894043
v -0.010080089569091797 0.010080187797546387 0.01841510009765625
v -0.012413244247436523 0.007861013412475587 0.018100236892700197
v -0.011195235252380371 0.008825119972229003 0.01852647590637207
v -0.012156571388244629 0.007448954105377197 0.018637853622436525
v -0.013281378746032715 0.00628162145614624 0.018216251373291015
v -0.01294860076904297 0.005969347476959229 0.018749229431152346
v -0.01135886287689209 0.009321977615356445 0.017984220504760742
v -0.014411986351013184 0.0028667249679565432 0.018448284149169922
v -0.013558608055114746 0.004405388355255127 0.018860607147216796
v -0.01398116683959961 0.0027799212932586672 0.018971982955932616
v -0.01465317726135254 0.0010812395811080932 0.018564298629760743
v -0.014212035179138183 0.0011163989305496215 0.01908336067199707
v -0.014246967315673828 -0.0005617263913154602 0.01919473648071289
v -0.014674277305603028 -0.0007208980917930603 0.018680315017700195
v -0.014082112312316895 -0.0022310588359832763 0.019306114196777344
v -0.013951536178588868 0.004608594417572022 0.01833226776123047
v -0.01406159496307373 -0.0042655405998229985 0.018912345886230468
v -0.013720194816589355 -0.0038691582679748534 0.019417490005493164
v -0.013169392585754395 -0.0054543776512145994 0.019528867721557618
v -0.012601722717285156 -0.0075531845092773435 0.01914437675476074
v -0.012438051223754883 -0.00696509313583374 0.019640243530273438
v -0.011534516334533692 -0.008379681587219238 0.01975162124633789
v -0.011582965850830079 -0.009039880752563477 0.019260393142700196
v -0.010468802452087403 -0.009677515029907227 0.019862997055053712
v -0.013432632446289063 -0.005953895568847656 0.019028362274169923
v -0.009039881706237794 -0.011582964897155762 0.01949242401123047
v -0.009257603645324707 -0.010841944694519044 0.019974374771118165
v -0.007919284343719482 -0.011857317924499513 0.020085750579833986
v -0.005953893661499024 -0.013432635307312013 0.019724454879760742
v -0.00647221040725708 -0.01270798110961914 0.02019712829589844
v -0.004934812068939209 -0.013378472328186036 0.02030850410461426
v -0.004265538215637207 -0.01406159782409668 0.019840471267700197
v -0.00332771372795105 -0.013859634399414063 0.02041988182067871
v -0.007553183555603028 -0.012601723670959472 0.01960844039916992
v -0.010390460968017578 -0.010390459060668945 0.019376407623291018
v -0.014476634025573731 -0.0025122904777526854 0.018796329498291017
v -0.008752010345458985 0.011800713539123535 0.01775218963623047
v 0.012141256332397462 0.008550188064575196 0.015579978942871093
v 0.00969920825958252 0.011244587898254395 0.015812009811401368
v 0.011002269744873047 0.009971689224243165 0.01569599437713623
v 0.006676854133605957 0.013264079093933106 0.01604404067993164
v 0.008250762939453125 0.012348289489746095 0.01592802619934082
v 0.00500232458114624 0.01398076343536377 0.016160057067871093
v 0.0014556937217712403 0.014779555320739747 0.016392087936401366
v 0.003253247022628784 0.01448902702331543 0.016276073455810548
v -0.002178731679916382 0.014687973976135254 0.016624118804931642
v -0.00036403530836105345 0.014845261573791504 0.01650810432434082
v -0.003960959672927857 0.014311746597290039 0.016740135192871094
v -0.007319131851196289 0.012920776367187501 0.016972166061401367
v -0.005683283805847168 0.013720636367797853 0.01685615158081055
v -0.010239770889282226 0.010754652976989746 0.01720419692993164
v -0.008845380783081055 0.01192660903930664 0.017088182449340822
v -0.0114800443649292 0.009421428680419923 0.017320213317871095
v -0.013423069953918457 0.006348636627197266 0.017552244186401368
v -0.012545673370361329 0.007944878101348878 0.017436229705810546
v -0.014565739631652832 0.0028973083496093752 0.01778427505493164
v -0.014100377082824708 0.0046577610969543454 0.01766826057434082
v -0.014809503555297851 0.0010927746295928955 0.017900291442871093
v -0.0016741836071014404 -0.014149910926818847 0.020531259536743163
v 2.3531254846602678e-06 -0.01424819564819336 0.020642635345458984
v -0.0007209004759788513 -0.014674274444580079 0.02007250213623047
v -0.014631076812744141 -0.002539092779159546 0.01813232231140137
v -0.014830828666687012 -0.0007285889983177185 0.018016307830810548
v -0.014211609840393066 -0.004311047077178955 0.01824833869934082
v -0.012736163139343263 -0.007633764743804932 0.018480369567871094
v -0.01357593822479248 -0.0060174140930175785 0.018364353179931642
v -0.01050131130218506 -0.010501309394836426 0.018712400436401367
v -0.011706537246704101 -0.009136322021484376 0.01859638595581055
v -0.009136322975158692 -0.011706536293029786 0.018828416824340822
v -0.006017412185668945 -0.013575940132141114 0.019060447692871095
v -0.007633764266967774 -0.01273616409301758 0.01894443130493164
v -0.004311044692993165 -0.014211612701416016 0.019176464080810546
v -0.0025122902393341067 -0.014476634025573731 0.019956485748291015
v -0.0007285913825035096 -0.014830825805664062 0.01940849494934082
v -0.002539092540740967 -0.014631077766418457 0.019292478561401368
v 0.0010927704572677613 -0.01480949878692627 0.01952450942993164
v 0.0010812352895736693 -0.014653172492980957 0.020188518524169922
v 0.0016784714460372926 -0.014153385162353515 0.020754013061523437
v 0.0028667213916778564 -0.014411982536315919 0.020304533004760743
v 0.0033307461738586426 -0.013864374160766602 0.020865388870239258
v 0.006281627178192139 -0.013281384468078614 0.020536563873291017
v 0.004935777664184571 -0.013380152702331543 0.020976764678955078
v 0.006471709251403808 -0.01270535945892334 0.02108814239501953
v 0.007861021995544434 -0.012413253784179687 0.020652580261230468
v 0.007919076919555665 -0.011853392601013184 0.021199518203735352
v 0.00460859489440918 -0.013951537132263185 0.020420549392700195
v 0.010641127586364747 -0.010131680488586425 0.02088461112976074
v 0.009258625030517578 -0.010838410377502442 0.021310895919799806
v 0.010471429824829102 -0.009675140380859376 0.021422271728515626
v 0.012784369468688965 -0.007241852283477783 0.021116641998291018
v 0.011539155006408692 -0.008379312515258789 0.021533647537231446
v 0.012443552970886231 -0.006966772079467774 0.021645023345947267
v 0.013575790405273437 -0.005623276710510254 0.02123265838623047
v 0.013170727729797363 -0.005455578804016113 0.02175640106201172
v 0.01180070209503174 -0.008751996994018555 0.021000627517700196
v 0.009321984291076661 -0.011358870506286622 0.020768596649169923
v 0.014160676956176758 -0.003919151782989502 0.02134867477416992
v 0.013715508460998536 -0.0038682239055633544 0.02186777687072754
v 0.014073769569396972 -0.002227729082107544 0.021979154586791994
v 0.014241385459899903 -0.0005571167469024658 0.022090530395507815
v 0.014214228630065918 0.001120591163635254 0.022201906204223635
v 0.014688592910766601 -0.00036023321747779847 0.021580705642700197
v 0.013988181114196778 0.0027823734283447268 0.022313283920288085
v 0.01462357234954834 0.0014402961730957031 0.021696720123291015
v 0.014532953262329102 -0.0021557598114013672 0.021464689254760742
v 0.013562914848327636 0.004405599594116211 0.02242466163635254
v 0.012948053359985352 0.005968664646148682 0.02253603744506836
v 0.013833138465881347 0.0049495759010314945 0.021928752899169922
v 0.01215483283996582 0.007450130462646485 0.022647415161132813
v 0.01119448757171631 0.008828557014465332 0.022758790969848633
v 0.012217888832092285 0.008163732528686523 0.022160783767700195
v 0.010078500747680665 0.010082773208618164 0.022870168685913086
v 0.011125906944274903 0.009596808433532715 0.022276798248291017
v 0.013123995780944824 0.006606457710266114 0.022044767379760744
v 0.014336077690124512 0.003218913793563843 0.02181273651123047
v 0.00882249927520752 0.011196063041687012 0.022981544494628907
v 0.007445552349090576 0.012155415534973145 0.02309292221069336
v 0.008460067749023437 0.012012984275817871 0.022508831024169923
v 0.005966830730438233 0.01294792652130127 0.02320429801940918
v 0.0044055070877075195 0.013560696601867676 0.023315675735473634
v 0.00528826904296875 0.013708345413208008 0.022740861892700196
v 0.002781529664993286 0.013982787132263183 0.023427051544189455
v 0.003569857835769653 0.014251671791076661 0.022856876373291018
v 0.006926859378814697 0.01295924186706543 0.02262484550476074
v 0.0011179559230804445 0.01421110725402832 0.023538427352905275
v -0.0005613812804222107 0.014244531631469727 0.02364980506896973
v -3.2176401543182464e-12 0.014694330215454103 0.02308890914916992
v -0.002232648611068726 0.014081933021545411 0.02376118087768555
v -0.003872054100036621 0.013722348213195802 0.02387255859375
v -0.003569857835769653 0.014251671791076661 0.023320940017700197
v -0.005457182407379151 0.013170184135437012 0.02398393440246582
v -0.00528826904296875 0.013708345413208008 0.023436954498291016
v -0.0017982324361801147 0.014582554817199707 0.023204923629760742
v 0.0017982324361801147 0.014582554817199707 0.02297289276123047
v -0.006967277526855469 0.012436320304870605 0.024095312118530273
v -0.008381680488586426 0.011532021522521974 0.024206687927246093
v -0.008460067749023437 0.012012984275817871 0.023668987274169922
v -0.009679734230041504 0.01046855354309082 0.024318065643310547
v -0.0108416748046875 0.009258111953735352 0.024429441452026367
v -0.011125906944274903 0.009596808433532715 0.023901018142700195
v -0.011853260040283203 0.00791862964630127 0.02454081916809082
v -0.012217888832092285 0.008163732528686523 0.024017032623291017
v -0.009866524696350097 0.010886033058166504 0.023785001754760744
v -0.01270235252380371 0.0064702281951904295 0.02465219497680664
v -0.013376816749572754 0.004933033466339111 0.024763572692871095
v -0.013123995780944824 0.006606457710266114 0.024133049011230468
v -0.013864566802978515 0.003327185392379761 0.024874948501586915
v -0.014157614707946778 0.0016740820407867433 0.02498632621765137
v -0.014336077690124512 0.003218913793563843 0.02436507987976074
v -0.014255195617675782 -2.6587643660604955e-06 0.02509770202636719
v -0.01462357234954834 0.0014402961730957031 0.024481096267700196
v -0.013833138465881347 0.004949576377868653 0.024249065399169923
v -0.006926859378814697 0.01295924186706543 0.02355297088623047
v 0.009866524696350097 0.010886033058166504 0.022392814636230468
v -0.013863834381103515 -0.0033316814899444582 0.025320455551147463
v -0.014532953262329102 -0.0021557600498199464 0.02471312713623047
v -0.014157279014587403 -0.001679194211959839 0.02520907783508301
v -0.013375576972961427 -0.004936524391174316 0.025431831359863283
v -0.012700526237487793 -0.0064725522994995115 0.025543209075927734
v -0.013575790405273437 -0.005623276710510254 0.024945158004760742
v -0.014160677909851075 -0.003919151782989502 0.02482914352416992
v -0.011850848197937011 -0.007919972419738769 0.025654584884643554
v -0.012784369468688965 -0.007241852283477783 0.025061174392700197
v -0.010838757514953614 -0.009259006500244141 0.025765962600708008
v -0.01180070209503174 -0.008751996994018555 0.025177188873291016
v -0.00837828540802002 -0.011534720420837403 0.02598871612548828
v -0.009321984291076661 -0.011358870506286622 0.025409221649169922
v -0.009676472663879394 -0.010469882011413575 0.025877338409423828
v -0.006963930130004883 -0.012440628051757812 0.026100091934204102
v -0.007861021995544434 -0.012413253784179687 0.025525236129760744
v -0.010641127586364747 -0.010131680488586425 0.02529320526123047
v 0.006348642349243165 -0.013423076629638672 0.01987255668640137
v 0.004657761573791504 -0.014100378036499025 0.019756542205810548
v 0.009421435356140137 -0.01148005199432373 0.020104587554931642
v 0.007944886684417726 -0.01254568386077881 0.01998857307434082
v 0.010754651069641113 -0.01023976993560791 0.020220603942871094
v 0.012920759201049806 -0.007319111347198487 0.020452634811401367
v 0.011926597595214843 -0.008845367431640626 0.02033662033081055
v 0.014311749458312989 -0.003960963010787964 0.02068466567993164
v 0.013720623016357422 -0.005683268070220947 0.020568651199340822
v 0.014687996864318847 -0.002178758382797241 0.020800682067871095
v -0.014688592910766601 -0.00036023321747779847 0.024597110748291018
v 0.0028973047733306884 -0.014565735816955567 0.019640525817871093
v -0.006281627178192139 -0.01328138542175293 0.025641252517700195
v -0.005454023361206055 -0.01317551326751709 0.026211467742919922
v -0.0038691816329956053 -0.013727289199829101 0.026322845458984376
v -0.004608595371246338 -0.013951537132263185 0.025757266998291017
v -0.002230112075805664 -0.014084332466125489 0.026434221267700196
v -0.0005590577721595765 -0.014242887496948242 0.02654559898376465
v -0.0010812352895736693 -0.014653172492980957 0.025989299774169923
v 0.0011204650402069092 -0.014205726623535156 0.02665697479248047
v 0.0007209008932113648 -0.014674274444580079 0.02610531425476074
v -0.0028667216300964356 -0.014411982536315919 0.025873283386230468
v 0.0027849016189575196 -0.01397581672668457 0.026768352508544924
v 0.004410696983337402 -0.013556125640869141 0.026879728317260744
v 0.004265538692474365 -0.014061596870422364 0.026337345123291018
v 0.005974295616149902 -0.012949621200561524 0.026991106033325198
v 0.00745228910446167 -0.012159543991088867 0.027102483749389648
v 0.0075531830787658695 -0.012601724624633789 0.02656937789916992
v 0.00882501220703125 -0.011196120262145996 0.027213859558105468
v 0.009039880752563477 -0.011582965850830079 0.026685392379760742
v 0.005953893184661866 -0.013432635307312013 0.02645336151123047
v 0.0025122909545898437 -0.014476634025573731 0.026221330642700196
v 0.010076786041259765 -0.010077014923095703 0.02732523536682129
v 0.011192126274108887 -0.0088202543258667 0.027436613082885742
v 0.010390460014343262 -0.010390460014343262 0.026801408767700197
v 0.012155546188354493 -0.007443862438201904 0.027547988891601562
v 0.01295156192779541 -0.005965864658355713 0.027659364700317383
v 0.012601724624633789 -0.0075531830787658695 0.02703343963623047
v 0.01356481647491455 -0.004404341697692871 0.027770742416381836
v 0.013432635307312013 -0.005953893184661866 0.027149456024169922
v 0.011582965850830079 -0.009039880752563477 0.026917423248291016
v 0.0139856595993042 -0.0027797939777374266 0.027882118225097657
v 0.014212228775024415 -0.0011160244941711426 0.02799349594116211
v 0.014476634025573731 -0.0025122909545898437 0.027381486892700195
v 0.014243246078491211 0.0005629319548606873 0.028104873657226564
v 0.014674274444580079 -0.0007209008932113648 0.027497501373291017
v 0.014078751564025879 0.0022334985733032226 0.028216249465942384
v 0.013720831871032716 0.003872807502746582 0.028327627182006838
v 0.014411982536315919 0.0028667216300964356 0.027729534149169923
v 0.013171794891357422 0.00545806360244751 0.028439002990722658
v 0.013951537132263185 0.004608595371246338 0.02784554862976074
v 0.014653172492980957 0.0010812352895736693 0.027613517761230468
v 0.014061596870422364 -0.004265538692474365 0.027265470504760744
v 0.014850000381469728 2.3066401219629107e-17 0.015
v 0.008162918090820313 0.012216832160949707 0.015265384674072267
v 0.00959594440460205 0.011124866485595703 0.01514936923980713
v 0.011904438018798829 0.00866766357421875 0.015
v 0.004949065208435059 0.013831924438476563 0.01549741554260254
v 0.006605766296386719 0.013122875213623047 0.015381400108337403
v 0.0014401960372924804 0.014622197151184083 0.01572944736480713
v 0.0032186105251312256 0.014334768295288087 0.015613431930541993
v -0.00036015871167182923 0.014687201499938966 0.015845462799072264
v -0.003918788433074951 0.01415937328338623 0.01607749366760254
v -0.0021555347442626955 0.014531590461730958 0.015961478233337403
v -0.007241207599639893 0.01278321647644043 0.016309524536132814
v -0.005622776031494141 0.013574560165405274 0.016193510055541992
v -0.008751206398010254 0.01179963207244873 0.016425540924072266
v 0.014845296859741211 -0.00036407631635665893 0.020916698455810546
v 0.014779582977294922 0.0014556618928909303 0.021032712936401368
v 0.014489021301269531 0.0032532544136047365 0.02114872932434082
v 0.013980716705322267 0.00500238037109375 0.02126474380493164
v 0.013264007568359375 0.006676938056945801 0.021380760192871093
v 0.012348234176635742 0.008250826835632325 0.021496776580810548
v 0.01124460220336914 0.00969919204711914 0.02161279106140137
v 0.009971785545349122 0.011002169609069825 0.02172880744934082
v 0.008550323486328126 0.012141143798828125 0.021844821929931642
v 0.007000757694244385 0.01309749698638916 0.021960838317871094
v -0.011357819557189942 0.009321120262145996 0.01665757179260254
v -0.010130751609802245 0.010640151977539062 0.01654155731201172
v -0.01328015899658203 0.006281043529510498 0.016889602661132812
v -0.012412103652954101 0.007860290050506593 0.016773588180541994
v -0.013950255393981934 0.004608170986175537 0.017005619049072267
v 0.005344686508178711 0.013854592323303223 0.02207685470581055
v 0.003607942581176758 0.014403714179992677 0.022192869186401367
v 0.001817416787147522 0.014738127708435059 0.022308885574340822
v -3.246155122482719e-12 0.014851095199584961 0.02242490005493164
v -0.001817416787147522 0.014738127708435059 0.022540916442871095
v -0.014651831626892091 0.0010811411142349243 0.01723764991760254
v -0.014410662651062013 0.002866462230682373 0.017121635437011718
v -0.01447530460357666 -0.0025120596885681154 0.017469680786132813
v -0.014672929763793946 -0.0007208313345909118 0.01735366630554199
v -0.014060303688049317 -0.004265149116516114 0.017585697174072264
v -0.012600564956665039 -0.007552490711212158 0.01781772804260254
v -0.01343139934539795 -0.005953349113464355 0.01770171356201172
v -0.010389507293701172 -0.010389505386352539 0.018049758911132814
v -0.01158190155029297 -0.009039051055908203 0.017933744430541992
v -0.00903905200958252 -0.011581900596618653 0.018165775299072266
v -0.005953346729278565 -0.013431401252746583 0.01839780616760254
v -0.0075524902343750006 -0.012600565910339355 0.01828179168701172
v -0.0025120596885681154 -0.01447530460357666 0.018629837036132812
v -0.004265146732330322 -0.01406030559539795 0.018513822555541994
v -0.0007208342552185059 -0.014672926902770996 0.018745853424072267
v 0.0028664579391479493 -0.014410658836364746 0.01897788429260254
v 0.0010811361074447633 -0.014651826858520508 0.018861869812011718
v 0.006281050205230713 -0.01328016471862793 0.019209915161132813
v 0.004608171463012695 -0.013950255393981934 0.01909390068054199
v 0.007860300064086913 -0.012412113189697266 0.019325931549072264
v 0.010640150070190429 -0.010130749702453614 0.01955796241760254
v 0.009321127891540527 -0.011357827186584473 0.01944194793701172
v 0.012783195495605469 -0.00724118709564209 0.019789993286132814
v 0.011799618721008301 -0.00875119400024414 0.019673978805541992
v 0.013574543952941895 -0.00562276029586792 0.019906009674072266
v 0.014531618118286134 -0.002155561923980713 0.02013804054260254
v 0.014159377098083497 -0.0039187917709350584 0.02002202606201172
v 0.01462222957611084 0.0014401638507843017 0.020370071411132812
v 0.014687244415283204 -0.0003602001368999481 0.020254056930541994
v 0.01433476161956787 0.0032186181545257567 0.020486087799072267
v 0.013122790336608887 0.006605850696563721 0.02071811866760254
v 0.013831868171691894 0.004949121475219726 0.020602104187011718
v 0.011124884605407715 0.009595927238464357 0.020950149536132813
v 0.012216766357421876 0.008162982940673828 0.02083413505554199
v 0.009865618705749512 0.010885032653808593 0.021066165924072264
v 0.006926222801208496 0.012958051681518555 0.02129819679260254
v 0.008459291458129884 0.01201188087463379 0.02118218231201172
v 0.005287783622741699 0.013707086563110352 0.021414213180541992
v 0.001798067331314087 0.014581214904785157 0.021646244049072266
v 0.0035695300102233886 0.014250362396240234 0.021530227661132814
v -3.2778064706917575e-12 0.014692980766296387 0.02176226043701172
v -0.005344686508178711 0.013854592323303223 0.022772947311401368
v -0.003607942581176758 0.014403714179992677 0.022656932830810547
v -0.008550323486328126 0.012141143798828125 0.02300497817993164
v -0.007000757694244385 0.01309749698638916 0.02288896369934082
v -0.009971785545349122 0.011002169609069825 0.023120994567871093
v -0.012348234176635742 0.008250826835632325 0.02335302543640137
v -0.01124460220336914 0.00969919204711914 0.023237010955810548
v -0.013980716705322267 0.00500238037109375 0.023585056304931643
v -0.013264007568359375 0.006676938056945801 0.02346904182434082
v -0.014489021301269531 0.0032532546520233157 0.023701072692871094
v -0.014845296859741211 -0.0003640763461589813 0.023933103561401367
v -0.014779582977294922 0.0014556618928909303 0.02381708908081055
v -0.014311749458312989 -0.003960963010787964 0.02416513442993164
v -0.014687996864318847 -0.0021787586212158204 0.024049119949340822
v -0.013720623016357422 -0.005683268070220947 0.024281150817871095
v -0.011926597595214843 -0.008845367431640626 0.024513181686401368
v -0.012920759201049806 -0.007319111347198487 0.024397167205810547
v -0.009421435356140137 -0.01148005199432373 0.02474521255493164
v -0.010754651069641113 -0.01023976993560791 0.02462919807434082
v -0.007944886684417726 -0.01254568386077881 0.024861228942871093
v -0.004657761573791504 -0.014100378036499025 0.02509325981140137
v -0.006348642349243165 -0.013423076629638672 0.024977245330810548
v -0.0010927703380584717 -0.01480949878692627 0.025325290679931643
v -0.0028973050117492676 -0.014565735816955567 0.02520927619934082
v 0.0007285917401313782 -0.014830825805664062 0.025441307067871094
v 0.004311045169830322 -0.0142116117477417 0.025673337936401367
v 0.0025390930175781252 -0.014631076812744141 0.02555732345581055
v 0.007633763313293457 -0.012736165046691894 0.02590536880493164
v 0.006017412185668945 -0.013575940132141114 0.025789354324340822
v 0.009136322021484376 -0.011706537246704101 0.026021385192871095
v 0.011706537246704101 -0.009136322021484376 0.02625341606140137
v 0.010501310348510743 -0.010501310348510743 0.026137401580810547
v 0.013575940132141114 -0.006017412185668945 0.02648544692993164
v 0.012736165046691894 -0.007633763313293457 0.02636943244934082
v 0.0142116117477417 -0.004311045169830322 0.026601463317871093
v 0.014830825805664062 -0.0007285917401313782 0.02683349418640137
v 0.014631076812744141 -0.0025390930175781252 0.026717479705810548
v 0.01480949878692627 0.0010927703380584717 0.02694951057434082
v 0.014100378036499025 0.004657761573791504 0.027181541442871094
v 0.014565735816955567 0.0028973050117492676 0.027065525054931643
v 0.013423076629638672 0.006348642349243165 0.02729755783081055
v 0.01328138542175293 0.006281627178192139 0.027961565017700196
v -0.0035695300102233886 0.014250362396240234 0.021994291305541994
v -0.001798067331314087 0.014581214904785157 0.02187827491760254
v -0.006926222801208496 0.012958051681518555 0.022226322174072267
v -0.005287783622741699 0.013707086563110352 0.022110305786132812
v -0.008459291458129884 0.01201188087463379 0.022342338562011718
v -0.011124884605407715 0.009595927238464357 0.02257436943054199
v -0.009865618705749512 0.010885032653808593 0.02245835304260254
v -0.013122790336608887 0.006605850696563721 0.022806400299072264
v -0.012216766357421876 0.008162982940673828 0.022690383911132813
v -0.013831868171691894 0.004949121475219726 0.02292241668701172
v -0.01462222957611084 0.0014401639699935913 0.023154447555541992
v -0.01433476161956787 0.0032186181545257567 0.02303843116760254
v -0.014531618118286134 -0.002155561923980713 0.023386478424072266
v -0.014687244415283204 -0.0003602001368999481 0.023270462036132814
v -0.014159377098083497 -0.0039187917709350584 0.02350249481201172
v -0.012783195495605469 -0.00724118709564209 0.023734525680541994
v -0.013574543952941895 -0.00562276029586792 0.02361850929260254
v -0.010640150070190429 -0.010130749702453614 0.023966556549072267
v -0.011799618721008301 -0.008751193046569825 0.023850540161132812
v -0.009321127891540527 -0.011357827186584473 0.024082572937011718
v -0.006281050205230713 -0.013280165672302247 0.02431460380554199
v -0.007860300064086913 -0.012412113189697266 0.02419858741760254
v -0.0028664581775665284 -0.014410658836364746 0.024546634674072264
v -0.004608171939849854 -0.013950255393981934 0.024430618286132813
v -0.0010811359882354737 -0.014651826858520508 0.02466265106201172
v 0.0025120601654052737 -0.01447530460357666 0.024894681930541993
v 0.0007208346724510193 -0.014672926902770996 0.02477866554260254
v 0.005953346729278565 -0.013431401252746583 0.025126712799072266
v 0.004265147209167481 -0.01406030559539795 0.025010696411132814
v 0.007552489280700684 -0.012600566864013672 0.02524272918701172
v 0.010389506340026855 -0.010389506340026855 0.025474760055541994
v 0.009039050102233886 -0.01158190155029297 0.02535874366760254
v 0.012600566864013672 -0.007552489280700684 0.025706790924072267
v 0.01158190155029297 -0.009039050102233886 0.025590774536132812
v 0.013431401252746583 -0.005953346729278565 0.025822807312011718
v 0.01447530460357666 -0.0025120601654052737 0.02605483818054199
v 0.01406030559539795 -0.004265147209167481 0.02593882179260254
v 0.014672926902770996 -0.0007208346724510193 0.026170852661132813
v 0.014410658836364746 0.0028664581775665284 0.02640288543701172
v 0.014651826858520508 0.0010811359882354737 0.026286869049072265
v 0.013950255393981934 0.004608171939849854 0.02651889991760254
v 0.01243776798248291 0.006967541217803955 0.02855038070678711
v 0.012413253784179687 0.007861021995544434 0.028077579498291018
v 0.011531610488891602 0.008381395339965821 0.02866175651550293
v 0.010131680488586425 0.010641127586364747 0.02830961227416992
v 0.010466865539550781 0.009679974555969239 0.028773134231567382
v 0.009257092475891113 0.010843642234802246 0.028884510040283203
v 0.008751996994018555 0.01180070209503174 0.028425626754760742
v 0.007917916297912598 0.011855320930480957 0.028995887756347656
v 0.011358870506286622 0.009321984291076661 0.02819359588623047
v 0.005623276710510254 0.013575790405273437 0.028657657623291016
v 0.006469301223754883 0.0127033052444458 0.029107263565063476
v 0.004931756019592285 0.01337656307220459 0.029218639373779297
v 0.0021557600498199464 0.014532953262329102 0.028889690399169922
v 0.003325793981552124 0.013864069938659669 0.02933001708984375
v 0.0016727861166000366 0.014157529830932618 0.02944139289855957
v 0.00036023321747779847 0.014688592910766601 0.029005704879760744
v -3.739278065040708e-06 0.014255486488342286 0.029552770614624024
v 0.003919151782989502 0.014160677909851075 0.02877367401123047
v 0.007241852283477783 0.012784369468688965 0.028541643142700197
v -0.003218913793563843 0.014336077690124512 0.029237735748291017
v -0.0016799218654632569 0.01415753746032715 0.029664146423339845
v -0.0033319015502929687 0.01386328411102295 0.029775524139404298
v -0.006606457710266114 0.013123995780944824 0.029469768524169923
v -0.004936607837677002 0.013374664306640626 0.02988689994812012
v -0.006473345756530762 0.012700668334960937 0.029998277664184572
v -0.007921867847442627 0.011851608276367187 0.030109653472900393
v -0.008163732528686523 0.012217888832092285 0.02958578300476074
v -0.004949576377868653 0.013833138465881347 0.029353752136230468
v -0.009262070655822754 0.010838686943054199 0.030221031188964843
v -0.010474355697631835 0.009676196098327637 0.030332406997680663
v -0.009596808433532715 0.011125906944274903 0.029701799392700196
v -0.011539234161376954 0.008379096031188965 0.030443782806396483
v -0.012439414978027344 0.006963603019714356 0.030555158615112304
v -0.012012984275817871 0.008460067749023437 0.02993383026123047
v -0.013166413307189942 0.005450947761535645 0.030666536331176757
v -0.01295924186706543 0.006926859378814697 0.03004984664916992
v -0.010886033058166504 0.009866524696350097 0.029817813873291018
v -0.0014402961730957031 0.01462357234954834 0.029121721267700195
v -0.013713942527770997 0.003863616466522217 0.030777912139892578
v -0.014075716018676758 0.002224095106124878 0.030889287948608398
v -0.014251671791076661 0.003569857835769653 0.030281877517700197
v -0.014245448112487792 0.0005548689961433411 0.03100066566467285
v -0.014216852188110352 -0.001121575713157654 0.031112043380737305
v -0.014694330215454103 8.111817641209829e-15 0.03051390838623047
v -0.013985610961914063 -0.0027827908992767336 0.031223419189453126
v -0.014582554817199707 -0.0017982324361801147 0.030629924774169922
v -0.014582554817199707 0.0017982324361801147 0.030397891998291016
v -0.013557900428771972 -0.004406527996063232 0.031334796905517576
v -0.012943379402160645 -0.00597060489654541 0.03144617462158203
v -0.013708345413208008 -0.00528826904296875 0.030861955642700195
v -0.012151862144470215 -0.007452954769134522 0.03155755043029785
v -0.011194111824035645 -0.00883222484588623 0.0316689281463623
v -0.012012984275817871 -0.008460067749023437 0.031093986511230468
v -0.010081247329711914 -0.010087331771850587 0.031780303955078124
v -0.010886033058166504 -0.009866524696350097 0.031210002899169923
v -0.01295924186706543 -0.006926859378814697 0.030977970123291017
v -0.014251671791076661 -0.003569857835769653 0.030745939254760744
v -0.008825326919555664 -0.011198240280151367 0.03189168167114258
v -0.007445102691650391 -0.01215241813659668 0.03200305938720703
v -0.008163732528686523 -0.012217888832092285 0.031442033767700196
v -0.0059622483253479 -0.012940603256225586 0.03211443328857422
v -0.004398450851440429 -0.01355354881286621 0.03222581100463867
v -0.004949576377868653 -0.013833138465881347 0.03167406463623047
v -0.002775397062301636 -0.013982009887695313 0.032337188720703125
v -0.003218913793563843 -0.014336077690124512 0.03179008102416992
v -0.006606457710266114 -0.013123995780944824 0.03155804824829102
v -0.0011147726774215698 -0.0142167387008667 0.03244856262207031
v 0.0005616644024848939 -0.014249442100524902 0.032559940338134766
v 0.00036023321747779847 -0.014688592910766601 0.032022109985351564
v 0.0022314612865447997 -0.014081209182739259 0.03267131805419922
v 0.0038717699050903323 -0.013718448638916017 0.03278269577026367
v 0.003919151782989502 -0.014160677909851075 0.03225414276123047
v 0.005459739208221436 -0.013167729377746582 0.03289406967163086
v 0.005623276710510254 -0.013575790405273437 0.03237015914916992
v 0.0021557600498199464 -0.014532953262329102 0.03213812637329102
v -0.0014402961730957031 -0.01462357234954834 0.03190609550476074
v -0.009596808433532715 -0.011125906944274903 0.03132601737976074
v -0.013708345413208008 0.00528826904296875 0.030165861129760742
v 0.008387322425842286 -0.011534002304077149 0.03311682510375977
v 0.007241852283477783 -0.012784369468688965 0.03248617553710938
v 0.006972532272338868 -0.01243676471710205 0.033005447387695314
v 0.01148005199432373 0.009421435356140137 0.027529588699340822
v 0.01254568386077881 0.007944886684417726 0.027413572311401367
v 0.01023976993560791 0.010754651069641113 0.02764560317993164
v 0.009681718826293945 -0.01046835994720459 0.03322820281982422
v 0.008751996994018555 -0.01180070209503174 0.032602188110351565
v 0.010839385032653808 -0.009255104064941407 0.033339580535888674
v 0.010131680488586425 -0.010641127586364747 0.03271820449829101
v 0.01269700527191162 -0.006465524673461914 0.033562332153320315
v 0.012413253784179687 -0.007861021995544434 0.03295023727416992
v 0.011848414421081543 -0.007914151668548584 0.03345095443725586
v 0.013373353958129884 -0.004929245471954346 0.03367370986938477
v 0.01328138542175293 -0.006281627178192139 0.03306625366210938
v 0.011358870506286622 -0.009321984291076661 0.03283422088623047
v 0.007319111347198487 0.012920759201049806 0.027877635955810547
v 0.008845367431640626 0.011926597595214843 0.027761619567871095
v 0.003960963010787964 0.014311749458312989 0.02810966682434082
v 0.005683268070220947 0.013720623016357422 0.02799365043640137
v 0.0021787586212158204 0.014687996864318847 0.02822568130493164
v -0.0014556618928909303 0.014779582977294922 0.028457714080810548
v 0.0003640763461589813 0.014845296859741211 0.028341697692871093
v -0.00500238037109375 0.013980716705322267 0.02868974494934082
v -0.0032532546520233157 0.014489021301269531 0.02857372856140137
v -0.006676938056945801 0.013264007568359375 0.028805759429931643
v 0.013951537132263185 -0.004608595371246338 0.03318226623535157
v 0.013865655899047851 -0.003325336217880249 0.03378508758544922
v 0.014162450790405274 -0.0016739246845245363 0.03389646148681641
v 0.014411982536315919 -0.0028667216300964356 0.033298282623291015
v 0.014259312629699707 2.687036292627454e-06 0.03400783920288086
v 0.014158428192138672 0.0016801536083221435 0.03411921310424805
v 0.014674274444580079 0.0007209008932113648 0.033530315399169924
v 0.01386224365234375 0.0033340504169464113 0.034230590820312504
v 0.014476634025573731 0.0025122909545898437 0.03364633178710937
v 0.014653172492980957 -0.0010812352895736693 0.03341429901123047
v 0.013373353004455567 0.004940036296844482 0.03434196853637696
v 0.01269858169555664 0.00647610330581665 0.034453346252441404
v 0.013432635307312013 0.005953893184661866 0.033878360748291016
v 0.01184944248199463 0.007922831058502198 0.03456472015380859
v 0.010837694168090821 0.009260933876037597 0.034676097869873045
v 0.011582965850830079 0.009039880752563477 0.034110393524169925
v 0.009675179481506348 0.010471182823181152 0.0347874755859375
v 0.010390460014343262 0.010390460014343262 0.03422640991210937
v 0.012601724624633789 0.0075531830787658695 0.03399437713623047
v 0.014061596870422364 0.004265538692474365 0.03376234436035156
v 0.008377118110656738 0.011536646842956542 0.034898849487304685
v 0.0069631519317626955 0.012443400382995606 0.03501022720336914
v 0.0075531830787658695 0.012601724624633789 0.03445843887329102
v 0.005453222274780274 0.013177721977233887 0.03512160491943359
v 0.0038672938346862792 0.013725979804992676 0.03523297882080078
v 0.004265538692474365 0.014061596870422364 0.03469047164916992
v 0.0022266879081726076 0.014079914093017579 0.03534435653686523
v 0.0025122909545898437 0.014476634025573731 0.034806488037109375
v 0.005953893184661866 0.013432635307312013 0.03457445526123047
v 0.0005548301935195922 0.014239592552185059 0.03545573425292969
v -0.0011246730089187623 0.01420579719543457 0.03556711196899414
v -0.0010812352895736693 0.014653172492980957 0.03503851699829102
v -0.002788214921951294 0.013979313850402832 0.035678489685058594
v -0.0028667216300964356 0.014411982536315919 0.03515453338623047
v -0.004412189483642579 0.013560924530029297 0.03578986358642578
v -0.005973004817962647 0.012951448440551757 0.035901241302490235
v -0.004608595371246338 0.013951537132263185 0.03527054977416992
v -0.00744907808303833 0.012156576156616212 0.03601261901855469
v -0.006281627178192139 0.01328138542175293 0.035386566162109376
v 0.0007209008932113648 0.014674274444580079 0.03492250061035156
v 0.009039880752563477 0.011582965850830079 0.03434242248535156
v -0.008822858810424805 0.011191768646240234 0.03612399673461914
v -0.007861021995544434 0.012413253784179687 0.035502578735351564
v -0.009321984291076661 0.011358870506286622 0.03561859512329102
v -0.010077279090881347 0.010073657989501954 0.03623537063598633
v -0.01180070209503174 0.008751996994018555 0.03585062789916992
v -0.011195270538330079 0.008818875312805176 0.03634674835205078
v -0.012159764289855957 0.007444051265716553 0.036458126068115236
v -0.012784369468688965 0.007241852283477783 0.03596664428710938
v -0.01295369815826416 0.005965819835662842 0.03656949996948242
v -0.010641127586364747 0.010131680488586425 0.03573461151123047
v -0.014160677909851075 0.003919151782989502 0.03619867324829101
v -0.013563404083251953 0.004402547836303711 0.03668087768554688
v -0.013984113693237306 0.0027771480083465575 0.03679225540161133
v -0.014688592910766601 0.00036023321747779847 0.03643070602416992
v -0.014212501525878907 0.0011132687330245971 0.036903633117675784
v -0.01424524211883545 -0.0005654411911964417 0.03701501083374024
v -0.01462357234954834 -0.0014402961730957031 0.03654672241210938
v -0.014079352378845215 -0.002235391616821289 0.037126384735107425
v -0.014532953262329102 0.0021557600498199464 0.03631468963623047
v -0.013575790405273437 0.005623276710510254 0.036082656860351565
v -0.013833138465881347 -0.004949576377868653 0.036778751373291015
v -0.013717620849609376 -0.003873978853225708 0.03723776245117188
v -0.013167616844177246 -0.005459418296813965 0.03734914016723633
v -0.012217888832092285 -0.008163732528686523 0.037010784149169924
v -0.012437060356140136 -0.006969949245452881 0.03746051406860352
v -0.01153366756439209 -0.008383811950683594 0.03757189178466797
v -0.011125906944274903 -0.009596808433532715 0.03712680053710937
v -0.010467037200927735 -0.00968034553527832 0.03768326950073242
v -0.013123995780944824 -0.006606457710266114 0.03689476776123047
v -0.00791443920135498 -0.01185746192932129 0.03790602111816406
v -0.006466482639312744 -0.012707711219787598 0.038017398834228514
v -0.006926859378814697 -0.01295924186706543 0.03747484588623047
v -0.004929473400115967 -0.013379035949707031 0.03812877655029297
v -0.003323983430862427 -0.013862042427062989 0.03824015426635742
v -0.003569857835769653 -0.014251671791076661 0.037706878662109374
v -0.001672415852546692 -0.01415408992767334 0.03835152816772461
v -0.0017982324361801147 -0.014582554817199707 0.03782289123535156
v -0.00528826904296875 -0.013708345413208008 0.037590862274169926
v -0.009254292488098144 -0.010843284606933594 0.03779464721679687
v -0.009866524696350097 -0.010886033058166504 0.03724281311035156
v -0.014336077690124512 -0.003218913793563843 0.03666273498535157
v 2.7171922847628594e-06 -0.014252938270568848 0.03846290588378906
v 0.001678903341293335 -0.01415635108947754 0.038574283599853515
v -3.232586198720355e-12 -0.014694330215454103 0.03793890762329102
v 0.0033334290981292727 -0.013862967491149902 0.03868566131591797
v 0.004942339897155762 -0.013376855850219726 0.038797035217285156
v 0.003569857835769653 -0.014251671791076661 0.03817094039916992
v 0.006481207847595215 -0.012704153060913086 0.03890841293334961
v 0.00528826904296875 -0.013708345413208008 0.038286956787109375
v 0.0017982324361801147 -0.014582554817199707 0.03805492401123047
v 0.007926421165466309 -0.011851975440979004 0.03901979064941406
v 0.009260218620300293 -0.010834444046020507 0.03913116455078125
v 0.008460067749023437 -0.012012984275817871 0.03851898574829102
v 0.01046739387512207 -0.009668733596801758 0.039242542266845704
v 0.01153274917602539 -0.008372034072875977 0.03935391998291016
v 0.011125906944274903 -0.009596808433532715 0.03875101852416992
v 0.012441088676452636 -0.006961531639099121 0.03946529769897461
v 0.012217888832092285 -0.008163732528686523 0.038867034912109376
v 0.009866524696350097 -0.010886033058166504 0.03863500213623047
v 0.006926859378814697 -0.01295924186706543 0.03840296936035156
v 0.013177215576171875 -0.005454416275024414 0.0395766716003418
v 0.013726743698120117 -0.0038683781623840333 0.03968804931640625
v 0.013833138465881347 -0.0049495759010314945 0.03909906387329102
v 0.01408325481414795 -0.002226042985916138 0.039799427032470705
v 0.014244852066040039 -0.0005528380274772644 0.03991080093383789
v 0.01462357234954834 -0.0014402961730957031 0.03933109664916992
v 0.014209930419921876 0.0011259769201278687 0.040022178649902346
v 0.014688592910766601 0.00036023321747779847 0.03944711303710938
v 0.014336077690124512 -0.003218913793563843 0.03921508026123047
v 0.013979697227478027 0.0027874577045440673 0.0401335563659668
v 0.013557169914245605 0.004410154342651368 0.04024493408203125
v 0.014160676956176758 0.003919151782989502 0.03967914199829101
v 0.01294575595855713 0.0059726438522338865 0.04035630798339844
v 0.013575790405273437 0.005623276710510254 0.03979515838623047
v 0.012153825759887696 0.007453532218933106 0.040467685699462894
v 0.011193389892578126 0.008831447601318359 0.04057906341552735
v 0.01180070209503174 0.008751996994018555 0.04002719116210938
v 0.010076763153076172 0.01008527946472168 0.0406904411315918
v 0.010641127586364747 0.010131680488586425 0.04014320373535157
v 0.012784369468688965 0.007241852283477783 0.03991117477416992
v 0.014532953262329102 0.0021557598114013672 0.039563125610351565
v 0.013123995780944824 -0.006606457710266114 0.038983047485351564
v 0.008820011138916015 0.01119830322265625 0.04080181503295899
v 0.007442314147949219 0.01215743637084961 0.04091319274902344
v 0.007861021995544434 0.012413253784179687 0.04037523651123047
v 0.005962944984436036 0.01294970417022705 0.04102457046508789
v 0.004401177406311035 0.013562134742736816 0.04113594818115234
v 0.00460859489440918 0.013951537132263185 0.04060726928710937
v 0.0027770309448242186 0.01398374080657959 0.04124732208251953
v 0.0028667213916778564 0.014411982536315919 0.04072328186035156
v 0.006281627178192139 0.013281384468078614 0.040491252899169924
v 0.0011135119199752808 0.01421147918701172 0.04135869979858398
v -0.0005656270980834962 0.014244295120239258 0.041470077514648436
v 0.0010812352895736693 0.014653172492980957 0.040839298248291016
v -0.0022366335391998293 0.01408113193511963 0.04158145141601562
v -0.003875795125961304 0.013721095085144044 0.04169282913208008
v -0.0025122902393341067 0.014476634025573731 0.041071331024169926
v -0.005460729122161865 0.013168598175048828 0.04180420684814453
v -0.004265538215637207 0.01406159782409668 0.041187347412109374
v -0.0007209004759788513 0.014674274444580079 0.04095531463623047
v -0.006970655441284179 0.012434456825256348 0.041915584564208984
v -0.008384889602661132 0.011529867172241212 0.04202695846557617
v -0.007553183555603028 0.012601723670959472 0.04141937637329102
v -0.009682747840881347 0.010466024398803711 0.042138336181640625
v -0.010844440460205078 0.009255073547363282 0.04224971389770508
v -0.010390460968017578 0.010390459060668945 0.04165140914916992
v -0.011855711936950683 0.007915029525756836 0.04236109161376953
v -0.011582965850830079 0.009039880752563477 0.041767425537109375
v -0.009039881706237794 0.011582964897155762 0.04153539276123047
v -0.012704415321350098 0.006466141223907471 0.04247246551513672
v -0.01337840461730957 0.004928661823272705 0.04258384323120117
v -0.013432632446289063 0.005953895568847656 0.04199945449829102
v -0.013865584373474122 0.0033228585720062255 0.042695220947265626
v -0.01415798568725586 0.0016701337099075317 0.04280659866333008
v -0.014476634025573731 0.0025122904777526854 0.04223148727416992
v -0.014254916191101075 -6.107594817876816e-06 0.04291797256469727
v -0.014674277305603028 0.0007208980917930603 0.042347503662109376
v -0.01406159496307373 0.0042655405998229985 0.04211547088623047
v -0.012601722717285156 0.0075531845092773435 0.04188343811035156
v -0.005953893661499024 0.013432635307312013 0.04130335998535156
v -0.014156421661376954 -0.0016822571754455567 0.04302935028076172
v -0.013862548828125 -0.003334706544876099 0.043140727996826174
v -0.014411986351013184 -0.0028667249679565432 0.04257953262329102
v -0.013374073028564453 -0.004940052986145019 0.04325210189819336
v -0.012698946952819824 -0.006476911544799805 0.043363479614257815
v -0.013281378746032715 -0.00628162145614624 0.04281156539916992
v -0.011849191665649414 -0.007925043106079102 0.04347485733032227
v -0.012413244247436523 -0.007861013412475587 0.04292758178710938
v -0.013951536178588868 -0.004608594417572022 0.04269554901123047
v -0.010836878776550294 -0.009264222145080566 0.04358623504638672
v -0.009674080848693848 -0.010474225997924805 0.043697612762451175
v -0.010131682395935059 -0.010641128540039064 0.043159610748291014
v -0.008375041007995606 -0.01153705406188965 0.04380898666381836
v -0.0069596958160400395 -0.012440528869628906 0.043920364379882816
v -0.007241872310638428 -0.012784387588500977 0.04339164352416992
v -0.005448904037475586 -0.013173418998718262 0.04403173828125
v -0.005623292446136474 -0.013575804710388184 0.04350765991210938
v -0.008752010345458985 -0.011800713539123535 0.04327562713623047
v -0.01135886287689209 -0.009321977615356445 0.043043594360351566
v -0.003863523483276367 -0.013724491119384766 0.04414311599731446
v -0.002224492073059082 -0.014082898139953613 0.04425449371337891
v -0.003919148445129394 -0.014160674095153808 0.04362367248535157
v -0.000554075300693512 -0.014244268417358399 0.04436587142944336
v 0.0011243594884872436 -0.014209600448608398 0.04447724914550781
v -0.00036019253730773927 -0.014688557624816894 0.04385570526123047
v 0.0027874114513397217 -0.013980058670043946 0.044588626861572264
v 0.001440327763557434 -0.014623544692993165 0.043971721649169924
v -0.002155733346939087 -0.014532929420471193 0.043739688873291015
v 0.004949521064758301 -0.013833186149597169 0.04420375061035156
v 0.004411679744720459 -0.013556803703308105 0.04470000076293945
v 0.006448369979858398 -0.01289612102508545 0.04470000076293945
v 0.0032189064025878907 -0.014336084365844727 0.04408773803710938
v 0.004411679744720459 -0.013556803703308105 0.04470000076293945
v 0.008163669586181642 -0.012217944145202638 0.04443578338623047
v 0.008496485710144042 -0.011811190605163575 0.04470000076293945
v 0.009596824645996094 -0.01112589168548584 0.044551799774169926
v -0.01465317726135254 -0.0010812395811080932 0.042463516235351564
v 0.009321984291076661 0.011358870506286622 0.040259220123291015
v -0.008460067749023437 -0.012012984275817871 0.037358829498291016
v -0.00969919204711914 0.01124460220336914 0.02903779220581055
v -0.008250826835632325 0.012348234176635742 0.028921775817871094
v -0.012141143798828125 0.008550323486328126 0.029269823074340822
v -0.011002169609069825 0.009971785545349122 0.029153806686401367
v -0.01309749698638916 0.007000757694244385 0.02938583755493164
v -0.014403714179992677 0.003607942581176758 0.029617870330810547
v -0.013854592323303223 0.005344686508178711 0.029501853942871095
v -0.014738127708435059 0.001817416787147522 0.02973388481140137
v -0.014851095199584961 8.19578519634101e-15 0.02984990119934082
v -0.014738127708435059 -0.001817416787147522 0.02996591567993164
v -0.014403714179992677 -0.003607942581176758 0.030081932067871093
v -0.013854592323303223 -0.005344686508178711 0.030197948455810548
v -0.01309749698638916 -0.007000757694244385 0.03031396293640137
v -0.012141143798828125 -0.008550323486328126 0.03042997932434082
v -0.011002169609069825 -0.009971785545349122 0.030545993804931643
v -0.00969919204711914 -0.01124460220336914 0.030662010192871094
v -0.008250826835632325 -0.012348234176635742 0.03077802658081055
v -0.006676938056945801 -0.013264007568359375 0.030894041061401367
v -0.00500238037109375 -0.013980716705322267 0.031010057449340822
v -0.0032532546520233157 -0.014489021301269531 0.03112607192993164
v -0.0014556618928909303 -0.014779582977294922 0.031242088317871095
v 0.0003640763461589813 -0.014845296859741211 0.03135810470581055
v 0.0021787586212158204 -0.014687996864318847 0.03147411918640137
v 0.003960963010787964 -0.014311749458312989 0.03159013557434082
v 0.005683268070220947 -0.013720623016357422 0.03170615005493164
v 0.007319111347198487 -0.012920759201049806 0.03182216644287109
v 0.008845367431640626 -0.011926597595214843 0.03193818283081055
v 0.01023976993560791 -0.010754651069641113 0.03205419921875
v 0.01148005199432373 -0.009421435356140137 0.03217021179199219
v 0.01254568386077881 -0.007944886684417726 0.03228622817993164
v 0.013423076629638672 -0.006348642349243165 0.032402244567871094
v 0.014100378036499025 -0.004657761573791504 0.03251826095581055
v 0.014565735816955567 -0.0028973050117492676 0.032634277343750004
v 0.01480949878692627 -0.0010927703380584717 0.032750289916992185
v 0.014830825805664062 0.0007285917401313782 0.03286630630493164
v 0.014631076812744141 0.0025390930175781252 0.032982322692871095
v 0.0142116117477417 0.004311045169830322 0.03309833908081055
v 0.013575940132141114 0.006017412185668945 0.03321435546875
v 0.012736165046691894 0.007633763313293457 0.03333036804199219
v 0.011706537246704101 0.009136322021484376 0.03344638442993164
v 0.012412113189697266 0.007860300064086913 0.026750930786132814
v 0.013280165672302247 0.006281050205230713 0.026634916305541993
v 0.010130749702453614 0.010640150070190429 0.02698296356201172
v 0.011357827186584473 0.009321127891540527 0.026866947174072266
v 0.008751193046569825 0.011799618721008301 0.02709897804260254
v 0.00562276029586792 0.013574543952941895 0.027331008911132812
v 0.00724118709564209 0.012783195495605469 0.027214994430541994
v 0.002155561923980713 0.014531618118286134 0.02756304168701172
v 0.0039187917709350584 0.014159377098083497 0.027447025299072267
v 0.0003602001368999481 0.014687244415283204 0.02767905616760254
v -0.0032186181545257567 0.01433476161956787 0.027911087036132813
v -0.0014401639699935913 0.01462222957611084 0.02779507255554199
v -0.006605850696563721 0.013122790336608887 0.02814311981201172
v -0.004949121475219726 0.013831868171691894 0.028027103424072265
v -0.008162982940673828 0.012216766357421876 0.02825913429260254
v -0.010885032653808593 0.009865618705749512 0.028491165161132814
v -0.009595927238464357 0.011124884605407715 0.028375150680541993
v -0.012958051681518555 0.006926222801208496 0.02872319793701172
v -0.01201188087463379 0.008459291458129884 0.028607181549072266
v -0.013707086563110352 0.005287783622741699 0.02883921241760254
v 0.010501310348510743 0.010501310348510743 0.033562400817871096
v 0.009136322021484376 0.011706537246704101 0.033678417205810544
v 0.007633763313293457 0.012736165046691894 0.03379443359375
v 0.006017412185668945 0.013575940132141114 0.03391044616699219
v 0.004311045169830322 0.0142116117477417 0.03402646255493164
v 0.0025390930175781252 0.014631076812744141 0.0341424789428711
v 0.0007285917401313782 0.014830825805664062 0.034258495330810546
v -0.0010927703380584717 0.01480949878692627 0.03437451171875
v -0.0028973050117492676 0.014565735816955567 0.03449052429199219
v -0.004657761573791504 0.014100378036499025 0.034606540679931644
v -0.006348642349243165 0.013423076629638672 0.03472255706787109
v -0.007944886684417726 0.01254568386077881 0.03483857345581055
v -0.010754651069641113 0.01023976993560791 0.03507060241699219
v -0.009421435356140137 0.01148005199432373 0.03495458984375
v -0.011926597595214843 0.008845367431640626 0.03518661880493164
v -0.012920759201049806 0.007319111347198487 0.03530263519287109
v -0.013720623016357422 0.005683268070220947 0.03541865158081055
v -0.014311749458312989 0.003960963010787964 0.03553466796875
v -0.014687996864318847 0.0021787586212158204 0.03565068054199219
v -0.014845296859741211 0.0003640763461589813 0.03576669692993164
v -0.014779582977294922 -0.0014556618928909303 0.035882713317871094
v -0.014250362396240234 0.0035695300102233886 0.028955228805541994
v -0.014489021301269531 -0.0032532546520233157 0.03599872970581055
v -0.013264007568359375 -0.006676938056945801 0.036230758666992186
v -0.013980716705322267 -0.00500238037109375 0.036114746093750004
v -0.012348234176635742 -0.008250826835632325 0.03634677505493164
v -0.009971785545349122 -0.011002169609069825 0.03657880783081055
v -0.01124460220336914 -0.00969919204711914 0.036462791442871095
v -0.007000757694244385 -0.01309749698638916 0.03681083679199219
v -0.008550323486328126 -0.012141143798828125 0.03669482421875
v -0.005344686508178711 -0.013854592323303223 0.03692685317993164
v -0.001817416787147522 -0.014738127708435059 0.037158885955810544
v -0.003607942581176758 -0.014403714179992677 0.037042869567871096
v 0.001817416787147522 -0.014738127708435059 0.03739091491699219
v 0.003607942581176758 -0.014403714179992677 0.03750693130493164
v 0.005344686508178711 -0.013854592323303223 0.0376229476928711
v -3.2612625933126083e-12 -0.014851095199584961 0.03727490234375
v 0.007000757694244385 -0.01309749698638916 0.037738964080810546
v 0.008550323486328126 -0.012141143798828125 0.03785498046875
v 0.009971785545349122 -0.011002169609069825 0.03797099304199219
v 0.01124460220336914 -0.00969919204711914 0.038087009429931644
v 0.012348234176635742 -0.008250826835632325 0.03820302581787109
v 0.013264007568359375 -0.006676938056945801 0.03831904220581055
v 0.013980716705322267 -0.00500238037109375 0.03843505859375
v 0.014489021301269531 -0.0032532544136047365 0.03855107116699219
v 0.014779582977294922 -0.0014556618928909303 0.03866708755493164
v 0.014845296859741211 0.00036407631635665893 0.03878310394287109
v 0.014687996864318847 0.002178758382797241 0.03889912033081055
v 0.014311749458312989 0.003960963010787964 0.03901513671875
v 0.013720623016357422 0.005683268070220947 0.03913114929199219
v 0.012920759201049806 0.007319111347198487 0.03924716567993164
v 0.011926597595214843 0.008845367431640626 0.039363182067871094
v 0.010754651069641113 0.01023976993560791 0.03947919845581055
v 0.009421435356140137 0.01148005199432373 0.039595214843750004
v 0.007944886684417726 0.01254568386077881 0.039711227416992186
v 0.006348642349243165 0.013423076629638672 0.03982724380493164
v 0.004657761573791504 0.014100378036499025 0.039943260192871095
v 0.0028973047733306884 0.014565735816955567 0.04005927658081055
v 0.0010927704572677613 0.01480949878692627 0.04017529296875
v -0.0007285913825035096 0.014830825805664062 0.04029130554199219
v -0.002539092540740967 0.014631077766418457 0.04040732192993164
v -0.004311044692993165 0.014211612701416016 0.040523338317871097
v -0.006017412185668945 0.013575940132141114 0.040639354705810544
v -0.007633764266967774 0.01273616409301758 0.04075537109375
v -0.009136322975158692 0.011706536293029786 0.04087138366699219
v -0.01050131130218506 0.010501309394836426 0.04098740005493164
v -0.011706537246704101 0.009136322021484376 0.0411034164428711
v -0.012736163139343263 0.007633764743804932 0.041219432830810546
v -0.01357593822479248 0.0060174140930175785 0.04133544921875
v -0.014211609840393066 0.004311047077178955 0.04145146179199219
v -0.014631076812744141 0.002539092779159546 0.041567478179931644
v -0.014830828666687012 0.0007285889983177185 0.04168349456787109
v -0.014809503555297851 -0.0010927746295928955 0.04179951095581055
v -0.014565739631652832 -0.0028973083496093752 0.04191552734375
v -0.014100377082824708 -0.0046577610969543454 0.04203153991699219
v -0.013423069953918457 -0.006348636627197266 0.04214755630493164
v -0.012545673370361329 -0.007944878101348878 0.04226357269287109
v -0.0114800443649292 -0.009421428680419923 0.04237958908081055
v -0.010239770889282226 -0.010754652976989746 0.04249560546875
v -0.008845380783081055 -0.01192660903930664 0.04261161804199219
v -0.007319131851196289 -0.012920776367187501 0.04272763442993164
v -0.005683283805847168 -0.013720636367797853 0.042843650817871094
v -0.003960959672927857 -0.014311746597290039 0.04295966720581055
v -0.002178731679916382 -0.014687973976135254 0.043075683593750004
v -0.00036403530836105345 -0.014845261573791504 0.043191696166992186
v 0.0014556937217712403 -0.014779555320739747 0.04330771255493164
v 0.003253247022628784 -0.01448902702331543 0.043423728942871095
v 0.00500232458114624 -0.01398076343536377 0.04353974533081055
v 0.006606374263763428 -0.013124067306518555 0.044319766998291016
v 0.006676854133605957 -0.013264079093933106 0.04365576171875
v 0.008250762939453125 -0.012348289489746095 0.04377177429199219
v 0.00969920825958252 -0.011244587898254395 0.04388779067993164
v 0.011905051231384278 -0.0086668701171875 0.04470000076293945
v 0.011002269744873047 -0.009971689224243165 0.0440038070678711
v 0.012141256332397462 -0.008550188064575196 0.044119823455810545
v 0.014095545768737793 -0.0045770125389099124 0.04470000076293945
v 0.01385426139831543 -0.005344778060913086 0.04435185241699219
v 0.008495194435119629 0.011812024116516114 0.015
v 0.0064473128318786625 0.012896566390991212 0.015
v 0.004411679744720459 0.013556803703308105 0.015
v 0.001124337911605835 0.01420961856842041 0.015222749710083009
v -0.0022245302200317382 0.014082929611206055 0.01544550609588623
v -0.0038635454177856445 0.013724511146545411 0.015556883811950684
v -0.0005541102886199951 0.014244297027587892 0.01533412742614746
v 0.0027874045372009277 0.013980064392089844 0.015111373901367188
v -0.008374972343444824 0.011537005424499511 0.01589101314544678
v -0.01083686637878418 0.009264210700988769 0.016113765716552736
v -0.011849248886108398 0.007925081729888915 0.016225141525268556
v -0.009674019813537597 0.010474181175231934 0.016002388000488282
v -0.0133742094039917 0.004940149784088135 0.01644789695739746
v -0.014156386375427247 0.0016822335720062256 0.016670650482177734
v -0.014254745483398439 5.987564101815224e-06 0.016782026290893554
v -0.01386263370513916 0.003334768295288086 0.01655927276611328
v -0.012699063301086427 0.0064769935607910155 0.01633651924133301
v -0.013865336418151856 -0.003323033571243286 0.017004779815673828
v -0.01270460319519043 -0.00646600866317749 0.017227533340454102
v -0.011856145858764648 -0.007914723873138428 0.017338909149169923
v -0.013378326416015626 -0.004928717613220215 0.01711615562438965
v -0.009683130264282226 -0.010465752601623536 0.017561662673950196
v -0.006970053195953369 -0.012434879302978517 0.01778441619873047
v -0.005459733963012695 -0.013169300079345704 0.017895793914794924
v -0.008384825706481934 -0.011529909133911134 0.01767304039001465
v -0.010844978332519531 -0.009254693031311035 0.017450286865234376
v -0.014157724380493165 -0.0016703184843063355 0.016893404006958008
v -0.006959649085998536 0.012440497398376466 0.015779637336730958
v -0.0022362134456634522 -0.01408144760131836 0.018118547439575194
v 0.001111916184425354 -0.014210367202758789 0.018341299057006835
v 0.004399605751037598 -0.013560877799987794 0.01856405258178711
v -0.0005662306547164917 -0.014243896484375 0.018229923248291015
v 0.007444578647613526 -0.012158679962158204 0.018786808013916016
v 0.010080221176147462 -0.010088231086730957 0.01900956153869629
v 0.011193854331970215 -0.008833525657653808 0.019120939254760744
v 0.008823734283447265 -0.011200790405273438 0.018898183822631837
v 0.005963089942932129 -0.01294950771331787 0.018675430297851563
v 0.01293826675415039 -0.005969916820526123 0.019343690872192384
v 0.013980443000793458 -0.002781322956085205 0.019566442489624025
v 0.014216647148132325 -0.001120691180229187 0.019677820205688475
v 0.013551443099975587 -0.004405136108398437 0.019455066680908205
v 0.014082981109619142 0.0022222487926483155 0.01990057373046875
v 0.01316718101501465 0.005446913242340088 0.020123329162597656
v 0.01243706512451172 0.00695982551574707 0.02023470687866211
v 0.013718673706054688 0.003860379219055176 0.020011951446533203
v 0.014251543045043946 0.0005545470118522645 0.019789196014404296
v 0.012149530410766602 -0.007453450679779053 0.019232315063476564
v 0.010475229263305665 0.0096766996383667 0.02045745849609375
v 0.007923847675323486 0.011849673271179199 0.02068021011352539
v 0.006474485397338867 0.012697099685668945 0.020791585922241212
v 0.009264345169067384 0.010839059829711914 0.02056883430480957
v 0.003332733631134033 0.013862277030944824 0.02101434135437012
v -0.0016694458723068239 0.014157721519470215 0.021348472595214843
v -0.0033232972621917724 0.013863253593444825 0.021459848403930663
v 0.0016821316480636597 0.01415999984741211 0.02112571907043457
v 0.0049371495246887205 0.013371306419372559 0.020902963638305665
v -0.006468745708465577 0.012705371856689454 0.021682600021362304
v -0.009254607200622558 0.010842288970947266 0.021905353546142578
v -0.010465998649597168 0.009680645942687988 0.02201673126220703
v -0.00791609525680542 0.011855380058288574 0.021793977737426758
v -0.012435938835144043 0.006971162319183349 0.022239484786987306
v -0.013167798042297363 0.005460037231445313 0.022350860595703126
v -0.01408161449432373 0.0022345945835113524 0.0225736141204834
v -0.014246923446655273 0.0005646276473999024 0.022684991836547853
v -0.013719159126281738 0.0038737916946411134 0.02246223831176758
v -0.0115319881439209 0.008384997367858887 0.022128108978271485
v -0.00493091106414795 0.013377863883972168 0.021571224212646484
v 0.011536885261535644 0.008377089500427246 0.02034608268737793
v -0.003874788999557495 -0.013721811294555665 0.01800716972351074
v -0.013981821060180664 -0.0027766144275665284 0.022907745361328124
v -0.012950078964233398 -0.005965176105499267 0.023130498886108398
v -0.012158645629882813 -0.007444825649261475 0.023241874694824218
v -0.013559626579284669 -0.004401568412780762 0.023019121170043944
v -0.014692980766296387 8.110173990716341e-15 0.029187259674072267
v -0.014581214904785157 0.001798067331314087 0.029071243286132812
v -0.014581214904785157 -0.001798067331314087 0.02930327606201172
v -0.01008341121673584 -0.01007706356048584 0.023464628219604492
v -0.011197964668273925 -0.008821388244628907 0.023353252410888672
v -0.007454222679138184 -0.012154596328735352 0.023687381744384766
v -0.0044085698127746585 -0.013555847167968751 0.02391013526916504
v -0.001121824860572815 -0.014213745117187501 0.024132888793945314
v -0.005972877502441407 -0.012944500923156738 0.023798757553100586
v 0.002224637031555176 -0.014080547332763671 0.024355642318725588
v 0.005450279235839844 -0.01317329216003418 0.02457839584350586
v 0.006961477279663086 -0.012442435264587402 0.02468977165222168
v 0.0038638241291046142 -0.013721072196960449 0.024467018127441408
v 0.0005552447438240051 -0.014246496200561523 0.024244264602661134
v -0.008830361366271973 -0.011194051742553711 0.023576005935668946
v -0.014250362396240234 -0.0035695300102233886 0.02941929054260254
v -0.013707086563110352 -0.005287783622741699 0.02953530693054199
v -0.012958051681518555 -0.006926222801208496 0.029651321411132813
v -0.01201188087463379 -0.008459291458129884 0.029767337799072265
v -0.010885032653808593 -0.009865618705749512 0.02988335418701172
v -0.009595927238464357 -0.011124884605407715 0.02999936866760254
v -0.008162982940673828 -0.012216766357421876 0.030115385055541993
v -0.004949121475219726 -0.013831868171691894 0.030347415924072266
v -0.006605850696563721 -0.013122790336608887 0.030231399536132814
v -0.0032186181545257567 -0.01433476161956787 0.03046343231201172
v 0.0003602001368999481 -0.014687244415283204 0.030695463180541994
v -0.0014401639699935913 -0.01462222957611084 0.03057944679260254
v 0.0039187917709350584 -0.014159377098083497 0.030927494049072267
v 0.002155561923980713 -0.014531618118286134 0.030811477661132812
v 0.00562276029586792 -0.013574543952941895 0.03104351043701172
v 0.008751193046569825 -0.011799618721008301 0.03127554130554199
v 0.00724118709564209 -0.012783195495605469 0.03115952491760254
v 0.011357827186584473 -0.009321127891540527 0.03150757217407227
v 0.010130749702453614 -0.010640150070190429 0.03139155578613281
v 0.012412113189697266 -0.007860300064086913 0.031623588562011716
v 0.009675363540649413 -0.01047057342529297 0.024912525177001953
v 0.01185646915435791 -0.00792431640625 0.025135278701782227
v 0.012702595710754395 -0.006476829528808594 0.025246654510498047
v 0.010841526985168458 -0.009261075973510743 0.025023900985717773
v 0.01385292911529541 -0.003331796169281006 0.02546940803527832
v 0.014252307891845704 -4.286878742277622e-06 0.025692161560058595
v 0.014159921646118165 0.0016712117195129394 0.02580353927612305
v 0.014148581504821778 -0.0016795140504837036 0.025580785751342774
v 0.013369538307189942 -0.004938459396362305 0.0253580322265625
v 0.01337801742553711 0.00493126392364502 0.026026292800903322
v 0.011852052688598633 0.007915873050689698 0.026249044418334963
v 0.01084074878692627 0.009254849433898926 0.026360420227050783
v 0.012702073097229004 0.006468426227569581 0.026137668609619143
v 0.008385550498962403 0.011532447814941407 0.026583173751831054
v 0.0038727087974548343 0.013720088958740235 0.02691730499267578
v 0.002233052730560303 0.014080201148986816 0.027028682708740235
v 0.0069711565971374515 0.012437071800231934 0.026694551467895507
v 0.009680954933166504 0.01046660041809082 0.026471797943115234
v 0.013867502212524415 0.0033242721557617187 0.025914916992187502
v -0.0011144617795944213 0.014213551521301269 0.02725143623352051
v -0.004401819229125976 0.01355910587310791 0.027474189758300783
v -0.005966020584106445 0.012949126243591309 0.027585565567016603
v -0.0027770364284515382 0.013982696533203125 0.02736281204223633
v -0.008823307037353515 0.011198453903198242 0.027808319091796877
v -0.011194010734558106 0.00882859992980957 0.028031072616577148
v -0.012154459953308105 0.0074523320198059085 0.028142448425292968
v -0.010077993392944335 0.01008279514312744 0.027919694900512698
v -0.0074468603134155275 0.012159119606018067 0.027696943283081057
v -0.013556513786315918 0.004408740997314454 0.028365201950073242
v -0.014213340759277344 0.0011225166320800782 0.028587955474853516
v -0.014245606422424317 -0.0005561395287513733 0.02869933319091797
v -0.013981904029846191 0.0027849392890930175 0.028476579666137695
v -0.013722384452819824 -0.003868185520172119 0.028922086715698243
v -0.013173833847045898 -0.0054542946815490725 0.029033464431762697
v -0.011534799575805664 -0.00837580680847168 0.029256216049194338
v -0.010470561981201172 -0.009673609733581542 0.02936759376525879
v -0.012440528869628906 -0.006963233947753907 0.029144840240478517
v -0.014080798149108887 -0.0022275869846343993 0.028810710906982423
v -0.012944816589355469 0.005971884250640869 0.02825382614135742
v 0.0005631253123283387 0.014245944023132324 0.027140058517456055
v 0.008376005172729493 -0.011536472320556641 0.024801149368286132
v -0.01421235466003418 -0.0011134902238845825 0.022796367645263674
v 0.004411679744720459 0.013556803703308105 0.015
v -0.0054488925933837895 0.01317341423034668 0.01566826057434082
v 0.0027749531269073485 -0.0139822359085083 0.01845267677307129
v 6.933834403753281e-06 0.014257795333862304 0.02123709487915039
v -0.002783989429473877 -0.013981355667114259 0.02402151107788086
v -0.006474869251251221 -0.012702802658081056 0.029701723098754882
v -0.0033320209980010986 -0.013866065979003906 0.029924476623535156
v -0.0016797887086868286 -0.014157095909118653 0.030035852432250976
v -0.004937466621398926 -0.013377981185913086 0.029813098907470702
v 0.0016730407476425171 -0.014149913787841797 0.03025860595703125
v 0.004934361457824707 -0.013376279830932617 0.030481359481811524
v 0.006472207069396973 -0.012709248542785644 0.030592735290527345
v 0.003326839208602905 -0.013857462882995606 0.03036998176574707
v -3.6351236049085858e-06 -0.014250752449035646 0.03014723014831543
v 0.009252825736999513 -0.010844101905822754 0.03081548881530762
v 0.01046196174621582 -0.009677783012390136 0.03092686462402344
v 0.011529312133789063 -0.00837963581085205 0.031038242340087892
v 0.007917654037475587 -0.011860587120056153 0.030704111099243165
v 0.005459507942199707 0.013169739723205566 0.02680592918395996
v -0.009261727333068848 -0.010838240623474122 0.02947896957397461
v -0.007923274517059327 -0.011852299690246582 0.02959034729003906
v 0.012439125061035157 -0.006967669486999512 0.031149618148803713
v 0.013280165672302247 -0.006281050205230713 0.03173960304260254
v 0.013950255393981934 -0.004608171939849854 0.03185561943054199
v 0.014651826858520508 -0.0010811359882354737 0.03208765029907227
v 0.014410658836364746 -0.0028664581775665284 0.031971633911132814
v 0.014672926902770996 0.0007208346724510193 0.03220366668701172
v 0.01406030559539795 0.004265147209167481 0.03243569564819336
v 0.01447530460357666 0.0025120601654052737 0.03231968307495117
v 0.012600566864013672 0.007552489280700684 0.03266772842407226
v 0.013431401252746583 0.005953346729278565 0.032551712036132815
v 0.01158190155029297 0.009039050102233886 0.03278374481201172
v 0.009039050102233886 0.01158190155029297 0.03301577377319336
v 0.010389506340026855 0.010389506340026855 0.03289976119995117
v 0.005953346729278565 0.013431401252746583 0.033247806549072265
v 0.007552489280700684 0.012600566864013672 0.03313179016113281
v 0.004265147209167481 0.01406030559539795 0.03336382293701172
v 0.0007208346724510193 0.014672926902770996 0.03359585189819336
v 0.0025120601654052737 0.01447530460357666 0.033479839324951174
v -0.0028664581775665284 0.014410658836364746 0.033827884674072266
v -0.0010811359882354737 0.014651826858520508 0.03371186828613281
v -0.004608171939849854 0.013950255393981934 0.03394390106201172
v -0.007860300064086913 0.012412113189697266 0.03417593002319336
v -0.006281050205230713 0.013280165672302247 0.034059917449951176
v -0.010640150070190429 0.010130749702453614 0.03440796279907227
v -0.009321127891540527 0.011357827186584473 0.03429194641113281
v -0.011799618721008301 0.008751193046569825 0.03452397918701172
v -0.013574543952941895 0.00562276029586792 0.03475600814819336
v -0.012783195495605469 0.00724118709564209 0.03463999557495117
v -0.014531618118286134 0.002155561923980713 0.03498804092407227
v -0.014159377098083497 0.0039187917709350584 0.03487202453613281
v -0.014687244415283204 0.0003602001368999481 0.035104057312011716
v -0.01433476161956787 -0.0032186181545257567 0.03533608627319336
v -0.01462222957611084 -0.0014401639699935913 0.03522007369995117
v -0.013122790336608887 -0.006605850696563721 0.03556811904907227
v -0.013831868171691894 -0.004949121475219726 0.035452102661132814
v -0.012216766357421876 -0.008162982940673828 0.03568413543701172
v -0.009865618705749512 -0.010885032653808593 0.03591616439819336
v -0.011124884605407715 -0.009595927238464357 0.03580015182495117
v -0.006926222801208496 -0.012958051681518555 0.036148197174072264
v -0.008459291458129884 -0.01201188087463379 0.036032180786132816
v -0.005287783622741699 -0.013707086563110352 0.03626421356201172
v 0.013175647735595703 -0.00545988941192627 0.03126099586486816
v 0.014079062461853028 -0.0022338802814483643 0.03148374938964844
v 0.014240530967712403 -0.000561434805393219 0.03159512710571289
v 0.013724087715148926 -0.0038746626377105715 0.031372373580932617
v 0.01398302459716797 0.002782783031463623 0.031817880630493164
v 0.012952349662780763 0.005966917037963868 0.03204063415527344
v 0.012157033920288086 0.007443178653717041 0.03215201187133789
v 0.013564091682434082 0.004406724452972412 0.03192925834655762
v 0.014208511352539062 0.0011187582015991212 0.03170650291442871
v 0.008825496673583984 0.011192265510559083 0.032486141204833986
v 0.005973391056060791 0.01294978904724121 0.03270889282226563
v 0.004409409999847412 0.013560163497924806 0.03282027053833008
v 0.007452027320861816 0.012156810760498047 0.03259751892089844
v 0.001119715929031372 0.014212610244750977 0.03304302597045899
v -0.00222845721244812 0.014079342842102051 0.03326577758789063
v -0.0038673970699310304 0.013720324516296387 0.03337715530395508
v -0.0005586506128311158 0.014244935989379884 0.033154399871826175
v 0.002783623218536377 0.013982754707336426 0.032931648254394534
v 0.011193671226501466 0.008817873954772949 0.032263389587402345
v -0.006963634967803955 0.012441126823425293 0.03359990692138672
v -0.00967703914642334 0.010469643592834473 0.03382266235351562
v -0.010842263221740723 0.009260246276855469 0.03393403625488281
v -0.008377893447875977 0.011535099029541016 0.03371128463745117
v -0.013370742797851562 0.004936042785644531 0.03426816940307617
v -0.013858990669250488 0.0033302159309387207 0.034379547119140624
v -0.012700265884399414 0.006473954677581787 0.03415679168701172
v -0.011854826927185058 0.007922430038452149 0.034045413970947264
v -0.014259979248046875 1.2728377478197218e-06 0.034602298736572265
v -0.013860653877258301 -0.0033259165287017824 0.034825050354003906
v -0.013368584632873536 -0.0049304537773132324 0.03493642425537109
v -0.014160804748535157 -0.0016749504804611207 0.03471367263793945
v -0.010841731071472169 -0.009258085250854493 0.035270557403564454
v -0.00968285846710205 -0.01046950340270996 0.03538193511962891
v -0.00696971607208252 -0.012437185287475587 0.03560468673706055
v -0.0054575614929199216 -0.01317045783996582 0.035716064453125
v -0.0035695300102233886 -0.014250362396240234 0.03638022994995117
v -0.008385370254516602 -0.01153320598602295 0.03549331283569336
v -0.012694684028625489 -0.006467821598052979 0.03504780197143555
v -0.014157742500305177 0.0016779946088790894 0.03449092102050781
v -0.005453200817108155 0.013172632217407226 0.03348853302001953
v -3.2927494064693975e-12 -0.014692980766296387 0.03661225891113282
v -0.001798067331314087 -0.014581214904785157 0.03649624252319336
v 0.0035695300102233886 -0.014250362396240234 0.03684429168701172
v 0.001798067331314087 -0.014581214904785157 0.036728275299072265
v 0.005287783622741699 -0.013707086563110352 0.036960308074951174
v 0.008459291458129884 -0.01201188087463379 0.03719233703613281
v 0.006926222801208496 -0.012958051681518555 0.03707632064819336
v 0.011124884605407715 -0.009595927238464357 0.03742436981201172
v 0.009865618705749512 -0.010885032653808593 0.037308353424072266
v 0.012216766357421876 -0.008162982940673828 0.037540386199951176
v 0.013831868171691894 -0.004949121475219726 0.03777241516113281
v 0.013122790336608887 -0.006605850696563721 0.03765639877319336
v 0.01462222957611084 -0.0014401638507843017 0.03800444793701172
v 0.01433476161956787 -0.0032186181545257567 0.03788843154907227
v 0.014687244415283204 0.0003602001368999481 0.03812046432495117
v 0.014159377098083497 0.0039187917709350584 0.03835249328613281
v 0.014531618118286134 0.002155561923980713 0.03823647689819336
v 0.013574543952941895 0.00562276029586792 0.03846850967407227
v 0.012783195495605469 0.00724118709564209 0.038584526062011716
v 0.011799618721008301 0.00875119400024414 0.03870054244995117
v 0.010640150070190429 0.010130749702453614 0.03881655502319336
v 0.009321127891540527 0.011357827186584473 0.038932571411132814
v 0.007860300064086913 0.012412113189697266 0.03904858779907227
v 0.006281050205230713 0.01328016471862793 0.03916460418701172
v 0.004608171463012695 0.013950255393981934 0.03928062057495117
v 0.0028664579391479493 0.014410658836364746 0.03939663314819336
v 0.0010811361074447633 0.014651826858520508 0.039512649536132816
v -0.0007208342552185059 0.014672926902770996 0.039628665924072264
v -0.0025120596885681154 0.01447530460357666 0.03974468231201172
v -0.004265146732330322 0.01406030559539795 0.03986069869995117
v -0.005953346729278565 0.013431401252746583 0.03997671127319336
v -0.0075524902343750006 0.012600565910339355 0.04009272766113282
v -0.00903905200958252 0.011581900596618653 0.040208744049072265
v -0.010389507293701172 0.010389505386352539 0.04032476043701172
v -0.01158190155029297 0.009039051055908203 0.040440776824951175
v -0.012600564956665039 0.007552490711212158 0.04055678939819336
v -0.01343139934539795 0.005953349113464355 0.04067280578613281
v -0.014060303688049317 0.004265149116516114 0.040788822174072266
v -0.01447530460357666 0.0025120596885681154 0.04090483856201172
v -0.014672929763793946 0.0007208313345909118 0.041020854949951176
v -0.014651831626892091 -0.0010811411142349243 0.04113686752319336
v -0.002230463981628418 -0.014081316947937012 0.03593881988525391
v 0.0011183741092681886 -0.014210748672485353 0.03616157150268555
v 0.0027807106971740724 -0.013982739448547363 0.03627294921875
v -0.0005597529411315918 -0.014243940353393556 0.036050193786621096
v -0.013950255393981934 -0.004608170986175537 0.04136890029907227
v -0.014410662651062013 -0.002866462230682373 0.04125288391113281
v -0.01328015899658203 -0.006281043529510498 0.04148491668701172
v 0.005965764999389648 -0.012948246955871582 0.036495700836181644
v 0.004404050350189209 -0.013560909271240235 0.03638432693481446
v 0.008823628425598145 -0.011196249961853028 0.03671845626831055
v 0.011195934295654297 -0.008828458786010742 0.03694120788574219
v 0.01215491771697998 -0.007449933052062988 0.03705258560180664
v 0.010080300331115722 -0.010082812309265136 0.03682983016967774
v 0.013560063362121582 -0.004405351638793946 0.037275341033935545
v 0.014212849617004395 -0.0011205273866653443 0.037498092651367186
v 0.014242574691772461 0.0005570414662361145 0.03760947036743164
v 0.01398522186279297 -0.0027821874618530274 0.03738671493530273
v 0.012946460723876953 -0.005968415260314942 0.03716396331787109
v 0.007445537090301514 -0.01215571117401123 0.0366070785522461
v -0.012412103652954101 -0.007860290050506593 0.04160093307495117
v -0.011357819557189942 -0.009321120262145996 0.04171694564819336
v -0.010130751609802245 -0.010640151977539062 0.04183296203613281
v -0.008751206398010254 -0.01179963207244873 0.04194897842407227
v -0.007241207599639893 -0.01278321647644043 0.042064994812011716
v -0.005622776031494141 -0.013574560165405274 0.04218101119995117
v -0.003918788433074951 -0.01415937328338623 0.04229702377319336
v -0.0021555347442626955 -0.014531590461730958 0.042413040161132814
v -0.00036015871167182923 -0.014687201499938966 0.04252905654907227
v 0.0014401960372924804 -0.014622197151184083 0.04264507293701172
v 0.0032186105251312256 -0.014334768295288087 0.04276108932495117
v 0.004949065208435059 -0.013831924438476563 0.04287710189819336
v 0.006605766296386719 -0.013122875213623047 0.042993118286132816
v 0.008162918090820313 -0.012216832160949707 0.043109134674072264
v 0.00959594440460205 -0.011124866485595703 0.04322515106201172
v 0.010885133743286132 -0.009865504264831543 0.04334116744995117
v 0.012011994361877441 -0.008459132194519043 0.04345718002319336
v 0.012958033561706543 -0.006926137447357178 0.04357319641113282
v 0.01370675277709961 -0.005287911415100098 0.043689212799072265
v 0.014249631881713867 -0.0035698673725128175 0.04380522918701172
v -0.0038705730438232423 -0.013722038269042969 0.035827442169189455
v 0.010077935218811035 0.0100734281539917 0.03237476348876953
v 0.01372013282775879 0.0038680579662322997 0.03783222198486328
v 0.011535751342773438 0.008378528594970703 0.038166351318359375
v 0.01046665096282959 0.009673016548156738 0.03827772903442383
v 0.012443129539489747 0.0069668107032775884 0.03805497360229492
v 0.00791618013381958 0.011850595474243164 0.03850048065185547
v 0.004937630176544189 0.01338022518157959 0.038723236083984376
v 0.0033337101936340334 0.013865575790405274 0.03883460998535156
v 0.0064712934494018555 0.012703860282897949 0.03861185836791992
v 0.009254046440124512 0.01083534336090088 0.03838910675048828
v -0.011849037170410156 -0.007917279243469239 0.0351591796875
v 0.014077349662780762 0.002227557420730591 0.03772084426879883
v 0.013173899650573731 0.005455576896667481 0.037943599700927734
v 0.0016812816858291627 0.014155073165893555 0.03894598770141602
v 4.176636692136526e-06 0.014249862670898438 0.03905736541748047
v -0.0033285980224609375 0.013860300064086914 0.03928011703491211
v -0.004936534881591797 0.013378437995910646 0.039391494750976565
v -0.0016737387180328369 0.014151189804077148 0.03916873931884766
v -0.007920092105865478 0.011856183052062989 0.03961425018310547
v -0.010467706680297851 0.009676544189453126 0.03983700561523438
v -0.01153347873687744 0.008379587173461914 0.039948379516601566
v -0.009257308006286621 0.010840669631958007 0.039725627899169925
v -0.006473871231079102 0.012707303047180176 0.03950287246704102
v -0.013170626640319824 0.0054565157890319824 0.04017113113403321
v -0.014082107543945312 0.0022309532165527344 0.04039388656616211
v -0.013721293449401855 0.0038706634044647216 0.04028250885009766
v -0.014246055603027344 0.0005604221820831299 0.04050526428222656
v -0.012438154220581055 0.00696635627746582 0.04005975723266602
v -0.014210949897766114 -0.0011178779602050782 0.040616641998291014
v -0.012948888778686524 -0.005968817710876465 0.04095077133178711
v -0.012157058715820313 -0.007448166370391846 0.041062145233154296
v -0.013558403015136718 -0.004405555725097657 0.040839393615722655
v -0.011195649147033691 -0.00882447338104248 0.04117352294921875
v -0.010080279350280762 -0.010079901695251465 0.0412849006652832
v -0.007450172424316406 -0.012156814575195313 0.041507652282714844
v -0.00596903133392334 -0.012946293830871583 0.0416190299987793
v -0.008826570510864258 -0.011196613311767578 0.041396278381347656
v -0.002780910015106201 -0.01398215389251709 0.04184178161621094
v 0.0005589134693145752 -0.014246293067932129 0.042064537048339845
v 0.002229269027709961 -0.014079882621765138 0.0421759147644043
v -0.0011187442541122437 -0.014214030265808105 0.04195315933227539
v -0.004405141353607178 -0.01355715847015381 0.04173040771484375
v 0.005456095695495606 -0.013171751976013184 0.04239866638183594
v 0.008379230499267578 -0.011534065246582032 0.042621421813964847
v 0.009676316261291505 -0.01046775531768799 0.042732795715332034
v 0.0069665775299072264 -0.012440462112426758 0.04251004409790039
v 0.011855294227600097 -0.007920852661132812 0.04295555114746094
v 0.01270328426361084 -0.006473183155059814 0.043066928863525394
v 0.013860060691833497 -0.003327945709228516 0.043289680480957035
v 0.013373635292053224 -0.0049347057342529295 0.04317830657958985
v 0.014693384170532228 5.072483486170216e-18 0.04403620910644531
v 0.014850000381469728 4.879993978357255e-18 0.04470000076293945
v 0.01084071159362793 -0.009257896423339844 0.04284417343139649
v 0.003869328260421753 -0.013719964981079101 0.042287288665771486
v 0.014156420707702637 -0.0016755082607269288 0.04340105819702149
v -0.013980411529541015 -0.0027808897495269777 0.0407280158996582
v 0.014256571769714356 6.23199408744668e-18 0.04351242828369141
v -0.011911288261413574 -0.006164174556732178 0.04470000076293945
v -0.01829281425476074 -0.007577131748199463 0.04470000076293945
v -0.0174620418548584 -0.00933365535736084 0.04470000076293945
v -0.011111330032348633 -0.007558369159698487 0.04470000076293945
v -0.010155423164367676 -0.008851156234741211 0.04470000076293945
v -0.015305606842041016 -0.01256098747253418 0.04470000076293945
v -0.014000714302062988 -0.014000714302062988 0.04470000076293945
v -0.016463098526000978 -0.011000290870666504 0.04470000076293945
v -0.01256098747253418 -0.015305606842041016 0.04470000076293945
v -0.009053754806518556 -0.010028534889221192 0.04470000076293945
v -0.012545843124389649 -0.004682492256164551 0.04470000076293945
v -0.01327689266204834 -0.0015572395324707031 0.04470000076293945
v -0.019704658508300783 -0.001940739393234253 0.04470000076293945
v -0.019419548034667968 -0.0038627884387969972 0.04470000076293945
v -0.013364904403686524 5.059976875782013e-05 0.04470000076293945
v -0.019799999237060547 2.064212516195152e-17 0.04470000076293945
v -0.018947418212890626 -0.005747636795043945 0.04470000076293945
v -0.013002791404724122 -0.003140225172042847 0.04470000076293945
v -0.019704658508300783 0.001940739393234253 0.04470000076293945
v -0.00933365535736084 -0.0174620418548584 0.04470000076293945
v -0.006490516662597656 -0.011963188171386719 0.04470000076293945
v -0.011000290870666504 -0.016463098526000978 0.04470000076293945
v -0.007577131748199463 -0.01829281425476074 0.04470000076293945
v -0.0050573511123657225 -0.01270194149017334 0.04470000076293945
v -0.0019941556453704832 -0.013675256729125977 0.04470000076293945
v -0.0038627884387969972 -0.019419548034667968 0.04470000076293945
v -0.001940739393234253 -0.019704658508300783 0.04470000076293945
v -0.005747636795043945 -0.018947418212890626 0.04470000076293945
v -0.0035517044067382812 -0.01327438735961914 0.04470000076293945
v -1.584965509803405e-17 -0.019799999237060547 0.04470000076293945
v -0.0003982121050357819 -0.013903197288513185 0.04470000076293945
v -0.007827014446258546 -0.011069416046142578 0.04470000076293945
v -0.019419548034667968 0.0038627884387969972 0.04470000076293945
v -0.013098857879638673 0.0026538915634155276 0.04470000076293945
v -0.018947418212890626 0.005747636795043945 0.04470000076293945
v -0.013295749664306642 0.0013587727546691894 0.04470000076293945
v -0.012776121139526368 0.003923513412475586 0.04470000076293945
v -0.01829281425476074 0.007577131748199463 0.04470000076293945
v -0.012330638885498048 0.0051554408073425295 0.04470000076293945
v -0.016463098526000978 0.011000290870666504 0.04470000076293945
v -0.0174620418548584 0.00933365535736084 0.04470000076293945
v -0.01176669216156006 0.006337837696075439 0.04470000076293945
v -0.01108969783782959 0.007459344863891602 0.04470000076293945
v -0.015305606842041016 0.01256098747253418 0.04470000076293945
v -0.010306160926818847 0.008509186744689942 0.04470000076293945
v -0.014000714302062988 0.014000714302062988 0.04470000076293945
v -0.009423609733581544 0.009477278709411622 0.04470000076293945
v -0.01256098747253418 0.015305606842041016 0.04470000076293945
v -0.008450521469116212 0.010354318618774415 0.04470000076293945
v -0.011000290870666504 0.016463098526000978 0.04470000076293945
v -0.007396246433258057 0.01113188076019287 0.04470000076293945
v -0.006270912647247315 0.011802495002746582 0.04470000076293945
v -0.00933365535736084 0.0174620418548584 0.04470000076293945
v -0.00508533239364624 0.01235971736907959 0.04470000076293945
v -0.0038508949279785157 0.012798196792602539 0.04470000076293945
v -0.005747636795043945 0.018947418212890626 0.04470000076293945
v -0.007577131748199463 0.01829281425476074 0.04470000076293945
v -0.002579460620880127 0.013113718032836914 0.04470000076293945
v -0.0012832447290420533 0.013303252220153808 0.04470000076293945
v -0.001940739393234253 0.019704658508300783 0.04470000076293945
v -0.0038627884387969972 0.019419548034667968 0.04470000076293945
v -1.1000052661824279e-17 0.019799999237060547 0.04470000076293945
v 0.0012145380973815918 -0.013957159042358398 0.04470000076293945
v 0.001940739393234253 -0.019704658508300783 0.04470000076293945
v 0.0038627884387969972 -0.019419548034667968 0.04470000076293945
v 0.002820360898971558 -0.013840001106262207 0.04470000076293945
v 0.004411679744720459 -0.013556803703308105 0.04470000076293945
v 0.005747636795043945 -0.018947418212890626 0.04470000076293945
v 0.007577131748199463 -0.01829281425476074 0.04470000076293945
v 0.00933365535736084 -0.0174620418548584 0.04470000076293945
v 0.006448369979858398 -0.01289612102508545 0.04470000076293945
v 0.011000290870666504 -0.016463098526000978 0.04470000076293945
v 0.008496485710144042 -0.011811190605163575 0.04470000076293945
v 0.01256098747253418 -0.015305606842041016 0.04470000076293945
v 0.010332612037658692 -0.010385082244873048 0.04470000076293945
v 0.015305606842041016 -0.01256098747253418 0.04470000076293945
v 0.011905051231384278 -0.0086668701171875 0.04470000076293945
v 0.014000714302062988 -0.014000714302062988 0.04470000076293945
v 0.016463098526000978 -0.011000290870666504 0.04470000076293945
v 0.013168190956115723 -0.006715035915374756 0.04470000076293945
v 0.01829281425476074 -0.007577131748199463 0.04470000076293945
v 0.0174620418548584 -0.00933365535736084 0.04470000076293945
v 0.014095545768737793 -0.0045770125389099124 0.04470000076293945
v 0.018947418212890626 -0.005747636795043945 0.04470000076293945
v 0.01465999984741211 -0.0023207950592041018 0.04470000076293945
v 0.019419548034667968 -0.0038627884387969972 0.04470000076293945
v 0.014850000381469728 4.879993978357255e-18 0.04470000076293945
v 0.013300798416137696 0.0013084254264831543 0.04470000076293945
v 0.013364999771118165 6.699285223787932e-18 0.04470000076293945
v 0.019704658508300783 -0.001940739393234253 0.04470000076293945
v 0.013108812332153321 0.002604280471801758 0.04470000076293945
v 0.019799999237060547 1.821680047748523e-17 0.04470000076293945
v 0.019704658508300783 0.001940739393234253 0.04470000076293945
v 0.0038993210792541504 0.012783525466918945 0.04470000076293945
v 0.0051320896148681645 0.012340375900268555 0.04470000076293945
v 0.007577131748199463 0.01829281425476074 0.04470000076293945
v 0.0026290905475616455 0.013103858947753906 0.04470000076293945
v 0.005747636795043945 0.018947418212890626 0.04470000076293945
v 0.01256098747253418 0.015305606842041016 0.04470000076293945
v 0.00743833875656128 0.011103798866271972 0.04470000076293945
v 0.008489662170410157 0.010322250366210938 0.04470000076293945
v 0.00933365535736084 0.0174620418548584 0.04470000076293945
v 0.0063155517578125 0.011778668403625488 0.04470000076293945
v 0.011000290870666504 0.016463098526000978 0.04470000076293945
v 2.5299929082393647e-05 0.013364975929260255 0.04470000076293945
v 0.0013336014747619628 0.013298297882080078 0.04470000076293945
v 0.001940739393234253 0.019704658508300783 0.04470000076293945
v 0.0038627884387969972 0.019419548034667968 0.04470000076293945
v 0.009459423065185548 0.009441533088684083 0.04470000076293945
v 0.014000714302062988 0.014000714302062988 0.04470000076293945
v 0.012350069046020509 0.005108719825744629 0.04470000076293945
v 0.012790884017944336 0.003875114917755127 0.04470000076293945
v 0.018947418212890626 0.005747636795043945 0.04470000076293945
v 0.0174620418548584 0.00933365535736084 0.04470000076293945
v 0.011117859840393067 0.007417305946350098 0.04470000076293945
v 0.011790602684020997 0.006293243408203125 0.04470000076293945
v 0.01829281425476074 0.007577131748199463 0.04470000076293945
v 0.019419548034667968 0.0038627884387969972 0.04470000076293945
v 0.015305606842041016 0.01256098747253418 0.04470000076293945
v 0.010338303565979003 0.008470107078552246 0.04470000076293945
v 0.016463098526000978 0.011000290870666504 0.04470000076293945
v 0.013298774719238281 0.0013083437681198121 0.04182614898681641
v 0.013364999771118165 -1.877729742527645e-17 0.041733577728271486
v 0.013364999771118165 6.699285223787932e-18 0.04470000076293945
v 0.013107482910156251 0.0026032238006591796 0.041918853759765624
v 0.013300798416137696 0.0013084254264831543 0.04470000076293945
v 0.013108812332153321 0.002604280471801758 0.04470000076293945
v 0.012791220664978028 0.003873054027557373 0.04201155853271484
v 0.011792312622070313 0.00629118299484253 0.042196968078613284
v 0.012351604461669921 0.005106239795684814 0.042104263305664066
v 0.012350069046020509 0.005108719825744629 0.04470000076293945
v 0.011119626045227052 0.0074162807464599615 0.0422896728515625
v 0.011790602684020997 0.006293243408203125 0.04470000076293945
v 0.011117859840393067 0.007417305946350098 0.04470000076293945
v 0.01033999538421631 0.008469930648803711 0.04238237762451172
v 0.012790884017944336 0.003875114917755127 0.04470000076293945
v 0.00946014404296875 0.00944084644317627 0.042475082397460937
v 0.009459423065185548 0.009441533088684083 0.04470000076293945
v 0.008489190101623535 0.010320498466491699 0.042567787170410154
v 0.00743748950958252 0.011101783752441407 0.04266049194335938
v 0.008489662170410157 0.010322250366210938 0.04470000076293945
v 0.00743833875656128 0.011103798866271972 0.04470000076293945
v 0.006315407752990723 0.011777609825134278 0.042753196716308596
v 0.0051333107948303225 0.012340884208679199 0.042845901489257814
v 0.0063155517578125 0.011778668403625488 0.04470000076293945
v 0.0026290905475616455 0.013103858947753906 0.04470000076293945
v 0.0013353198766708374 0.013296788215637208 0.04312401580810547
v 0.0026313524246215822 0.013103538513183594 0.04303131103515625
v 0.0051320896148681645 0.012340375900268555 0.04470000076293945
v 0.0039015717506408693 0.012784534454345704 0.04293860626220703
v 0.010338303565979003 0.008470107078552246 0.04470000076293945
v 0.0038993210792541504 0.012783525466918945 0.04470000076293945
v 0.0013336014747619628 0.013298297882080078 0.04470000076293945
v 2.6310289278626444e-05 0.013363616943359375 0.04321672058105469
v -0.001282840609550476 0.013303356170654297 0.04330942535400391
v 2.5299929082393647e-05 0.013364975929260255 0.04470000076293945
v -0.002579296588897705 0.013115338325500488 0.043402130126953126
v -0.0012832447290420533 0.013303252220153808 0.04470000076293945
v -0.002579460620880127 0.013113718032836914 0.04470000076293945
v -0.003850341796875 0.012799388885498047 0.04349483489990234
v -0.005084253311157226 0.012359434127807618 0.04358753967285156
v -0.00508533239364624 0.01235971736907959 0.04470000076293945
v -0.006269800662994385 0.011801426887512208 0.043680244445800785
v -0.006270912647247315 0.011802495002746582 0.04470000076293945
v -0.007395755767822265 0.011131334304809571 0.04377294921875
v -0.007396246433258057 0.01113188076019287 0.04470000076293945
v -0.008450891494750977 0.010355125427246094 0.04386565399169922
v -0.0038508949279785157 0.012798196792602539 0.04470000076293945
v -0.008450521469116212 0.010354318618774415 0.04470000076293945
v -0.00942399501800537 0.00947878360748291 0.04395835876464844
v -0.011765435218811035 0.0063372721672058105 0.0442364730834961
v -0.011088061332702638 0.007459115982055664 0.04414376831054687
v -0.01108969783782959 0.007459344863891602 0.04470000076293945
v -0.010305365562438966 0.008509919166564942 0.044051063537597655
v -0.010306160926818847 0.008509186744689942 0.04470000076293945
v -0.012330838203430176 0.005155287265777588 0.044329177856445315
v -0.012330638885498048 0.0051554408073425295 0.04470000076293945
v -0.012777624130249023 0.003924060344696045 0.04442188262939453
v -0.012776121139526368 0.003923513412475586 0.04470000076293945
v -0.013099664688110352 0.0026546380519866944 0.04451458740234375
v -0.01176669216156006 0.006337837696075439 0.04470000076293945
v -0.01329493522644043 0.001359229564666748 0.04460729217529297
v -0.013098857879638673 0.0026538915634155276 0.04470000076293945
v -0.009423609733581544 0.009477278709411622 0.04470000076293945
v -0.013295749664306642 0.0013587727546691894 0.04470000076293945
v -0.013364904403686524 5.059976875782013e-05 0.04470000076293945
v -0.006959649085998536 0.012440497398376466 0.015779637336730958
v -0.006028895378112793 0.012198883056640625 0.015
v -0.0054488925933837895 0.01317341423034668 0.01566826057434082
v 0.0026001751422882083 0.013866207122802735 0.015
v 0.004411679744720459 0.013556803703308105 0.015
v 0.0027874045372009277 0.013980064392089844 0.015111373901367188
v 0.001124337911605835 0.01420961856842041 0.015222749710083009
v -0.0007890433669090272 0.013863802909851074 0.015
v -0.0005541102886199951 0.014244297027587892 0.01533412742614746
v -0.0022245302200317382 0.014082929611206055 0.01544550609588623
v -0.0038635454177856445 0.013724511146545411 0.015556883811950684
v -0.002356450319290161 0.013598251342773439 0.015
v 0.000862917959690094 0.013960363388061524 0.015
v -0.006376226425170899 0.012010833740234376 0.015
v -0.005334232807159424 0.012574982643127442 0.015
v -0.008374972343444824 0.011537005424499511 0.01589101314544678
v -0.006723557949066162 0.011822784423828125 0.015
v -0.009674019813537597 0.010474181175231934 0.016002388000488282
v -0.01083686637878418 0.009264210700988769 0.016113765716552736
v -0.010368552207946777 0.008807665824890136 0.015327454566955567
v -0.011849248886108398 0.007925081729888915 0.016225141525268556
v -0.011330589294433594 0.007526799201965332 0.015438831329345704
v -0.009262578010559082 0.009965742111206054 0.01521607780456543
v -0.0038742096424102786 0.013167824745178223 0.015
v -0.012699063301086427 0.0064769935607910155 0.01633651924133301
v -0.0133742094039917 0.004940149784088135 0.01644789695739746
v -0.012776850700378418 0.00467393445968628 0.015661585807800294
v -0.01386263370513916 0.003334768295288086 0.01655927276611328
v -0.013238123893737793 0.003140575170516968 0.01577296257019043
v -0.014156386375427247 0.0016822335720062256 0.016670650482177734
v -0.014254745483398439 5.987564101815224e-06 0.016782026290893554
v -0.013602303504943849 -3.7014681845903396e-05 0.015995716094970705
v -0.014157724380493165 -0.0016703184843063355 0.016893404006958008
v -0.013504685401916504 -0.0016363034248352052 0.016107091903686525
v -0.013513479232788086 0.0015628013610839845 0.015884339332580568
v -0.013865336418151856 -0.003323033571243286 0.017004779815673828
v -0.013378326416015626 -0.004928717613220215 0.01711615562438965
v -0.01275117588043213 -0.004743224143981934 0.016329845428466796
v -0.01270460319519043 -0.00646600866317749 0.017227533340454102
v -0.01210368251800537 -0.006208129405975342 0.016441221237182616
v -0.011856145858764648 -0.007914723873138428 0.017338909149169923
v -0.010844978332519531 -0.009254693031311035 0.017450286865234376
v -0.01032082748413086 -0.008863591194152831 0.01666397476196289
v -0.009683130264282226 -0.010465752601623536 0.017561662673950196
v -0.008384825706481934 -0.011529909133911134 0.01767304039001465
v -0.00796647310256958 -0.011027288436889649 0.016886728286743164
v -0.00920853614807129 -0.010015732765197754 0.016775352478027344
v -0.011289722442626953 -0.007587988376617432 0.01655259895324707
v -0.013220714569091798 -0.0032124950885772706 0.016218469619750975
v -0.012137187957763673 0.006142451286315918 0.01555020809173584
v -0.006970053195953369 -0.012434879302978517 0.01778441619873047
v -0.005459733963012695 -0.013169300079345704 0.017895793914794924
v -0.005170358657836914 -0.012582870483398437 0.01710948371887207
v -0.003874788999557495 -0.013721811294555665 0.01800716972351074
v -0.003656301736831665 -0.013105340957641601 0.01722085952758789
v -0.0022362134456634522 -0.01408144760131836 0.018118547439575194
v -0.0005662306547164917 -0.014243896484375 0.018229923248291015
v -0.0004976053535938263 -0.013593612670898437 0.017443613052368166
v 0.001111916184425354 -0.014210367202758789 0.018341299057006835
v 0.0011036345958709717 -0.013556589126586914 0.017554988861083986
v -0.0020916438102722167 -0.013443604469299316 0.017332235336303712
v -0.006613748073577881 -0.01188659381866455 0.016998106002807618
v 0.002689868450164795 -0.013333915710449219 0.017666364669799806
v 0.0027749531269073485 -0.0139822359085083 0.01845267677307129
v 0.004399605751037598 -0.013560877799987794 0.01856405258178711
v 0.004238888740539551 -0.012926975250244142 0.01777774238586426
v 0.005963089942932129 -0.01294950771331787 0.018675430297851563
v 0.007444578647613526 -0.012158679962158204 0.018786808013916016
v 0.007140249252319336 -0.011579832077026368 0.01800049591064453
v 0.00572896146774292 -0.01233890151977539 0.01788912010192871
v 0.008823734283447265 -0.011200790405273438 0.018898183822631837
v 0.008453390121459962 -0.010661652565002441 0.018111873626708984
v 0.010080221176147462 -0.010088231086730957 0.01900956153869629
v 0.009649019241333007 -0.009596251487731933 0.018223251342773437
v 0.011193854331970215 -0.008833525657653808 0.019120939254760744
v 0.010707921981811523 -0.008395638465881348 0.018334627151489258
v 0.012149530410766602 -0.007453450679779053 0.019232315063476564
v 0.01293826675415039 -0.005969916820526123 0.019343690872192384
v 0.012363946914672852 -0.005657876968383789 0.018557380676269532
v 0.013551443099975587 -0.004405136108398437 0.019455066680908205
v 0.012944392204284668 -0.004162881374359131 0.018668756484985352
v 0.01161573600769043 -0.007075870037078858 0.018446002960205078
v 0.013980443000793458 -0.002781322956085205 0.019566442489624025
v 0.014216647148132325 -0.001120691180229187 0.019677820205688475
v 0.01356932544708252 -0.0010267695188522338 0.018891508102416993
v 0.014251543045043946 0.0005545470118522645 0.019789196014404296
v 0.013597585678100587 0.0005719048380851745 0.019002885818481446
v 0.014082981109619142 0.0022222487926483155 0.01990057373046875
v 0.013718673706054688 0.003860379219055176 0.020011951446533203
v 0.013079113960266113 0.0037248542308807374 0.019225641250610354
v 0.01316718101501465 0.005446913242340088 0.020123329162597656
v 0.01243706512451172 0.00695982551574707 0.02023470687866211
v 0.011846811294555665 0.006678606033325195 0.019448394775390624
v 0.012548068046569825 0.005237127304077148 0.019337018966674804
v 0.013431702613830566 0.0021627817153930663 0.0191142635345459
v 0.01334890651702881 -0.002612105131149292 0.018780132293701172
v 0.011536885261535644 0.008377089500427246 0.02034608268737793
v 0.010983592987060547 0.008028294563293457 0.019559772491455078
v 0.010475229263305665 0.0096766996383667 0.02045745849609375
v 0.00996668529510498 0.009265214920043946 0.019671148300170898
v 0.009264345169067384 0.010839059829711914 0.02056883430480957
v 0.008807820320129394 0.010370709419250489 0.019782522201538085
v 0.007923847675323486 0.011849673271179199 0.02068021011352539
v 0.006474485397338867 0.012697099685668945 0.020791585922241212
v 0.00614015531539917 0.012135297775268556 0.02000527572631836
v 0.0049371495246887205 0.013371306419372559 0.020902963638305665
v 0.004671151638031006 0.012774028778076173 0.020116653442382813
v 0.007525704860687256 0.011331020355224609 0.019893898010253906
v 0.003332733631134033 0.013862277030944824 0.02101434135437012
v 0.0016821316480636597 0.01415999984741211 0.02112571907043457
v 0.0015627050399780274 0.01351686954498291 0.02033940887451172
v 6.933834403753281e-06 0.014257795333862304 0.02123709487915039
v -3.6124188452959064e-05 0.01360517692565918 0.02045078468322754
v -0.0016694458723068239 0.014157721519470215 0.021348472595214843
v -0.0033232972621917724 0.013863253593444825 0.021459848403930663
v -0.0032127470970153807 0.01321873188018799 0.02067353630065918
v -0.00493091106414795 0.013377863883972168 0.021571224212646484
v -0.004745318412780762 0.012750747680664063 0.020784914016723634
v -0.0016354786157608033 0.013504669189453125 0.02056216049194336
v 0.003138674020767212 0.013237716674804688 0.020228031158447266
v -0.006468745708465577 0.012705371856689454 0.021682600021362304
v -0.00791609525680542 0.011855380058288574 0.021793977737426758
v -0.007589293956756592 0.011289003372192383 0.021007665634155275
v -0.009254607200622558 0.010842288970947266 0.021905353546142578
v -0.008863499641418457 0.010318267822265624 0.021119043350219725
v -0.010465998649597168 0.009680645942687988 0.02201673126220703
v -0.0115319881439209 0.008384997367858887 0.022128108978271485
v -0.011029272079467774 0.00796661901473999 0.021341796875
v -0.012435938835144043 0.006971162319183349 0.022239484786987306
v -0.011887609481811523 0.006614789009094239 0.021453174591064453
v -0.01001595973968506 0.009206160545349121 0.02123042106628418
v -0.013167798042297363 0.005460037231445313 0.022350860595703126
v -0.013719159126281738 0.0038737916946411134 0.02246223831176758
v -0.013102808952331544 0.0036553521156311034 0.021675928115844727
v -0.01408161449432373 0.0022345945835113524 0.0225736141204834
v -0.01344375991821289 0.00209010124206543 0.021787303924560547
v -0.014246923446655273 0.0005646276473999024 0.022684991836547853
v -0.01421235466003418 -0.0011134902238845825 0.022796367645263674
v -0.013558478355407716 -0.0011051265001296997 0.02201005744934082
v -0.013981821060180664 -0.0027766144275665284 0.022907745361328124
v -0.013559626579284669 -0.004401568412780762 0.023019121170043944
v -0.012925769805908203 -0.0042407488822937016 0.022232810974121095
v -0.013333510398864747 -0.002691436767578125 0.02212143325805664
v -0.013596495628356934 0.0004960779547691346 0.021898679733276367
v -0.012581439971923828 0.005170640468597412 0.021564550399780273
v -0.006210743427276611 0.012104430198669434 0.020896289825439455
v -0.012950078964233398 -0.005965176105499267 0.023130498886108398
v -0.012158645629882813 -0.007444825649261475 0.023241874694824218
v -0.011579792976379394 -0.0071405057907104495 0.02245556449890137
v -0.011197964668273925 -0.008821388244628907 0.023353252410888672
v -0.010658960342407226 -0.00845117473602295 0.02256694030761719
v -0.01008341121673584 -0.01007706356048584 0.023464628219604492
v -0.008830361366271973 -0.011194051742553711 0.023576005935668946
v -0.008392617225646973 -0.010708131790161134 0.02278969383239746
v -0.007454222679138184 -0.012154596328735352 0.023687381744384766
v -0.007076587677001953 -0.011620586395263673 0.022901071548461913
v -0.009591658592224122 -0.009646028518676759 0.02267831802368164
v -0.005972877502441407 -0.012944500923156738 0.023798757553100586
v -0.0044085698127746585 -0.013555847167968751 0.02391013526916504
v -0.004166138172149658 -0.012948585510253907 0.023123823165893554
v -0.002783989429473877 -0.013981355667114259 0.02402151107788086
v -0.0026146423816680907 -0.013349753379821777 0.023235200881958008
v -0.001121824860572815 -0.014213745117187501 0.024132888793945314
v 0.0005552447438240051 -0.014246496200561523 0.024244264602661134
v 0.0005725381374359131 -0.01359273624420166 0.02345795440673828
v 0.002224637031555176 -0.014080547332763671 0.024355642318725588
v 0.0038638241291046142 -0.013721072196960449 0.024467018127441408
v 0.0037280919551849366 -0.013081409454345704 0.023680707931518555
v 0.0021650164127349856 -0.013429360389709473 0.023569330215454102
v -0.0010278631448745728 -0.013566522598266602 0.023346576690673828
v -0.005660677909851074 -0.012369902610778808 0.023012447357177734
v 0.005450279235839844 -0.01317329216003418 0.02457839584350586
v 0.006961477279663086 -0.012442435264587402 0.02468977165222168
v 0.006680123805999756 -0.011852017402648926 0.02390346145629883
v 0.008376005172729493 -0.011536472320556641 0.024801149368286132
v 0.008027194023132324 -0.010983312606811523 0.02401483726501465
v 0.009675363540649413 -0.01047057342529297 0.024912525177001953
v 0.010841526985168458 -0.009261075973510743 0.025023900985717773
v 0.010373051643371583 -0.008804742813110352 0.024237590789794924
v 0.01185646915435791 -0.00792431640625 0.025135278701782227
v 0.01133752727508545 -0.007526134967803955 0.024348966598510744
v 0.009263888359069824 -0.009962345123291015 0.024126214981079103
v 0.012702595710754395 -0.006476829528808594 0.025246654510498047
v 0.013369538307189942 -0.004938459396362305 0.0253580322265625
v 0.012772357940673829 -0.004672321319580078 0.024571720123291015
v 0.01385292911529541 -0.003331796169281006 0.02546940803527832
v 0.01322878646850586 -0.0031376767158508303 0.024683097839355468
v 0.014148581504821778 -0.0016795140504837036 0.025580785751342774
v 0.014252307891845704 -4.286878742277622e-06 0.025692161560058595
v 0.013599891662597657 3.882210329174995e-05 0.024905851364135742
v 0.014159921646118165 0.0016712117195129394 0.02580353927612305
v 0.013867502212524415 0.0033242721557617187 0.025914916992187502
v 0.0132227783203125 0.003213775873184204 0.025128604888916016
v 0.013506728172302246 0.0016373382806777954 0.025017229080200196
v 0.013505937576293946 -0.0015600725412368774 0.02479447555541992
v 0.012140573501586914 -0.006142337322235108 0.024460344314575194
v 0.005240286827087402 -0.012553940773010254 0.023792083740234376
v -0.01233943557739258 -0.0057309594154357915 0.022344186782836915
v -0.008026226043701172 0.010983821868896484 0.01510470199584961
v -0.008020553588867187 0.010920720100402832 0.015
v -0.009205273628234863 0.009882080078125001 0.015
v -0.010266478538513184 0.008716109275817872 0.015
v -0.011964109420776367 0.0060571770668029785 0.015
v -0.012574995994567871 0.004600906372070313 0.015
v -0.011191731452941894 0.007433890342712402 0.015
v -0.013280281066894531 0.0015271263122558594 0.015
v -0.013294720649719238 -0.0013591850996017456 0.015092693328857423
v -0.012777567863464356 -0.003923792362213135 0.015278088569641114
v -0.011765936851501464 -0.006336588859558106 0.015463483810424805
v -0.012331033706665039 -0.005154819965362549 0.0153707857131958
v -0.013099472999572754 -0.0026545109748840334 0.015185391426086426
v -0.013016096115112305 0.003082791566848755 0.015
v -0.009425089836120606 -0.009477828025817871 0.0157415771484375
v -0.008451865196228028 -0.010354352951049806 0.015834274291992186
v -0.006270242691040039 -0.011801291465759277 0.016019670486450196
v -0.0038507046699523925 -0.012799671173095703 0.016205064773559572
v -0.007396470069885254 -0.0111308650970459 0.01592697238922119
v -0.0012844626903533935 -0.013303213119506836 0.01639046096801758
v 2.373792976140976e-05 -0.01336304759979248 0.016483158111572267
v 0.003897963285446167 -0.012783838272094727 0.016761249542236328
v 0.006314506053924561 -0.011779059410095214 0.016946645736694337
v 0.005130780220031738 -0.012341064453125 0.01685394859313965
v 0.001331924557685852 -0.013295870780944824 0.016575855255126955
v -0.002580104112625122 -0.01311552906036377 0.01629776382446289
v 0.008490906715393067 -0.010324429512023926 0.017132041931152343
v 0.010339652061462402 -0.008474196434020996 0.017317438125610353
v 0.011785250663757324 -0.0062925415039062505 0.017502832412719726
v 0.012343314170837403 -0.005105769157409668 0.017595529556274414
v 0.011115840911865234 -0.007419363975524902 0.01741013526916504
v 0.013303754806518554 -0.001306161642074585 0.01787362289428711
v 0.013365002632141113 2.2782340250437904e-17 0.017969999313354492
v 0.01310594367980957 0.002607163429260254 0.01815561866760254
v 0.011787967681884766 0.00630096435546875 0.018434055328369142
v 0.012787303924560548 0.003879652500152588 0.018248430252075197
v 0.013299585342407227 0.0013098467588424684 0.018062808990478515
v 0.0127854642868042 -0.0038710877895355225 0.017688226699829102
v 0.00743819522857666 -0.011104587554931641 0.017039344787597655
v -0.010306384086608887 -0.008508944511413574 0.015648879051208497
v 0.010331477165222168 0.00847767162322998 0.018619680404663087
v 0.00944972038269043 0.00944907283782959 0.018712491989135743
v 0.006301022529602051 0.011788186073303224 0.01899092674255371
v 0.005115132808685302 0.012347759246826172 0.019083740234375
v 0.008477906227111816 0.010330581665039062 0.0188053035736084
v 0.0026070070266723633 0.013106923103332519 0.019269363403320312
v 0.0013096449375152588 0.013300621032714843 0.01936217498779297
v -0.0026065471172332763 0.013107661247253419 0.01964061164855957
v -0.005114412307739258 0.012346444129943847 0.019826236724853515
v -0.0038789234161376953 0.01278791618347168 0.019733423233032225
v -0.001309499979019165 0.013301788330078125 0.019547800064086913
v 0.003879648685455322 0.01278831958770752 0.019176551818847656
v -0.008478297233581544 0.010331932067871094 0.020104671478271486
v -0.009449212074279786 0.009450193405151368 0.020197483062744142
v -0.011112558364868165 0.00742539930343628 0.020383108139038087
v -0.0117880277633667 0.006301370143890381 0.020475919723510743
v -0.01033012580871582 0.008478178024291993 0.02029029655456543
v -0.013106662750244141 0.0026067929267883302 0.020754356384277344
v -0.013299857139587402 0.0013088433742523193 0.02084716796875
v -0.013302314758300782 -0.0013104749917984008 0.021032791137695312
v -0.012346196174621583 -0.005112381458282471 0.021311227798461913
v -0.012788373947143555 -0.0038779022693634035 0.021218416213989257
v -0.013365872383117676 -1.1473052436485887e-06 0.020939979553222656
v -0.012788686752319336 0.0038799965381622315 0.020661542892456055
v -0.006300797462463379 0.011787134170532227 0.019919048309326174
v -0.011113619804382325 -0.007424051284790039 0.02149685096740723
v -0.010332377433776855 -0.008477878570556641 0.021589664459228518
v -0.007425050735473633 -0.011115316390991212 0.021868099212646486
v -0.0063010377883911135 -0.011791208267211915 0.021960912704467775
v -0.00847821044921875 -0.010332086563110352 0.02177528762817383
v -0.0038808324337005614 -0.01278892421722412 0.022146535873413087
v -0.0013095920085906983 -0.013292662620544434 0.022332160949707032
v 0.0013113090991973878 -0.013296163558959961 0.022517784118652344
v 0.0038802480697631837 -0.012793867111206055 0.02270340919494629
v 0.0026086251735687256 -0.013108587265014649 0.022610597610473633
v 1.0023986687883735e-06 -0.013357290267944336 0.022424972534179688
v -0.00511607313156128 -0.012351204872131347 0.02205372428894043
v 0.0074226393699646 -0.011112756729125976 0.022981843948364257
v 0.008477075576782227 -0.010330105781555176 0.023074655532836913
v 0.010334323883056641 -0.008478628158569337 0.02326028060913086
v 0.011789657592773438 -0.006302258014678955 0.023445903778076174
v 0.009450977325439452 -0.009449249267578124 0.023167467117309572
v 0.012783977508544922 -0.003879838228225708 0.023631526947021485
v 0.013101001739501954 -0.002606802463531494 0.02372433853149414
v 0.013303545951843262 0.0013099480867385864 0.024002775192260743
v 0.012750926971435548 0.004745633602142334 0.02523998260498047
v 0.012794166564941407 0.0038780241012573245 0.024188398361206054
v 0.013113795280456543 0.002606508731842041 0.0240955867767334
v 0.01329482650756836 -0.0013091783523559572 0.023817150115966797
v 0.012346084594726563 -0.005115814208984375 0.02353871536254883
v 0.006298019886016846 -0.011789332389831543 0.0228890323638916
v -0.011786465644836427 -0.006298352241516114 0.02140403938293457
v 0.011113945960998536 0.007425311088562012 0.01852686882019043
v 0.01337801742553711 0.00493126392364502 0.026026292800903322
v 0.012101327896118164 0.006210352420806885 0.02535135841369629
v 0.012702073097229004 0.006468426227569581 0.026137668609619143
v 0.011285859107971192 0.00758899450302124 0.02546273422241211
v 0.011852052688598633 0.007915873050689698 0.026249044418334963
v 0.009206422805786133 0.010016528129577637 0.02568548583984375
v 0.01084074878692627 0.009254849433898926 0.026360420227050783
v 0.009680954933166504 0.01046660041809082 0.026471797943115234
v 0.007967091083526612 0.011029732704162598 0.025796863555908205
v 0.008385550498962403 0.011532447814941407 0.026583173751831054
v 0.01031679916381836 0.008863679885864258 0.02557411003112793
v 0.0051700716018676755 0.012583312034606935 0.02601961708068848
v 0.0069711565971374515 0.012437071800231934 0.026694551467895507
v 0.005459507942199707 0.013169739723205566 0.02680592918395996
v 0.0036542792320251464 0.013103709220886231 0.02613099479675293
v 0.0038727087974548343 0.013720088958740235 0.02691730499267578
v 0.0004946762621402741 0.013595574378967286 0.026353748321533203
v 0.002233052730560303 0.014080201148986816 0.027028682708740235
v 0.0005631253123283387 0.014245944023132324 0.027140058517456055
v -0.0011060090065002442 0.013559632301330567 0.026465124130249023
v -0.0011144617795944213 0.014213551521301269 0.02725143623352051
v 0.0020886304378509523 0.013442422866821289 0.02624237060546875
v 0.00661471700668335 0.011888715744018554 0.025908239364624025
v -0.004240955829620361 0.012925262451171876 0.026687877655029297
v -0.0027770364284515382 0.013982696533203125 0.02736281204223633
v -0.004401819229125976 0.01355910587310791 0.027474189758300783
v -0.005731751441955566 0.012338502883911133 0.02679925537109375
v -0.005966020584106445 0.012949126243591309 0.027585565567016603
v -0.008453021049499512 0.010659405708312988 0.027022008895874024
v -0.0074468603134155275 0.012159119606018067 0.027696943283081057
v -0.008823307037353515 0.011198453903198242 0.027808319091796877
v -0.009646925926208496 0.009591068267822266 0.027133384704589845
v -0.010077993392944335 0.01008279514312744 0.027919694900512698
v -0.007142455577850342 0.01158021640777588 0.026910633087158204
v -0.01162044906616211 0.007074814319610596 0.02735613822937012
v -0.011194010734558106 0.00882859992980957 0.028031072616577148
v -0.012154459953308105 0.0074523320198059085 0.028142448425292968
v -0.01237019157409668 0.005659767150878906 0.02746751403808594
v -0.012944816589355469 0.005971884250640869 0.02825382614135742
v -0.013350263595581054 0.0026155788898468016 0.027690269470214843
v -0.013556513786315918 0.004408740997314454 0.028365201950073242
v -0.013981904029846191 0.0027849392890930175 0.028476579666137695
v -0.01359187126159668 -0.0005733903646469116 0.027913022994995117
v -0.014213340759277344 0.0011225166320800782 0.028587955474853516
v -0.014245606422424317 -0.0005561395287513733 0.02869933319091797
v -0.013566123008728028 0.0010285427570343017 0.027801645278930663
v -0.012949209213256836 0.004166337966918945 0.027578891754150393
v -0.01070809268951416 0.008390953063964843 0.027244760513305665
v -0.002691795587539673 0.013334347724914552 0.026576501846313477
v -0.013082645416259767 -0.0037322988510131837 0.02813577651977539
v -0.014080798149108887 -0.0022275869846343993 0.028810710906982423
v -0.013722384452819824 -0.003868185520172119 0.028922086715698243
v -0.012554442405700684 -0.0052441725730896 0.02824715232849121
v -0.013173833847045898 -0.0054542946815490725 0.029033464431762697
v -0.010981684684753417 -0.008027039527893066 0.028469905853271485
v -0.012440528869628906 -0.006963233947753907 0.029144840240478517
v -0.011534799575805664 -0.00837580680847168 0.029256216049194338
v -0.009962285995483398 -0.009262237548828125 0.028581281661987305
v -0.010470561981201172 -0.009673609733581542 0.02936759376525879
v -0.011850180625915528 -0.006681845664978027 0.028358530044555665
v -0.007525108337402344 -0.01133353614807129 0.02880403518676758
v -0.009261727333068848 -0.010838240623474122 0.02947896957397461
v -0.007923274517059327 -0.011852299690246582 0.02959034729003906
v -0.006140474319458008 -0.012140752792358399 0.028915412902832033
v -0.006474869251251221 -0.012702802658081056 0.029701723098754882
v -0.0031380228996276856 -0.013241331100463867 0.029138166427612307
v -0.004937466621398926 -0.013377981185913086 0.029813098907470702
v -0.0033320209980010986 -0.013866065979003906 0.029924476623535156
v 3.918469324707985e-05 -0.013598438262939454 0.029360918045043947
v -0.0016797887086868286 -0.014157095909118653 0.030035852432250976
v -3.6351236049085858e-06 -0.014250752449035646 0.03014723014831543
v -0.0015605416297912599 -0.013514087677001954 0.029249542236328127
v -0.0046714372634887695 -0.012780406951904298 0.029026788711547853
v -0.008805312156677247 -0.010369921684265137 0.02869265937805176
v 0.0032160792350769043 -0.013213187217712403 0.029583671569824218
v 0.0016730407476425171 -0.014149913787841797 0.03025860595703125
v 0.003326839208602905 -0.013857462882995606 0.03036998176574707
v 0.004748600006103516 -0.012749220848083496 0.02969504737854004
v 0.004934361457824707 -0.013376279830932617 0.030481359481811524
v 0.007590819358825684 -0.011293972969055176 0.029917800903320312
v 0.006472207069396973 -0.012709248542785644 0.030592735290527345
v 0.007917654037475587 -0.011860587120056153 0.030704111099243165
v 0.008861828804016113 -0.0103200101852417 0.030029176712036133
v 0.009252825736999513 -0.010844101905822754 0.03081548881530762
v 0.006214071273803711 -0.012108119010925292 0.029806425094604492
v 0.011026712417602539 -0.007961515426635743 0.030251930236816407
v 0.01046196174621582 -0.009677783012390136 0.03092686462402344
v 0.011529312133789063 -0.00837963581085205 0.031038242340087892
v 0.011890637397766114 -0.006611445903778076 0.03036330795288086
v 0.012439125061035157 -0.006967669486999512 0.031149618148803713
v 0.013175647735595703 -0.00545988941192627 0.03126099586486816
v 0.013724087715148926 -0.0038746626377105715 0.031372373580932617
v 0.013107501983642578 -0.003656160116195679 0.030586061477661134
v 0.014079062461853028 -0.0022338802814483643 0.03148374938964844
v 0.014240530967712403 -0.000561434805393219 0.03159512710571289
v 0.01359037685394287 -0.0004930471777915955 0.030808815002441408
v 0.013441309928894044 -0.0020894196033477783 0.030697439193725588
v 0.01258892059326172 -0.005170470714569092 0.030474685668945314
v 0.010012118339538575 -0.009203447341918946 0.030140554428100586
v 0.0016388328075408935 -0.013497199058532715 0.029472295761108398
v -0.013429583549499512 -0.0021678545475006103 0.028024398803710937
v 0.014208511352539062 0.0011187582015991212 0.03170650291442871
v 0.01398302459716797 0.002782783031463623 0.031817880630493164
v 0.013334643363952637 0.0026973166465759277 0.03103157043457031
v 0.013564091682434082 0.004406724452972412 0.03192925834655762
v 0.012930020332336426 0.004245668888092041 0.031142946243286132
v 0.012952349662780763 0.005966917037963868 0.03204063415527344
v 0.012157033920288086 0.007443178653717041 0.03215201187133789
v 0.011578262329101563 0.007138928413391113 0.031365699768066406
v 0.011193671226501466 0.008817873954772949 0.032263389587402345
v 0.010654870986938477 0.008447820663452149 0.03147707748413086
v 0.012341602325439453 0.005732616901397705 0.031254323959350586
v 0.010077935218811035 0.0100734281539917 0.03237476348876953
v 0.008825496673583984 0.011192265510559083 0.032486141204833986
v 0.008387961387634278 0.010706443786621094 0.031699831008911133
v 0.007452027320861816 0.012156810760498047 0.03259751892089844
v 0.0070744605064392094 0.011622721672058106 0.031811206817626954
v 0.005973391056060791 0.01294978904724121 0.03270889282226563
v 0.004409409999847412 0.013560163497924806 0.03282027053833008
v 0.004166890144348145 0.012952703475952149 0.03203396224975586
v 0.002783623218536377 0.013982754707336426 0.032931648254394534
v 0.002614248275756836 0.013351064682006836 0.03214533615112305
v 0.005661120891571045 0.01237496566772461 0.03192258453369141
v 0.009586434364318847 0.00964256763458252 0.03158845329284668
v 0.001119715929031372 0.014212610244750977 0.03304302597045899
v -0.0005586506128311158 0.014244935989379884 0.033154399871826175
v -0.0005758313536643982 0.013591212272644043 0.032368091583251955
v -0.00222845721244812 0.014079342842102051 0.03326577758789063
v -0.002168707609176636 0.013428194999694824 0.03247946548461914
v -0.0038673970699310304 0.013720324516296387 0.03337715530395508
v -0.005453200817108155 0.013172632217407226 0.03348853302001953
v -0.005243105888366699 0.012553343772888184 0.03270222091674805
v -0.006963634967803955 0.012441126823425293 0.03359990692138672
v -0.006682188034057617 0.011850810050964356 0.0328135986328125
v -0.0037315449714660645 0.013080706596374512 0.032590843200683596
v -0.008377893447875977 0.011535099029541016 0.03371128463745117
v -0.00967703914642334 0.010469643592834473 0.03382266235351562
v -0.009265426635742188 0.009961459159851074 0.033036350250244144
v -0.010842263221740723 0.009260246276855469 0.03393403625488281
v -0.010373674392700195 0.008803918838500976 0.0331477279663086
v -0.011854826927185058 0.007922430038452149 0.034045413970947264
v -0.012700265884399414 0.006473954677581787 0.03415679168701172
v -0.012138304710388183 0.006139514923095704 0.03337047958374024
v -0.013370742797851562 0.004936042785644531 0.03426816940307617
v -0.013858990669250488 0.0033302159309387207 0.034379547119140624
v -0.013234631538391113 0.0031361417770385744 0.03359323501586914
v -0.012773514747619629 0.0046699438095092775 0.033481857299804685
v -0.011335882186889648 0.007524272918701172 0.033259101867675785
v -0.008028966903686523 0.01098203182220459 0.03292497253417969
v 0.0010258097648620605 0.013565401077270509 0.0322567138671875
v -0.014157742500305177 0.0016779946088790894 0.03449092102050781
v -0.014259979248046875 1.2728377478197218e-06 0.034602298736572265
v -0.013607297897338867 -4.1479386389255525e-05 0.03381598663330078
v -0.014160804748535157 -0.0016749504804611207 0.03471367263793945
v -0.013507620811462402 -0.0016405714750289918 0.033927360534667966
v -0.013860653877258301 -0.0033259165287017824 0.034825050354003906
v -0.013368584632873536 -0.0049304537773132324 0.03493642425537109
v -0.0127418794631958 -0.004744670867919922 0.03415011596679687
v -0.012694684028625489 -0.006467821598052979 0.03504780197143555
v -0.012094208717346192 -0.00620970869064331 0.03426148986816406
v -0.013216245651245118 -0.003215030908584595 0.03403873825073242
v -0.011849037170410156 -0.007917279243469239 0.0351591796875
v -0.010841731071472169 -0.009258085250854493 0.035270557403564454
v -0.010317702293395997 -0.008866846084594726 0.03448424530029297
v -0.00968285846710205 -0.01046950340270996 0.03538193511962891
v -0.009208245277404785 -0.010019383430480958 0.03459562301635742
v -0.008385370254516602 -0.01153320598602295 0.03549331283569336
v -0.00696971607208252 -0.012437185287475587 0.03560468673706055
v -0.006613399028778076 -0.01188884735107422 0.03481837844848633
v -0.0054575614929199216 -0.01317045783996582 0.035716064453125
v -0.0038705730438232423 -0.013722038269042969 0.035827442169189455
v -0.0036522696018218997 -0.013105527877807617 0.03504113006591797
v -0.0051682662963867185 -0.012583986282348632 0.034929752349853516
v -0.007966960430145264 -0.011030512809753418 0.034707000732421875
v -0.01128292179107666 -0.00759036111831665 0.034372867584228514
v -0.002230463981628418 -0.014081316947937012 0.03593881988525391
v -0.0005597529411315918 -0.014243940353393556 0.036050193786621096
v -0.0004914357960224152 -0.013593601226806641 0.035263885498046876
v 0.0011183741092681886 -0.014210748672485353 0.03616157150268555
v 0.00110977840423584 -0.013556912422180175 0.035375259399414063
v 0.0027807106971740724 -0.013982739448547363 0.03627294921875
v 0.004404050350189209 -0.013560909271240235 0.03638432693481446
v 0.004243114948272705 -0.012927000045776368 0.03559801483154297
v 0.005965764999389648 -0.012948246955871582 0.036495700836181644
v 0.005731512069702149 -0.012337704658508301 0.035709392547607424
v 0.002695342302322388 -0.01333437442779541 0.03548663711547852
v 0.007445537090301514 -0.01215571117401123 0.0366070785522461
v 0.008823628425598145 -0.011196249961853028 0.03671845626831055
v 0.008453317642211914 -0.010657323837280274 0.035932144165039065
v 0.010080300331115722 -0.010082812309265136 0.03682983016967774
v 0.009649130821228027 -0.009591076850891113 0.03604352188110352
v 0.011195934295654297 -0.008828458786010742 0.03694120788574219
v 0.01215491771697998 -0.007449933052062988 0.03705258560180664
v 0.011620883941650392 -0.0070724902153015134 0.03626627349853516
v 0.012946460723876953 -0.005968415260314942 0.03716396331787109
v 0.013560063362121582 -0.004405351638793946 0.037275341033935545
v 0.01295256805419922 -0.004163051605224609 0.036489028930664066
v 0.012371746063232422 -0.005656413555145264 0.03637765121459961
v 0.010709935188293458 -0.008390791893005371 0.03615489959716797
v 0.007141179084777832 -0.011577006340026856 0.03582076644897461
v -0.0020861592292785646 -0.013443428039550781 0.03515250778198242
v -0.013514772415161132 0.0015586916208267213 0.03370461273193359
v 0.01355479145050049 0.0011101380586624146 0.03092019271850586
v 0.011787525177001953 0.006299046039581299 0.0243740234375
v 0.01033108139038086 0.008479551315307617 0.02455964660644531
v 0.008476845741271973 0.010330320358276367 0.024745271682739257
v 0.007423391342163086 0.011111148834228516 0.024838083267211916
v 0.009449522018432617 0.009450758934020996 0.0246524600982666
v 0.0038818397521972656 0.012790487289428712 0.025116519927978517
v 0.0026096267700195315 0.013107791900634765 0.025209331512451173
v 8.582320879213512e-07 0.013363701820373535 0.025394954681396485
v -0.0013098491430282592 0.013300889968872071 0.025487768173217774
v 0.001311658263206482 0.013299099922180176 0.02530214309692383
v 0.006299505710601807 0.011786167144775391 0.024930894851684572
v 0.013588964462280273 0.0005743138194084168 0.036823158264160154
v 0.014212849617004395 -0.0011205273866653443 0.037498092651367186
v 0.014242574691772461 0.0005570414662361145 0.03760947036743164
v 0.01342630386352539 0.0021678855419158937 0.03693453598022461
v 0.014077349662780762 0.002227557420730591 0.03772084426879883
v 0.01372013282775879 0.0038680579662322997 0.03783222198486328
v 0.01308053207397461 0.0037322123050689696 0.037045909881591794
v 0.013173899650573731 0.005455576896667481 0.037943599700927734
v 0.012554556846618653 0.005245373249053955 0.03715728759765625
v -0.006299316883087158 0.011785688400268555 0.0258590145111084
v -0.007424813747406006 0.01111189365386963 0.025951828002929687
v -0.01033017635345459 0.008479537010192871 0.026230262756347655
v -0.011785288810729981 0.006300376892089844 0.0264158878326416
v -0.011110604286193848 0.007425399780273438 0.02632307434082031
v -0.008479008674621582 0.010331954002380371 0.026044639587402343
v -0.005113770484924316 0.012347312927246093 0.025766202926635742
v -0.0038794264793395998 0.012790740013122559 0.025673391342163086
v -0.012790769577026368 0.0038811430931091307 0.026601511001586916
v -0.013299859046936036 0.001310844898223877 0.02678713607788086
v -0.013300320625305177 -0.0013106192350387574 0.026972759246826173
v -0.013109529495239258 -0.0026082048416137694 0.02706557083129883
v -0.013363725662231445 4.196646113996394e-08 0.026879947662353517
v -0.011785772323608399 -0.006297724723815918 0.02734400749206543
v -0.011111275672912597 -0.0074224014282226565 0.027436819076538086
v -0.009451521873474122 -0.009449285507202148 0.02762244415283203
v -0.006300790309906006 -0.011787649154663087 0.02790087890625
v -0.008479815483093261 -0.010330351829528808 0.027715255737304687
v -0.010331010818481446 -0.00847651481628418 0.027529630661010742
v -0.012791277885437012 -0.003879793882369995 0.027158382415771485
v -0.003881831407546997 -0.012794206619262696 0.028086502075195315
v -0.002610225200653076 -0.013111916542053223 0.02817931365966797
v 0.0013091230392456054 -0.013294126510620117 0.02845775032043457
v 0.002607855319976807 -0.013102580070495605 0.028550561904907228
v -0.0013127070665359497 -0.013300308227539063 0.028272125244140626
v 0.0051170048713684085 -0.012350145339965821 0.028736186981201173
v 0.00630184268951416 -0.01179228401184082 0.02882899856567383
v 0.009444254875183106 -0.009448909759521484 0.02910743522644043
v 0.01398522186279297 -0.0027821874618530274 0.03738671493530273
v 0.013353396415710449 -0.0026128952503204346 0.03660040664672851
v 0.011109477043151855 -0.0074226813316345215 0.029293058395385742
v 0.010325487136840821 -0.008475717544555663 0.029200246810913086
v 0.008474254608154297 -0.010332545280456544 0.029014623641967774
v 0.0038814125061035157 -0.012787415504455567 0.028643375396728517
v -0.005115735530853272 -0.012350591659545898 0.027993690490722655
v -0.012347565650939942 0.005115335464477539 0.02650869941711426
v 0.01356562328338623 -0.0010265853404998779 0.03671178054809571
v 0.012443129539489747 0.0069668107032775884 0.03805497360229492
v 0.011535751342773438 0.008378528594970703 0.038166351318359375
v 0.010982650756835938 0.008029486656188965 0.03738003921508789
v 0.01046665096282959 0.009673016548156738 0.03827772903442383
v 0.009958608627319336 0.009261508941650391 0.03749141693115234
v 0.009254046440124512 0.01083534336090088 0.03838910675048828
v 0.00791618013381958 0.011850595474243164 0.03850048065185547
v 0.007518344879150391 0.011331831932067871 0.03771417236328125
v 0.0064712934494018555 0.012703860282897949 0.03861185836791992
v 0.006137030601501465 0.012141756057739258 0.03782554626464844
v 0.00879802131652832 0.010367019653320313 0.037602794647216796
v 0.004937630176544189 0.01338022518157959 0.038723236083984376
v 0.0033337101936340334 0.013865575790405274 0.03883460998535156
v 0.0031395695209503176 0.013240953445434571 0.038048301696777344
v 0.0016812816858291627 0.014155073165893555 0.03894598770141602
v 0.0015619059801101685 0.013512248039245606 0.03815967559814453
v 4.176636692136526e-06 0.014249862670898438 0.03905736541748047
v -0.0016737387180328369 0.014151189804077148 0.03916873931884766
v -0.0016395411491394044 0.01349845027923584 0.03838243103027344
v -0.0033285980224609375 0.013860300064086914 0.03928011703491211
v -0.004936534881591797 0.013378437995910646 0.039391494750976565
v -0.004750686645507813 0.012751239776611328 0.03860518264770508
v -0.0032177863121032714 0.01321588897705078 0.03849380874633789
v -3.8720659911632536e-05 0.013597658157348633 0.038271053314208985
v 0.004671533584594727 0.012782605171203613 0.03793692398071289
v -0.006473871231079102 0.012707303047180176 0.03950287246704102
v -0.007920092105865478 0.011856183052062989 0.03961425018310547
v -0.0075931396484375 0.011289693832397462 0.038827938079833986
v -0.009257308006286621 0.010840669631958007 0.039725627899169925
v -0.008866114616394043 0.01031665325164795 0.03893931579589844
v -0.010467706680297851 0.009676544189453126 0.03983700561523438
v -0.01153347873687744 0.008379587173461914 0.039948379516601566
v -0.011030723571777343 0.007961409568786621 0.03916207122802735
v -0.012438154220581055 0.00696635627746582 0.04005975723266602
v -0.011889738082885742 0.0066101660728454595 0.039273445129394534
v -0.01001762580871582 0.009202188491821289 0.03905069351196289
v -0.013170626640319824 0.0054565157890319824 0.04017113113403321
v -0.013721293449401855 0.0038706634044647216 0.04028250885009766
v -0.013104836463928222 0.003652385711669922 0.03949620056152344
v -0.014082107543945312 0.0022309532165527344 0.04039388656616211
v -0.013444215774536134 0.0020866894721984866 0.03960757446289063
v -0.014246055603027344 0.0005604221820831299 0.04050526428222656
v -0.014210949897766114 -0.0011178779602050782 0.040616641998291014
v -0.01355712127685547 -0.0011092350482940674 0.039830329895019535
v -0.013980411529541015 -0.0027808897495269777 0.0407280158996582
v -0.013558403015136718 -0.004405555725097657 0.040839393615722655
v -0.01292459011077881 -0.004244534969329834 0.040053081512451176
v -0.013332150459289552 -0.002695464849472046 0.03994170761108398
v -0.013595650672912598 0.0004921508729457855 0.03971895217895508
v -0.01258414077758789 0.005167261123657227 0.03938482284545899
v -0.0062156543731689455 0.012106198310852051 0.03871656036376953
v -0.012948888778686524 -0.005968817710876465 0.04095077133178711
v -0.012157058715820313 -0.007448166370391846 0.041062145233154296
v -0.011578269004821777 -0.007143709182739258 0.040275836944580076
v -0.011195649147033691 -0.00882447338104248 0.04117352294921875
v -0.01065674114227295 -0.00845412826538086 0.04038721084594726
v -0.010080279350280762 -0.010079901695251465 0.0412849006652832
v -0.008826570510864258 -0.011196613311767578 0.041396278381347656
v -0.008388989448547364 -0.010710556983947754 0.04060996627807617
v -0.007450172424316406 -0.012156814575195313 0.041507652282714844
v -0.0070727143287658695 -0.011622677803039551 0.040721343994140624
v -0.00958866024017334 -0.00964873218536377 0.04049858856201172
v -0.00596903133392334 -0.012946293830871583 0.0416190299987793
v -0.004405141353607178 -0.01355715847015381 0.04173040771484375
v -0.00416286563873291 -0.012949825286865235 0.040944095611572265
v -0.002780910015106201 -0.01398215389251709 0.04184178161621094
v -0.0026117064952850344 -0.01335051441192627 0.04105547332763672
v -0.0011187442541122437 -0.014214030265808105 0.04195315933227539
v 0.0005589134693145752 -0.014246293067932129 0.042064537048339845
v 0.0005760366916656494 -0.013592538833618164 0.04127822494506836
v 0.002229269027709961 -0.014079882621765138 0.0421759147644043
v 0.003869328260421753 -0.013719964981079101 0.042287288665771486
v 0.003733349084854126 -0.013080323219299316 0.041500980377197266
v 0.002169437646865845 -0.013428709983825685 0.04138960266113281
v -0.0010249273777008057 -0.013566798210144042 0.04116685104370117
v -0.005657002449035645 -0.01237159252166748 0.04083271789550781
v 0.005456095695495606 -0.013171751976013184 0.04239866638183594
v 0.0069665775299072264 -0.012440462112426758 0.04251004409790039
v 0.006684992790222168 -0.011850106239318849 0.04172373199462891
v 0.008379230499267578 -0.011534065246582032 0.042621421813964847
v 0.00803026580810547 -0.010981011390686036 0.04183510971069336
v 0.009676316261291505 -0.01046775531768799 0.042732795715332034
v 0.01084071159362793 -0.009257896423339844 0.04284417343139649
v 0.010372251510620118 -0.008801735877990723 0.042057861328125
v 0.011855294227600097 -0.007920852661132812 0.04295555114746094
v 0.011336387634277344 -0.007522828578948975 0.042169239044189455
v 0.009264781951904296 -0.009959675788879395 0.041946487426757814
v 0.01270328426361084 -0.006473183155059814 0.043066928863525394
v 0.013373635292053224 -0.0049347057342529295 0.04317830657958985
v 0.012776289939880371 -0.004668562412261963 0.04239199447631836
v 0.013860060691833497 -0.003327945709228516 0.043289680480957035
v 0.013235645294189453 -0.0031337850093841554 0.042503372192382816
v 0.013513499259948731 -0.0015561246871948244 0.04261474609375
v 0.014156420707702637 -0.0016755082607269288 0.04340105819702149
v 0.013604434013366699 1.4075740182306617e-07 0.04272378158569336
v 0.014256571769714356 6.23199408744668e-18 0.04351242828369141
v 0.012141226768493652 -0.006138776779174805 0.04228061676025391
v 0.005245842456817627 -0.012552434921264649 0.04161235809326172
v -0.012338290214538574 -0.005734441280364991 0.04016445922851562
v 0.011852719306945802 0.006685159683227539 0.0372686653137207
v 0.012350074768066406 0.005112761974334717 0.024281211853027344
v 0.01310713291168213 -0.0026005382537841798 0.01778092384338379
v 0.007425263404846192 0.011113264083862305 0.018898115158081055
v -0.0026077711582183838 -0.013102974891662598 0.022239349365234376
v -0.013108559608459473 -0.0026066787242889403 0.0211256046295166
v 0.011112524986267091 0.007425200939178467 0.024466835021972656
v -0.01234832763671875 0.00511574935913086 0.0205687313079834
v -0.0074258637428283696 0.011113880157470703 0.02001185989379883
v -0.009450618743896485 -0.009450084686279297 0.021682476043701174
v 0.01234689998626709 0.005115018367767334 0.018341243743896486
v 0.011117136001586914 -0.007426753997802735 0.023353092193603518
v 0.005113720893859863 -0.01235223388671875 0.022796220779418945
v -0.013364904403686524 -5.059976875782013e-05 0.015
v 0.013300236701965333 -0.001311152458190918 0.02975711822509766
v 0.013110157966613769 -0.0026092748641967775 0.029664306640625
v 0.013363177299499512 -5.484409630298615e-07 0.029849931716918948
v 0.013298577308654785 0.0013096359968185426 0.029942743301391603
v -0.012347954750061035 -0.00511326265335083 0.027251195907592774
v 0.013107314109802246 0.0026069328784942628 0.03003555488586426
v 0.012790520668029786 0.0038789613246917724 0.030128366470336915
v 0.012349406242370606 0.005113359928131104 0.030221179962158205
v 0.011787790298461914 0.006298476696014404 0.03031399154663086
v 0.008479732513427735 0.010331374168395996 0.030685239791870118
v 0.00945139217376709 0.009450644493103028 0.03059242820739746
v 0.011112738609313964 0.007423540115356445 0.030406803131103517
v 0.0038810837268829345 0.01278987216949463 0.03105648612976074
v 0.007425827980041504 0.011111775398254396 0.030778051376342774
v 0.006300698280334473 0.011785703659057617 0.03087086296081543
v 0.0026088516712188723 0.013108257293701173 0.03114929962158203
v 0.001310964584350586 0.01329975700378418 0.031242111206054687
v 3.528831584844738e-07 0.013364018440246582 0.031334922790527346
v -0.013108833312988281 0.002608855962753296 0.026694322586059572
v -0.007425861835479736 -0.011112021446228028 0.027808067321777343
v -0.009450670242309571 0.009451919555664063 0.026137451171875
v -1.994352787733078e-06 -0.013360540390014648 0.028364938735961916
v 0.012793745994567871 -0.0038818790912628176 0.029571495056152343
v 0.005115423202514648 0.012347092628479004 0.030963674545288086
v 0.010331516265869142 0.008477834701538086 0.030499614715576173
v -0.013364904403686524 -5.059976875782013e-05 0.015
v -0.01108885955810547 -0.007458247184753418 0.015556180953979492
v -2.0579882686888596e-10 0.01336646842956543 0.019454988479614257
v -0.005084536552429199 -0.012359578132629395 0.016112367630004884
v 0.0026275241374969483 -0.013102520942687988 0.01666855239868164
v 0.009461700439453125 -0.009445367813110351 0.017224740982055665
v 0.013364999771118165 1.578489942921646e-17 0.017966421127319335
v -0.0026075396537780762 0.013109954833984375 0.02558057975769043
v 0.01178774929046631 -0.0062995171546936036 0.029385869979858398
v 0.007423958778381348 -0.011116908073425294 0.028921812057495118
v 0.01235183048248291 -0.0051159396171569825 0.029478681564331054
v 0.013363119125366212 5.624541663564742e-07 0.023909963607788087
v 0.005115536689758301 0.012348298072814942 0.025023706436157228
v -0.0026072778701782227 0.013109565734863281 0.03152054786682129
v -0.0038785698413848877 0.012790695190429687 0.03161335945129395
v -0.007423154354095459 0.011112709045410157 0.03189179611206055
v -0.008478256225585937 0.010331889152526856 0.031984607696533204
v -0.006297535896301269 0.011786760330200196 0.03179898452758789
v -0.010334245681762695 0.00848126220703125 0.032170230865478516
v -0.011784196853637696 0.00630109453201294 0.03235585403442383
v -0.012781450271606445 0.003877950429916382 0.03254147720336914
v -0.013101494789123536 0.0026056542396545412 0.032634288787841796
v -0.01234118366241455 0.005113821029663086 0.032448665618896484
v -0.009452164649963379 0.009452062606811524 0.03207741928100586
v -0.013305278778076171 -0.0013080648183822633 0.03291272735595703
v -0.013111653327941895 -0.0026043670177459716 0.033005538940429686
v -0.012790325164794922 -0.003876349687576294 0.03309835052490234
v -0.012346445083618164 -0.005111940383911133 0.033191162109375
v -0.0103330717086792 -0.008481178283691406 0.03346960067749023
v -0.009454107284545899 -0.009453163146972657 0.03356241226196289
v -0.0062991147041320805 -0.011779551506042481 0.033840847015380864
v -0.0026065685749053955 -0.013107043266296386 0.03411928176879883
v -0.0038776021003723146 -0.012784043312072755 0.034026470184326175
v -0.00848171329498291 -0.010331104278564453 0.033655223846435545
v -0.011785179138183595 -0.006299078941345215 0.033283973693847654
v -0.013297815322875977 0.0013091050386428832 0.03272710037231445
v -0.001310985803604126 -0.013303739547729492 0.03421209335327149
v -2.597053535282612e-06 -0.013369239807128907 0.03430490493774414
v 0.0038772046566009524 -0.012787890434265137 0.03458334350585938
v 0.00511395263671875 -0.012346185684204102 0.034676155090332034
v 0.0013065069913864135 -0.013302893638610841 0.0343977165222168
v 0.007428150653839112 -0.01111512279510498 0.034861778259277346
v 0.006301740646362305 -0.011787097930908203 0.03476896667480469
v 0.0026039152145385745 -0.013107972145080566 0.03449053192138672
v 0.008480776786804199 -0.010334768295288087 0.03495458984375
v -0.007426141262054444 -0.011108270645141602 0.0337480354309082
v 0.010325703620910644 -0.008478292465209961 0.03514021682739258
v 0.011104557991027832 -0.007423291683197022 0.035233028411865236
v 0.012342625617980958 -0.005113828182220459 0.03541865158081055
v 0.01278886890411377 -0.0038809914588928225 0.035511463165283204
v 0.011779026985168457 -0.0062981991767883305 0.03532583999633789
v 0.013301981925964356 0.001308788299560547 0.03588270950317383
v 0.013109103202819824 0.00260750150680542 0.035975521087646484
v 0.011785312652587891 0.00629866361618042 0.03625395965576172
v 0.01033166790008545 0.008476399421691894 0.03643958282470703
v 0.011111454963684082 0.0074228706359863285 0.036346771240234374
v 0.0127900447845459 0.0038802568912506105 0.036068336486816406
v 0.013367452621459962 -2.622917992994189e-06 0.03578989791870117
v 0.013304290771484375 -0.001313472867012024 0.035697086334228516
v -0.0013100419044494629 0.013300726890563965 0.031427736282348635
v 0.009452252388000489 0.009448741912841797 0.036532394409179686
v 0.008480629920959474 0.010330138206481933 0.03662520599365234
v 0.005117379665374756 0.012351555824279785 0.03690364074707031
v 0.003882713556289673 0.012792715072631836 0.03699645233154297
v 0.006302432060241699 0.011789070129394532 0.036810829162597654
v 0.0013115501403808594 0.013296156883239747 0.03718207931518555
v -0.0026082961559295657 0.013106535911560059 0.03746051406860352
v -0.005114157676696778 0.012354098320007325 0.03764613723754883
v -0.0062969613075256345 0.01179232120513916 0.03773894882202149
v -0.0038805031776428223 0.01279270076751709 0.037553325653076175
v 0.0026098778247833254 0.013107640266418457 0.03708926391601563
v -0.009443061828613281 0.009447714805603028 0.03801738739013672
v -0.01032656764984131 0.0084762601852417 0.03811019897460938
v -0.011789826393127442 0.006302182674407959 0.03829582214355469
v -0.012791396141052246 0.003882419586181641 0.0384814453125
v -0.011111931800842285 0.007424765586853028 0.03820301055908203
v -0.013300047874450684 0.001311155676841736 0.03866706848144531
v -0.013364757537841797 7.374550914391875e-07 0.038759883880615235
v -0.012787653923034669 -0.0038775224685668945 0.0390383186340332
v -0.011787963867187501 -0.006298349380493164 0.039223941802978515
v -0.012346611976623536 -0.005112300872802735 0.03913113021850586
v -0.013300524711608887 -0.0013091189861297607 0.03885269546508789
v -0.013108294486999511 0.002609321355819702 0.03857425689697266
v -0.00847074031829834 0.010330178260803223 0.037924575805664065
v -0.01033454418182373 -0.008477092742919922 0.03940956497192383
v -0.008478797912597657 -0.010329756736755371 0.039595191955566406
v -0.005115646839141846 -0.012349442481994629 0.039873626708984374
v -0.0038815858364105223 -0.012788902282714844 0.03996643829345703
v -0.00742477035522461 -0.011112530708312989 0.03968800354003906
v 0.0074271030426025396 0.01111275577545166 0.036718017578125
v -0.007418931484222412 0.011114697456359863 0.03783176422119141
v -0.01111580467224121 -0.007423831939697266 0.03931675338745117
v -3.9517018012702466e-06 -0.013361702919006348 0.040244873046875
v -0.00630030345916748 -0.011788524627685548 0.03978081512451172
v 0.001306399941444397 -0.013299753189086914 0.04033768844604492
v -0.001313535213470459 -0.01329633903503418 0.04015206146240234
v -0.001310345768928528 0.013295276641845703 0.03736770248413086
v 0.003879715919494629 -0.012792410850524903 0.04052331161499024
v 0.006302360534667969 -0.011791023254394531 0.04070893478393555
v 0.008475180625915528 -0.01032999324798584 0.04089455795288086
v 0.00944479751586914 -0.009447443008422853 0.04098736953735352
v 0.007424930572509766 -0.011114274024963379 0.04080174636840821
v 0.011786706924438476 -0.006302792549133301 0.041265804290771486
v 0.0123506498336792 -0.005119782447814941 0.04135861968994141
v 0.013109820365905762 -0.0026110525131225588 0.04154424285888672
v 0.013300415992736816 -0.0013114150762557984 0.04163705444335938
v 0.013365002632141113 5.7701239619678545e-18 0.04172999954223633
v 0.012792855262756348 -0.0038851044178009036 0.041451431274414065
v 0.010325467109680176 -0.008475885391235352 0.041080181121826174
v 0.002605255365371704 -0.013109445571899414 0.040430500030517576
v -0.005112332344055176 0.012347926139831543 0.0317061710357666
v -0.011113992691040039 0.00742759895324707 0.03226304244995117
v -0.013366908073425294 4.7465218813158575e-07 0.03281991195678711
v 0.013111271858215333 -0.0026105024814605713 0.03560427474975586
v -0.011112077713012695 -0.007425989627838135 0.03337678909301758
v 0.009448947906494141 -0.009452388763427735 0.035047405242919924
v -0.005112359523773194 -0.012339844703674316 0.03393365859985352
v 0.012346942901611329 0.005114289283752442 0.03616114807128906
v -0.009452138900756836 -0.009448509216308593 0.03950237655639648
v -0.012351254463195802 0.005117635250091553 0.038388633728027345
v -0.013106989860534669 -0.0026058499813079836 0.03894550704956055
v 0.011108874320983887 -0.007424581050872803 0.04117299270629883
v -0.002610147476196289 -0.013104970932006837 0.040059249877929685
v 5.392712773755193e-07 0.013358592987060547 0.03727489089965821
v 0.0051165099143981934 -0.012351859092712402 0.040616123199462895
v -0.013294720649719238 -0.0013591850996017456 0.015092693328857423
v -0.013098857879638673 -0.0026538915634155276 0.015
v -0.013295749664306642 -0.0013587727546691894 0.015
v -0.013364904403686524 -5.059976875782013e-05 0.015
v -0.012777567863464356 -0.003923792362213135 0.015278088569641114
v -0.012330638885498048 -0.0051554408073425295 0.015
v -0.012776121139526368 -0.003923513412475586 0.015
v -0.011765936851501464 -0.006336588859558106 0.015463483810424805
v -0.01108969783782959 -0.007459344863891602 0.015
v -0.01176669216156006 -0.006337837696075439 0.015
v -0.012331033706665039 -0.005154819965362549 0.0153707857131958
v -0.013099472999572754 -0.0026545109748840334 0.015185391426086426
v -0.010306384086608887 -0.008508944511413574 0.015648879051208497
v -0.009423609733581544 -0.009477278709411622 0.015
v -0.010306160926818847 -0.008509186744689942 0.015
v -0.008451865196228028 -0.010354352951049806 0.015834274291992186
v -0.007396246433258057 -0.01113188076019287 0.015
v -0.008450521469116212 -0.010354318618774415 0.015
v -0.009425089836120606 -0.009477828025817871 0.0157415771484375
v -0.006270242691040039 -0.011801291465759277 0.016019670486450196
v -0.00508533239364624 -0.01235971736907959 0.015
v -0.006270912647247315 -0.011802495002746582 0.015
v -0.0038507046699523925 -0.012799671173095703 0.016205064773559572
v -0.002579460620880127 -0.013113718032836914 0.015
v -0.0038508949279785157 -0.012798196792602539 0.015
v -0.005084536552429199 -0.012359578132629395 0.016112367630004884
v -0.007396470069885254 -0.0111308650970459 0.01592697238922119
v -0.01108885955810547 -0.007458247184753418 0.015556180953979492
v -0.002580104112625122 -0.01311552906036377 0.01629776382446289
v -0.0012844626903533935 -0.013303213119506836 0.01639046096801758
v -0.0012832447290420533 -0.013303252220153808 0.015
v 0.013303754806518554 -0.001306161642074585 0.01787362289428711
v 0.013364999771118165 1.578489942921646e-17 0.017966421127319335
v 0.013364999771118165 2.3066401219629107e-17 0.015
v 2.373792976140976e-05 -0.01336304759979248 0.016483158111572267
v 2.5299929082393647e-05 -0.013364975929260255 0.015
v 0.001331924557685852 -0.013295870780944824 0.016575855255126955
v 0.0026290905475616455 -0.013103858947753906 0.015
v 0.0013336014747619628 -0.013298297882080078 0.015
v 0.003897963285446167 -0.012783838272094727 0.016761249542236328
v 0.0051320896148681645 -0.012340375900268555 0.015
v 0.0038993210792541504 -0.012783525466918945 0.015
v 0.006314506053924561 -0.011779059410095214 0.016946645736694337
v 0.00743833875656128 -0.011103798866271972 0.015
v 0.0063155517578125 -0.011778668403625488 0.015
v 0.005130780220031738 -0.012341064453125 0.01685394859313965
v 0.0026275241374969483 -0.013102520942687988 0.01666855239868164
v 0.008490906715393067 -0.010324429512023926 0.017132041931152343
v 0.009459423065185548 -0.009441533088684083 0.015
v 0.008489662170410157 -0.010322250366210938 0.015
v 0.010339652061462402 -0.008474196434020996 0.017317438125610353
v 0.011117859840393067 -0.007417305946350098 0.015
v 0.010338303565979003 -0.008470107078552246 0.015
v 0.009461700439453125 -0.009445367813110351 0.017224740982055665
v 0.011785250663757324 -0.0062925415039062505 0.017502832412719726
v 0.012350069046020509 -0.005108719825744629 0.015
v 0.011790602684020997 -0.006293243408203125 0.015
v 0.0127854642868042 -0.0038710877895355225 0.017688226699829102
v 0.013108812332153321 -0.002604280471801758 0.015
v 0.012790884017944336 -0.003875114917755127 0.015
v 0.012343314170837403 -0.005105769157409668 0.017595529556274414
v 0.011115840911865234 -0.007419363975524902 0.01741013526916504
v 0.00743819522857666 -0.011104587554931641 0.017039344787597655
v 0.01310713291168213 -0.0026005382537841798 0.01778092384338379
v 0.013300798416137696 -0.0013084254264831543 0.015
v 0.013365002632141113 2.2782340250437904e-17 0.017969999313354492
v 0.013604434013366699 -1.407490635756403e-07 0.016976219177246094
v 0.013364999771118165 1.578489942921646e-17 0.017966421127319335
v 0.013364999771118165 2.3066401219629107e-17 0.015
v 0.014256571769714356 2.2997012280590036e-17 0.016187570571899415
v 0.014693384170532228 2.3066401219629107e-17 0.015663792610168457
v 0.014850000381469728 2.3066401219629107e-17 0.015
v 0.013604434013366699 1.4075740182306617e-07 0.04272378158569336
v 0.013364999771118165 6.699285223787932e-18 0.04470000076293945
v 0.013364999771118165 -1.877729742527645e-17 0.041733577728271486
v 0.013365002632141113 5.7701239619678545e-18 0.04172999954223633
v 0.014256571769714356 6.23199408744668e-18 0.04351242828369141
v 0.014850000381469728 4.879993978357255e-18 0.04470000076293945
v 0.014693384170532228 5.072483486170216e-18 0.04403620910644531
v -0.022024999618530276 -0.038148418426513675 0.0
v 0.022024999618530276 -0.038148418426513675 0.0
v 0.022024999618530276 -0.038148418426513675 0.015
v -0.022024999618530276 -0.038148418426513675 0.015
v -0.04404999923706055 4.440892098500626e-18 0.015
v -0.04404999923706055 4.280430176972772e-18 0.0
v -0.022024999618530276 -0.038148418426513675 0.015
v -0.022024999618530276 -0.038148418426513675 0.0
v -0.022024999618530276 0.038148418426513675 0.0
v -0.04404999923706055 4.280430176972772e-18 0.0
v -0.04404999923706055 4.440892098500626e-18 0.015
v -0.022024999618530276 0.038148418426513675 0.015
v 0.022024999618530276 0.038148418426513675 0.0
v -0.022024999618530276 0.038148418426513675 0.0
v -0.022024999618530276 0.038148418426513675 0.015
v 0.022024999618530276 0.038148418426513675 0.015
v 0.04404999923706055 0.0 0.0
v 0.022024999618530276 0.038148418426513675 0.0
v 0.022024999618530276 0.038148418426513675 0.015
v 0.04404999923706055 0.0 0.015
v 0.022024999618530276 -0.038148418426513675 0.0
v 0.04404999923706055 0.0 0.0
v 0.04404999923706055 0.0 0.015
v 0.022024999618530276 -0.038148418426513675 0.015
v -0.010306160926818847 -0.008509186744689942 0.015
v 0.010338303565979003 -0.008470107078552246 0.015
v -0.01108969783782959 -0.007459344863891602 0.015
v 0.011117859840393067 -0.007417305946350098 0.015
v -0.01176669216156006 -0.006337837696075439 0.015
v 0.012350069046020509 -0.005108719825744629 0.015
v -0.012776121139526368 -0.003923513412475586 0.015
v -0.012330638885498048 -0.0051554408073425295 0.015
v 0.011790602684020997 -0.006293243408203125 0.015
v 0.012790884017944336 -0.003875114917755127 0.015
v -0.013098857879638673 -0.0026538915634155276 0.015
v -0.009423609733581544 -0.009477278709411622 0.015
v 0.009459423065185548 -0.009441533088684083 0.015
v 0.0026290905475616455 -0.013103858947753906 0.015
v -0.0038508949279785157 -0.012798196792602539 0.015
v -0.002579460620880127 -0.013113718032836914 0.015
v -0.00508533239364624 -0.01235971736907959 0.015
v 0.0038993210792541504 -0.012783525466918945 0.015
v -0.007396246433258057 -0.01113188076019287 0.015
v -0.006270912647247315 -0.011802495002746582 0.015
v 0.0063155517578125 -0.011778668403625488 0.015
v 0.0051320896148681645 -0.012340375900268555 0.015
v -0.008450521469116212 -0.010354318618774415 0.015
v 0.00743833875656128 -0.011103798866271972 0.015
v 0.008489662170410157 -0.010322250366210938 0.015
v -0.013295749664306642 -0.0013587727546691894 0.015
v 0.013108812332153321 -0.002604280471801758 0.015
v -0.013280281066894531 0.0015271263122558594 0.015
v -0.013364904403686524 -5.059976875782013e-05 0.015
v 0.013364999771118165 2.3066401219629107e-17 0.015
v -0.013016096115112305 0.003082791566848755 0.015
v -0.011964109420776367 0.0060571770668029785 0.015
v -0.012574995994567871 0.004600906372070313 0.015
v -0.011191731452941894 0.007433890342712402 0.015
v 0.013300798416137696 -0.0013084254264831543 0.015
v -0.006723557949066162 0.011822784423828125 0.015
v -0.008020553588867187 0.010920720100402832 0.015
v -0.009205273628234863 0.009882080078125001 0.015
v -0.010266478538513184 0.008716109275817872 0.015
v -0.0038742096424102786 0.013167824745178223 0.015
v -0.005334232807159424 0.012574982643127442 0.015
v -0.002356450319290161 0.013598251342773439 0.015
v -0.0012832447290420533 -0.013303252220153808 0.015
v 0.0013336014747619628 -0.013298297882080078 0.015
v 0.010331671714782715 0.010385951042175294 0.015
v 0.008495194435119629 0.011812024116516114 0.015
v 0.0064473128318786625 0.012896566390991212 0.015
v 0.0026001751422882083 0.013866207122802735 0.015
v 0.000862917959690094 0.013960363388061524 0.015
v 0.004411679744720459 0.013556803703308105 0.015
v -0.0007890433669090272 0.013863802909851074 0.015
v 0.014850000381469728 2.3066401219629107e-17 0.015
v 0.014659961700439454 0.0023210296630859373 0.015
v 0.011904438018798829 0.00866766357421875 0.015
v 0.013167848587036133 0.006715675830841064 0.015
v 0.014095389366149902 0.004577473640441894 0.015
v 2.5299929082393647e-05 -0.013364975929260255 0.015
v 0.022024999618530276 0.038148418426513675 0.0
v -0.04404999923706055 4.280430176972772e-18 0.0
v -0.022024999618530276 0.038148418426513675 0.0
v -0.022024999618530276 -0.038148418426513675 0.0
v 0.022024999618530276 -0.038148418426513675 0.0
v 0.04404999923706055 0.0 0.0
usemtl Diffuse_4
f 1 2 3
f 4 5 6
f 4 6 2
f 7 4 1
f 4 2 1
f 8 9 5
f 5 4 8
f 10 11 9
f 12 9 8
f 11 5 9
f 13 8 4
f 14 15 1
f 16 10 17
f 18 19 17
f 20 18 21
f 16 17 19
f 22 23 24
f 25 22 20
f 26 27 28
f 23 27 24
f 29 26 30
f 11 10 16
f 31 10 9
f 32 7 15
f 7 1 15
f 7 13 4
f 18 17 33
f 18 33 21
f 33 17 34
f 10 35 17
f 36 21 33
f 37 12 13
f 12 8 13
f 38 35 31
f 35 10 31
f 17 35 34
f 39 34 35
f 12 31 9
f 40 31 12
f 33 34 36
f 41 13 7
f 42 23 25
f 22 25 23
f 43 44 28
f 26 28 44
f 26 44 30
f 44 45 30
f 28 27 23
f 46 28 23
f 47 48 36
f 48 21 36
f 49 46 42
f 23 42 46
f 28 46 43
f 50 43 46
f 42 25 48
f 51 42 48
f 44 43 45
f 25 21 48
f 25 20 21
f 52 36 34
f 30 53 29
f 54 55 15
f 53 56 57
f 58 53 57
f 59 60 58
f 61 62 63
f 64 61 60
f 65 66 67
f 68 66 63
f 65 69 70
f 71 70 72
f 56 30 73
f 74 75 76
f 77 78 79
f 80 78 81
f 72 82 71
f 83 75 82
f 84 85 86
f 87 81 85
f 88 86 89
f 74 76 89
f 77 79 90
f 57 91 59
f 58 57 59
f 64 59 92
f 61 64 62
f 63 62 68
f 62 64 93
f 64 60 59
f 94 91 57
f 95 73 45
f 30 45 73
f 68 96 67
f 94 56 73
f 65 67 69
f 67 97 69
f 98 68 62
f 99 94 73
f 67 66 68
f 94 57 56
f 72 69 100
f 82 72 101
f 83 101 102
f 75 83 76
f 89 76 103
f 76 83 104
f 83 82 101
f 101 72 105
f 88 103 106
f 86 88 84
f 87 84 107
f 81 87 80
f 78 80 79
f 80 87 108
f 87 85 84
f 84 88 109
f 88 89 103
f 103 76 110
f 72 70 69
f 79 80 111
f 111 112 79
f 53 30 56
f 113 45 43
f 114 32 55
f 32 15 55
f 115 37 41
f 37 13 41
f 32 41 7
f 116 41 32
f 117 38 40
f 38 31 40
f 118 52 39
f 52 34 39
f 47 36 52
f 119 47 52
f 38 39 35
f 120 39 38
f 37 40 12
f 121 40 37
f 122 49 51
f 49 42 51
f 49 50 46
f 59 91 92
f 64 92 93
f 123 92 91
f 51 48 47
f 123 91 124
f 125 113 50
f 113 43 50
f 126 99 95
f 99 73 95
f 124 94 99
f 127 124 99
f 113 95 45
f 128 95 113
f 129 93 92
f 122 50 49
f 91 94 124
f 130 51 47
f 114 55 131
f 116 32 132
f 115 41 116
f 114 132 32
f 117 40 121
f 118 39 120
f 119 52 118
f 117 120 38
f 115 121 37
f 122 51 130
f 125 50 133
f 50 122 133
f 92 123 129
f 123 134 135
f 130 47 119
f 128 113 125
f 127 99 126
f 134 124 127
f 128 126 95
f 135 129 123
f 124 134 123
f 93 136 98
f 131 55 137
f 138 96 98
f 68 98 96
f 139 100 97
f 69 97 100
f 72 100 105
f 140 105 100
f 97 67 96
f 141 97 96
f 142 138 136
f 98 136 138
f 143 139 141
f 97 141 139
f 100 139 140
f 143 140 139
f 141 96 138
f 142 141 138
f 105 144 102
f 136 129 145
f 146 104 102
f 83 102 104
f 146 147 104
f 103 110 106
f 88 106 109
f 106 110 148
f 110 76 104
f 104 147 110
f 149 146 144
f 146 102 144
f 107 109 150
f 87 107 108
f 80 108 111
f 108 107 151
f 109 106 152
f 111 108 153
f 107 84 109
f 105 140 144
f 102 101 105
f 154 144 140
f 135 145 129
f 142 155 141
f 136 145 142
f 155 143 141
f 156 147 146
f 154 140 143
f 156 146 149
f 147 156 157
f 154 149 144
f 147 158 148
f 158 152 148
f 106 148 152
f 159 151 150
f 107 150 151
f 108 151 153
f 160 153 151
f 150 109 152
f 161 150 152
f 152 158 161
f 150 162 159
f 151 159 160
f 162 150 161
f 163 111 153
f 147 157 158
f 148 110 147
f 160 163 153
f 136 93 129
f 98 62 93
f 90 164 77
f 14 1 3
f 165 166 167
f 168 169 166
f 170 169 168
f 112 165 90
f 165 167 90
f 171 168 172
f 172 166 165
f 168 166 172
f 173 174 168
f 168 174 170
f 175 172 165
f 174 176 170
f 164 90 167
f 177 178 179
f 180 181 177
f 182 183 184
f 174 185 176
f 178 176 185
f 186 187 188
f 178 185 179
f 189 187 181
f 186 190 182
f 191 192 184
f 193 185 174
f 163 194 112
f 194 165 112
f 171 172 175
f 165 194 175
f 177 179 180
f 180 179 195
f 179 185 196
f 197 175 194
f 198 173 171
f 173 168 171
f 199 196 193
f 196 185 193
f 179 196 195
f 200 195 196
f 173 193 174
f 201 193 173
f 180 202 189
f 203 171 175
f 204 188 189
f 187 189 188
f 205 183 190
f 182 190 183
f 184 183 191
f 206 191 183
f 190 186 188
f 207 190 188
f 208 204 202
f 189 202 204
f 209 205 207
f 190 207 205
f 183 205 206
f 210 206 205
f 207 188 204
f 211 207 204
f 212 213 191
f 180 195 202
f 189 181 180
f 214 202 195
f 213 192 191
f 79 112 90
f 215 216 217
f 215 217 218
f 218 219 220
f 221 216 213
f 216 215 213
f 222 223 224
f 225 222 226
f 223 220 219
f 225 226 227
f 228 227 229
f 192 213 215
f 230 231 232
f 233 234 235
f 236 237 231
f 236 234 237
f 238 239 240
f 241 242 243
f 240 242 238
f 235 239 233
f 228 244 232
f 245 241 14
f 217 246 219
f 218 217 219
f 247 219 248
f 223 247 224
f 222 224 226
f 224 247 249
f 247 223 219
f 250 246 217
f 251 221 212
f 212 221 213
f 226 252 229
f 250 216 221
f 228 229 244
f 229 253 244
f 254 226 224
f 255 250 221
f 229 227 226
f 250 217 216
f 256 244 257
f 232 256 230
f 236 230 258
f 234 236 259
f 234 259 235
f 259 236 260
f 236 231 230
f 230 256 261
f 262 235 263
f 239 262 240
f 264 240 265
f 242 264 243
f 241 243 14
f 243 264 266
f 264 242 240
f 240 262 267
f 262 239 235
f 235 259 268
f 256 232 244
f 14 243 54
f 3 245 14
f 191 206 212
f 269 212 206
f 270 271 163
f 197 194 271
f 272 203 197
f 175 197 203
f 171 203 198
f 273 198 203
f 198 201 173
f 274 197 271
f 275 199 201
f 193 201 199
f 276 214 200
f 195 200 214
f 202 214 208
f 276 208 214
f 200 196 199
f 277 200 199
f 194 163 271
f 278 201 198
f 279 209 211
f 209 207 211
f 209 210 205
f 219 246 248
f 247 248 249
f 280 248 246
f 211 204 208
f 280 246 281
f 282 269 210
f 269 206 210
f 283 255 251
f 255 221 251
f 281 250 255
f 284 281 255
f 269 251 212
f 285 251 269
f 286 249 248
f 287 210 209
f 281 246 250
f 288 211 208
f 270 163 289
f 272 197 274
f 273 203 272
f 270 274 271
f 275 201 278
f 276 200 277
f 288 208 276
f 275 277 199
f 273 278 198
f 279 211 290
f 282 210 287
f 209 279 287
f 248 280 286
f 291 286 280
f 290 211 288
f 285 269 282
f 284 255 283
f 292 281 284
f 285 283 251
f 280 292 291
f 281 292 280
f 249 293 254
f 160 289 163
f 294 252 254
f 226 254 252
f 295 257 253
f 244 253 257
f 256 257 261
f 296 261 257
f 253 229 252
f 297 253 252
f 298 294 293
f 254 293 294
f 299 295 297
f 253 297 295
f 257 295 296
f 300 296 295
f 297 252 294
f 301 297 294
f 261 302 258
f 293 286 303
f 304 260 258
f 236 258 260
f 304 305 260
f 235 268 263
f 262 263 267
f 263 268 306
f 268 259 260
f 260 305 268
f 307 304 302
f 304 258 302
f 265 267 308
f 264 265 266
f 243 266 54
f 266 265 309
f 267 263 310
f 54 266 137
f 265 240 267
f 261 296 302
f 258 230 261
f 311 302 296
f 291 303 286
f 298 301 294
f 293 303 298
f 301 299 297
f 304 312 305
f 300 295 299
f 307 302 311
f 312 304 307
f 300 311 296
f 305 313 306
f 314 310 306
f 263 306 310
f 315 309 308
f 265 308 309
f 266 309 137
f 316 137 309
f 308 267 310
f 317 308 310
f 306 313 314
f 308 317 315
f 309 315 316
f 317 310 314
f 137 316 131
f 305 312 313
f 306 268 305
f 54 137 55
f 293 249 286
f 254 224 249
f 14 54 15
f 111 163 112
f 318 319 320
f 321 322 323
f 319 321 324
f 325 326 327
f 328 329 330
f 326 328 330
f 322 325 323
f 331 332 333
f 334 335 336
f 332 334 337
f 338 339 340
f 341 342 343
f 339 341 344
f 335 338 336
f 329 331 345
f 346 347 348
f 349 350 351
f 347 349 352
f 353 354 355
f 356 357 358
f 354 356 359
f 350 353 351
f 360 361 362
f 363 364 365
f 361 363 366
f 367 368 369
f 370 371 372
f 368 370 369
f 364 367 373
f 357 360 362
f 342 346 348
f 324 320 319
f 323 374 321
f 324 321 374
f 375 327 326
f 345 330 329
f 375 326 330
f 323 325 327
f 337 333 332
f 336 376 334
f 337 334 376
f 377 340 339
f 343 344 341
f 377 339 344
f 336 338 340
f 345 331 333
f 378 348 347
f 351 352 349
f 378 347 352
f 379 355 354
f 358 359 356
f 379 354 359
f 351 353 355
f 380 362 361
f 365 366 363
f 380 361 366
f 369 373 367
f 381 372 371
f 369 370 372
f 365 364 373
f 358 357 362
f 343 342 348
f 382 383 371
f 318 320 384
f 382 385 386
f 387 388 389
f 385 387 390
f 391 392 393
f 394 395 396
f 392 394 397
f 388 391 398
f 399 400 401
f 402 403 404
f 400 402 405
f 406 407 408
f 409 410 411
f 407 409 412
f 403 406 404
f 395 399 413
f 414 415 416
f 417 418 419
f 415 417 420
f 421 422 423
f 424 425 426
f 422 424 426
f 418 421 427
f 428 429 430
f 431 432 433
f 429 431 434
f 435 436 437
f 438 439 384
f 436 438 440
f 432 435 433
f 425 428 441
f 410 414 442
f 386 383 382
f 389 390 387
f 386 385 390
f 393 398 391
f 396 397 394
f 393 392 397
f 389 388 398
f 401 413 399
f 404 405 402
f 401 400 405
f 443 408 407
f 411 412 409
f 443 407 412
f 404 406 408
f 396 395 413
f 416 442 414
f 419 420 417
f 416 415 420
f 423 427 421
f 441 426 425
f 423 422 426
f 419 418 427
f 434 430 429
f 433 444 431
f 434 431 444
f 445 437 436
f 384 440 438
f 445 436 440
f 433 435 437
f 441 428 430
f 411 410 442
f 439 318 384
f 383 381 371
f 446 447 448
f 448 447 449
f 450 448 449
f 449 451 450
f 447 452 453
f 447 446 454
f 454 452 447
f 447 453 455
f 456 457 449
f 458 459 449
f 456 449 459
f 460 451 449
f 461 462 449
f 463 461 449
f 460 449 462
f 457 463 449
f 449 464 458
f 447 465 466
f 465 447 455
f 466 467 447
f 447 467 468
f 469 470 447
f 469 447 468
f 471 472 447
f 471 447 470
f 472 471 473
f 473 474 472
f 475 476 472
f 474 475 472
f 477 478 472
f 479 480 472
f 481 479 472
f 478 481 472
f 476 477 472
f 472 480 482
f 483 484 464
f 485 486 464
f 483 464 486
f 487 488 464
f 489 490 464
f 487 464 490
f 485 464 488
f 491 492 464
f 493 491 464
f 491 493 494
f 492 489 464
f 495 496 493
f 497 493 498
f 493 497 495
f 498 493 499
f 496 494 493
f 484 458 464
f 500 501 502
f 503 504 502
f 501 503 502
f 482 505 502
f 506 507 502
f 508 506 502
f 505 508 502
f 500 502 507
f 509 493 510
f 499 493 511
f 511 493 509
f 512 513 502
f 514 493 515
f 514 510 493
f 493 513 515
f 512 502 504
f 513 493 502
f 482 502 472
f 516 517 518
f 519 518 520
f 521 522 523
f 524 525 526
f 525 527 528
f 529 530 531
f 524 532 520
f 531 533 529
f 534 531 530
f 521 531 535
f 536 537 538
f 537 539 540
f 541 535 536
f 542 527 534
f 543 544 545
f 544 546 547
f 548 549 550
f 549 551 552
f 553 546 548
f 554 555 556
f 555 557 558
f 559 560 561
f 562 563 564
f 565 560 562
f 566 557 559
f 567 551 554
f 568 539 543
f 569 570 571
f 570 572 573
f 574 575 576
f 575 577 578
f 579 572 574
f 569 580 563
f 581 577 582
f 582 583 584
f 585 586 587
f 588 583 585
f 589 590 586
f 532 519 520
f 519 516 518
f 589 591 592
f 591 593 594
f 595 596 597
f 596 598 599
f 600 593 595
f 601 602 603
f 602 604 605
f 606 607 608
f 609 610 611
f 612 607 609
f 613 604 606
f 614 598 601
f 615 616 610
f 615 617 618
f 617 619 620
f 621 622 623
f 622 624 625
f 626 619 621
f 627 628 629
f 628 630 631
f 632 633 634
f 633 635 636
f 637 630 632
f 638 624 627
f 639 640 641
f 640 642 643
f 644 645 646
f 645 647 648
f 649 642 644
f 650 651 652
f 651 653 654
f 655 656 657
f 658 659 660
f 661 656 658
f 662 653 655
f 663 647 650
f 664 635 639
f 665 666 667
f 666 668 669
f 670 671 672
f 671 673 674
f 675 668 670
f 676 677 678
f 677 679 680
f 681 682 683
f 684 685 686
f 687 682 684
f 688 679 681
f 689 673 676
f 690 691 692
f 691 693 694
f 695 696 697
f 696 698 699
f 700 693 695
f 701 702 703
f 702 704 705
f 706 707 708
f 709 710 711
f 712 707 709
f 713 704 706
f 714 698 701
f 715 685 690
f 716 659 665
f 532 524 526
f 534 530 542
f 528 527 542
f 535 522 521
f 521 533 531
f 522 535 541
f 541 536 538
f 717 541 538
f 718 538 540
f 538 537 540
f 568 543 545
f 719 568 545
f 719 545 547
f 545 544 547
f 568 720 540
f 540 539 568
f 553 548 550
f 721 553 550
f 722 550 552
f 550 549 552
f 567 554 556
f 723 567 556
f 558 557 566
f 724 558 566
f 558 725 556
f 556 555 558
f 567 726 552
f 552 551 567
f 553 727 547
f 547 546 553
f 541 728 522
f 559 561 566
f 561 560 565
f 729 561 565
f 730 565 564
f 565 562 564
f 580 569 571
f 731 580 571
f 732 571 573
f 571 570 573
f 580 733 564
f 564 563 580
f 579 574 576
f 734 579 576
f 735 576 578
f 576 575 578
f 581 582 584
f 736 581 584
f 588 585 587
f 737 588 587
f 588 738 584
f 584 583 588
f 581 739 578
f 578 577 581
f 579 740 573
f 573 572 579
f 590 589 592
f 741 590 592
f 742 592 594
f 592 591 594
f 600 595 597
f 743 600 597
f 744 597 599
f 597 596 599
f 600 745 594
f 594 593 600
f 614 601 603
f 746 614 603
f 747 603 605
f 603 602 605
f 613 606 608
f 748 613 608
f 612 609 611
f 749 612 611
f 612 750 608
f 608 607 612
f 613 751 605
f 605 604 613
f 614 752 599
f 599 598 614
f 590 753 587
f 587 586 590
f 561 754 566
f 610 616 611
f 616 615 618
f 755 616 618
f 756 618 620
f 618 617 620
f 626 621 623
f 757 626 623
f 758 623 625
f 623 622 625
f 626 759 620
f 620 619 626
f 638 627 629
f 760 638 629
f 761 629 631
f 629 628 631
f 637 632 634
f 762 637 634
f 636 635 664
f 763 636 664
f 636 764 634
f 634 633 636
f 637 765 631
f 631 630 637
f 638 766 625
f 625 624 638
f 641 640 643
f 767 641 643
f 768 643 649
f 643 642 649
f 646 645 648
f 769 646 648
f 770 648 663
f 648 647 663
f 646 771 649
f 649 644 646
f 652 651 654
f 772 652 654
f 773 654 662
f 654 653 662
f 657 656 661
f 774 657 661
f 660 659 716
f 775 660 716
f 660 776 661
f 661 658 660
f 657 777 662
f 662 655 657
f 652 778 663
f 663 650 652
f 641 779 664
f 664 639 641
f 667 666 669
f 780 667 669
f 781 669 675
f 669 668 675
f 672 671 674
f 782 672 674
f 783 674 689
f 674 673 689
f 672 784 675
f 675 670 672
f 678 677 680
f 785 678 680
f 786 680 688
f 680 679 688
f 683 682 687
f 787 683 687
f 686 685 715
f 788 686 715
f 686 789 687
f 687 684 686
f 683 790 688
f 688 681 683
f 678 791 689
f 689 676 678
f 692 691 694
f 792 692 694
f 793 694 700
f 694 693 700
f 697 696 699
f 794 697 699
f 795 699 714
f 699 698 714
f 697 796 700
f 700 695 697
f 703 702 705
f 797 703 705
f 798 705 713
f 705 704 713
f 708 707 712
f 799 708 712
f 711 710 800
f 801 711 800
f 711 802 712
f 712 709 711
f 708 803 713
f 713 706 708
f 703 804 714
f 714 701 703
f 692 805 715
f 715 690 692
f 667 806 716
f 716 665 667
f 616 807 611
f 526 525 528
f 808 800 710
f 809 808 810
f 811 810 812
f 813 814 815
f 816 815 817
f 814 818 812
f 819 820 821
f 822 821 823
f 824 825 826
f 827 826 828
f 825 829 823
f 820 830 817
f 831 832 833
f 834 833 835
f 836 837 838
f 839 838 840
f 837 841 835
f 842 843 844
f 845 844 846
f 847 848 849
f 850 851 852
f 851 853 849
f 848 854 846
f 843 855 840
f 832 856 828
f 857 858 859
f 860 859 861
f 862 863 864
f 865 864 866
f 863 867 861
f 868 869 870
f 871 870 872
f 873 874 875
f 876 877 878
f 877 879 875
f 874 880 872
f 869 881 866
f 882 883 884
f 885 884 886
f 887 888 889
f 890 889 891
f 888 892 886
f 893 894 895
f 896 895 897
f 898 899 900
f 901 902 903
f 904 899 901
f 905 897 898
f 894 906 891
f 883 907 878
f 858 908 852
f 909 910 911
f 910 912 913
f 914 915 916
f 915 917 918
f 919 912 914
f 920 921 922
f 921 923 924
f 925 926 927
f 926 928 929
f 930 923 925
f 931 917 920
f 932 933 934
f 933 935 936
f 937 938 939
f 938 940 941
f 942 935 937
f 943 944 945
f 944 946 947
f 948 949 950
f 951 952 953
f 954 949 951
f 955 946 948
f 956 940 943
f 957 928 932
f 958 959 960
f 959 961 962
f 963 964 965
f 964 966 967
f 968 961 963
f 969 970 971
f 970 972 973
f 974 975 976
f 977 978 979
f 980 975 977
f 981 972 974
f 982 966 969
f 983 984 985
f 984 986 987
f 988 989 990
f 989 991 992
f 993 986 988
f 994 995 996
f 995 997 998
f 999 1000 1001
f 1002 1003 1004
f 1005 1000 1002
f 1006 997 999
f 1007 991 994
f 1008 978 983
f 1009 952 958
f 1010 902 909
f 811 812 818
f 1011 809 811
f 1012 811 818
f 818 814 813
f 816 817 830
f 1013 813 816
f 1014 816 830
f 830 820 819
f 813 1015 818
f 813 815 816
f 822 823 829
f 1016 819 822
f 1017 822 829
f 829 825 824
f 827 828 856
f 1018 824 827
f 1019 827 856
f 856 832 831
f 824 1020 829
f 824 826 827
f 819 1021 830
f 819 821 822
f 1022 1023 1024
f 834 831 833
f 1025 1024 1026
f 1026 1027 1028
f 1027 1029 1030
f 835 841 834
f 841 837 836
f 1031 834 841
f 1032 841 836
f 836 838 839
f 855 843 842
f 1033 839 855
f 845 846 854
f 1034 842 845
f 842 1035 855
f 842 844 845
f 839 1036 836
f 839 840 855
f 834 1037 831
f 847 854 848
f 831 1038 856
f 809 810 811
f 847 849 853
f 1039 854 847
f 1040 847 853
f 853 851 850
f 908 858 857
f 1041 850 908
f 1042 908 857
f 857 859 860
f 850 1043 853
f 850 852 908
f 867 863 862
f 1044 860 867
f 1045 867 862
f 862 864 865
f 881 869 868
f 1046 865 881
f 871 872 880
f 1047 868 871
f 868 1048 881
f 868 870 871
f 865 1049 862
f 865 866 881
f 860 1050 857
f 860 861 867
f 873 875 879
f 1051 880 873
f 1052 873 879
f 879 877 876
f 907 883 882
f 1053 876 907
f 1054 907 882
f 882 884 885
f 876 1055 879
f 876 878 907
f 892 888 887
f 1056 885 892
f 1057 892 887
f 887 889 890
f 906 894 893
f 1058 890 906
f 1059 1060 1003
f 1061 893 896
f 893 1062 906
f 893 895 896
f 890 1063 887
f 890 891 906
f 885 1064 882
f 885 886 892
f 880 1065 871
f 880 874 873
f 854 1066 845
f 1059 1023 1067
f 1068 1069 1070
f 1069 1071 1072
f 1073 1074 1075
f 1074 1076 1077
f 1078 1071 1073
f 1079 1080 1081
f 1080 1082 1083
f 1084 1085 1086
f 1087 1088 1089
f 1090 1085 1087
f 1091 1082 1084
f 1092 1076 1079
f 1093 1094 1095
f 1094 1096 1097
f 1098 1099 1100
f 1099 1101 1102
f 1103 1096 1098
f 1104 1105 1106
f 1105 1107 1108
f 1109 1110 1111
f 1112 1113 1114
f 1115 1110 1112
f 1116 1107 1109
f 1117 1101 1104
f 1118 1088 1093
f 1119 1120 1121
f 1120 1122 1123
f 1124 1125 1126
f 1125 1127 1128
f 1129 1122 1124
f 1130 1131 1132
f 1131 1133 1134
f 1135 1136 1137
f 1138 1139 1140
f 1141 1136 1138
f 1142 1133 1135
f 1143 1127 1130
f 1144 1145 1146
f 1145 1147 1148
f 1149 1150 1151
f 1150 1152 1153
f 1154 1147 1149
f 1155 1156 1157
f 1156 1158 1159
f 1160 1161 1162
f 1161 1163 1162
f 1158 1161 1160
f 1152 1155 1164
f 1139 1144 1165
f 1113 1119 1166
f 1029 1068 1167
f 896 897 905
f 809 800 808
f 809 1168 800
f 751 613 748
f 717 728 541
f 719 547 727
f 718 717 538
f 718 540 720
f 553 721 727
f 1169 721 550
f 748 608 750
f 612 1170 750
f 761 760 629
f 766 638 760
f 719 720 568
f 631 1171 761
f 649 771 768
f 694 793 792
f 787 790 683
f 799 712 802
f 1172 803 708
f 1172 708 799
f 781 675 1173
f 672 782 784
f 769 771 646
f 1173 675 784
f 1174 819 1016
f 700 796 793
f 787 687 789
f 782 674 783
f 1175 811 1012
f 637 762 765
f 643 768 767
f 1171 631 765
f 1175 1011 811
f 822 1017 1016
f 625 766 758
f 618 756 755
f 769 648 770
f 1176 641 767
f 756 620 759
f 661 776 1177
f 634 764 762
f 755 807 616
f 1177 774 661
f 652 772 778
f 663 1178 770
f 657 774 777
f 1178 663 778
f 612 749 1170
f 686 788 789
f 783 689 791
f 1013 1015 813
f 697 794 796
f 660 775 776
f 715 1179 788
f 1180 794 699
f 802 711 801
f 800 1168 801
f 699 795 1180
f 678 785 791
f 818 1015 1012
f 611 807 749
f 898 900 905
f 1181 900 904
f 1182 903 1010
f 899 904 900
f 902 1010 903
f 911 1183 1010
f 913 1184 911
f 909 911 1010
f 1010 1183 1182
f 901 903 904
f 847 1185 1039
f 1185 847 1040
f 919 1186 913
f 1047 1187 868
f 871 1065 1047
f 900 1188 905
f 1037 834 1031
f 1018 1020 824
f 829 1020 1017
f 910 913 911
f 914 916 919
f 918 1189 1190
f 918 931 1189
f 915 918 916
f 920 922 931
f 1191 931 922
f 922 924 1192
f 921 924 922
f 1193 1189 931
f 917 931 918
f 924 930 1194
f 1193 931 1191
f 930 927 1195
f 926 929 927
f 929 957 1196
f 934 1197 957
f 957 1197 1196
f 929 1196 1198
f 928 957 929
f 1192 1191 922
f 925 927 930
f 918 1190 916
f 923 930 924
f 1042 857 1050
f 912 919 913
f 854 1039 1066
f 860 1199 1050
f 1043 1040 853
f 1044 867 1045
f 1044 1199 860
f 1036 839 1200
f 1032 836 1036
f 1048 868 1187
f 1053 1201 876
f 1054 1053 907
f 873 1052 1051
f 1032 1031 841
f 1054 882 1064
f 904 903 1202
f 905 1203 896
f 911 1204 1183
f 919 916 1205
f 1184 1204 911
f 927 929 1206
f 905 1207 1203
f 885 1056 1064
f 1061 896 1203
f 1061 1062 893
f 1188 1207 905
f 1186 1184 913
f 1063 890 1058
f 887 1063 1208
f 1057 887 1208
f 1194 1192 924
f 1049 1045 862
f 880 1051 1065
f 1019 1018 827
f 804 795 714
f 523 522 728
f 722 1209 550
f 726 722 552
f 751 747 605
f 726 567 723
f 725 723 556
f 724 725 558
f 754 1210 566
f 729 754 561
f 1210 724 566
f 636 763 764
f 772 654 773
f 777 773 662
f 641 1176 779
f 626 1211 759
f 623 758 757
f 626 757 1211
f 664 779 763
f 806 667 780
f 730 729 565
f 775 716 806
f 733 730 564
f 731 733 580
f 732 1212 571
f 740 732 573
f 1212 731 571
f 735 734 576
f 739 735 578
f 736 1213 581
f 737 738 588
f 738 736 584
f 1213 739 581
f 734 740 579
f 741 753 590
f 1214 741 592
f 745 742 594
f 743 745 600
f 742 1214 592
f 752 744 599
f 1215 752 614
f 603 747 746
f 747 1216 746
f 746 1215 614
f 744 743 597
f 753 737 587
f 715 805 1179
f 816 1014 1013
f 1217 1019 856
f 839 1033 1200
f 798 797 705
f 1168 809 1011
f 831 1037 1038
f 908 1042 1041
f 845 1066 1034
f 797 804 703
f 1218 785 680
f 1043 850 1041
f 1057 1056 892
f 900 1181 1188
f 930 1195 1194
f 1186 919 1205
f 1052 879 1055
f 1058 906 1062
f 1181 904 1202
f 1201 1055 876
f 1049 865 1046
f 903 1182 1202
f 692 792 805
f 798 713 803
f 1217 856 1038
f 680 786 1218
f 790 786 688
f 830 1021 1014
f 819 1174 1021
f 916 1190 1205
f 1034 1035 842
f 1048 1046 881
f 1206 1195 927
f 1198 1206 929
f 1035 1033 855
f 669 781 780
f 933 936 934
f 936 942 1219
f 942 939 1220
f 935 942 936
f 938 941 939
f 941 956 1221
f 956 945 1222
f 940 956 941
f 1223 939 941
f 937 939 942
f 944 947 945
f 947 955 1224
f 955 950 1225
f 946 955 947
f 949 954 950
f 954 953 1226
f 953 1009 1227
f 951 953 954
f 1228 950 954
f 948 950 955
f 1229 945 947
f 943 945 956
f 958 960 1009
f 960 962 1230
f 962 968 1231
f 959 962 960
f 963 965 968
f 965 967 1232
f 967 982 1233
f 964 967 965
f 1234 968 965
f 961 968 962
f 969 971 982
f 971 973 1235
f 973 981 1236
f 970 973 971
f 974 976 981
f 976 980 1237
f 977 979 980
f 979 1008 1238
f 1239 980 979
f 975 980 976
f 1240 981 976
f 972 981 973
f 1241 982 971
f 966 982 967
f 1242 1009 960
f 952 1009 953
f 983 985 1008
f 985 987 1243
f 1243 987 1244
f 984 987 985
f 988 990 993
f 993 990 1245
f 990 992 1246
f 989 992 990
f 993 1244 987
f 986 993 987
f 1247 992 1007
f 1244 993 1248
f 1248 993 1245
f 1249 1007 996
f 995 998 996
f 1006 1250 998
f 999 1001 1006
f 1005 1251 1001
f 1006 1001 1252
f 997 1006 998
f 1253 996 998
f 994 996 1007
f 1008 985 1254
f 991 1007 992
f 1002 1004 1005
f 1255 1005 1004
f 1256 1004 1060
f 1003 1060 1004
f 1023 1022 1067
f 1067 1022 1257
f 1025 1028 1258
f 1024 1025 1022
f 1259 1060 1067
f 1059 1067 1060
f 1260 1022 1025
f 1255 1004 1256
f 1261 1258 1028
f 1029 1167 1030
f 1030 1167 1262
f 1070 1072 1263
f 1070 1264 1167
f 1261 1028 1030
f 1068 1070 1167
f 1060 1265 1256
f 1027 1030 1028
f 1251 1005 1255
f 1026 1028 1025
f 1000 1005 1001
f 1266 934 936
f 978 1008 979
f 1071 1078 1072
f 1078 1075 1267
f 1267 1075 1268
f 1073 1075 1078
f 1076 1092 1077
f 1077 1092 1269
f 1092 1081 1270
f 1079 1081 1092
f 1077 1271 1075
f 1074 1077 1075
f 1082 1091 1083
f 1083 1091 1272
f 1091 1086 1273
f 1084 1086 1091
f 1087 1089 1090
f 1089 1118 1274
f 1093 1095 1118
f 1095 1097 1275
f 1276 1118 1095
f 1088 1118 1089
f 1277 1090 1089
f 1085 1090 1086
f 1278 1081 1083
f 1080 1083 1081
f 1096 1103 1097
f 1279 1097 1103
f 1103 1100 1280
f 1098 1100 1103
f 1101 1117 1102
f 1102 1117 1281
f 1117 1106 1282
f 1104 1106 1117
f 1283 1100 1102
f 1099 1102 1100
f 1107 1116 1108
f 1108 1116 1284
f 1116 1111 1285
f 1109 1111 1116
f 1112 1114 1115
f 1115 1114 1286
f 1119 1121 1166
f 1166 1121 1287
f 1288 1114 1166
f 1113 1166 1114
f 1289 1111 1115
f 1110 1115 1111
f 1290 1106 1108
f 1105 1108 1106
f 1279 1275 1097
f 1094 1097 1095
f 1122 1129 1123
f 1123 1129 1291
f 1129 1126 1292
f 1124 1126 1129
f 1127 1143 1128
f 1128 1143 1293
f 1134 1294 1132
f 1130 1132 1143
f 1295 1126 1128
f 1125 1128 1126
f 1269 1271 1077
f 1121 1123 1296
f 1297 1134 1142
f 1133 1142 1134
f 1137 1298 1142
f 1136 1141 1137
f 1140 1299 1141
f 1137 1141 1300
f 1135 1137 1142
f 1132 1301 1143
f 1086 1090 1302
f 1271 1268 1075
f 1131 1134 1132
f 1139 1165 1140
f 1165 1146 1303
f 1146 1148 1304
f 1144 1146 1165
f 1147 1154 1148
f 1154 1151 1305
f 1151 1153 1306
f 1149 1151 1154
f 1307 1148 1154
f 1145 1148 1146
f 1152 1164 1153
f 1164 1157 1308
f 1157 1159 1309
f 1155 1157 1164
f 1158 1160 1159
f 1310 1311 1162
f 1159 1160 1312
f 1311 1160 1162
f 1153 1164 1313
f 1156 1159 1157
f 1140 1165 1314
f 1150 1153 1151
f 1103 1280 1279
f 1138 1140 1141
f 1072 1078 1315
f 1120 1123 1121
f 1316 1261 1030
f 1069 1072 1070
f 1317 1224 955
f 945 1229 1222
f 1222 1221 956
f 1318 960 1230
f 950 1228 1225
f 1317 955 1225
f 1223 941 1221
f 962 1231 1230
f 1229 947 1224
f 1226 1228 954
f 1233 1232 967
f 960 1318 1242
f 939 1223 1319
f 1234 1231 968
f 1320 1237 980
f 1235 1241 971
f 1320 980 1239
f 1246 1245 990
f 1259 1265 1060
f 1239 979 1238
f 982 1241 1321
f 1007 1249 1247
f 1249 996 1253
f 1257 1022 1260
f 1258 1260 1025
f 998 1322 1253
f 1240 976 1237
f 1321 1233 982
f 1030 1262 1316
f 965 1232 1234
f 973 1236 1235
f 1240 1236 981
f 985 1243 1254
f 939 1319 1220
f 1220 1219 942
f 1242 1227 1009
f 1226 953 1227
f 1008 1254 1238
f 1246 992 1247
f 1001 1251 1252
f 1264 1262 1167
f 1006 1252 1250
f 1250 1322 998
f 1072 1315 1263
f 1264 1070 1263
f 1259 1067 1257
f 1267 1315 1078
f 1273 1086 1302
f 1091 1273 1323
f 1282 1106 1290
f 1090 1277 1302
f 1114 1288 1286
f 1272 1091 1323
f 1092 1270 1269
f 1281 1283 1102
f 1115 1286 1324
f 1284 1290 1108
f 1117 1325 1281
f 1282 1325 1117
f 1274 1277 1089
f 1297 1326 1134
f 1326 1294 1134
f 1314 1299 1140
f 1306 1305 1151
f 1303 1327 1165
f 1153 1328 1306
f 1300 1141 1299
f 1329 1129 1292
f 1291 1129 1329
f 1301 1132 1294
f 1292 1126 1295
f 1307 1154 1305
f 1157 1309 1308
f 1309 1159 1312
f 1123 1291 1296
f 1287 1288 1166
f 1165 1327 1314
f 1283 1280 1100
f 1289 1285 1111
f 1289 1115 1324
f 1121 1296 1287
f 1275 1330 1095
f 1274 1118 1276
f 1116 1285 1284
f 1095 1330 1276
f 1083 1272 1278
f 1081 1278 1270
f 1298 1297 1142
f 1303 1146 1304
f 1308 1313 1164
f 1313 1328 1153
f 1300 1298 1137
f 1293 1143 1301
f 1148 1307 1304
f 1295 1128 1293
f 1160 1311 1312
f 1266 936 1219
f 1266 1197 934
f 932 934 957
f 1331 1332 1333
f 1334 1332 1335
f 1336 1335 1337
f 1338 1339 1340
f 1334 1333 1332
f 1341 1342 1343
f 1344 1345 1346
f 1347 1348 1349
f 1350 1349 1351
f 1348 1352 1346
f 1353 1354 1355
f 1345 1356 1337
f 1357 1358 1359
f 1360 1361 1362
f 1363 1364 1365
f 1366 1367 1368
f 1369 1370 1371
f 1372 1371 1373
f 1370 1374 1365
f 1375 1361 1376
f 1377 1378 1379
f 1380 1381 1382
f 1383 1382 1384
f 1381 1385 1379
f 1378 1386 1373
f 1334 1387 1388
f 1364 1389 1351
f 1390 1391 1392
f 1393 1394 1395
f 1396 1397 1398
f 1399 1398 1400
f 1397 1401 1395
f 1402 1403 1404
f 1405 1406 1407
f 1408 1407 1409
f 1406 1402 1404
f 1403 1410 1400
f 1411 1412 1413
f 1414 1415 1416
f 1417 1416 1418
f 1415 1419 1413
f 1420 1421 1422
f 1423 1424 1425
f 1426 1425 1427
f 1424 1428 1422
f 1421 1429 1418
f 1412 1430 1409
f 1394 1431 1384
f 1336 1337 1356
f 1368 1387 1334
f 1344 1346 1352
f 1362 1375 1356
f 1432 1362 1344
f 1352 1348 1347
f 1336 1375 1368
f 1356 1345 1344
f 1350 1351 1389
f 1433 1434 1347
f 1363 1365 1374
f 1435 1436 1389
f 1437 1435 1363
f 1374 1370 1369
f 1350 1436 1433
f 1389 1364 1363
f 1352 1434 1432
f 1347 1349 1350
f 1372 1373 1386
f 1438 1439 1369
f 1377 1379 1385
f 1440 1441 1386
f 1442 1440 1377
f 1385 1381 1380
f 1372 1441 1438
f 1386 1378 1377
f 1383 1384 1431
f 1443 1444 1380
f 1393 1395 1401
f 1445 1446 1431
f 1447 1445 1393
f 1401 1397 1396
f 1383 1446 1443
f 1431 1394 1393
f 1385 1444 1442
f 1380 1382 1383
f 1374 1439 1437
f 1369 1371 1372
f 1399 1400 1410
f 1448 1449 1396
f 1402 1406 1405
f 1450 1451 1410
f 1452 1450 1402
f 1405 1407 1408
f 1399 1451 1448
f 1410 1403 1402
f 1453 1454 1455
f 1430 1412 1411
f 1456 1457 1408
f 1458 1456 1430
f 1411 1413 1419
f 1409 1430 1408
f 1414 1419 1415
f 1405 1457 1452
f 1399 1396 1398
f 1414 1416 1417
f 1459 1460 1419
f 1429 1421 1420
f 1461 1462 1417
f 1463 1461 1429
f 1420 1422 1428
f 1414 1462 1459
f 1417 1418 1429
f 1423 1425 1426
f 1464 1465 1428
f 1466 1464 1423
f 1426 1427 1467
f 1453 1455 1467
f 1468 1469 1467
f 1470 1468 1455
f 1454 1471 1455
f 1426 1469 1466
f 1427 1453 1467
f 1420 1465 1463
f 1428 1424 1423
f 1411 1460 1458
f 1472 1471 1454
f 1401 1449 1447
f 1334 1335 1336
f 1473 1472 1474
f 1475 1476 1477
f 1478 1477 1479
f 1476 1480 1474
f 1481 1482 1483
f 1484 1485 1486
f 1487 1486 1488
f 1485 1489 1483
f 1482 1490 1479
f 1491 1492 1493
f 1494 1495 1496
f 1495 1497 1498
f 1494 1499 1493
f 1500 1501 1502
f 1503 1504 1505
f 1504 1506 1507
f 1508 1501 1503
f 1509 1497 1500
f 1492 1487 1488
f 1510 1511 1512
f 1513 1514 1515
f 1514 1516 1517
f 1518 1511 1513
f 1519 1520 1521
f 1522 1523 1524
f 1523 1525 1526
f 1527 1520 1522
f 1528 1516 1519
f 1529 1530 1531
f 1532 1533 1534
f 1533 1535 1536
f 1537 1530 1532
f 1538 1539 1540
f 1541 1542 1543
f 1542 1544 1545
f 1546 1539 1541
f 1536 1535 1538
f 1547 1525 1529
f 1548 1506 1510
f 1549 1550 1551
f 1552 1553 1554
f 1555 1549 1552
f 1553 1556 1557
f 1480 1473 1474
f 1558 1559 1556
f 1560 1561 1562
f 1563 1564 1560
f 1558 1562 1565
f 1475 1480 1476
f 1475 1477 1478
f 1566 1567 1480
f 1490 1482 1481
f 1568 1569 1478
f 1570 1568 1490
f 1481 1483 1489
f 1475 1569 1566
f 1478 1479 1490
f 1484 1486 1487
f 1571 1572 1489
f 1491 1493 1499
f 1573 1574 1487
f 1575 1573 1491
f 1551 1576 1544
f 1484 1574 1571
f 1487 1492 1491
f 1481 1572 1570
f 1489 1485 1484
f 1473 1567 1577
f 1578 1563 1579
f 1579 1580 1581
f 1582 1583 1584
f 1583 1585 1586
f 1587 1580 1582
f 1588 1589 1590
f 1591 1592 1593
f 1592 1594 1595
f 1596 1589 1591
f 1597 1585 1588
f 1598 1599 1600
f 1601 1602 1603
f 1602 1604 1605
f 1606 1599 1601
f 1607 1608 1609
f 1608 1610 1611
f 1612 1613 1614
f 1613 1615 1616
f 1617 1610 1612
f 1618 1604 1607
f 1600 1594 1598
f 1494 1496 1499
f 1473 1471 1472
f 1471 1577 1470
f 1333 1388 1619
f 1368 1334 1336
f 1367 1387 1368
f 1376 1368 1375
f 1375 1336 1356
f 1356 1344 1362
f 1432 1344 1352
f 1360 1362 1432
f 1433 1347 1350
f 1392 1434 1433
f 1620 1621 1433
f 1436 1350 1389
f 1434 1622 1432
f 1434 1352 1347
f 1375 1362 1361
f 1389 1363 1435
f 1437 1363 1374
f 1623 1624 1435
f 1438 1369 1372
f 1625 1626 1439
f 1627 1625 1438
f 1441 1372 1386
f 1437 1626 1623
f 1439 1374 1369
f 1442 1377 1385
f 1628 1629 1440
f 1443 1380 1383
f 1630 1631 1444
f 1632 1630 1443
f 1446 1383 1431
f 1442 1631 1628
f 1444 1385 1380
f 1441 1629 1627
f 1440 1386 1377
f 1436 1624 1620
f 1431 1393 1445
f 1495 1498 1496
f 1633 1496 1634
f 1500 1502 1509
f 1635 1509 1636
f 1636 1502 1637
f 1501 1508 1502
f 1635 1634 1498
f 1497 1509 1498
f 1504 1507 1505
f 1638 1505 1639
f 1510 1512 1548
f 1640 1548 1641
f 1641 1512 1642
f 1511 1518 1512
f 1640 1639 1507
f 1506 1548 1507
f 1638 1637 1508
f 1503 1505 1508
f 1396 1399 1448
f 1643 1644 1445
f 1408 1457 1405
f 1645 1646 1449
f 1647 1645 1448
f 1518 1648 1642
f 1447 1646 1643
f 1399 1410 1451
f 1514 1517 1515
f 1648 1515 1649
f 1519 1521 1528
f 1650 1528 1651
f 1651 1521 1652
f 1520 1527 1521
f 1650 1649 1517
f 1516 1528 1517
f 1450 1410 1402
f 1401 1396 1449
f 1393 1401 1447
f 1513 1515 1518
f 1446 1644 1632
f 1388 1333 1334
f 1452 1402 1405
f 1653 1654 1450
f 1458 1430 1411
f 1655 1656 1457
f 1657 1655 1456
f 1460 1411 1419
f 1452 1656 1653
f 1456 1408 1430
f 1462 1414 1417
f 1658 1659 1460
f 1463 1429 1420
f 1660 1661 1462
f 1662 1660 1461
f 1465 1420 1428
f 1459 1661 1658
f 1461 1417 1429
f 1458 1659 1657
f 1459 1419 1414
f 1466 1423 1426
f 1663 1664 1465
f 1468 1467 1455
f 1665 1666 1466
f 1667 1665 1469
f 1470 1455 1471
f 1464 1666 1663
f 1469 1426 1467
f 1567 1473 1480
f 1668 1669 1470
f 1569 1475 1478
f 1670 1671 1567
f 1672 1670 1566
f 1568 1478 1490
f 1577 1671 1668
f 1566 1480 1475
f 1468 1669 1667
f 1577 1471 1473
f 1463 1664 1662
f 1464 1428 1423
f 1572 1481 1489
f 1673 1674 1568
f 1574 1484 1487
f 1675 1676 1572
f 1677 1675 1571
f 1573 1487 1491
f 1570 1676 1673
f 1571 1489 1484
f 1575 1499 1633
f 1678 1679 1573
f 1496 1498 1634
f 1680 1681 1633
f 1682 1680 1634
f 1498 1509 1635
f 1575 1681 1678
f 1499 1496 1633
f 1574 1679 1677
f 1575 1491 1499
f 1502 1508 1637
f 1683 1684 1636
f 1505 1507 1639
f 1685 1686 1638
f 1687 1685 1639
f 1507 1548 1640
f 1637 1686 1683
f 1508 1505 1638
f 1512 1518 1642
f 1688 1689 1641
f 1690 1688 1642
f 1518 1515 1648
f 1517 1528 1650
f 1691 1692 1649
f 1693 1691 1650
f 1528 1521 1651
f 1648 1692 1690
f 1515 1517 1649
f 1640 1689 1687
f 1548 1512 1641
f 1635 1684 1682
f 1509 1502 1636
f 1569 1674 1672
f 1570 1490 1481
f 1451 1654 1647
f 1527 1652 1521
f 1523 1526 1524
f 1694 1695 1524
f 1529 1531 1547
f 1696 1697 1547
f 1698 1696 1531
f 1530 1537 1531
f 1526 1697 1694
f 1525 1547 1526
f 1533 1536 1534
f 1699 1700 1534
f 1539 1546 1540
f 1701 1702 1540
f 1703 1701 1546
f 1541 1543 1546
f 1536 1702 1699
f 1538 1540 1536
f 1537 1700 1698
f 1532 1534 1537
f 1544 1576 1545
f 1704 1705 1545
f 1549 1555 1550
f 1706 1707 1550
f 1708 1706 1555
f 1552 1554 1555
f 1576 1707 1704
f 1551 1550 1576
f 1556 1559 1557
f 1709 1710 1557
f 1562 1561 1565
f 1711 1712 1565
f 1713 1711 1561
f 1560 1564 1561
f 1559 1712 1709
f 1558 1565 1559
f 1554 1710 1708
f 1553 1557 1554
f 1543 1705 1703
f 1542 1545 1543
f 1579 1581 1578
f 1714 1715 1578
f 1582 1584 1587
f 1716 1717 1587
f 1718 1716 1584
f 1583 1586 1584
f 1581 1717 1714
f 1580 1587 1581
f 1588 1590 1597
f 1719 1720 1597
f 1591 1593 1596
f 1721 1722 1596
f 1723 1721 1593
f 1592 1595 1593
f 1590 1722 1719
f 1589 1596 1590
f 1586 1720 1718
f 1585 1597 1586
f 1599 1606 1600
f 1724 1725 1600
f 1602 1605 1603
f 1726 1727 1603
f 1728 1726 1605
f 1604 1618 1605
f 1606 1727 1724
f 1601 1603 1606
f 1608 1611 1609
f 1729 1730 1609
f 1731 1729 1611
f 1610 1617 1611
f 1613 1616 1614
f 1732 1733 1614
f 1734 1732 1616
f 1615 1735 1616
f 1617 1733 1731
f 1612 1614 1617
f 1618 1730 1728
f 1607 1609 1618
f 1595 1725 1723
f 1594 1600 1595
f 1564 1715 1713
f 1563 1578 1564
f 1527 1524 1695
f 1736 1737 1652
f 1526 1547 1697
f 1738 1739 1694
f 1740 1738 1697
f 1547 1531 1696
f 1695 1739 1736
f 1524 1526 1694
f 1537 1534 1700
f 1741 1742 1698
f 1536 1540 1702
f 1743 1744 1699
f 1745 1743 1702
f 1540 1546 1701
f 1700 1744 1741
f 1534 1536 1699
f 1696 1742 1740
f 1531 1537 1698
f 1543 1545 1705
f 1746 1747 1703
f 1576 1550 1707
f 1748 1749 1704
f 1750 1748 1707
f 1550 1555 1706
f 1705 1749 1746
f 1545 1576 1704
f 1554 1557 1710
f 1751 1752 1708
f 1559 1565 1712
f 1753 1754 1709
f 1755 1753 1712
f 1565 1561 1711
f 1710 1754 1751
f 1557 1559 1709
f 1706 1752 1750
f 1555 1554 1708
f 1701 1747 1745
f 1546 1543 1703
f 1564 1578 1715
f 1756 1757 1713
f 1581 1587 1717
f 1758 1759 1714
f 1760 1758 1717
f 1587 1584 1716
f 1715 1759 1756
f 1578 1581 1714
f 1586 1597 1720
f 1761 1762 1718
f 1590 1596 1722
f 1763 1764 1719
f 1765 1763 1722
f 1596 1593 1721
f 1720 1764 1761
f 1597 1590 1719
f 1716 1762 1760
f 1584 1586 1718
f 1595 1600 1725
f 1766 1767 1723
f 1606 1603 1727
f 1768 1769 1724
f 1770 1768 1727
f 1603 1605 1726
f 1725 1769 1766
f 1600 1606 1724
f 1618 1609 1730
f 1771 1772 1728
f 1773 1771 1730
f 1609 1611 1729
f 1617 1614 1733
f 1774 1775 1731
f 1776 1774 1733
f 1614 1616 1732
f 1729 1775 1773
f 1611 1617 1731
f 1726 1772 1770
f 1605 1618 1728
f 1721 1767 1765
f 1593 1595 1723
f 1711 1757 1755
f 1561 1564 1713
f 1695 1652 1527
f 1735 1734 1616
f 1651 1737 1693
f 1522 1524 1527
f 1777 1735 1615
f 1778 1777 1779
f 1780 1781 1782
f 1783 1782 1784
f 1781 1785 1779
f 1786 1787 1788
f 1789 1790 1791
f 1792 1791 1793
f 1790 1794 1788
f 1787 1795 1784
f 1796 1797 1798
f 1799 1800 1801
f 1801 1802 1803
f 1800 1804 1798
f 1805 1806 1807
f 1808 1809 1810
f 1809 1811 1812
f 1813 1806 1808
f 1803 1802 1805
f 1797 1814 1793
f 1815 1816 1817
f 1818 1819 1820
f 1819 1821 1822
f 1823 1816 1818
f 1824 1825 1826
f 1827 1828 1829
f 1828 1830 1831
f 1832 1825 1827
f 1833 1821 1824
f 1834 1835 1836
f 1837 1838 1839
f 1838 1840 1841
f 1842 1835 1837
f 1843 1844 1845
f 1846 1847 1848
f 1847 1849 1850
f 1851 1844 1846
f 1852 1840 1843
f 1853 1830 1834
f 1854 1811 1815
f 1855 1856 1857
f 1785 1781 1780
f 1858 1859 1778
f 1860 1858 1785
f 1780 1782 1783
f 1785 1778 1779
f 1855 1861 1862
f 1863 1864 1861
f 1865 1866 1867
f 1868 1869 1865
f 1863 1867 1870
f 1783 1784 1795
f 1795 1787 1786
f 1871 1872 1783
f 1794 1790 1789
f 1873 1874 1786
f 1875 1873 1794
f 1789 1791 1792
f 1795 1874 1871
f 1786 1788 1794
f 1814 1797 1796
f 1876 1877 1792
f 1804 1800 1799
f 1878 1879 1796
f 1880 1878 1804
f 1857 1850 1849
f 1814 1879 1876
f 1796 1798 1804
f 1789 1877 1875
f 1792 1793 1814
f 1780 1872 1860
f 1881 1868 1882
f 1882 1883 1884
f 1885 1886 1887
f 1886 1888 1889
f 1890 1883 1885
f 1891 1892 1893
f 1894 1895 1896
f 1895 1897 1898
f 1899 1892 1894
f 1900 1888 1891
f 1901 1902 1903
f 1904 1905 1906
f 1905 1907 1908
f 1909 1902 1904
f 1910 1911 1912
f 1911 1913 1914
f 1915 1916 1917
f 1916 1918 1919
f 1914 1913 1915
f 1920 1907 1910
f 1921 1897 1901
f 1922 1923 1918
f 1777 1778 1735
f 1924 1922 1925
f 1926 1927 1928
f 1929 1928 1930
f 1927 1931 1925
f 1932 1933 1934
f 1935 1936 1937
f 1938 1937 1939
f 1936 1940 1934
f 1933 1941 1930
f 1942 1943 1944
f 1945 1946 1947
f 1948 1947 1949
f 1946 1950 1944
f 1951 1952 1953
f 1954 1955 1956
f 1955 1957 1958
f 1959 1952 1954
f 1960 1961 1949
f 1943 1962 1939
f 1963 1964 1965
f 1966 1967 1968
f 1967 1969 1970
f 1971 1964 1966
f 1972 1973 1974
f 1975 1976 1977
f 1976 1978 1979
f 1980 1973 1975
f 1981 1969 1972
f 1982 1983 1984
f 1985 1986 1987
f 1986 1988 1989
f 1990 1983 1985
f 1991 1992 1993
f 1992 1994 1995
f 1996 1997 1998
f 1997 1999 2000
f 2001 1994 1996
f 2002 1988 1991
f 2003 1978 1982
f 1965 1957 1963
f 2004 2005 2006
f 2007 2008 2009
f 2008 2010 2011
f 2012 2005 2007
f 2013 2014 2015
f 2016 2017 2018
f 2017 2019 2020
f 2021 2014 2016
f 2011 2010 2013
f 2022 2023 2024
f 2025 2026 2027
f 2026 2028 2029
f 2030 2023 2025
f 2031 2032 2033
f 2034 2035 2036
f 2035 2037 2038
f 2039 2032 2034
f 2040 2028 2031
f 2041 2019 2022
f 2042 2043 2044
f 2045 2046 2047
f 2046 2048 2049
f 2050 2043 2045
f 2051 2052 2053
f 2054 2055 2056
f 2055 2057 2058
f 2059 2052 2054
f 2060 2048 2051
f 2061 2062 2063
f 2064 2065 2066
f 2067 2068 2065
f 2062 2064 2069
f 2070 2071 2072
f 2073 2067 2074
f 2075 2072 2076
f 1343 2077 2076
f 2057 2061 2058
f 2037 2042 2078
f 1999 2004 2079
f 1960 1951 2080
f 1799 1801 1803
f 1805 1807 1803
f 2081 2082 1803
f 1808 1810 1813
f 2083 2084 1813
f 2085 2083 1810
f 1809 1812 1810
f 1807 2084 2081
f 1806 1813 1807
f 1815 1817 1854
f 2086 2087 1854
f 1818 1820 1823
f 2088 1823 2089
f 2089 1820 2090
f 1819 1822 1820
f 1817 2088 2086
f 1816 1823 1817
f 1812 2087 2085
f 1811 1854 1812
f 1824 1826 1833
f 2091 1833 2092
f 1827 1829 1832
f 2093 1832 2094
f 2094 1829 2095
f 1828 1831 1829
f 2093 2092 1826
f 1825 1832 1826
f 1834 1836 1853
f 2096 1853 2097
f 1837 1839 1842
f 2098 1842 2099
f 2099 1839 2100
f 1838 1841 1839
f 2098 2097 1836
f 1835 1842 1836
f 2096 2095 1831
f 1830 1853 1831
f 2091 2090 1822
f 1821 1833 1822
f 1843 1845 1852
f 2101 1852 2102
f 1846 1848 1851
f 2103 1851 2104
f 2104 1848 2105
f 1847 1850 1848
f 2103 2102 1845
f 1844 1851 1845
f 1855 1862 1856
f 2106 1856 2107
f 1863 1870 1864
f 2108 1864 2109
f 2109 1870 2110
f 1867 1866 1870
f 2108 2107 1862
f 1861 1864 1862
f 2106 2105 1850
f 1857 1856 1850
f 1868 1881 1869
f 2111 1869 2112
f 1883 1890 1884
f 2113 1884 2114
f 2114 1890 2115
f 1885 1887 1890
f 2113 2112 1881
f 1882 1884 1881
f 1888 1900 1889
f 2116 1889 2117
f 1892 1899 1893
f 2118 1893 2119
f 2119 1899 2120
f 1894 1896 1899
f 2118 2117 1900
f 1891 1893 1900
f 2116 2115 1887
f 1886 1889 1887
f 2111 2110 1866
f 1865 1869 1866
f 2101 2100 1841
f 1840 1852 1841
f 1780 1860 1785
f 2121 2122 1734
f 1795 1871 1783
f 2123 2124 1858
f 2125 2123 1860
f 1786 1874 1795
f 1859 2124 2121
f 1783 1872 1780
f 1789 1875 1794
f 2126 2127 1871
f 1814 1876 1792
f 2128 2129 1873
f 2130 2128 1875
f 1796 1879 1814
f 1874 2129 2126
f 1792 1877 1789
f 1872 2127 2125
f 1794 1873 1786
f 1799 1880 1804
f 2131 2132 1876
f 2082 1799 1803
f 2133 2134 1878
f 2135 2133 1880
f 2081 1803 1807
f 1879 2134 2131
f 2082 1880 1799
f 2083 1813 1810
f 2136 2137 2081
f 2087 1812 1854
f 2138 2139 2083
f 2140 2138 2085
f 2086 1854 1817
f 2084 2139 2136
f 2085 1810 1812
f 2082 2137 2135
f 2084 1807 1813
f 1877 2132 2130
f 1804 1878 1796
f 1897 1921 1898
f 2141 1898 2142
f 1902 1909 1903
f 2143 1903 2144
f 2144 1909 2145
f 1904 1906 1909
f 2143 2142 1921
f 1901 1903 1921
f 1907 1920 1908
f 2146 1908 2147
f 1911 1914 1912
f 2148 1912 2149
f 2149 1914 2150
f 1915 1917 1914
f 2148 2147 1920
f 1910 1912 1920
f 2146 2145 1906
f 1905 1908 1906
f 1918 1923 1919
f 2151 1919 2152
f 2153 2154 1924
f 1923 2154 2152
f 2155 2153 1931
f 1925 1931 1924
f 2150 1917 2151
f 1922 1924 1923
f 1928 1929 1926
f 2155 1926 2156
f 2156 1929 2157
f 1930 1941 1929
f 1934 1940 1932
f 2158 1932 2159
f 2159 1940 2160
f 1936 1935 1940
f 2158 2157 1941
f 1933 1932 1941
f 1935 2161 2160
f 1927 1926 1931
f 2141 2120 1896
f 1916 1919 1917
f 2087 2162 2140
f 1785 1858 1778
f 1778 1859 1735
f 1895 1898 1896
f 1939 1962 1938
f 2163 2161 1938
f 1944 1950 1942
f 2164 2165 1942
f 2166 2164 1950
f 1946 1945 1950
f 1962 2165 2163
f 1943 1942 1962
f 1949 1961 1948
f 2167 2168 1948
f 1951 1953 2080
f 2169 2170 2080
f 2171 2169 1953
f 1952 1959 1953
f 1961 2170 2167
f 1960 2080 1961
f 1945 2168 2166
f 1947 1948 1945
f 1955 1958 1956
f 2172 2173 1956
f 1964 1971 1965
f 2174 1971 2175
f 2175 1968 2176
f 1966 1968 1971
f 2174 2177 1965
f 1957 1965 1958
f 1969 1981 1970
f 2178 1981 2179
f 1973 1980 1974
f 2180 1980 2181
f 2181 1977 2182
f 1975 1977 1980
f 2180 2179 1974
f 1972 1974 1981
f 2178 2176 1970
f 1967 1970 1968
f 1959 2173 2171
f 1954 1956 1959
f 1978 2003 1979
f 2183 2003 2184
f 1983 1990 1984
f 2185 1990 2186
f 2186 1987 2187
f 1985 1987 1990
f 2185 2184 1984
f 1982 1984 2003
f 1988 2002 1989
f 2188 2002 2189
f 1992 1995 1993
f 2190 1995 2191
f 2191 2001 2192
f 1994 2001 1995
f 2190 2189 1993
f 1991 1993 2002
f 2188 2187 1989
f 1986 1989 1987
f 1997 2000 1998
f 2193 2000 2194
f 2004 2006 2079
f 2195 2006 2196
f 2196 2012 2197
f 2005 2012 2006
f 2195 2194 2079
f 1999 2079 2000
f 2008 2011 2009
f 2198 2011 2199
f 2199 2015 2200
f 2013 2015 2011
f 2016 2018 2021
f 2201 2018 2202
f 2202 2020 2203
f 2017 2020 2018
f 2201 2200 2021
f 2014 2021 2015
f 2198 2197 2009
f 2007 2009 2012
f 2193 2192 1998
f 1996 1998 2001
f 2183 2182 1979
f 1976 1979 1977
f 2022 2024 2041
f 2204 2024 2205
f 2025 2027 2030
f 2206 2027 2207
f 2207 2029 2208
f 2026 2029 2027
f 2206 2205 2030
f 2023 2030 2024
f 2031 2033 2040
f 2209 2033 2210
f 2034 2036 2039
f 2211 2036 2212
f 2212 2038 2213
f 2035 2038 2036
f 2211 2210 2039
f 2032 2039 2033
f 2209 2208 2040
f 2028 2040 2029
f 2042 2044 2078
f 2214 2044 2215
f 2045 2047 2050
f 2216 2047 2217
f 2217 2049 2218
f 2046 2049 2047
f 2216 2215 2050
f 2043 2050 2044
f 2051 2053 2060
f 2219 2053 2220
f 2054 2056 2059
f 2221 2056 2222
f 2222 2058 2223
f 2055 2058 2056
f 2221 2220 2059
f 2052 2059 2053
f 2219 2218 2060
f 2048 2060 2049
f 2214 2213 2078
f 2037 2078 2038
f 2062 2069 2063
f 2224 2069 2225
f 2065 2068 2066
f 2226 2068 2227
f 2073 2228 2227
f 2067 2073 2068
f 2226 2225 2066
f 2064 2066 2069
f 2072 2229 2070
f 2230 2229 2231
f 2076 2077 2075
f 2232 2077 1343
f 2233 2234 1341
f 1342 2234 1343
f 2231 2075 2232
f 2072 2075 2229
f 2228 2070 2230
f 2071 2070 2073
f 2233 1338 2235
f 1355 1354 1358
f 1359 2236 1357
f 2237 1339 2236
f 2223 2063 2224
f 2234 1342 1341
f 2203 2041 2204
f 2061 2063 2058
f 1958 2177 2172
f 2019 2041 2020
f 2088 1817 1823
f 1937 1938 1935
f 1735 1859 1734
f 1732 2122 1776
f 1368 1376 1366
f 1367 1388 1387
f 1622 1434 1390
f 1434 1391 1390
f 1622 1360 1432
f 1391 1434 1392
f 1620 1433 1436
f 2238 1621 1620
f 1623 1435 1437
f 2239 1624 1623
f 2240 1623 1626
f 1626 1437 1439
f 1624 2239 1620
f 1624 1436 1435
f 1627 1438 1441
f 2241 1625 1627
f 1628 1440 1442
f 2242 1629 1628
f 2243 1628 1631
f 1631 1442 1444
f 1629 2244 1627
f 1629 1441 1440
f 1625 2245 1626
f 1625 1439 1438
f 1433 1621 1392
f 1444 1443 1630
f 1632 1443 1446
f 2246 1630 1632
f 1643 1445 1447
f 2247 1644 1643
f 2248 1643 1646
f 1646 1447 1449
f 1644 2249 1632
f 1644 1446 1445
f 1647 1448 1451
f 2250 1645 1647
f 1653 1450 1452
f 2251 1654 1653
f 2252 1653 1656
f 1656 1452 1457
f 1654 2253 1647
f 1654 1451 1450
f 1645 2254 1646
f 1645 1449 1448
f 1657 1456 1458
f 2255 1655 1657
f 1658 1460 1459
f 2256 1659 1658
f 2257 1658 1661
f 1661 1459 1462
f 1659 2258 1657
f 1659 1458 1460
f 1662 1461 1463
f 2259 1660 1662
f 1663 1465 1464
f 2260 1664 1663
f 2261 1663 1666
f 1666 1464 1466
f 1664 2262 1662
f 1664 1463 1465
f 1660 2263 1661
f 1660 1462 1461
f 1655 2264 1656
f 1655 1457 1456
f 1630 2265 1631
f 1466 1469 1665
f 1667 1469 1468
f 2266 1665 1667
f 1668 1470 1577
f 2267 1669 1668
f 2268 1668 1671
f 1671 1577 1567
f 1669 2269 1667
f 1669 1468 1470
f 1672 1566 1569
f 2270 1670 1672
f 1673 1568 1570
f 2271 1674 1673
f 2272 1673 1676
f 1676 1570 1572
f 1674 2273 1672
f 1674 1569 1568
f 1670 2274 1671
f 1670 1567 1566
f 1677 1571 1574
f 2275 1675 1677
f 1678 1573 1575
f 2276 1679 1678
f 2277 1678 1681
f 1681 1575 1633
f 1679 2278 1677
f 1679 1574 1573
f 1682 1634 1635
f 2279 1680 1682
f 1683 1636 1637
f 2280 1684 1683
f 2281 1683 1686
f 1686 1637 1638
f 1684 2282 1682
f 1684 1635 1636
f 1680 2283 1681
f 1680 1633 1634
f 1675 2284 1676
f 1675 1572 1571
f 1687 1639 1640
f 2285 1685 1687
f 1688 1641 1642
f 2286 1689 1688
f 2287 1688 1690
f 1690 1642 1648
f 1689 2288 1687
f 1689 1640 1641
f 1649 1650 1691
f 2289 1692 1691
f 1651 1652 1737
f 2290 1693 1737
f 2291 1737 1736
f 1652 1695 1736
f 1693 2292 1691
f 1650 1651 1693
f 1692 2293 1690
f 1648 1649 1692
f 1694 1697 1738
f 2294 1739 1738
f 1696 1698 1742
f 2295 1740 1742
f 2296 1742 1741
f 1698 1700 1741
f 1740 2297 1738
f 1697 1696 1740
f 1699 1702 1743
f 2298 1744 1743
f 2299 1743 1745
f 1702 1701 1745
f 1703 1705 1746
f 2300 1747 1746
f 2301 1746 1749
f 1705 1704 1749
f 1747 2302 1745
f 1701 1703 1747
f 1744 2303 1741
f 1700 1699 1744
f 1739 2304 1736
f 1695 1694 1739
f 1685 2305 1686
f 1685 1638 1639
f 1665 2306 1666
f 1704 1707 1748
f 1752 1706 1708
f 2307 1748 1750
f 1754 1710 1709
f 2308 1752 1751
f 2309 1751 1754
f 1753 1709 1712
f 1752 2310 1750
f 1751 1708 1710
f 1823 1820 2089
f 2088 2311 2312
f 2311 2089 2313
f 1713 1757 1711
f 2314 1753 1755
f 1756 1713 1715
f 1712 1711 1755
f 1820 1822 2090
f 1753 2315 1754
f 1706 1750 1707
f 1759 1715 1714
f 2316 1757 1756
f 1760 1717 1716
f 2317 1759 1758
f 2318 1758 1760
f 1762 1716 1718
f 1759 2319 1756
f 1758 1714 1717
f 1764 1720 1719
f 2320 1762 1761
f 1765 1722 1721
f 2321 1764 1763
f 2322 1763 1765
f 1767 1721 1723
f 1764 2323 1761
f 1763 1719 1722
f 1762 2324 1760
f 1761 1718 1720
f 1757 2325 1755
f 2326 2313 2090
f 1833 1826 2092
f 2326 2091 2327
f 1832 1829 2094
f 2328 2093 2329
f 2329 2094 2330
f 1829 1831 2095
f 2328 2327 2092
f 1826 1832 2093
f 1853 1836 2097
f 2331 2096 2332
f 1842 1839 2099
f 2098 2333 2334
f 2099 2335 2333
f 1839 1841 2100
f 2332 2097 2334
f 1836 1842 2098
f 2331 2330 2095
f 1831 1853 2096
f 1852 1845 2102
f 2101 2336 2337
f 1851 1848 2104
f 2103 2338 2339
f 2104 2340 2338
f 1848 1850 2105
f 2336 2102 2339
f 1845 1851 2103
f 1856 1862 2107
f 2106 2341 2342
f 1864 1870 2109
f 2108 2343 2344
f 2109 2345 2343
f 1870 1866 2110
f 2341 2107 2344
f 1862 1864 2108
f 2340 2105 2342
f 1850 1856 2106
f 2335 2100 2337
f 1841 1852 2101
f 1723 1725 1766
f 1822 1833 2091
f 1769 1725 1724
f 2346 1767 1766
f 1770 1727 1726
f 2347 1769 1768
f 2348 1768 1770
f 1772 1726 1728
f 1769 2349 1766
f 1768 1724 1727
f 1773 1730 1729
f 2350 1772 1771
f 1774 1731 1733
f 2351 1773 1775
f 2352 1775 1774
f 1776 1733 1732
f 1773 2353 1771
f 1775 1729 1731
f 1772 2354 1770
f 1771 1728 1730
f 2121 1734 1859
f 2355 1776 2122
f 2123 1858 1860
f 2356 2121 2124
f 2357 2124 2123
f 2125 1860 1872
f 2121 2358 2122
f 2124 1859 1858
f 2126 1871 1874
f 2359 2125 2127
f 2128 1873 1875
f 2360 2126 2129
f 2361 2129 2128
f 2130 1875 1877
f 2126 2362 2127
f 2129 1874 1873
f 2125 2363 2123
f 2127 1872 1871
f 1776 2364 1774
f 2122 1732 1734
f 2131 1876 1879
f 2365 2130 2132
f 2133 1878 1880
f 2366 2131 2134
f 2367 2134 2133
f 2135 1880 2082
f 2131 2368 2132
f 2134 1879 1878
f 2136 2081 2084
f 2369 2135 2137
f 2138 2083 2085
f 2370 2136 2139
f 2371 2139 2138
f 2140 2085 2087
f 2136 2372 2137
f 2139 2084 2083
f 2135 2373 2133
f 2137 2082 2081
f 2162 2086 2312
f 2374 2140 2162
f 2088 2089 2311
f 2375 2312 2311
f 2376 2311 2313
f 2089 2090 2313
f 2312 2377 2162
f 2086 2088 2312
f 2091 2092 2327
f 2378 2326 2327
f 2379 2327 2328
f 2092 2093 2328
f 2094 2095 2330
f 2380 2329 2330
f 2381 2330 2331
f 2095 2096 2331
f 2329 2382 2328
f 2093 2094 2329
f 2326 2383 2313
f 2090 2091 2326
f 2140 2384 2138
f 2162 2087 2086
f 2130 2385 2128
f 2132 1877 1876
f 1767 2386 1765
f 2332 2096 2097
f 1748 2387 1749
f 1620 2239 2238
f 1626 2245 2240
f 1623 2388 2239
f 2245 1625 2241
f 2244 1629 2242
f 2242 1628 2243
f 2241 1627 2244
f 1631 2389 2243
f 2389 1631 2265
f 2246 1632 2249
f 2249 1644 2247
f 2265 1630 2246
f 2248 1646 2254
f 2250 1647 2253
f 2253 1654 2251
f 2254 1645 2250
f 2247 1643 2248
f 1653 2252 2251
f 2252 1656 2264
f 2255 1657 2258
f 2258 1659 2256
f 2264 1655 2255
f 2257 1661 2263
f 2259 1662 2262
f 2262 1664 2260
f 2263 1660 2259
f 2256 1658 2257
f 2261 1666 2306
f 2266 1667 2269
f 2269 1669 2267
f 2306 1665 2266
f 2390 1668 2268
f 2274 1670 2270
f 2270 1672 2273
f 2268 1671 2274
f 2267 1668 2390
f 2260 1663 2261
f 1674 2271 2273
f 2271 1673 2272
f 2284 1675 2275
f 2275 1677 2278
f 2272 1676 2284
f 2276 1678 2277
f 2283 1680 2279
f 2279 1682 2282
f 2277 1681 2283
f 2278 1679 2276
f 2280 1683 2281
f 2305 1685 2285
f 2285 1687 2288
f 2281 1686 2305
f 2286 1688 2287
f 2293 1692 2289
f 2289 1691 2292
f 2287 1690 2293
f 2288 1689 2286
f 2282 1684 2280
f 2391 1693 2290
f 2291 1736 2304
f 2304 1739 2294
f 2290 1737 2291
f 2297 1740 2295
f 1741 2303 2296
f 1744 2298 2303
f 1742 2296 2295
f 2294 1738 2297
f 1745 2302 2299
f 1746 2301 2300
f 1749 2387 2301
f 1747 2300 2302
f 1750 2310 2307
f 1752 2308 2310
f 1754 2315 2309
f 1753 2314 2315
f 1751 2309 2308
f 1748 2307 2387
f 1743 2299 2298
f 2292 1693 2391
f 1755 2325 2314
f 2316 1756 2319
f 2317 1758 2392
f 2392 1758 2318
f 2319 1759 2317
f 2324 1762 2320
f 2323 1764 2321
f 2321 1763 2322
f 2320 1761 2323
f 2318 1760 2324
f 2386 1767 2346
f 2349 1769 2347
f 2347 1768 2348
f 2346 1766 2349
f 2354 1772 2350
f 2353 1773 2351
f 2351 1775 2352
f 2350 1771 2353
f 2348 1770 2354
f 2322 1765 2386
f 2097 2098 2334
f 2332 2334 2393
f 2099 2100 2335
f 2333 2335 2394
f 2335 2337 2395
f 2100 2101 2337
f 2396 2334 2333
f 2098 2099 2333
f 2102 2103 2339
f 2336 2339 2397
f 2104 2105 2340
f 2338 2340 2398
f 2340 2342 2399
f 2105 2106 2342
f 2400 2339 2338
f 2103 2104 2338
f 2401 2337 2336
f 2101 2102 2336
f 2358 2355 2122
f 2357 2356 2124
f 2363 2357 2123
f 2356 2358 2121
f 2107 2108 2344
f 2341 2344 2402
f 2344 2343 2403
f 2108 2109 2343
f 2404 2343 2345
f 2342 2341 2405
f 2362 2359 2127
f 2363 2125 2359
f 2109 2110 2345
f 2355 2364 1776
f 1774 2364 2352
f 2106 2107 2341
f 2316 2325 1757
f 2362 2126 2406
f 2360 2129 2361
f 2361 2128 2385
f 2406 2126 2360
f 2365 2132 2368
f 2366 2134 2367
f 2367 2133 2373
f 2368 2131 2366
f 2385 2130 2365
f 2369 2137 2372
f 2370 2139 2371
f 2371 2138 2384
f 2372 2136 2370
f 2374 2162 2377
f 2375 2311 2376
f 2376 2313 2383
f 2377 2312 2375
f 2384 2140 2374
f 2373 2135 2369
f 2378 2327 2379
f 2382 2329 2380
f 2380 2330 2381
f 2379 2328 2382
f 2331 2332 2407
f 2332 2393 2408
f 2334 2396 2393
f 2332 2408 2407
f 2381 2331 2407
f 2335 2395 2394
f 2336 2397 2401
f 2339 2400 2397
f 2337 2401 2395
f 2340 2399 2398
f 2342 2405 2399
f 2344 2403 2402
f 2343 2404 2403
f 2341 2402 2405
f 2338 2398 2400
f 2333 2394 2396
f 2383 2326 2378
f 2409 2404 2345
f 2238 1392 1621
f 2410 2345 2110
f 1869 1881 2112
f 2411 2410 2111
f 1884 1890 2114
f 2412 2413 2113
f 2414 2412 2114
f 1890 1887 2115
f 2112 2413 2411
f 1881 1884 2113
f 1889 1900 2117
f 2415 2416 2116
f 1893 1899 2119
f 2417 2418 2118
f 2419 2417 2119
f 1899 1896 2120
f 2117 2418 2415
f 1900 1893 2118
f 2115 2416 2414
f 1887 1889 2116
f 1898 1921 2142
f 2420 2421 2141
f 1903 1909 2144
f 2422 2423 2143
f 2424 2422 2144
f 1909 1906 2145
f 2142 2423 2420
f 1921 1903 2143
f 1908 1920 2147
f 2425 2426 2146
f 1912 1914 2149
f 2427 2428 2148
f 2429 2427 2149
f 1914 1917 2150
f 2147 2428 2425
f 1920 1912 2148
f 2145 2426 2424
f 1906 1908 2146
f 2120 2421 2419
f 1896 1898 2141
f 1919 1923 2152
f 2430 2431 2151
f 1924 1931 2153
f 2432 2433 2154
f 2434 2432 2153
f 1931 1926 2155
f 2152 2433 2430
f 1923 1924 2154
f 1929 1941 2157
f 2435 2436 2156
f 1932 1940 2159
f 2437 2438 2158
f 2439 2437 2159
f 1940 1935 2160
f 2157 2438 2435
f 1941 1932 2158
f 2155 2436 2434
f 1926 1929 2156
f 1938 1962 2163
f 2440 2441 2161
f 1942 1950 2164
f 2442 2443 2165
f 2444 2442 2164
f 1950 1945 2166
f 2163 2443 2440
f 1962 1942 2165
f 1948 1961 2167
f 2445 2446 2168
f 2080 1953 2169
f 2447 2448 2170
f 2449 2447 2169
f 1953 1959 2171
f 2167 2448 2445
f 1961 2080 2170
f 2166 2446 2444
f 1945 1948 2168
f 2160 2441 2439
f 1935 1938 2161
f 2150 2431 2429
f 1917 1919 2151
f 2413 2112 2113
f 2450 2410 2411
f 2414 2114 2115
f 2451 2413 2412
f 2452 2412 2414
f 2416 2115 2116
f 2413 2453 2411
f 2412 2113 2114
f 2418 2117 2118
f 2454 2416 2415
f 2419 2119 2120
f 2455 2418 2417
f 2456 2417 2419
f 2421 2120 2141
f 2418 2457 2415
f 2417 2118 2119
f 2416 2458 2414
f 2415 2116 2117
f 2423 2142 2143
f 2459 2421 2420
f 2424 2144 2145
f 2460 2423 2422
f 2461 2422 2424
f 2426 2145 2146
f 2423 2462 2420
f 2422 2143 2144
f 2428 2147 2148
f 2463 2426 2425
f 2429 2149 2150
f 2464 2428 2427
f 2465 2427 2429
f 2431 2150 2151
f 2428 2466 2425
f 2427 2148 2149
f 2426 2467 2424
f 2425 2146 2147
f 2421 2468 2419
f 2420 2141 2142
f 2433 2152 2154
f 2469 2431 2430
f 2434 2153 2155
f 2470 2433 2432
f 2471 2432 2434
f 2436 2155 2156
f 2433 2472 2430
f 2432 2154 2153
f 2157 2158 2438
f 2157 2435 2156
f 2437 2158 2159
f 2473 2435 2438
f 2474 2438 2437
f 2439 2159 2160
f 2435 2475 2436
f 2160 2161 2441
f 2436 2476 2434
f 2152 2430 2151
f 2440 2161 2163
f 2477 2439 2441
f 2442 2165 2164
f 2478 2440 2443
f 2479 2443 2442
f 2444 2164 2166
f 2440 2480 2441
f 2443 2163 2165
f 2445 2168 2167
f 2481 2444 2446
f 2482 2446 2445
f 2448 2167 2170
f 2449 2169 2171
f 2483 2448 2447
f 2484 2447 2449
f 2449 2171 2485
f 2448 2486 2445
f 2447 2170 2169
f 2444 2487 2442
f 2446 2166 2168
f 2439 2488 2437
f 2173 2485 2171
f 2431 2489 2429
f 2411 2111 2112
f 2111 2410 2110
f 1959 1956 2173
f 1958 1965 2177
f 2490 2491 2172
f 1971 1968 2175
f 2492 2493 2174
f 2494 2492 2175
f 1968 1970 2176
f 2177 2493 2490
f 1965 1971 2174
f 1981 1974 2179
f 2495 2496 2178
f 1980 1977 2181
f 2497 2498 2180
f 2499 2497 2181
f 1977 1979 2182
f 2179 2498 2495
f 1974 1980 2180
f 2176 2496 2494
f 1970 1981 2178
f 2003 1984 2184
f 2500 2501 2183
f 1990 1987 2186
f 2502 2503 2185
f 2504 2502 2186
f 1987 1989 2187
f 2184 2503 2500
f 1984 1990 2185
f 2002 1993 2189
f 2505 2506 2188
f 1995 2001 2191
f 2507 2190 2508
f 2508 2191 2509
f 2001 1998 2192
f 2507 2505 2189
f 1993 1995 2190
f 2187 2506 2504
f 1989 2002 2188
f 2182 2501 2499
f 1979 2003 2183
f 2000 2079 2194
f 2510 2193 2511
f 2006 2012 2196
f 2512 2195 2513
f 2513 2196 2514
f 2012 2009 2197
f 2512 2511 2194
f 2079 2006 2195
f 2011 2015 2199
f 2515 2198 2516
f 2021 2018 2201
f 2517 2200 2518
f 2518 2201 2519
f 2018 2020 2202
f 2517 2516 2199
f 2015 2021 2200
f 2515 2514 2197
f 2009 2011 2198
f 2041 2024 2204
f 2520 2203 2521
f 2030 2027 2206
f 2522 2205 2523
f 2523 2206 2524
f 2027 2029 2207
f 2522 2521 2204
f 2024 2030 2205
f 2040 2033 2209
f 2525 2208 2526
f 2526 2209 2527
f 2033 2039 2210
f 2036 2038 2212
f 2528 2211 2529
f 2529 2212 2530
f 2038 2078 2213
f 2528 2527 2210
f 2039 2036 2211
f 2525 2524 2207
f 2029 2040 2208
f 2520 2519 2202
f 2020 2041 2203
f 2510 2509 2192
f 1998 2000 2193
f 2490 2172 2177
f 2531 2485 2491
f 2492 2174 2175
f 2532 2490 2493
f 2533 2493 2492
f 2494 2175 2176
f 2490 2534 2491
f 2493 2177 2174
f 2044 2050 2215
f 2214 2535 2536
f 2535 2215 2537
f 2179 2495 2178
f 2538 2494 2496
f 2498 2179 2180
f 2176 2178 2496
f 2050 2047 2216
f 2494 2539 2492
f 2491 2173 2172
f 2497 2180 2181
f 2540 2495 2498
f 2501 2182 2183
f 2541 2497 2499
f 2542 2499 2501
f 2500 2183 2184
f 2497 2543 2498
f 2499 2181 2182
f 2502 2185 2186
f 2544 2500 2503
f 2506 2187 2188
f 2545 2502 2504
f 2546 2504 2506
f 2213 2536 2530
f 2502 2547 2503
f 2504 2186 2187
f 2500 2548 2501
f 2503 2184 2185
f 2495 2549 2496
f 2550 2537 2216
f 2049 2060 2218
f 2550 2217 2551
f 2053 2059 2220
f 2552 2219 2553
f 2553 2220 2554
f 2059 2056 2221
f 2552 2551 2218
f 2060 2053 2219
f 2058 2063 2223
f 2555 2222 2556
f 2069 2066 2225
f 2557 2224 2558
f 2558 2225 2559
f 2066 2068 2226
f 2557 2556 2223
f 2063 2069 2224
f 2555 2554 2221
f 2056 2058 2222
f 2073 2070 2228
f 2560 2227 2561
f 2229 2075 2231
f 2562 2230 2563
f 2563 2231 2564
f 2075 2077 2232
f 2562 2561 2228
f 2070 2229 2230
f 2233 2235 2234
f 2565 2234 2566
f 2566 2235 2567
f 1338 1340 2235
f 2236 1359 2237
f 2568 2237 2569
f 2569 1359 1353
f 1358 1354 1359
f 2568 2567 1340
f 1340 1339 2237
f 2565 2564 2232
f 1343 2234 2232
f 2560 2559 2226
f 2068 2073 2227
f 2188 2189 2505
f 2047 2049 2217
f 2491 2485 2173
f 2078 2044 2214
f 2485 2570 2449
f 1956 1958 2172
f 2450 2411 2453
f 2451 2412 2452
f 2452 2414 2458
f 2453 2413 2451
f 2454 2415 2457
f 2455 2417 2456
f 2456 2419 2468
f 2457 2418 2455
f 2458 2416 2454
f 2571 2421 2459
f 2462 2423 2460
f 2460 2422 2461
f 2459 2420 2462
f 2467 2426 2463
f 2466 2428 2464
f 2464 2427 2465
f 2463 2425 2466
f 2461 2424 2467
f 2468 2421 2571
f 2189 2190 2507
f 2505 2507 2572
f 2191 2192 2509
f 2508 2509 2573
f 2509 2510 2574
f 2192 2193 2510
f 2575 2507 2508
f 2190 2191 2508
f 2194 2195 2512
f 2511 2512 2576
f 2196 2197 2514
f 2513 2514 2577
f 2514 2515 2578
f 2197 2198 2515
f 2579 2512 2513
f 2195 2196 2513
f 2580 2510 2511
f 2193 2194 2511
f 2489 2431 2469
f 2472 2433 2470
f 2470 2432 2471
f 2469 2430 2472
f 2476 2436 2475
f 2473 2438 2474
f 2474 2437 2488
f 2475 2435 2473
f 2471 2434 2476
f 2429 2489 2465
f 2439 2477 2488
f 2409 2410 2450
f 2477 2441 2480
f 2478 2443 2479
f 2479 2442 2487
f 2480 2440 2478
f 2581 2444 2481
f 2482 2445 2486
f 2486 2448 2483
f 2481 2446 2482
f 2487 2444 2581
f 2484 2449 2570
f 2531 2491 2534
f 2534 2490 2532
f 2570 2485 2531
f 2533 2492 2539
f 2538 2496 2549
f 2549 2495 2540
f 2539 2494 2538
f 2532 2493 2533
f 2483 2447 2484
f 2543 2497 2541
f 2542 2501 2548
f 2548 2500 2544
f 2541 2499 2542
f 2547 2502 2545
f 2546 2506 2582
f 2506 2505 2582
f 2545 2504 2546
f 2544 2503 2547
f 2507 2583 2572
f 2508 2573 2575
f 2509 2574 2573
f 2507 2575 2583
f 2511 2576 2580
f 2512 2579 2576
f 2514 2578 2577
f 2515 2584 2578
f 2513 2577 2579
f 2510 2580 2574
f 2505 2572 2582
f 2540 2498 2543
f 2516 2584 2515
f 2199 2200 2517
f 2585 2516 2517
f 2201 2202 2519
f 2518 2519 2586
f 2519 2520 2587
f 2202 2203 2520
f 2588 2517 2518
f 2200 2201 2518
f 2204 2205 2522
f 2521 2522 2589
f 2206 2207 2524
f 2523 2524 2590
f 2524 2525 2591
f 2207 2208 2525
f 2592 2522 2523
f 2205 2206 2523
f 2593 2520 2521
f 2203 2204 2521
f 2209 2210 2527
f 2526 2527 2594
f 2595 2528 2529
f 2528 2596 2527
f 2597 2529 2530
f 2211 2212 2529
f 2525 2526 2598
f 2210 2211 2528
f 2213 2214 2536
f 2530 2536 2599
f 2215 2216 2537
f 2535 2537 2600
f 2537 2550 2601
f 2216 2217 2550
f 2602 2536 2535
f 2214 2215 2535
f 2551 2603 2550
f 2212 2213 2530
f 2585 2584 2516
f 2208 2209 2526
f 2218 2219 2552
f 2604 2551 2552
f 2220 2221 2554
f 2605 2553 2554
f 2606 2554 2555
f 2221 2222 2555
f 2553 2607 2552
f 2219 2220 2553
f 2223 2224 2557
f 2608 2556 2557
f 2225 2226 2559
f 2609 2558 2559
f 2610 2559 2560
f 2226 2227 2560
f 2558 2611 2557
f 2224 2225 2558
f 2556 2612 2555
f 2222 2223 2556
f 2228 2230 2562
f 2613 2561 2562
f 2231 2232 2564
f 2614 2563 2564
f 2615 2564 2565
f 2232 2234 2565
f 2563 2616 2562
f 2230 2231 2563
f 2235 1340 2567
f 2617 2566 2567
f 2618 2567 2568
f 1340 2237 2568
f 1353 2619 2569
f 2568 2569 2620
f 2621 1355 2622
f 1359 1354 1353
f 2623 2565 2566
f 2237 1359 2569
f 2624 2560 2561
f 2234 2235 2566
f 2621 2625 1353
f 2227 2228 2561
f 2585 2517 2588
f 2217 2218 2551
f 2518 2586 2588
f 2520 2593 2587
f 2521 2589 2593
f 2519 2587 2586
f 2523 2590 2592
f 2525 2598 2591
f 2526 2594 2598
f 2524 2591 2590
f 2522 2592 2589
f 2528 2595 2596
f 2530 2599 2597
f 2536 2626 2599
f 2529 2597 2595
f 2535 2600 2602
f 2550 2603 2601
f 2551 2604 2603
f 2537 2601 2600
f 2536 2602 2626
f 2527 2596 2594
f 2553 2605 2607
f 2555 2612 2606
f 2556 2608 2612
f 2554 2606 2605
f 2558 2609 2611
f 2560 2624 2610
f 2561 2613 2624
f 2559 2610 2609
f 2557 2611 2608
f 2563 2614 2616
f 2565 2623 2615
f 2566 2617 2623
f 2564 2615 2614
f 2568 2620 2618
f 2569 2619 2620
f 2621 2627 2625
f 1353 2625 2619
f 2567 2618 2617
f 2562 2616 2613
f 2552 2607 2604
f 2198 2199 2516
f 2410 2409 2345
f 2621 1353 1355
f 1866 1869 2111
f 2628 2629 2630
f 2631 2628 2630
f 2632 2633 2634
f 2630 2635 2631
f 2633 2631 2635
f 2634 2636 2637
f 2629 2628 2638
f 2639 2640 2641
f 2642 2643 2640
f 2641 2644 2645
f 2638 2645 2644
f 2639 2642 2640
f 2645 2639 2641
f 2644 2629 2638
f 2643 2642 2646
f 2647 2648 2649
f 2650 2651 2647
f 2652 2653 2654
f 2650 2655 2651
f 2653 2656 2655
f 2654 2657 2658
f 2658 2652 2654
f 2637 2636 2659
f 2631 2633 2632
f 2632 2634 2637
f 2652 2656 2653
f 2651 2648 2647
f 2656 2651 2655
f 2659 2649 2648
f 2649 2659 2636
f 2660 2661 2662
f 2663 2660 2646
f 2663 2661 2660
f 2662 2664 2665
f 2661 2664 2662
f 2646 2642 2663
f 2665 2664 2666
f 2667 2668 2669
f 2670 2671 2667
f 2668 2665 2666
f 2671 2672 2673
f 2674 2675 2673
f 2672 2671 2670
f 2670 2667 2669
f 2666 2669 2668
f 2676 2677 2675
f 2676 2675 2674
f 2678 2679 2680
f 2681 2682 2683
f 2679 2681 2684
f 2676 2678 2677
f 2680 2679 2684
f 2683 2684 2681
f 2680 2677 2678
f 2685 2686 2687
f 2687 2688 2685
f 2686 2689 2687
f 2688 2683 2682
f 2682 2685 2688
f 2674 2673 2672
f 2690 2657 2691
f 2692 2693 2691
f 2694 2695 2696
f 2696 2697 2698
f 2695 2694 2692
f 2697 2699 2700
f 2690 2691 2693
f 2694 2696 2698
f 2692 2694 2693
f 2700 2701 2702
f 2700 2698 2697
f 2703 2704 2702
f 2702 2701 2705
f 2699 2701 2700
f 2703 2706 2704
f 2703 2702 2705
f 2704 2706 2707
f 2708 2707 2709
f 2708 2710 2707
f 2709 2707 2706
f 2710 2708 2711
f 2712 2710 2713
f 2714 2715 2716
f 2717 2714 2712
f 2715 2714 2718
f 2719 2714 2717
f 2717 2712 2713
f 2710 2711 2713
f 2720 2714 2719
f 2721 2722 2723
f 2724 2721 2725
f 2726 2727 2728
f 2729 2730 2731
f 2730 2727 2731
f 2722 2730 2729
f 2732 2733 2734
f 2734 2689 2732
f 2733 2735 2734
f 2689 2686 2732
f 2724 2725 2735
f 2733 2724 2735
f 2721 2723 2725
f 2722 2729 2723
f 2728 2736 2737
f 2738 2739 2740
f 2741 2742 2743
f 2743 2738 2744
f 2714 2745 2718
f 2745 2714 2720
f 2740 2739 2745
f 2745 2739 2718
f 2740 2744 2738
f 2737 2726 2728
f 2736 2746 2737
f 2731 2727 2726
f 2747 2746 2736
f 2748 2747 2742
f 2746 2747 2748
f 2741 2748 2742
f 2743 2744 2741
f 2658 2657 2690
f 2749 2750 2751
f 2752 2749 2753
f 2752 2754 2755
f 2756 2757 2758
f 2759 2756 2760
f 2759 2761 2762
f 2757 2755 2763
f 2764 2765 2766
f 2767 2766 2768
f 2769 2770 2767
f 2771 2770 2772
f 2773 2774 2775
f 2776 2777 2771
f 2764 2762 2778
f 2777 2779 2775
f 2749 2751 2753
f 2755 2754 2763
f 2754 2752 2753
f 2756 2758 2760
f 2762 2761 2778
f 2761 2759 2760
f 2758 2757 2763
f 2766 2765 2768
f 2770 2769 2772
f 2769 2767 2768
f 2777 2776 2779
f 2774 2773 2780
f 2773 2775 2779
f 2776 2771 2772
f 2765 2764 2778
f 2780 2781 2774
f 2782 2781 2783
f 2784 2782 2785
f 2784 2786 2787
f 2788 2789 2790
f 2791 2792 2790
f 2793 2794 2792
f 2787 2795 2788
f 2794 2796 2797
f 2798 2799 2800
f 2799 2801 2802
f 2803 2804 2805
f 2805 2806 2807
f 2798 2808 2803
f 2809 2807 2810
f 2797 2811 2801
f 2782 2783 2785
f 2787 2786 2795
f 2786 2784 2785
f 2790 2789 2791
f 2794 2793 2796
f 2793 2792 2791
f 2789 2788 2795
f 2801 2811 2802
f 2798 2800 2808
f 2800 2799 2802
f 2805 2804 2806
f 2809 2810 2812
f 2809 2812 2813
f 2810 2807 2806
f 2804 2803 2808
f 2811 2797 2796
f 2780 2783 2781
f 2814 2815 2816
f 2817 2818 2819
f 2817 2819 2820
f 2821 2822 2823
f 2823 2824 2825
f 2822 2826 2820
f 2827 2815 2814
f 2828 2816 2815
f 2814 2829 2830
f 2831 2832 2833
f 2832 2834 2835
f 2836 2829 2831
f 2837 2824 2816
f 2838 2839 2840
f 2839 2841 2842
f 2843 2844 2845
f 2844 2846 2847
f 2848 2841 2843
f 2849 2850 2851
f 2850 2852 2853
f 2854 2855 2856
f 2857 2858 2859
f 2860 2855 2857
f 2861 2852 2854
f 2862 2846 2849
f 2863 2834 2838
f 2864 2865 2866
f 2865 2867 2868
f 2869 2870 2871
f 2870 2872 2873
f 2874 2867 2869
f 2864 2875 2858
f 2876 2872 2877
f 2877 2878 2879
f 2880 2881 2882
f 2883 2878 2880
f 2884 2885 2881
f 2821 2826 2822
f 2826 2817 2820
f 2884 2886 2887
f 2886 2888 2889
f 2890 2891 2892
f 2891 2893 2894
f 2895 2888 2890
f 2896 2897 2898
f 2897 2899 2900
f 2901 2902 2903
f 2904 2905 2906
f 2907 2902 2904
f 2908 2899 2901
f 2909 2893 2896
f 2910 2911 2905
f 2910 2912 2913
f 2912 2914 2915
f 2916 2917 2918
f 2917 2919 2920
f 2921 2914 2916
f 2922 2923 2924
f 2923 2925 2926
f 2927 2928 2929
f 2928 2930 2931
f 2932 2925 2927
f 2933 2919 2922
f 2934 2935 2936
f 2935 2937 2938
f 2939 2940 2941
f 2940 2942 2943
f 2944 2937 2939
f 2945 2946 2947
f 2946 2948 2949
f 2950 2951 2952
f 2953 2954 2955
f 2956 2951 2953
f 2957 2948 2950
f 2958 2942 2945
f 2959 2930 2934
f 2960 2961 2962
f 2961 2963 2964
f 2965 2966 2967
f 2966 2968 2969
f 2970 2963 2965
f 2971 2972 2973
f 2972 2974 2975
f 2976 2977 2978
f 2979 2980 2981
f 2982 2977 2979
f 2983 2974 2976
f 2984 2968 2971
f 2985 2986 2987
f 2986 2988 2989
f 2990 2991 2992
f 2991 2993 2994
f 2995 2988 2990
f 2996 2997 2998
f 2997 2999 3000
f 3001 3002 3003
f 3004 3005 3006
f 3007 3002 3004
f 3008 2999 3001
f 3009 2993 2996
f 3010 2980 2985
f 3011 2954 2960
f 2825 2821 2823
f 2830 2827 2814
f 2837 2816 2828
f 3012 2830 2829
f 3012 3013 2830
f 3012 2829 2836
f 2836 2831 2833
f 3014 2836 2833
f 3015 2833 2835
f 2833 2832 2835
f 2863 2838 2840
f 3016 2863 2840
f 3017 2840 2842
f 2840 2839 2842
f 2863 3018 2835
f 2835 2834 2863
f 2848 2843 2845
f 3019 2848 2845
f 3020 2845 2847
f 2845 2844 2847
f 2862 2849 2851
f 3021 2862 2851
f 2853 2852 2861
f 3022 2853 2861
f 2853 3023 2851
f 2851 2850 2853
f 2862 3024 2847
f 2847 2846 2862
f 2848 3025 2842
f 2842 2841 2848
f 2836 3013 3012
f 2854 2856 2861
f 2856 2855 2860
f 3026 2856 2860
f 3027 2860 2859
f 2860 2857 2859
f 2875 2864 2866
f 3028 2875 2866
f 3029 2866 2868
f 2866 2865 2868
f 2875 3030 2859
f 2859 2858 2875
f 2874 2869 2871
f 3031 2874 2871
f 3032 2871 2873
f 2871 2870 2873
f 2876 2877 2879
f 3033 2876 2879
f 2883 2880 2882
f 3034 2883 2882
f 2883 3035 2879
f 2879 2878 2883
f 2876 3036 2873
f 2873 2872 2876
f 2874 3037 2868
f 2868 2867 2874
f 2885 2884 2887
f 3038 2885 2887
f 3039 2887 2889
f 2887 2886 2889
f 2895 2890 2892
f 3040 2895 2892
f 3041 2892 2894
f 2892 2891 2894
f 2895 3042 2889
f 2889 2888 2895
f 2909 2896 2898
f 3043 2909 2898
f 3044 2898 2900
f 2898 2897 2900
f 2908 2901 2903
f 3045 2908 2903
f 2907 2904 2906
f 3046 2907 2906
f 2907 3047 2903
f 2903 2902 2907
f 2908 3048 2900
f 2900 2899 2908
f 2909 3049 2894
f 2894 2893 2909
f 2885 3050 2882
f 2882 2881 2885
f 2856 3051 2861
f 2905 2911 2906
f 2911 2910 2913
f 3052 2911 2913
f 3053 2913 2915
f 2913 2912 2915
f 2921 2916 2918
f 3054 2921 2918
f 3055 2918 2920
f 2918 2917 2920
f 2921 3056 2915
f 2915 2914 2921
f 2933 2922 2924
f 3057 2933 2924
f 3058 2924 2926
f 2924 2923 2926
f 2932 2927 2929
f 3059 2932 2929
f 2931 2930 2959
f 3060 2931 2959
f 2931 3061 2929
f 2929 2928 2931
f 2932 3062 2926
f 2926 2925 2932
f 2933 3063 2920
f 2920 2919 2933
f 2936 2935 2938
f 3064 2936 2938
f 3065 2938 2944
f 2938 2937 2944
f 2941 2940 2943
f 3066 2941 2943
f 3067 2943 2958
f 2943 2942 2958
f 2941 3068 2944
f 2944 2939 2941
f 2947 2946 2949
f 3069 2947 2949
f 3070 2949 2957
f 2949 2948 2957
f 2952 2951 2956
f 3071 2952 2956
f 2955 2954 3011
f 3072 2955 3011
f 2955 3073 2956
f 2956 2953 2955
f 2952 3074 2957
f 2957 2950 2952
f 2947 3075 2958
f 2958 2945 2947
f 2936 3076 2959
f 2959 2934 2936
f 2962 2961 2964
f 3077 2962 2964
f 3078 2964 2970
f 2964 2963 2970
f 2967 2966 2969
f 3079 2967 2969
f 3080 2969 2984
f 2969 2968 2984
f 2967 3081 2970
f 2970 2965 2967
f 2973 2972 2975
f 3082 2973 2975
f 3083 2975 2983
f 2975 2974 2983
f 2978 2977 2982
f 3084 2978 2982
f 2981 2980 3010
f 3085 2981 3010
f 2981 3086 2982
f 2982 2979 2981
f 2978 3087 2983
f 2983 2976 2978
f 2973 3088 2984
f 2984 2971 2973
f 2987 2986 2989
f 3089 2987 2989
f 3090 2989 2995
f 2989 2988 2995
f 2992 2991 2994
f 3091 2992 2994
f 3092 2994 3009
f 2994 2993 3009
f 2992 3093 2995
f 2995 2990 2992
f 2998 2997 3000
f 3094 2998 3000
f 3095 3000 3008
f 3000 2999 3008
f 3003 3002 3007
f 3096 3003 3007
f 3006 3005 3097
f 3098 3006 3097
f 3006 3099 3007
f 3007 3004 3006
f 3003 3100 3008
f 3008 3001 3003
f 2998 3101 3009
f 3009 2996 2998
f 2987 3102 3010
f 3010 2985 2987
f 2962 3103 3011
f 3011 2960 2962
f 2911 3104 2906
f 2825 2824 2837
f 3105 3097 3005
f 3106 3105 3107
f 3108 3107 3109
f 3110 3111 3112
f 3113 3112 3114
f 3111 3115 3109
f 3116 3117 3118
f 3119 3118 3120
f 3121 3122 3123
f 3124 3123 3125
f 3122 3126 3120
f 3117 3127 3114
f 3128 3129 3130
f 3131 3130 3132
f 3133 3134 3135
f 3136 3135 3137
f 3134 3138 3132
f 3139 3140 3141
f 3142 3141 3143
f 3144 3145 3146
f 3147 3148 3149
f 3148 3150 3146
f 3145 3151 3143
f 3140 3152 3137
f 3129 3153 3125
f 3154 3155 3156
f 3157 3156 3158
f 3159 3160 3161
f 3162 3161 3163
f 3160 3164 3158
f 3165 3166 3167
f 3168 3167 3169
f 3170 3171 3172
f 3173 3174 3175
f 3174 3176 3172
f 3171 3177 3169
f 3166 3178 3163
f 3179 3180 3181
f 3182 3181 3183
f 3184 3185 3186
f 3187 3186 3188
f 3185 3189 3183
f 3190 3191 3192
f 3193 3192 3194
f 3195 3196 3197
f 3198 3199 3200
f 3201 3196 3198
f 3202 3194 3195
f 3191 3203 3188
f 3180 3204 3175
f 3155 3205 3149
f 3206 3207 3208
f 3207 3209 3210
f 3211 3212 3213
f 3212 3214 3215
f 3216 3209 3211
f 3217 3218 3219
f 3218 3220 3221
f 3222 3223 3224
f 3223 3225 3226
f 3227 3220 3222
f 3228 3214 3217
f 3229 3230 3231
f 3230 3232 3233
f 3234 3235 3236
f 3235 3237 3238
f 3239 3232 3234
f 3240 3241 3242
f 3241 3243 3244
f 3245 3246 3247
f 3248 3249 3250
f 3251 3246 3248
f 3252 3243 3245
f 3253 3237 3240
f 3254 3225 3229
f 3255 3256 3257
f 3256 3258 3259
f 3260 3261 3262
f 3261 3263 3264
f 3265 3258 3260
f 3266 3267 3268
f 3267 3269 3270
f 3271 3272 3273
f 3274 3275 3276
f 3277 3272 3274
f 3278 3269 3271
f 3279 3263 3266
f 3280 3281 3282
f 3281 3283 3284
f 3285 3286 3287
f 3286 3288 3289
f 3290 3283 3285
f 3291 3292 3293
f 3292 3294 3295
f 3296 3297 3298
f 3299 3300 3301
f 3302 3297 3299
f 3303 3294 3296
f 3304 3288 3291
f 3305 3275 3280
f 3306 3249 3255
f 3307 3199 3206
f 3108 3109 3115
f 3308 3106 3108
f 3309 3108 3115
f 3115 3111 3110
f 3113 3114 3127
f 3310 3110 3113
f 3311 3113 3127
f 3127 3117 3116
f 3110 3312 3115
f 3110 3112 3113
f 3119 3120 3126
f 3313 3116 3119
f 3314 3119 3126
f 3126 3122 3121
f 3124 3125 3153
f 3315 3121 3124
f 3316 3124 3153
f 3153 3129 3128
f 3121 3317 3126
f 3121 3123 3124
f 3116 3318 3127
f 3116 3118 3119
f 3319 3320 3321
f 3131 3128 3130
f 3322 3321 3323
f 3323 3324 3325
f 3324 3326 3327
f 3132 3138 3131
f 3138 3134 3133
f 3328 3131 3138
f 3329 3138 3133
f 3133 3135 3136
f 3152 3140 3139
f 3330 3136 3152
f 3142 3143 3151
f 3331 3139 3142
f 3139 3332 3152
f 3139 3141 3142
f 3136 3333 3133
f 3136 3137 3152
f 3131 3334 3128
f 3144 3151 3145
f 3128 3335 3153
f 3106 3107 3108
f 3144 3146 3150
f 3336 3151 3144
f 3337 3144 3150
f 3150 3148 3147
f 3205 3155 3154
f 3338 3147 3205
f 3339 3205 3154
f 3154 3156 3157
f 3147 3340 3150
f 3147 3149 3205
f 3164 3160 3159
f 3341 3157 3164
f 3342 3164 3159
f 3159 3161 3162
f 3178 3166 3165
f 3343 3162 3178
f 3168 3169 3177
f 3344 3165 3168
f 3165 3345 3178
f 3165 3167 3168
f 3162 3346 3159
f 3162 3163 3178
f 3157 3347 3154
f 3157 3158 3164
f 3170 3172 3176
f 3348 3177 3170
f 3349 3170 3176
f 3176 3174 3173
f 3204 3180 3179
f 3350 3173 3204
f 3351 3204 3179
f 3179 3181 3182
f 3173 3352 3176
f 3173 3175 3204
f 3189 3185 3184
f 3353 3182 3189
f 3354 3189 3184
f 3184 3186 3187
f 3203 3191 3190
f 3355 3187 3203
f 3356 3357 3300
f 3358 3190 3193
f 3190 3359 3203
f 3190 3192 3193
f 3187 3360 3184
f 3187 3188 3203
f 3182 3361 3179
f 3182 3183 3189
f 3177 3362 3168
f 3177 3171 3170
f 3151 3363 3142
f 3356 3320 3364
f 3365 3366 3367
f 3366 3368 3369
f 3370 3371 3372
f 3371 3373 3374
f 3375 3368 3370
f 3376 3377 3378
f 3377 3379 3380
f 3381 3382 3383
f 3384 3385 3386
f 3387 3382 3384
f 3388 3379 3381
f 3389 3373 3376
f 3390 3391 3392
f 3391 3393 3394
f 3395 3396 3397
f 3396 3398 3399
f 3400 3393 3395
f 3401 3402 3403
f 3402 3404 3405
f 3406 3407 3408
f 3409 3410 3411
f 3412 3407 3409
f 3413 3404 3406
f 3414 3398 3401
f 3415 3385 3390
f 3416 3417 3418
f 3417 3419 3420
f 3421 3422 3423
f 3422 3424 3425
f 3426 3419 3421
f 3427 3428 3429
f 3428 3430 3431
f 3432 3433 3434
f 3435 3436 3437
f 3438 3433 3435
f 3439 3430 3432
f 3440 3424 3427
f 3441 3442 3443
f 3442 3444 3445
f 3446 3447 3448
f 3447 3449 3450
f 3451 3444 3446
f 3452 3453 3454
f 3453 3455 3456
f 3457 3458 3459
f 3458 3460 3459
f 3455 3458 3457
f 3449 3452 3461
f 3436 3441 3462
f 3410 3416 3463
f 3326 3365 3464
f 3193 3194 3202
f 3106 3097 3105
f 3106 3465 3097
f 3046 2906 3104
f 2909 3043 3466
f 2842 3025 3017
f 3015 3014 2833
f 3018 3015 2835
f 3016 2840 3017
f 3019 3025 2848
f 3104 2911 3052
f 3054 2918 3055
f 3054 3467 2921
f 3063 2933 3057
f 3018 2863 3016
f 2920 3063 3055
f 3465 3098 3097
f 3098 3099 3006
f 3314 3313 3119
f 3309 3115 3312
f 2975 3083 3468
f 3308 3465 3106
f 2955 3072 3073
f 3059 3062 2932
f 2956 3073 3469
f 3108 3470 3308
f 3088 2973 3082
f 3468 3082 2975
f 3011 3103 3072
f 3067 2958 3471
f 3065 3064 2938
f 3064 3472 2936
f 3126 3317 3314
f 3121 3315 3317
f 3065 2944 3068
f 3472 3076 2936
f 2947 3069 3075
f 3469 3071 2956
f 2964 3078 3077
f 3077 3103 2962
f 3078 2970 3473
f 2958 3075 3471
f 3059 2929 3061
f 3081 3473 2970
f 3081 2967 3079
f 3044 2900 3048
f 3061 2931 3060
f 3474 2907 3046
f 3089 3102 2987
f 3475 3091 2994
f 2994 3092 3475
f 3009 3101 3092
f 3091 3093 2992
f 3102 3476 3010
f 3084 3087 2978
f 2995 3093 3090
f 3090 3089 2989
f 2998 3094 3101
f 3000 3095 3094
f 3087 3083 2983
f 3108 3309 3470
f 3110 3310 3312
f 3052 2913 3053
f 2845 3477 3019
f 3316 3315 3124
f 3195 3197 3202
f 3201 3478 3479
f 3201 3200 3478
f 3196 3201 3197
f 3199 3307 3200
f 3480 3200 3307
f 3481 3307 3208
f 3206 3208 3307
f 3480 3478 3200
f 3198 3200 3201
f 3157 3341 3482
f 3201 3479 3197
f 3342 3341 3164
f 3481 3208 3483
f 3480 3307 3481
f 3482 3347 3157
f 3152 3332 3330
f 3484 3483 3208
f 3209 3216 3210
f 3210 3216 3485
f 3213 3486 3216
f 3211 3213 3216
f 3214 3228 3215
f 3228 3487 3488
f 3228 3219 3487
f 3217 3219 3228
f 3213 3215 3489
f 3212 3215 3213
f 3226 3490 3224
f 3221 3491 3219
f 3227 3492 3221
f 3220 3227 3221
f 3223 3226 3224
f 3493 3226 3494
f 3495 3494 3254
f 3226 3254 3494
f 3226 3493 3490
f 3225 3254 3226
f 3485 3484 3210
f 3222 3224 3227
f 3484 3208 3210
f 3218 3221 3219
f 3331 3332 3139
f 3207 3210 3208
f 3363 3331 3142
f 3496 3144 3337
f 3496 3336 3144
f 3168 3362 3344
f 3347 3339 3154
f 3348 3170 3349
f 3340 3337 3150
f 3346 3342 3159
f 3334 3131 3328
f 3177 3348 3362
f 3343 3346 3162
f 3165 3497 3345
f 3178 3345 3343
f 3328 3138 3329
f 3498 3136 3330
f 3173 3499 3352
f 3499 3173 3350
f 3351 3350 3204
f 3491 3487 3219
f 3352 3349 3176
f 3500 3202 3197
f 3182 3353 3361
f 3492 3491 3221
f 3227 3224 3501
f 3502 3215 3228
f 3216 3486 3485
f 3354 3353 3189
f 3361 3351 3179
f 3334 3335 3128
f 3231 3495 3254
f 3013 2836 3014
f 2845 3020 3503
f 2847 3024 3020
f 3045 2903 3047
f 3047 2907 3474
f 3021 3024 2862
f 3023 3021 2851
f 3504 3022 2861
f 3051 3504 2861
f 3022 3023 2853
f 2856 3026 3051
f 3056 2921 3467
f 2924 3058 3057
f 2941 3066 3068
f 2915 3056 3053
f 3058 2926 3505
f 3066 2943 3067
f 2926 3062 3505
f 2908 3045 3048
f 3027 3026 2860
f 3030 3027 2859
f 3506 3028 2866
f 3029 3506 2866
f 3028 3030 2875
f 3031 3037 2874
f 3032 3031 2871
f 3507 3036 2876
f 3035 3033 2879
f 3033 3507 2876
f 3036 3032 2873
f 3037 3029 2868
f 3050 3034 2882
f 3038 3050 2885
f 3039 3508 2887
f 3042 3039 2889
f 3508 3038 2887
f 3041 3040 2892
f 3049 3041 2894
f 3043 2898 3044
f 3043 3044 3509
f 3466 3049 2909
f 3040 3042 2895
f 3034 3035 2883
f 3100 3095 3008
f 2949 3070 3069
f 3153 3335 3510
f 3363 3151 3336
f 3329 3133 3333
f 3316 3153 3510
f 3079 2969 3080
f 3333 3136 3498
f 3074 3070 2957
f 3147 3338 3340
f 3344 3497 3165
f 3511 3358 3193
f 3354 3184 3512
f 3511 3202 3513
f 3202 3511 3193
f 3359 3355 3203
f 3360 3512 3184
f 3358 3359 3190
f 3227 3501 3492
f 3202 3500 3513
f 3500 3197 3479
f 3213 3489 3486
f 3187 3355 3360
f 3003 3514 3100
f 3085 3010 3476
f 3071 3074 2952
f 3003 3096 3514
f 3007 3099 3096
f 3313 3515 3116
f 3086 3084 2982
f 3088 3080 2984
f 2981 3085 3086
f 3318 3311 3127
f 3228 3488 3502
f 3338 3205 3339
f 3515 3318 3116
f 3489 3215 3502
f 3224 3490 3501
f 3113 3311 3310
f 3060 2959 3076
f 3230 3233 3231
f 3233 3239 3516
f 3239 3236 3517
f 3232 3239 3233
f 3235 3238 3236
f 3238 3253 3518
f 3253 3242 3519
f 3237 3253 3238
f 3520 3236 3238
f 3234 3236 3239
f 3241 3244 3242
f 3244 3252 3521
f 3252 3247 3522
f 3243 3252 3244
f 3246 3251 3247
f 3251 3250 3523
f 3250 3306 3524
f 3248 3250 3251
f 3525 3247 3251
f 3245 3247 3252
f 3526 3242 3244
f 3240 3242 3253
f 3255 3257 3306
f 3257 3259 3527
f 3527 3259 3528
f 3256 3259 3257
f 3260 3262 3265
f 3529 3265 3262
f 3262 3264 3530
f 3261 3264 3262
f 3265 3528 3259
f 3258 3265 3259
f 3266 3268 3279
f 3279 3268 3531
f 3268 3270 3532
f 3267 3270 3268
f 3271 3273 3278
f 3273 3277 3533
f 3274 3276 3277
f 3276 3305 3534
f 3535 3277 3276
f 3272 3277 3273
f 3536 3270 3278
f 3269 3278 3270
f 3537 3264 3279
f 3263 3279 3264
f 3538 3306 3257
f 3249 3306 3250
f 3280 3282 3305
f 3539 3282 3540
f 3540 3282 3284
f 3281 3284 3282
f 3285 3287 3290
f 3290 3287 3541
f 3287 3289 3542
f 3286 3289 3287
f 3290 3543 3284
f 3283 3290 3284
f 3539 3305 3282
f 3284 3543 3540
f 3291 3293 3304
f 3304 3293 3544
f 3304 3545 3289
f 3290 3546 3543
f 3547 3293 3295
f 3530 3529 3262
f 3278 3273 3548
f 3529 3528 3265
f 3288 3304 3289
f 3294 3303 3295
f 3295 3303 3549
f 3303 3298 3550
f 3296 3298 3303
f 3299 3301 3302
f 3302 3301 3551
f 3301 3357 3552
f 3300 3357 3301
f 3553 3298 3302
f 3297 3302 3298
f 3320 3319 3364
f 3322 3554 3319
f 3325 3555 3322
f 3321 3322 3319
f 3324 3327 3325
f 3464 3556 3327
f 3365 3367 3464
f 3369 3557 3367
f 3464 3367 3558
f 3326 3464 3327
f 3325 3327 3559
f 3323 3325 3322
f 3364 3319 3560
f 3356 3364 3357
f 3357 3364 3561
f 3292 3295 3293
f 3562 3231 3233
f 3275 3305 3276
f 3368 3375 3369
f 3563 3375 3564
f 3564 3375 3372
f 3370 3372 3375
f 3373 3389 3374
f 3374 3389 3565
f 3389 3378 3566
f 3376 3378 3389
f 3567 3372 3374
f 3371 3374 3372
f 3379 3388 3380
f 3380 3388 3568
f 3383 3387 3569
f 3381 3383 3388
f 3384 3386 3387
f 3386 3415 3570
f 3390 3392 3415
f 3571 3415 3392
f 3571 3570 3415
f 3385 3415 3386
f 3572 3387 3386
f 3382 3387 3383
f 3573 3378 3380
f 3377 3380 3378
f 3393 3400 3394
f 3394 3400 3574
f 3400 3397 3575
f 3395 3397 3400
f 3398 3414 3399
f 3399 3414 3576
f 3414 3403 3577
f 3401 3403 3414
f 3578 3397 3399
f 3396 3399 3397
f 3404 3413 3405
f 3405 3413 3579
f 3413 3408 3580
f 3406 3408 3413
f 3409 3411 3412
f 3412 3411 3581
f 3416 3418 3463
f 3463 3418 3582
f 3583 3411 3463
f 3410 3463 3411
f 3584 3408 3412
f 3407 3412 3408
f 3585 3403 3405
f 3402 3405 3403
f 3586 3392 3394
f 3391 3394 3392
f 3419 3426 3420
f 3420 3426 3587
f 3426 3423 3588
f 3421 3423 3426
f 3424 3440 3425
f 3429 3589 3440
f 3431 3590 3429
f 3427 3429 3440
f 3591 3423 3425
f 3422 3425 3423
f 3567 3592 3372
f 3593 3571 3392
f 3418 3420 3594
f 3430 3439 3431
f 3434 3595 3439
f 3596 3425 3440
f 3597 3434 3438
f 3431 3439 3598
f 3432 3434 3439
f 3392 3586 3593
f 3388 3383 3599
f 3592 3564 3372
f 3428 3431 3429
f 3435 3437 3438
f 3437 3462 3600
f 3462 3443 3601
f 3436 3462 3437
f 3442 3445 3443
f 3445 3451 3602
f 3451 3448 3603
f 3444 3451 3445
f 3604 3443 3445
f 3441 3443 3462
f 3447 3450 3448
f 3450 3461 3605
f 3461 3454 3606
f 3449 3461 3450
f 3453 3456 3454
f 3456 3457 3607
f 3608 3459 3609
f 3454 3456 3610
f 3455 3457 3456
f 3448 3450 3611
f 3452 3454 3461
f 3438 3437 3612
f 3446 3448 3451
f 3433 3438 3434
f 3369 3375 3563
f 3417 3420 3418
f 3290 3541 3546
f 3366 3369 3367
f 3521 3526 3244
f 3613 3517 3236
f 3520 3613 3236
f 3522 3614 3252
f 3522 3247 3525
f 3537 3530 3264
f 3521 3252 3614
f 3239 3517 3516
f 3242 3526 3519
f 3251 3523 3525
f 3527 3615 3257
f 3519 3518 3253
f 3516 3562 3233
f 3616 3552 3357
f 3531 3617 3279
f 3561 3364 3560
f 3319 3554 3560
f 3549 3618 3295
f 3279 3617 3537
f 3549 3303 3550
f 3552 3551 3301
f 3553 3302 3551
f 3277 3619 3533
f 3298 3553 3550
f 3541 3287 3542
f 3327 3556 3620
f 3616 3357 3561
f 3520 3238 3518
f 3250 3524 3523
f 3535 3276 3534
f 3535 3619 3277
f 3539 3534 3305
f 3531 3268 3532
f 3257 3615 3538
f 3273 3533 3548
f 3536 3278 3548
f 3536 3532 3270
f 3538 3524 3306
f 3547 3544 3293
f 3558 3367 3557
f 3555 3554 3322
f 3369 3563 3557
f 3618 3547 3295
f 3544 3545 3304
f 3558 3556 3464
f 3325 3559 3555
f 3559 3327 3620
f 3289 3545 3542
f 3386 3570 3572
f 3566 3565 3389
f 3581 3411 3583
f 3400 3575 3574
f 3587 3426 3621
f 3374 3565 3567
f 3414 3577 3622
f 3569 3387 3572
f 3403 3585 3577
f 3420 3587 3594
f 3582 3583 3463
f 3584 3412 3623
f 3581 3623 3412
f 3579 3585 3405
f 3598 3439 3595
f 3612 3597 3438
f 3624 3611 3450
f 3457 3608 3607
f 3607 3610 3456
f 3598 3625 3431
f 3423 3591 3588
f 3590 3431 3625
f 3606 3454 3610
f 3605 3624 3450
f 3461 3606 3605
f 3437 3600 3612
f 3603 3448 3611
f 3597 3595 3434
f 3621 3426 3588
f 3575 3397 3578
f 3586 3394 3574
f 3622 3576 3414
f 3399 3576 3578
f 3579 3413 3580
f 3580 3408 3584
f 3582 3418 3594
f 3380 3568 3573
f 3626 3568 3388
f 3626 3388 3599
f 3569 3599 3383
f 3573 3566 3378
f 3602 3604 3445
f 3600 3462 3627
f 3603 3602 3451
f 3429 3590 3589
f 3589 3596 3440
f 3596 3591 3425
f 3604 3601 3443
f 3462 3601 3627
f 3562 3495 3231
f 3608 3457 3459
f 3229 3231 3254
f 3628 3629 3630
f 3628 3630 3631
f 3632 3633 3634
f 3635 3636 3637
f 3638 3637 3633
f 3639 3634 3629
f 3640 3641 3642
f 3643 3644 3645
f 3646 3645 3641
f 3647 3648 3649
f 3650 3651 3652
f 3653 3652 3648
f 3654 3649 3644
f 3655 3642 3636
f 3639 3629 3628
f 3633 3632 3638
f 3632 3634 3639
f 3635 3655 3636
f 3638 3635 3637
f 3642 3655 3640
f 3643 3645 3646
f 3654 3644 3643
f 3640 3646 3641
f 3652 3653 3650
f 3656 3657 3658
f 3656 3651 3650
f 3647 3649 3654
f 3653 3648 3647
f 3658 3651 3656
f 3659 3660 3661
f 3657 3662 3663
f 3664 3665 3666
f 3662 3666 3663
f 3667 3668 3669
f 3670 3671 3672
f 3673 3672 3668
f 3674 3669 3665
f 3675 3676 3677
f 3678 3679 3680
f 3681 3680 3676
f 3682 3683 3684
f 3685 3686 3687
f 3688 3687 3683
f 3689 3684 3679
f 3690 3677 3671
f 3674 3665 3664
f 3667 3673 3668
f 3667 3669 3674
f 3670 3672 3673
f 3675 3677 3690
f 3670 3690 3671
f 3666 3662 3664
f 3678 3680 3681
f 3689 3682 3684
f 3679 3678 3689
f 3681 3676 3675
f 3682 3688 3683
f 3691 3686 3685
f 3692 3691 3659
f 3687 3688 3685
f 3659 3661 3692
f 3686 3691 3692
f 3658 3657 3663
f 3693 3694 3695
f 3696 3695 3694
f 3697 3698 3699
f 3697 3696 3694
f 3699 3696 3697
f 3700 3701 3702
f 3700 3702 3703
f 3704 3705 3701
f 3706 3705 3704
f 3704 3701 3700
f 3707 3708 3709
f 3709 3710 3707
f 3711 3712 3713
f 3714 3713 3712
f 3715 3716 3717
f 3717 3718 3715
f 3719 3720 3721
f 3721 3722 3719
f 3723 3724 3725
f 3725 3726 3723
f 3727 3728 3729
f 3729 3730 3727
f 3731 3732 3733
f 3734 3735 3733
f 3736 3737 3738
f 3739 3738 3735
f 3740 3741 3737
f 3742 3743 3731
f 3744 3745 3746
f 3747 3745 3748
f 3749 3750 3751
f 3750 3747 3752
f 3753 3749 3754
f 3753 3755 3742
f 3756 3741 3757
f 3758 3759 3760
f 3760 3761 3758
f 3760 3762 3763
f 3760 3764 3762
f 3760 3763 3761
f 3765 3759 3756
f 3760 3766 3767
f 3760 3768 3769
f 3770 3771 3760
f 3766 3760 3771
f 3770 3760 3772
f 3769 3764 3760
f 3768 3760 3767
f 3746 3773 3774
f 3774 3744 3746
f 3744 3748 3745
f 3751 3750 3752
f 3749 3751 3754
f 3748 3752 3747
f 3754 3755 3753
f 3732 3731 3743
f 3734 3733 3732
f 3738 3739 3736
f 3736 3740 3737
f 3739 3735 3734
f 3755 3743 3742
f 3740 3757 3741
f 3775 3776 3760
f 3777 3760 3776
f 3778 3779 3760
f 3760 3780 3778
f 3780 3760 3777
f 3760 3779 3781
f 3760 3759 3765
f 3760 3782 3783
f 3760 3784 3775
f 3784 3760 3785
f 3785 3760 3786
f 3760 3783 3786
f 3772 3760 3781
f 3765 3756 3757
f 3774 3773 3787
f 3788 3789 3790
f 3791 3789 3792
f 3789 3788 3793
f 3792 3789 3793
