mtllib Corpo1_Mesh.mtl
v 0.00013748802244663237 0.013499300003051749 0.0
v -0.0011948946714401244 0.013447015762329094 -4.909404769093265e-36
v 0.00013748802244663237 0.013499300003051749 0.0015097624063491817
v -0.0025156221389770503 0.013263545989990227 -1.0335812524829312e-35
v -0.0038118081092834463 0.012950680732727043 -1.5661387477177777e-35
v -0.0025150797367095943 0.013263500213623039 0.0016984051465988156
v -0.0011939265727996824 0.013447408676147453 0.001604047894477844
v -0.005070806980133056 0.012511471748352043 -2.0834173877858268e-35
v -0.006280336380004882 0.01195020389556884 -2.580370555033808e-35
v -0.005071835994720458 0.012512906074523917 0.0018871197700500485
v -0.00742859649658203 0.011272354125976556 -3.0521505107589297e-35
v -0.008504384994506835 0.010484533309936516 -3.4941546068305475e-35
v -0.007428493499755858 0.011274011611938469 0.002075834512710571
v -0.006281582832336425 0.011952767372131341 0.0019814771413803095
v -0.003812025785446166 0.012950908660888664 0.0017927625179290768
v -0.009497206687927244 0.009594428062438959 -3.9020705422226695e-35
v -0.010397377014160155 0.008610722541809076 -4.2719189746841753e-35
v -0.009493483543395994 0.009591563224792474 0.0022645497322082513
v -0.011196112632751463 0.0075430135726928665 -4.6000914304316275e-35
v -0.011885622978210447 0.006401716709136959 -4.883387038347737e-35
v -0.011194849967956541 0.007540996074676509 0.0024532651901245112
v -0.01039400005340576 0.008607397079467768 0.0023589074611663815
v -0.012459178924560544 0.0051979660987853974 -5.119041623466546e-35
v -0.012911187171936032 0.0039435057640075655 -5.304755624964258e-35
v -0.012462508201599118 0.005200670719146725 0.002641980648040771
v -0.01323723793029785 0.002650573492050169 -5.438718487667018e-35
v -0.013434148788452146 0.0013317830562591545 -5.519622474109537e-35
v -0.013235915184020994 0.0026531798839569075 0.0028306958675384515
v -0.01291285705566406 0.003946807861328123 0.0027363381385803217
v -0.01188727283477783 0.006402155399322506 0.002547622919082641
v -0.008502060890197753 0.010483699798583978 0.0021701922416687007
v -0.013430922508239743 0.0013331276178359978 0.0029250533580780025
v -0.013499986648559567 5.632055710691471e-12 0.0029805486202239984
v -0.01349711990356445 -6.747161933162711e-09 0.003019410848617553
v -0.013499999999999998 -1.6532731265820114e-17 -2.773339119917619e-35
v 0.0014693802595138548 0.013418704032897941 0.0014153329133987423
v 0.01345848751068115 0.0010578824281692498 5.529622404551983e-35
v 0.01328847789764404 0.002380409955978392 5.459771003743069e-35
v 0.013459418296813963 0.0010577830076217644 9.432699531316756e-05
v 0.013496847152709959 -0.0002749584019184111 -3.067479337914846e-08
v 0.012988829612731932 0.0036797149181365943 5.336656190656873e-35
v 0.012562465667724607 0.0049431214332580535 5.161478145025581e-35
v 0.012988499641418454 0.0036787929534912085 0.0002830421924591064
v 0.012013545989990233 0.006158304214477535 4.93594603563529e-35
v 0.011347425460815427 0.0073134083747863725 4.662260387910741e-35
v 0.012013543128967283 0.006157854557037349 0.0004717572033405303
v 0.012561724662780759 0.004942204475402829 0.00037739971280097953
v 0.013289253234863279 0.0023798930644989 0.00018868462741374967
v 0.010570601463317869 0.008397164344787593 4.343091043396237e-35
v 0.00969065475463867 0.00939900112152099 3.981551298879931e-35
v 0.010571642875671385 0.008396933555603022 0.0006604721546173095
v 0.00871616744995117 0.010309142112731927 3.581168812908641e-35
v 0.0076566486358642565 0.011118710517883294 3.145849165462974e-35
v 0.008715515136718748 0.010308332443237297 0.0008491871953010558
v 0.009690642356872557 0.009398132324218744 0.0007548296451568602
v 0.006522432804107665 0.011819808006286613 2.679839711506039e-35
v 0.005324586391448973 0.012405594825744621 2.187686381566053e-35
v 0.006522848129272459 0.011820908546447746 0.0010379023551940916
v 0.00407479429244995 0.012870355606079093 1.6741906292557438e-35
v 0.0027852499485015864 0.013209556579589835 1.1443618237511406e-35
v 0.004075547695159911 0.012869335174560539 0.0012266175746917722
v 0.005325406074523925 0.01240612316131591 0.0011322599649429318
v 0.007656252861022948 0.011118826866149895 0.0009435447454452513
v 0.011348566055297849 0.00731346988677978 0.0005661146640777587
v 0.0027859661579132076 0.013207770347595207 0.0013209753036499022
v 0.0014685331583023068 0.013419888496398918 6.033689810547933e-36
v 0.013499999999999998 -3.3065464225706125e-18 0.0059805650711059555
v 0.013499999999999998 -3.3065464225706125e-18 0.006019470691680907
v 0.013435732841491696 -0.0013244572877883904 0.005925718784332274
v 0.013434867858886717 0.0013235707283020012 0.006074315547943114
v 0.013431627273559567 0.0013233057260513298 0.006113222122192382
v 0.013240930557250974 0.002634483337402342 0.006168066024780272
v 0.01323830699920654 0.0026349041461944563 0.006206974029541014
v 0.012919904708862302 0.003919848918914792 0.006261816978454589
v 0.012919217109680173 0.003921030521392819 0.006300725460052489
v 0.01247339630126953 0.005166772365570065 0.0063555674552917465
v 0.012475664138793943 0.005168722152709957 0.006394477367401122
v 0.011905112266540525 0.006363254070281979 0.006449317932128905
v 0.01190923976898193 0.00636514854431152 0.006488229274749755
v 0.01122241687774658 0.007498856067657466 0.006543068408966063
v 0.011225698471069334 0.00749941492080688 0.006581981182098387
v 0.010433043479919432 0.008563296318054194 0.00663681936264038
v 0.010433953285217283 0.008562095642089838 0.00667573308944702
v 0.009544725418090818 0.009546293258666986 0.0067305698394775374
v 0.009542996406555175 0.009543801307678217 0.006769484996795653
v 0.008565196037292479 0.010437566757202142 0.006824320316314696
v 0.008561821937561033 0.010435142517089838 0.0068632369041442855
v 0.007502213478088378 0.011226866722106927 0.006918070793151854
v 0.007499420166015624 0.011226729393005364 0.006956989288330077
v 0.006365209102630614 0.011906148910522453 0.007011821269989013
v 0.006364784717559813 0.01190917205810546 0.0070507411956787095
v 0.005166320800781249 0.012470928192138664 0.00710557174682617
v 0.00516734743118286 0.012473928451538078 0.007144493103027343
v 0.003917930603027343 0.01291704559326171 0.0071993222236633285
v 0.0039190671443939205 0.012917305946350089 0.007238245010375975
v 0.0026324224472045895 0.013240339279174796 0.007293072700500487
v 0.00263279914855957 0.013237339973449698 0.007331997394561766
v 0.001322178483009338 0.01343664836883544 0.007386823177337645
v 0.0013214005231857297 0.013432065963745108 0.007425749301910399
v -4.179274546913802e-07 0.013501864433288565 0.007480573654174804
v -2.2715595550835127e-06 0.013499519348144523 0.007519501209259032
v -0.0013229792118072507 0.013434734344482413 0.0075743246078491195
v -0.001325360298156738 0.013437737464904776 0.007613253116607665
v -0.0026331107616424554 0.013238278388977042 0.007668075084686278
v -0.0026350095272064202 0.013244760513305656 0.007707004547119139
v -0.003918417215347289 0.012915871620178215 0.0077618260383605945
v -0.003918748378753661 0.012920764923095695 0.007800756454467772
v -0.005166503429412841 0.012470888137817375 0.007855576515197752
v -0.0051650762557983385 0.012471306800842278 0.007894508361816405
v -0.006364974498748778 0.01190669918060302 0.007949327468872069
v -0.006362643241882323 0.01190277957916259 0.00798825979232788
v -0.007501463890075682 0.011226731300353997 0.008043078422546385
v -0.007500100612640379 0.01122157669067382 0.008082011222839355
v -0.008564920425415037 0.010436800003051751 0.008136828422546385
v -0.008566098213195799 0.01043409061431884 0.008175763130187986
v -0.009546122550964353 0.009546035766601556 0.008230579376220702
v -0.009549285888671873 0.009546715736389154 0.00826951503753662
v -0.010435982704162596 0.008563818931579585 0.008324330329895017
v -0.010438400268554686 0.008565918922424311 0.008363266944885253
v -0.011225413322448727 0.007499526977539058 0.008418080329895017
v -0.011224916458129881 0.007500595092773433 0.00845701789855957
v -0.011905863761901853 0.006362832546234127 0.008511831283569334
v -0.011903584480285643 0.006362537860870357 0.008550769805908201
v -0.012471721649169919 0.005165024757385251 0.00860558223724365
v -0.012469347000122068 0.005163710594177243 0.008644521713256834
v -0.012918379783630368 0.003917943716049192 0.00869933223724365
v -0.012917146682739255 0.003916076183319089 0.008738273620605468
v -0.013241230964660643 0.002633429527282713 0.008793083190917967
v -0.013241924285888669 0.002631597995758055 0.0088320255279541
v -0.013435736656188963 0.0013233363628387443 0.008886833190917967
v -0.013499785423278806 3.134023472739498e-09 0.008980584144592284
v -0.013438623428344725 0.0013222392797470083 0.008925777435302732
v -0.013502681732177732 3.0173157483659433e-10 0.009019529342651366
v -0.013499986648559567 5.632055710691471e-12 0.0029805486202239984
v -0.013434326171874997 -0.0013231558799743643 0.0030742964744567866
v -0.013434567451477048 -0.0013243548870086662 0.003113162755966186
v -0.013239512443542477 -0.002633666276931761 0.0031680459976196284
v -0.013243356704711912 -0.002635360479354857 0.003206914663314819
v -0.01291814613342285 -0.0039189729690551735 0.0032617969512939446
v -0.012922760009765622 -0.003919941902160642 0.0033006663322448725
v -0.012472826957702634 -0.005166517257690426 0.003355548381805419
v -0.012474485397338865 -0.005165750026702878 0.0033944182395935054
v -0.011906383514404295 -0.006363840579986568 0.003449299335479736
v -0.01190527534484863 -0.006361946582794186 0.003488170146942138
v -0.011224565505981443 -0.007499761581420894 0.003543049812316894
v -0.011222493171691892 -0.007497880458831783 0.0035819218158721915
v -0.01043514060974121 -0.008563979148864741 0.003636800050735473
v -0.010433502197265623 -0.008562900543212884 0.0036756737232208243
v -0.009545911788940428 -0.009546208381652826 0.003730550289154052
v -0.009545665740966795 -0.00954635620117187 0.003769425392150878
v -0.008564687728881835 -0.01043616867065429 0.0038243007659912102
v -0.008566348075866698 -0.010437594413757318 0.003863177299499511
v -0.0075002036094665514 -0.011224694252014153 0.003918051242828368
v -0.007503020286560057 -0.011226107597351067 0.003956928968429565
v -0.0063634920120239245 -0.011905382156372064 0.0040118017196655266
v -0.006365581989288329 -0.011904584884643547 0.004050680637359618
v -0.005166340827941893 -0.012468888282775871 0.004144432544708252
v -0.005165935516357421 -0.01247225093841552 0.004105552673339843
v -0.00391891598701477 -0.012919319152832023 0.004199303627014159
v -0.0039177067279815665 -0.012915016174316398 0.004238184452056884
v -0.0026338968276977534 -0.013240894317626945 0.0042930541038513174
v -0.0026320896148681635 -0.013238965034484854 0.004331936359405516
v -0.0013232172727584836 -0.013434444427490226 0.004386804580688476
v -0.0013219002485275267 -0.013436734199523917 0.00442568826675415
v 2.4297725758515294e-07 -0.013499383926391594 0.0044805555343627925
v 4.514841130003332e-07 -0.013504319190978996 0.004519440174102782
v 0.0013235962390899655 -0.013435155868530266 0.00457430601119995
v 0.0013225723505020139 -0.013438389778137199 0.004613192081451415
v 0.0026339564323425288 -0.013241211891174307 0.004668056488037108
v 0.0026322026252746577 -0.01324092483520507 0.004706943988800048
v 0.003918735265731811 -0.012918577194213859 0.004761806964874267
v 0.003917146205902099 -0.012916426658630364 0.004800695896148681
v 0.005165999889373778 -0.012471744537353507 0.004855557918548583
v 0.005165207386016845 -0.012469412803649894 0.004894448280334472
v 0.006363903999328612 -0.011905666351318352 0.004949308395385741
v 0.006364190101623534 -0.011904401779174798 0.004988200187683104
v 0.007500602245330809 -0.011225296020507805 0.005043059349060058
v 0.007501899242401122 -0.01122591018676757 0.005081952571868896
v 0.008564448356628417 -0.010435881614685052 0.005136809825897216
v 0.008566139221191404 -0.01043845653533935 0.005175704479217528
v 0.009545691490173338 -0.00954546165466308 0.005230560302734374
v 0.009545747756958005 -0.009547826766967768 0.005269456386566161
v 0.010435617446899413 -0.008563608169555658 0.005324310779571532
v 0.010433074951171873 -0.008564115524291987 0.005363208293914794
v 0.011225524902343747 -0.0074999094009399365 0.00541806125640869
v 0.01122121715545654 -0.007498333454132075 0.005456960201263426
v 0.011906724929809568 -0.0063639588356018024 0.005511811733245849
v 0.011903270721435544 -0.006361489295959468 0.00555071210861206
v 0.012472121238708493 -0.0051661849021911585 0.005605562210083007
v 0.012472331047058104 -0.005164593696594235 0.005644463539123534
v 0.012917737960815428 -0.003918647050857541 0.005699313163757323
v 0.012921494483947752 -0.00391865539550781 0.005738215446472167
v 0.01323995780944824 -0.002633593559265135 0.005793063640594481
v 0.01324390602111816 -0.002634696722030638 0.0058319673538207994
v 0.013435164451599119 -0.0013232725858688347 0.00588681411743164
v 0.013499999999999998 -3.3065464225706125e-18 0.011980563163757322
v 0.013499999999999998 -3.3065464225706125e-18 0.012019478797912595
v 0.013431468963623044 -0.0013222669363021843 0.011925729751586912
v 0.013434465408325193 0.0013238002061843864 0.012074312210083005
v 0.013437623023986814 0.0013237613439559927 0.012113226890563962
v 0.013241193771362302 0.002633853912353514 0.012168061256408689
v 0.013243062019348143 0.0026340079307556135 0.01220697498321533
v 0.01291935348510742 0.003918486356735227 0.012261811256408689
v 0.012919875144958494 0.003919171333312986 0.012300724029541013
v 0.01247221755981445 0.005165604114532468 0.012355560302734372
v 0.012472599029541013 0.005166868686676022 0.01239447212219238
v 0.011905458450317381 0.006363519191741939 0.012449309349060056
v 0.011905771255493162 0.006364717960357662 0.012488221168518065
v 0.011224812507629392 0.0075005540847778275 0.012543059349060056
v 0.011224070549011228 0.007500451564788814 0.012581969261169432
v 0.010436017036437987 0.00856503295898437 0.01263680839538574
v 0.010434305191040038 0.008563530921936029 0.012675717353820799
v 0.009545782089233396 0.009546110153198235 0.012730557441711423
v 0.0095449161529541 0.00954474258422851 0.012769465446472165
v 0.008563646316528319 0.010435365676879877 0.012824307441711423
v 0.0085643892288208 0.010434907913208 0.012863213539123532
v 0.0074996619224548325 0.011224816322326654 0.012918056488037106
v 0.0075012097358703594 0.01122485160827636 0.0129569616317749
v 0.00636388063430786 0.011906479835510247 0.01301180553436279
v 0.006364700794219969 0.011906281471252434 0.013050710678100583
v 0.005166454315185546 0.012472579956054679 0.01310555553436279
v 0.005166555404663085 0.012473411560058587 0.013144459724426266
v 0.003918885946273803 0.012918090820312492 0.013199304580688473
v 0.003918880701065062 0.01292089366912841 0.013238207817077635
v 0.002633644580841064 0.013239955902099601 0.013293054580688473
v 0.002633783817291259 0.013243380546569816 0.013331956863403318
v 0.001323220610618591 0.01343516254425048 0.013386803627014157
v 0.0013233960866928097 0.013435835838317863 0.013425705909729002
v 1.0412604751763863e-07 0.013500699043273917 0.01348055267333984
v 1.632053754292428e-07 0.01349732303619384 0.013519454002380369
v -0.0013231612443923948 0.013434968948364249 0.013574301719665526
v -0.0013232475519180296 0.013429783821105948 0.013613202095031736
v -0.002633893966674804 0.013240014076232902 0.013668051719665524
v -0.0026341645717620843 0.013235222816467277 0.013706950187683102
v -0.00391939091682434 0.012918457984924308 0.013761800765991209
v -0.003919915676116942 0.012915640830993644 0.01380069828033447
v -0.005166948795318603 0.01247292518615722 0.013855549812316893
v -0.005167829513549804 0.01247304153442382 0.013894446372985838
v -0.006363995552062987 0.011906294822692863 0.013949298858642576
v -0.006365234374999999 0.011909426689147943 0.013988194465637205
v -0.007499466419219969 0.011224409103393548 0.014043048858642576
v -0.007499933719635008 0.011227766036987297 0.014081942558288572
v -0.00856326103210449 0.010435001373291009 0.01413679790496826
v -0.008562225341796873 0.010436100959777825 0.014175690650939939
v -0.009545294761657714 0.00954583835601806 0.014230546951293943
v -0.009543224334716795 0.009544131278991693 0.014269439697265622
v -0.010435486793518065 0.00856469058990478 0.014324296951293943
v -0.010434045791625974 0.008561558723449702 0.014363187789916989
v -0.011224771499633787 0.007500316143035884 0.014418045997619627
v -0.011225804328918456 0.0074980859756469675 0.014456936836242672
v -0.011906399726867673 0.006363743782043453 0.01451179504394531
v -0.011909615516662595 0.006363413810729976 0.01455068492889404
v -0.012473948478698729 0.005166316509246823 0.014605544090270994
v -0.012476602554321287 0.0051672472953796355 0.014644433975219725
v -0.012920993804931637 0.00391937732696533 0.014699294090270994
v -0.012920071601867674 0.003920149803161618 0.014738182067871091
v -0.013241511344909666 0.002634361505508421 0.014793043136596677
v -0.013238411903381346 0.002634679794311522 0.014831930160522458
v -0.013433465003967282 0.0013236143589019768 0.01488679218292236
v -0.01343072986602783 0.0013236799240112296 0.014925678253173825
v -0.013497090339660641 4.5870521603319475e-10 0.014980541229248044
v -0.013434291839599606 -0.0013236112594604483 0.009074333190917968
v -0.013434533119201657 -0.0013226983547210685 0.00911327838897705
v -0.013240354537963864 -0.002634545803070067 0.009168082237243651
v -0.013237497329711911 -0.0026333200931549054 0.009207026481628416
v -0.01291907501220703 -0.003919821977615354 0.009261832237243651
v -0.012914920806884764 -0.003919276714324948 0.009300774574279783
v -0.01247227096557617 -0.005166728973388669 0.009355581283569335
v -0.012470153808593747 -0.005167980670928952 0.009394523620605466
v -0.011905235290527342 -0.006363848686218258 0.009449330329895018
v -0.011906542778015134 -0.006366843700408932 0.009488271713256833
v -0.01122430896759033 -0.007500151634216304 0.009543080329895018
v -0.011227437019348143 -0.007503277778625484 0.009582020759582517
v -0.010435829162597655 -0.008564608573913569 0.009636829376220702
v -0.010437295913696286 -0.008565444946289058 0.009675768852233885
v -0.009546206474304198 -0.00954624462127685 0.009730579376220702
v -0.009545254707336423 -0.00954466819763183 0.009769516944885252
v -0.008563804626464841 -0.010435637474060053 0.009824328422546385
v -0.008561677932739256 -0.010433098793029779 0.009863265991210936
v -0.007499168395996092 -0.01122509288787841 0.009918077468872069
v -0.007496934413909911 -0.011222891807556146 0.009957014083862303
v -0.006362956047058104 -0.01190700435638427 0.010011827468872069
v -0.006361388206481932 -0.011906199455261224 0.010050763130187986
v -0.005165824890136718 -0.012473768234252922 0.010105576515197752
v -0.0051654062271118155 -0.012475174903869622 0.010144511222839353
v -0.003918717861175537 -0.01291869926452636 0.010199325561523436
v -0.003919362306594848 -0.012921994209289543 0.01023825931549072
v -0.0026337800025939937 -0.013239023208618157 0.01029307460784912
v -0.0026344699859619136 -0.013241380691528313 0.010332007408142089
v -0.001323477506637573 -0.013433005332946769 0.010386823654174803
v -0.001323537468910217 -0.013432892799377432 0.010425755500793455
v -2.7649383991956704e-07 -0.013498908042907706 0.010480572700500486
v 4.478058544918894e-07 -0.013496629714965812 0.010519503593444822
v 0.0013233414888381956 -0.013435070991516106 0.010574322700500486
v 0.0013244990110397336 -0.013432690620422355 0.01061325168609619
v 0.002634531736373901 -0.013241549491882316 0.01066807174682617
v 0.0026356291770935052 -0.013241176605224602 0.010706999778747556
v 0.003920088291168212 -0.01292011070251464 0.01076182174682617
v 0.003920850992202758 -0.01292218589782714 0.010800747871398923
v 0.0051668558120727525 -0.012472723960876456 0.01085557174682617
v 0.005167247295379637 -0.012476022720336906 0.010894496917724606
v 0.006363268375396728 -0.01190700149536132 0.010988245010375975
v 0.006363118648529052 -0.011904107093811027 0.010949320793151853
v -0.013496137619018552 -6.9370553319458805e-09 0.015019426345825192
v 0.0074985451698303205 -0.011221621513366692 0.011043069839477537
v 0.007498620510101317 -0.0112231159210205 0.011081994056701659
v 0.008562858581542968 -0.010432734489440912 0.01113681888580322
v 0.008563055992126463 -0.010432494163513177 0.011175742149353025
v 0.009545783042907712 -0.009544914245605463 0.011230567932128904
v 0.009546325683593749 -0.009543266296386712 0.011269491195678709
v 0.010437042236328123 -0.00856562995910644 0.011324317932128904
v 0.010438182830810544 -0.008563560485839838 0.011363240242004392
v 0.011226501464843748 -0.007502473831176753 0.011418066978454587
v 0.011228379249572751 -0.007501506805419917 0.01145698833465576
v 0.011906681060791013 -0.0063654417991638144 0.011511816024780271
v 0.011907312393188475 -0.006365622520446773 0.011550737380981443
v 0.012472476005554197 -0.0051666707992553676 0.011605566024780271
v 0.012470019340515134 -0.005167220115661618 0.01164448547363281
v 0.012918867111206052 -0.003918374538421628 0.011699315071105955
v 0.012913563728332517 -0.003918833732604978 0.011738233566284178
v 0.013240831375122067 -0.0026327652931213362 0.011793065071105955
v 0.013235022544860838 -0.002633002758026121 0.011831981658935545
v 0.013434373855590818 -0.0013221408128738395 0.011886814117431638
v 0.013499999999999998 -3.3065464225706125e-18 0.017980556488037105
v 0.013499999999999998 -3.3065464225706125e-18 0.018019382476806636
v 0.013434512138366696 -0.0013221217393875114 0.017925714492797847
v 0.013437104225158689 0.001323607683181762 0.01807430839538574
v 0.013436180114746092 0.001323917627334594 0.01811321640014648
v 0.013242617607116697 0.0026337444782257064 0.01816805839538574
v 0.013240519523620603 0.002633548974990843 0.018206968307495113
v 0.012919519424438475 0.003918708801269529 0.01826180839538574
v 0.01291739463806152 0.0039179801940917944 0.018300718307495113
v 0.012472389221191404 0.005166295528411862 0.018355560302734372
v 0.012471007347106931 0.005165205478668209 0.018394470214843747
v 0.01190580654144287 0.006364300251007076 0.018449310302734372
v 0.011905563354492185 0.006363219738006588 0.01848822212219238
v 0.01122439670562744 0.007500549793243404 0.018543060302734372
v 0.011225270271301267 0.007500019550323481 0.01858197212219238
v 0.01043452167510986 0.00856410408020019 0.018636810302734372
v 0.01043563938140869 0.008564310073852534 0.018675724029541013
v 0.009544782638549803 0.009545612335205072 0.018730560302734373
v 0.009545479774475096 0.009546587944030755 0.018769475936889646
v 0.008563931465148925 0.010435831069946283 0.018824312210083006
v 0.008564111709594724 0.010437625885009759 0.018863225936889643
v 0.007500720024108886 0.011225514411926263 0.018918062210083002
v 0.007500856876373289 0.01122819805145263 0.018956977844238276
v 0.006364343643188475 0.011906032562255852 0.019011812210083003
v 0.006365034580230712 0.011909078598022453 0.019050727844238276
v 0.005166239261627196 0.012471850395202629 0.019105562210083003
v 0.0051667332649230945 0.012472626686096184 0.01914447975158691
v 0.003918548822402953 0.012918401718139641 0.019199314117431636
v 0.003918235301971435 0.012915732383728019 0.019238231658935543
v 0.002633412837982177 0.013241124153137199 0.019293064117431636
v 0.0026322121620178216 0.01323608970642089 0.019331981658935543
v 0.0013229832649230954 0.013435534477233878 0.019386814117431636
v 0.0013213350772857664 0.013431390762329094 0.019425733566284176
v -2.9435893520712846e-07 0.013499628067016593 0.019480564117431636
v -1.7240984598174687e-06 0.013499330520629875 0.019519483566284176
v -0.001323633551597595 0.013434264183044425 0.01957431602478027
v -0.0013242938518524168 0.013437602043151847 0.01961323547363281
v -0.002634228944778442 0.013240459442138664 0.01966806602478027
v -0.002633713006973266 0.013243983268737785 0.019706987380981443
v -0.003919275283813476 0.012919233322143547 0.01976181602478027
v -0.003917754650115966 0.012919682502746574 0.019800737380981443
v -0.005166211128234862 0.012472403526306144 0.01985556602478027
v -0.005164773941040038 0.012470509529113761 0.019894489288330073
v -0.006363559722900389 0.011905333518981926 0.019949317932128903
v -0.006363166332244872 0.011902593612670891 0.019988241195678706
v -0.007500144004821776 0.011224369049072258 0.020043067932128903
v -0.007501327514648436 0.011222064018249505 0.02008199310302734
v -0.008564785957336424 0.010435856819152826 0.020136817932128903
v -0.008567652702331542 0.010435051918029778 0.02017574310302734
v -0.009546380043029783 0.009546223640441888 0.020230567932128903
v -0.009550538063049315 0.009547686576843255 0.020269495010375973
v -0.010435563087463377 0.008563894271850581 0.020324319839477537
v -0.010438692092895505 0.008566375732421869 0.020363246917724606
v -0.01122477340698242 0.007499360561370845 0.020418069839477537
v -0.011224520683288572 0.007500797271728511 0.020456996917724606
v -0.011906534194946286 0.006363208770751949 0.020511819839477537
v -0.011902824401855467 0.0063627529144287065 0.02055074882507324
v -0.01247336673736572 0.005166025161743161 0.020605569839477533
v -0.012468447685241697 0.00516408014297485 0.02064449882507324
v -0.01291871643066406 0.00391873502731323 0.020699321746826167
v -0.012916235923767087 0.00391661739349365 0.02073825073242187
v -0.013239630699157711 0.0026335871219634994 0.020793071746826167
v -0.013241030693054196 0.0026322019100189194 0.02083200073242187
v -0.013434034347534178 0.0013231524229049675 0.020886821746826167
v -0.013499853134155271 1.9315089048177457e-09 0.020980571746826167
v -0.01343767738342285 0.0013226717710494986 0.020925752639770503
v -0.013502076148986814 1.147943066825973e-09 0.021019504547119136
v -0.013432649612426755 -0.0013236250877380362 0.01507429218292236
v -0.013433737754821774 -0.0013235780000686638 0.015113177299499509
v -0.013240403175354002 -0.00263437509536743 0.015168042182922361
v -0.01324263763427734 -0.002634150028228758 0.015206928253173825
v -0.012920614242553708 -0.003919378042221067 0.015261793136596676
v -0.012922066688537594 -0.0039189033508300756 0.015300680160522459
v -0.012474034309387205 -0.0051659126281738245 0.015355543136596676
v -0.01247463798522949 -0.0051657023429870575 0.015394431114196774
v -0.011905798912048338 -0.006362608432769771 0.015449294090270993
v -0.011906718254089354 -0.006363168239593502 0.015488183021545407
v -0.011223363876342771 -0.007498808860778804 0.01554304504394531
v -0.011224867820739745 -0.007499963283538813 0.015581933975219724
v -0.010434205055236814 -0.008563864707946772 0.01563679504394531
v -0.010435648918151854 -0.00856474876403808 0.01567568492889404
v -0.009545801162719724 -0.009547125816345209 0.015730545997619624
v -0.009545670509338376 -0.009546236991882319 0.015769436836242674
v -0.00856562805175781 -0.010437942504882806 0.015824295997619624
v -0.008563261985778807 -0.010434960365295403 0.01586318778991699
v -0.007501510620117186 -0.011226119041442864 0.01591804695129394
v -0.007498888492584227 -0.01122371292114257 0.015956938743591307
v -0.0063641200065612785 -0.01190517044067382 0.01601179695129394
v -0.006363147258758544 -0.011905429840087883 0.01605068969726562
v -0.005165521621704101 -0.012470428466796867 0.01610554695129394
v -0.0051666364669799795 -0.012473045349121087 0.016144441604614253
v -0.003917790889739989 -0.01291723918914794 0.016199298858642575
v -0.00391997456550598 -0.012919546127319327 0.016238191604614254
v -0.0026330027580261225 -0.013240946769714348 0.016293048858642575
v -0.0026347186565399165 -0.013240294456481925 0.016331943511962887
v -0.0013232320547103878 -0.013436896324157706 0.016386798858642575
v -0.0013237327337265012 -0.013433959007263175 0.01642569541931152
v -6.025277543812989e-07 -0.013501054763793936 0.016480548858642575
v 2.242245864181313e-08 -0.01349945640563964 0.01651944541931152
v 0.0013223980665206907 -0.01343402671813964 0.016574300765991208
v 0.001323585748672485 -0.013435700416564934 0.016613197326660153
v 0.0026331174373626703 -0.013238521575927725 0.016668050765991208
v 0.002634003400802612 -0.01324164390563964 0.016706949234008787
v 0.0039189021587371815 -0.012917256355285636 0.01676180076599121
v 0.00391875410079956 -0.012918549537658683 0.016800699234008787
v 0.005167098999023436 -0.012472948074340812 0.01685555076599121
v 0.005165992736816405 -0.012471288681030266 0.01689445114135742
v 0.0063650550842285145 -0.011908313751220695 0.01694930267333984
v 0.006363934040069579 -0.011905047416687005 0.01698820304870605
v 0.0075004549026489245 -0.011226692199707023 0.01704305267333984
v 0.007500791072845458 -0.01122501373291015 0.01708195304870605
v 0.008563286781311033 -0.010435660362243646 0.017136802673339842
v 0.008564793586730955 -0.010436390876770013 0.017175704956054683
v 0.009544505119323728 -0.009544567108154291 0.017230552673339842
v 0.009545467376708982 -0.009546056747436518 0.017269454956054683
v 0.010435064315795897 -0.008562766075134272 0.017324302673339842
v 0.010434620857238768 -0.00856382274627685 0.017363206863403317
v 0.01122592258453369 -0.007499613761901851 0.017418054580688472
v 0.011224290847778318 -0.007499797821044917 0.01745695877075195
v 0.011908034324645994 -0.006364463329315182 0.017511804580688472
v 0.011906516075134274 -0.006364091873168941 0.01755070877075195
v 0.012473057746887204 -0.005167013168334958 0.017605554580688472
v 0.012473347663879392 -0.005166820049285885 0.017644460678100583
v 0.012917032241821287 -0.003919107913970945 0.017699304580688472
v 0.012918630599975583 -0.00391894459724426 0.017738212585449217
v 0.013237689971923825 -0.002633419513702391 0.017793056488037105
v 0.013239750862121579 -0.0026331012248992903 0.017831962585449217
v 0.013432765007019041 -0.0013226213455200188 0.017886806488037105
v -0.012045158386230466 0.003815848827362058 0.025019340515136716
v -0.011918112754821774 0.0037763900756835915 0.024828069686889644
v -0.012193591117858884 0.00253539729118347 0.024880628585815426
v -0.011654331207275388 0.00503822040557861 0.02496452331542968
v -0.011522055625915526 0.00498255634307861 0.024774255752563472
v -0.011145481109619139 0.00621507358551025 0.024907974243164058
v -0.011009579658508298 0.006141720771789547 0.024719158172607416
v -0.012313853263854977 0.0025601825714111313 0.025072376251220697
v -0.012337450981140134 0.0025707526206970198 0.025298837661743158
v -0.012074133872985837 0.0038309175968170143 0.025250297546386715
v -0.011688270568847654 0.005059023380279538 0.025199790954589837
v -0.012344329833984372 0.0012717540264129631 0.024931959152221676
v -0.012456496238708493 0.001283543348312377 0.02512368011474609
v -0.012366248130798337 -2.3479664232581838e-06 0.02498209190368652
v -0.012257959365844725 -0.0012741695642471305 0.025031034469604488
v -0.012021320343017576 -0.0025303125381469713 0.025078775405883783
v -0.01235099124908447 -0.001282831907272338 0.025221281051635736
v -0.01246925067901611 -1.7321157502010455e-06 0.025173305511474606
v -0.011730170249938962 -0.0037789275646209694 0.02531228065490722
v -0.011658383369445798 -0.003757339239120481 0.025125297546386715
v -0.01117119789123535 -0.004941812992095944 0.025170587539672846
v -0.012103853225708006 -0.0025463702678680403 0.025267606735229486
v -0.010562498092651366 -0.0060705118179321255 0.025214628219604487
v -0.011232275009155272 -0.0049670839309692355 0.025355297088623042
v -0.00983923530578613 -0.007131549358367915 0.025257390975952143
v -0.010613172531127927 -0.006097653388977047 0.025396652221679684
v -0.01247449207305908 0.0012908525466918937 0.025345472335815425
v -0.011183745384216306 0.006242821693420406 0.02514728164672851
v -0.012481611251831053 3.554632188752291e-06 0.025390260696411128
v -0.01235785102844238 -0.0012783733606338494 0.025433235168457025
v -0.01225887584686279 0.002564738750457762 0.025512369155883785
v -0.011998071670532224 0.0038180570602416967 0.025470035552978512
v -0.012400511741638181 1.249990612268447e-05 0.025591476440429684
v -0.012394210815429685 0.0012921463251113884 0.025552835464477536
v -0.011615447998046874 0.005039893627166745 0.025425786972045894
v -0.011727040290832517 -0.003772942781448362 0.02551374816894531
v -0.012105500221252438 -0.0025416450500488266 0.02547439765930175
v -0.010602380752563475 -0.006086587429046627 0.02558701133728027
v -0.011224952697753905 -0.0049589490890502895 0.02555128669738769
v -0.012025586128234862 -0.0025168769359588607 0.025663354873657222
v -0.01227687072753906 -0.0012615581750869743 0.025628316879272455
v -0.011150048255920407 -0.004918572425842282 0.025728012084960932
v -0.011649148941040037 -0.003740275382995603 0.025696588516235346
v -0.010531428337097165 -0.0060388259887695275 0.025757623672485346
v -0.009880032539367674 -0.007158892154693599 0.025436326980590816
v -0.009866570472717284 -0.007144266128540034 0.025620903015136715
v -0.008083251953124999 -0.009005131721496576 0.02533894538879394
v -0.007067670822143554 -0.009794945716857904 0.02537767028808593
v -0.008106662750244138 -0.009028606414794917 0.025510520935058588
v -0.005973373413085937 -0.010473545074462885 0.02541495323181152
v -0.004813282012939452 -0.011034855842590325 0.025450691223144525
v -0.00598380947113037 -0.010488707542419427 0.025577629089355465
v -0.007083967208862303 -0.009814718246459955 0.02554498481750488
v -0.0036005992889404288 -0.011473144531249993 0.02548477172851562
v -0.0023485291004180903 -0.01178267860412597 0.025517084121704097
v -0.0035925068855285638 -0.011437466621398919 0.025783678054809564
v 0.00021983365714550013 -0.011998449325561517 0.025575914382934564
v -0.0010670576095581053 -0.011904781341552727 0.02582052040100097
v -0.0010703563690185544 -0.011958152770996086 0.025547512054443354
v -0.002341856002807617 -0.011737787246704094 0.02580331993103027
v -0.004805805683135985 -0.011008728027343742 0.02576171493530273
v 0.007370757102966307 -0.009442777633666986 0.025854812622070306
v 0.007419105052947996 -0.009513596534728998 0.025691751480102533
v 0.008412248611450193 -0.008695789337158198 0.025697530746459956
v 0.0027780995368957514 -0.011678585052490227 0.02562600135803222
v 0.0014992411136627193 -0.011837882995605462 0.025846950531005854
v 0.0015075006484985348 -0.011904829978942863 0.025602130889892574
v 0.01084875965118408 -0.005739424228668209 0.025669553756713863
v 0.010345821380615232 -0.006200503349304195 0.025845867156982418
v 0.010129907608032224 -0.006795356273651119 0.025689302444458002
v 0.011483189582824705 -0.004641127109527585 0.02562807655334472
v 0.010936007499694821 -0.005312862873077389 0.025788976669311518
v 0.009317539215087888 -0.007785669326782221 0.025697463989257808
v 0.008357834815979003 -0.008629813194274897 0.025841751098632806
v 0.0002180438786745071 -0.011937639236450187 0.025835121154785153
v -0.00904160976409912 -0.008139607429504389 0.02547429275512695
v -0.00900996685028076 -0.008113548278808589 0.025298841476440424
v -0.009026326179504393 -0.00812095928192138 0.0256529312133789
v -0.0070677886009216295 -0.009787315368652337 0.025711296081542965
v -0.008090457916259765 -0.009005643844604486 0.025683071136474604
v -0.008965908050537107 -0.008059905052185054 0.025811290740966792
v -0.009800473213195798 -0.007089570999145503 0.025785392761230465
v -0.007020867824554442 -0.009715756416320795 0.025857339859008784
v -0.008036458015441892 -0.008938926696777339 0.025835285186767573
v -0.0059686126708984365 -0.010456901550292962 0.025737548828124995
v 0.005210882663726805 -0.01083531761169433 0.025665914535522454
v 0.0063484358787536605 -0.010229809761047357 0.025680961608886714
v 0.00517832326889038 -0.010760264396667473 0.025863868713378903
v 0.004017086505889892 -0.01132100582122802 0.025647365570068355
v 0.003993077516555785 -0.011246719360351555 0.025861583709716793
v -0.0037507631778717033 -0.011177388191223138 0.026005609512329095
v -0.005929322242736815 -0.010381418228149407 0.02587739181518554
v 0.0027623221874237057 -0.011607059478759759 0.025855829238891598
v 0.011484263420104978 -0.0044028296470642065 0.025706197738647456
v 0.012091895103454587 -0.003566183805465696 0.025521057128906247
v -0.011115265846252439 0.00621836137771606 0.025380121231079095
v -0.01198292255401611 0.003153879165649412 0.025651584625244136
v -0.011562073707580564 0.004682616710662839 0.025602815628051754
v -0.012211675643920896 0.001585075020790099 0.025697469711303707
v -0.012251764297485349 0.0007930769324302669 0.02571935844421386
v -0.012147505760192868 -0.0010620537996292108 0.02576796722412109
v -0.010956340789794919 0.006147514343261715 0.02555107498168945
v -0.011963860511779783 -0.0021127407550811756 0.02579413032531738
v -0.01133247375488281 -0.004148425102233884 0.02584268188476562
v -0.011691707611083983 -0.003144132137298582 0.025819038391113276
v -0.00975229454040527 -0.006922731876373287 0.02590592765808105
v -0.008322645187377927 -0.008505490303039546 0.02594150352478027
v -0.007510238170623778 -0.009197340011596673 0.025957248687744135
v -0.00907170486450195 -0.007745125293731684 0.025924388885498043
v -0.010887581825256346 -0.005117815971374508 0.025865053176879878
v -0.012241221427917478 1.2508707004599265e-07 0.02574055480957031
v -0.012241221427917478 1.2508707004599265e-07 0.02574055480957031
v -0.010359293937683103 -0.006044799804687496 0.025886142730712887
v -0.0066397404670715315 -0.009814363479614252 0.025971601486206048
v -0.0016701238155364987 -0.01164746952056884 0.026019931793212884
v 0.000461459994316101 -0.011744635581970208 0.026026739120483394
v -0.0006066108345985412 -0.011742695808410638 0.02602433013916015
v -0.005717894554138183 -0.010352179527282708 0.025984498977661127
v -0.004752348423004149 -0.010807582855224603 0.025995862960815425
v -0.002720800638198852 -0.011458408355712883 0.0260136604309082
v 0.0025779881477355953 -0.011471897125244133 0.026025117874145503
v 0.003609801530838012 -0.011198843002319329 0.026020847320556637
v 0.006307568550109862 -0.010155939102172846 0.025861898422241205
v 0.006509054660797118 -0.009859457969665522 0.02599101066589355
v 0.004613132953643798 -0.010836183547973626 0.026014066696166988
v 0.005581500530242919 -0.010387992858886712 0.026004316329956048
v 0.012058774948120115 -0.003524099826812742 0.02555107498168945
v 0.007389946937561034 -0.009255774497985834 0.025973575592041012
v 0.011753780364990233 -0.003946019649505613 0.02564781188964843
v 0.0015257669687271116 -0.01165409851074218 0.02602704238891601
v 0.008218328475952146 -0.00858213329315185 0.02595142745971679
v 0.009697382926940916 -0.0070471892356872515 0.025889654159545892
v 0.008988435745239255 -0.007843765258789057 0.02592395973205566
v 0.010570200920104978 0.008279670715332026 0.02496981048583984
v 0.010432098388671873 0.00817250537872314 0.025145603179931635
v 0.010921497344970702 0.007499065399169917 0.025147520065307613
v 0.01150885486602783 0.006877812862396236 0.024990816116333
v 0.011365729331970213 0.006795003890991207 0.02515088272094726
v 0.011762837409973142 0.006063402652740474 0.02515582656860351
v 0.011906677246093747 0.006134034156799312 0.025003833770751948
v 0.012110864639282223 0.0053073439598083465 0.025162487030029292
v 0.01106269836425781 0.007594082832336421 0.024979524612426755
v 0.010034324645996092 0.008932264328002924 0.024962265014648433
v 0.009899492263793943 0.008812240600585932 0.02514499473571777
v 0.010083603858947751 0.008976131439208978 0.024714027404785153
v 0.011576747894287106 0.006916441917419429 0.02477425384521484
v 0.011979522705078122 0.006168971061706539 0.0247981948852539
v 0.01112510013580322 0.007635624885559077 0.02475236511230468
v 0.012254172325134274 0.005365921497344967 0.025018730163574213
v 0.012407853126525877 0.004529909610748288 0.0251710033416748
v 0.012549345970153806 0.004576647281646726 0.02503565406799316
v 0.012651844978332516 0.0037341828346252417 0.02518150901794433
v 0.012790205955505368 0.0037693860530853248 0.025054756164550777
v 0.012840973854064939 0.0029234783649444564 0.02519427299499511
v 0.013101520538330075 0.002115274906158446 0.025101108551025385
v 0.012973607063293454 0.0021017217636108386 0.02520991134643554
v 0.013048152923583982 0.0012729374170303337 0.025229093551635738
v 0.013253081321716306 0.0012778855562210075 0.024998569488525385
v 0.013063017845153806 0.00044114974141120885 0.025252487182617182
v 0.012974834442138669 0.0029475646018981916 0.02507633781433105
v 0.013194468498229977 -0.0004136980473995206 0.025100938796997065
v 0.013016499519348142 -0.0003895465433597562 0.025280849456787106
v 0.012905022621154782 -0.0012138738632202141 0.02531636810302734
v 0.012855792999267576 -0.002070402145385741 0.02524211692810058
v 0.01272338008880615 -0.002025494813919066 0.025362480163574213
v 0.012091895103454587 -0.003566183805465696 0.025521057128906247
v 0.012285150527954099 -0.0031863319873809796 0.025475463867187496
v 0.012058774948120115 -0.003524099826812742 0.02555107498168945
v 0.01245875549316406 -0.002811217546463011 0.0254281997680664
v 0.013256255149841306 0.00043087348341941807 0.025046520233154294
v 0.012356778144836423 -0.003234302520751951 0.025414850234985346
v 0.012331318855285642 0.005396462440490719 0.024824367523193353
v 0.010626683235168456 0.008323271751403804 0.02473234939575195
v 0.01287355804443359 0.003789330959320066 0.024884128570556635
v 0.012630032539367673 0.004602165699005124 0.024852952957153316
v 0.01318698215484619 0.0021228792667388903 0.024956100463867183
v 0.013059844970703123 0.0029614846706390364 0.02491824340820312
v 0.013063208580017088 -0.0012498807907104484 0.0251646556854248
v 0.012555331230163572 -0.002860216617584227 0.025344903945922845
v 0.009899492263793943 0.008812240600585932 0.02514499473571777
v 0.009597293853759764 0.009270820617675776 0.02505362701416015
v 0.009532377243041991 0.009208111763000482 0.02514499473571777
v 0.010034324645996092 0.008932264328002924 0.024962265014648433
v 0.010083603858947751 0.008976131439208978 0.024714027404785153
v 0.009662211418151854 0.009333529472351068 0.024962261199951166
v 0.009709720611572263 0.009379424095153802 0.024714015960693354
v 0.009629753112792967 0.00930217552185058 0.02500794410705566
v 0.009645981788635252 0.009317852020263665 0.02498510360717773
v 0.009654096603393553 0.009325691223144526 0.02497368240356445
v 0.00965815448760986 0.009329609870910638 0.024967971801757808
v -0.009300740242004392 0.008676009178161616 0.025456876754760736
v -0.010352047920227049 0.007551496982574458 0.02533778572082519
v -0.010207153320312499 0.007463273525238032 0.025502109527587885
v -0.010956340789794919 0.006147514343261715 0.02555107498168945
v -0.011115265846252439 0.00621836137771606 0.025380121231079095
v -0.009430183410644529 0.008779196739196771 0.025298860549926753
v -0.008253612518310546 0.009770422935485834 0.025415159225463863
v -0.0070822801589965805 0.010731213569641107 0.02537673377990722
v -0.008366331100463866 0.009886023521423334 0.025263246536254877
v -0.0058801937103271475 0.011675793647766107 0.025201208114624018
v -0.005803314208984374 0.011543172836303704 0.02534138107299804
v -0.004435254573822021 0.012194050788879387 0.02530895614624023
v -0.007177359580993651 0.010856638908386224 0.02523075675964355
v -0.009493691444396971 0.008824529647827144 0.025083461761474603
v -0.010418992042541502 0.007586644649505611 0.02511373710632324
v -0.008424743652343749 0.009940829277038567 0.025056306838989253
v -0.009477263450622556 0.00880209064483642 0.024856376647949215
v -0.010392252922058103 0.007560473442077632 0.024880641937255855
v -0.008416807174682616 0.009923626899719233 0.024835481643676754
v -0.011183745384216306 0.006242821693420406 0.02514728164672851
v -0.00722920799255371 0.01091997337341308 0.025032119750976557
v -0.005924203872680663 0.011746486663818351 0.025010747909545893
v -0.004528844833374022 0.012407949447631829 0.024992090225219723
v -0.005927445888519286 0.011742608070373528 0.02480315208435058
v -0.007227855682373045 0.010909096717834466 0.02481779289245605
v -0.004493726253509521 0.012331251144409172 0.025174476623535152
v -0.0029990139007568355 0.012675168037414542 0.025279390335083002
v -0.0030392227172851556 0.012814407348632805 0.025150514602661128
v -0.0015157108306884763 0.012980125427246086 0.025252643585205074
v -1.1995906941592691e-05 0.013244117736816398 0.02511084365844726
v -6.6289845854043946e-06 0.013107940673828117 0.02522872161865234
v 0.0015069206953048702 0.013058512687683098 0.025207635879516598
v 0.0015176039934158322 0.013189941406249992 0.02509519004821777
v 0.0030036275386810295 0.012831738471984854 0.025189401626586908
v -0.0015381281375885006 0.01311896610260009 0.02512929534912109
v 0.004501015186309814 0.012544264793395989 0.025072410583496088
v 0.004462265968322753 0.012427855491638176 0.02517403984069824
v 0.005863045692443846 0.01185281085968017 0.025161684036254878
v 0.007187366485595701 0.011117286682128899 0.025152568817138666
v 0.008416665077209472 0.010232110977172845 0.02514692687988281
v 0.0072909097671508775 0.011282469749450677 0.02494255638122558
v 0.009532377243041991 0.009208111763000482 0.02514499473571777
v 0.008535070419311522 0.010378196716308586 0.02495045471191406
v 0.00594862413406372 0.012035058021545402 0.024938280105590814
v 0.003029101133346557 0.012956516265869132 0.02508236503601074
v -0.0015533140897750852 0.013203164100646965 0.024962823867797846
v -0.003064647674560546 0.012895637512207023 0.02497611808776855
v -0.003071262598037719 0.012906243324279776 0.024782634735107417
v -0.004534701347351074 0.012411354064941399 0.024791448593139642
v -0.0015589830875396725 0.013220566749572745 0.024776687622070307
v -1.6653271391987796e-05 0.013329711914062492 0.024952249526977534
v 0.0015235086679458616 0.013275366783142081 0.024944442749023434
v 0.0030453450679779046 0.013040212631225578 0.024939453124999997
v 0.00452712059020996 0.012624683380126945 0.02493733978271484
v -0.011145481109619139 0.00621507358551025 0.024907974243164058
v -0.009385640144348143 0.008717466354370111 0.024664211273193355
v -0.010279326438903806 0.007479646205902095 0.024689373016357416
v -0.00834511089324951 0.009838710784912103 0.024643405914306638
v -0.007174329757690428 0.010826912879943841 0.024626684188842767
v -0.004510834693908691 0.012341737747192376 0.02460451698303222
v -0.003058463335037231 0.012845403671264641 0.024598823547363275
v -0.005889954566955565 0.011665696144103996 0.024613780975341792
v -1.9885938614606852e-05 0.013353275299072258 0.024773654937744135
v -0.0015546241998672483 0.013169458389282218 0.024596656799316403
v -0.011009579658508298 0.006141720771789547 0.024719158172607416
v 0.0015239783525466915 0.013304235458374015 0.024773586273193354
v 0.003050559282302856 0.013073316574096671 0.024776536941528315
v -2.144820243120193e-05 0.013312400817871085 0.024598035812377926
v 0.00453789472579956 0.01266074085235595 0.02478256797790527
v 0.008570822715759275 0.010423092842102044 0.024684610366821284
v 0.005962544918060302 0.01206908702850341 0.024639789581298824
v 0.009662211418151854 0.009333529472351068 0.024962261199951166
v 0.009709720611572263 0.009379424095153802 0.024714015960693354
v 0.0030441637039184564 0.013052645683288566 0.024611551284790034
v 0.0015188769102096554 0.013273654937744132 0.024602991104125973
v 0.004532304763793945 0.012649161338806144 0.024623754501342767
v 0.007315250873565673 0.011323366165161126 0.02465996932983398
v -0.003831938982009887 -0.012010321617126457 3.2051184623016476e-17
v -0.003154629945755004 -0.012254249572753898 4.2241817682642224e-15
v -0.002559308290481567 -0.012343479156494133 9.969421476125716e-05
v 5.53251877427101e-05 -0.012605587005615227 0.0002990773320198058
v -0.00027101856470108026 -0.012885803222656242 2.898193490752376e-14
v 0.0004888217151165008 -0.012953982353210441 3.365383666187326e-14
v 0.011654538154602049 -0.004806609153747555 0.025421367645263666
v 0.011089241981506345 -0.005994629859924313 0.02532167816162109
v 0.01155145454406738 -0.00591585540771484 0.02498974990844726
v 0.010404271125793455 -0.007118010044097896 0.02522198867797851
v 0.010844128608703612 -0.007130228519439692 0.02488632011413574
v 0.012124462127685545 -0.0046328067779540984 0.025093177795410152
v 0.012091895103454587 -0.003566183805465696 0.025521057128906247
v 0.0012632611989974974 -0.012924453735351555 3.020578578927235e-14
v 0.001644654870033264 -0.012875051498413078 6.302832812070845e-05
v 0.009606863021850584 -0.008164208412170405 0.025122299194335933
v 0.008704299926757812 -0.009120727539062495 0.025022607803344723
v 0.009059697151184081 -0.00929524135589599 0.024679462432861322
v 0.00770587110519409 -0.009977023124694819 0.024922916412353512
v 0.006623673439025877 -0.010725274085998528 0.024823225021362298
v 0.006849026203155516 -0.011023536682128899 0.024472602844238276
v 0.005470012664794921 -0.011357866287231438 0.024723531723022454
v 0.007139662742614745 -0.011183050155639642 5.413336879450668e-16
v 0.00780609893798828 -0.01078854846954345 3.649506640900773e-16
v 0.007079674720764159 -0.011211977005004876 4.95077259838581e-05
v 0.008001193046569823 -0.01021896839141845 0.0245760326385498
v 0.00566781187057495 -0.01167492198944091 0.0003733189404010772
v 0.0057619571685791 -0.011888639450073235 1.0038837166062573e-15
v 0.006473226070404052 -0.011577552795410149 7.177167389051107e-16
v 0.010010771751403807 -0.008261493682861323 0.024782892227172847
v 0.005617319107055663 -0.011700146675109857 0.02436917114257812
v 0.004257194995880126 -0.011867182731628411 0.024623840332031244
v 0.012356778144836423 -0.003234302520751951 0.025414850234985346
v 0.012554866790771483 -0.0032955169677734352 0.025196607589721674
v 0.012555331230163572 -0.002860216617584227 0.025344903945922845
v 0.0043201942443847645 -0.012240000724792473 0.024265739440917963
v 0.0029976174831390376 -0.012245888710021965 0.024524148941040033
v 0.0017049065828323362 -0.012490394592285148 0.02442445564270019
v 0.0029719288349151604 -0.012634773254394523 0.024162309646606442
v 0.00039356383681297296 -0.012599779129028313 0.02432476425170898
v -0.0009218909144401549 -0.012573175430297843 0.024225072860717768
v 0.0001861089169979095 -0.012976931571960441 0.023955448150634762
v -0.002226937532424926 -0.012409719467163079 0.024125381469726558
v -0.0012180633544921873 -0.012922219276428214 0.023852018356323237
v 0.0015883383750915523 -0.012880770683288566 0.024058879852294917
v -0.0035072331428527823 -0.01210936546325683 0.024025690078735347
v -0.0026074831485748285 -0.0127156057357788 0.023748588562011713
v 0.01152002716064453 -0.006885346412658687 3.585417011030267e-16
v 0.011928355216979979 -0.006226840972900387 4.71652664840727e-16
v 0.012024171829223631 -0.006001249313354488 8.734070509672164e-05
v -0.004749431133270263 -0.01167668914794921 0.023925998687744136
v -0.003965884923934936 -0.012358062744140617 0.02364515876770019
v -0.005940533161163329 -0.011117882728576653 0.023826307296752926
v -0.00706754159927368 -0.010439139366149895 0.023726615905761715
v -0.006529263496398924 -0.01121594047546386 0.023438299179077145
v -0.008117461204528807 -0.00964665508270263 0.023626924514770505
v -0.0077043285369873035 -0.010445510864257806 0.023334867477416987
v -0.005278130531311034 -0.011855815887451165 0.023541728973388666
v -0.00907820701599121 -0.008747924804687494 0.02352723121643066
v -0.009940076828002927 -0.0077538356781005815 0.02342753982543945
v -0.009769146919250486 -0.008545208930969233 0.023128005981445307
v -0.010693884849548337 -0.0066758470535278275 0.023327848434448236
v -0.011331481933593748 -0.005525593757629391 0.023228157043457025
v -0.011377366065979002 -0.006245858192443844 0.02292114639282226
v -0.011845275878906247 -0.00431482410430908 0.023128465652465815
v -0.01198589992523193 -0.004979770660400388 0.02281771659851074
v -0.010635467529296873 -0.007438817024230953 0.023024576187133786
v -0.008788499832153318 -0.009551791191101068 0.023231437683105465
v -0.01222975921630859 -0.0030564143657684307 0.023028774261474604
v -0.01248211860656738 -0.0017647002935409534 0.022929082870483394
v -0.012775253295898435 -0.002286209106445311 0.02261085510253906
v -0.012599721908569334 -0.0004541149139404294 0.022829391479492183
v -0.012579935073852537 0.000860908687114715 0.02272969818115234
v -0.012971323013305662 0.0005133708715438839 0.022403993606567377
v -0.012420532226562498 0.002165994882583617 0.02263000679016113
v -0.012839342117309568 0.0019114794731140124 0.022300561904907222
v -0.012948981285095213 -0.0008913802504539484 0.0225074234008789
v -0.012124176025390622 0.0034474577903747536 0.022530315399169918
v -0.01169675540924072 0.004692066669464108 0.022430624008178707
v -0.01212291622161865 0.004624582290649411 0.022093702316284176
v -0.0111442174911499 0.005886599063873287 0.022330932617187497
v -0.011551753044128416 0.0059090914726257285 0.02199027252197265
v -0.010472508430480955 0.007017832756042476 0.022231241226196286
v -0.00968757343292236 0.008072544097900385 0.022131549835205072
v -0.010017496109008787 0.008257919311523433 0.02178341102600097
v -0.0087954044342041 0.009037552833557123 0.02203185844421386
v -0.00906804084777832 0.009291840553283685 0.02167998123168945
v -0.010847681045532225 0.007125277519226069 0.021886840820312496
v -0.012554376602172849 0.003286971092224119 0.022197132110595697
v -0.01245320415496826 -0.0036545333862304666 0.02271428489685058
v 0.012855792999267576 -0.002070402145385741 0.02524211692810058
v 0.011819309234619138 -0.0060095672607421834 0.024562507629394527
v 0.012400905609130857 -0.004697021007537838 0.02466593551635742
v 0.011100277900695798 -0.007252348423004146 0.024459077835083002
v 0.012836643218994139 -0.0033294780254363994 0.02476936531066894
v 0.009283644676208494 -0.009469569206237788 0.02425222015380859
v 0.010252240180969237 -0.00841059780120849 0.024355649948120114
v 0.0070302438735961904 -0.01124189376831054 0.024045360565185542
v 0.00820496654510498 -0.010416460990905756 0.024148790359497064
v 0.005773877143859863 -0.011936835289001458 0.023941928863525384
v 0.0030739722251892083 -0.012899594306945792 0.023735067367553705
v 0.004450265884399413 -0.012492251396179191 0.023838499069213863
v 0.00022882467508316036 -0.013257464408874504 0.023528205871582025
v 0.0016611431837081905 -0.013155043601989738 0.023631637573242183
v -0.0012059271335601804 -0.013205752372741691 0.023424776077270504
v -0.004014943599700927 -0.012637573242187491 0.023217916488647457
v -0.002626057147979736 -0.012998805999755851 0.02332134628295898
v -0.006637239456176757 -0.011478364944458001 0.02301105690002441
v -0.005357104301452636 -0.01212836551666259 0.023114486694335933
v -0.007840051174163816 -0.010694752693176263 0.022907625198364253
v -0.009955270767211912 -0.00875943279266357 0.022700763702392573
v -0.008950373649597167 -0.009784903526306146 0.02280419540405273
v -0.011605194091796873 -0.006415052413940425 0.022493904113769527
v -0.01084366226196289 -0.00763164901733398 0.02259733390808105
v -0.012230687141418454 -0.0051233487129211394 0.022390474319458002
v -0.013045163154602048 -0.002373796701431273 0.022183612823486323
v -0.012712062835693356 -0.003770797729492185 0.022287042617797848
v -0.013253817558288571 0.00048583099246025057 0.021976751327514643
v -0.01322680854797363 -0.0009492766261100763 0.022080181121826168
v -0.013123144149780271 0.0019146127700805653 0.02187331962585449
v -0.012399292945861813 0.004688613891601559 0.021666460037231442
v -0.01283610916137695 0.003320744991302488 0.021769889831542964
v -0.011819592475891112 0.0060026478767394986 0.021563030242919917
v -0.010259114265441892 0.008406924247741693 0.021356168746948238
v -0.011103900909423826 0.007247274875640864 0.021459598541259763
v -0.009292178153991698 0.009466071128845208 0.021252738952636716
v -0.007804649353027342 0.009902084350585932 0.021932165145874018
v -0.008009222984313964 0.010214626312255852 0.021576551437377925
v -0.006728066921234129 0.010659090995788567 0.021832473754882807
v -0.005622497081756591 0.011694587707519523 0.021369689941406245
v -0.005578767776489257 0.011301846504211418 0.021732782363891597
v -0.004369861602783202 0.01182361984252929 0.021633090972900386
v -0.004324698925018309 0.012236213684082023 0.02126625823974609
v -0.003114459037780761 0.012217684745788566 0.021533397674560542
v -0.006855690479278563 0.011018133163452142 0.02147311973571777
v -0.0015955102443695065 0.012883907318115227 0.021059398651123044
v -0.0018256705999374386 0.012477313041687003 0.02143370628356933
v -0.0005167933702468871 0.012597405433654778 0.02133401489257812
v 0.0012090586423873899 0.012919315338134757 0.020852537155151365
v 0.0007981516122817991 0.012579189300537101 0.02123432350158691
v 0.002104967832565307 0.012425421714782708 0.0211346321105957
v 0.0025992193222045892 0.012711504936218254 0.02074910736083984
v 0.0033894586563110343 0.012138858795166008 0.02103494071960449
v -0.00019462816417217251 0.012977825164794914 0.020955966949462886
v -0.002977350711822509 0.012635236740112297 0.021162828445434566
v 0.005273638248443602 0.011860490798950189 0.02054224586486816
v 0.004637427806854247 0.011722260475158683 0.02093524932861328
v 0.005834678173065184 0.011178381919860833 0.020835557937622068
v 0.007699079036712645 0.010452011108398431 0.020335386276245114
v 0.006967221736907957 0.010510399818420403 0.020735864639282224
v 0.00802332019805908 0.00972599601745605 0.02063617324829101
v 0.008782781600952147 0.009556980133056635 0.020231954574584956
v 0.008992611885070799 0.00883561515808105 0.0205364818572998
v 0.006525236606597899 0.011223544120788567 0.020438816070556635
v 0.009864754676818846 0.007849740505218502 0.02043679046630859
v 0.010629406929016112 0.006778853893280025 0.020337099075317378
v 0.010632086753845213 0.0074445137977600054 0.02002509498596191
v 0.011277035713195799 0.005633866310119626 0.020237407684326168
v 0.01180194568634033 0.004427712917327878 0.020137716293334957
v 0.011982079505920408 0.0049846076965332 0.01981823348999023
v 0.012199577331542966 0.003173928737640379 0.020038024902343746
v 0.012450790405273434 0.003660135746002195 0.01971480369567871
v 0.011374053955078123 0.006251234054565426 0.019921663284301755
v 0.009764424324035643 0.008550473213195795 0.020128524780273434
v 0.003959522962570189 0.012357521057128899 0.020645675659179682
v 0.012465367317199704 0.0018860486745834338 0.019938331604003903
v 0.012594766616821287 0.0005776087045669552 0.019838640213012692
v 0.012949120521545407 0.0008998470902442927 0.01950794219970703
v 0.012585262298583982 -0.0007376164197921748 0.01973894882202148
v 0.012438878059387204 -0.002045320034027098 0.01963925743103027
v 0.012837793350219725 -0.0019039281606674182 0.01930108070373535
v 0.012158250808715817 -0.0033311240673065162 0.01953956604003906
v 0.012556844711303708 -0.0032812702655792216 0.019197650909423825
v 0.01296954822540283 -0.0005047092437744137 0.019404512405395504
v 0.011746016502380368 -0.004580650329589841 0.019439874649047846
v 0.011204915046691893 -0.005779570579528805 0.019340183258056635
v 0.01155941867828369 -0.005904213428497311 0.018990791320800778
v 0.010540598869323728 -0.0069149746894836385 0.019240491867065425
v 0.009761969566345213 -0.007975534915924067 0.01914079856872558
v 0.010852327346801756 -0.007118382930755611 0.01888735961914062
v 0.008878101348876951 -0.008950006484985345 0.01904110717773437
v 0.01001858329772949 -0.00824963760375976 0.0187839298248291
v 0.012129691123962399 -0.004620196342468259 0.0190942211151123
v 0.007898066997528074 -0.009827143669128412 0.01894141578674316
v 0.006831198215484618 -0.01059604358673095 0.01884172439575195
v 0.008012728691101072 -0.010211578369140618 0.01857706832885742
v 0.005689350128173827 -0.01124913024902343 0.01874203300476074
v 0.004485808372497558 -0.011780715942382804 0.018642341613769528
v 0.0056302485466003405 -0.01169322204589843 0.018370208740234373
v 0.003233874320983886 -0.012185134887695305 0.018542650222778317
v 0.004332969665527343 -0.0122336139678955 0.018266777038574215
v 0.0068619265556335435 -0.011017024040222161 0.018473638534545894
v 0.0019468500614166257 -0.012456720352172844 0.018442956924438474
v 0.0006382263302803039 -0.012590885162353507 0.018343265533447263
v 0.0016027213335037228 -0.012880790710449211 0.01805991744995117
v -0.0006776828765869139 -0.012587744712829581 0.018243574142456052
v 0.00020080573856830593 -0.01297727680206298 0.017956485748291014
v -0.0019863400459289547 -0.012448686599731437 0.018143882751464842
v -0.0032732074260711664 -0.012175103187561027 0.018044191360473628
v -0.002594225645065307 -0.012717007637023917 0.017749626159667964
v -0.004523752689361571 -0.011768397331237785 0.017944499969482417
v -0.003953904151916503 -0.012363359451293937 0.01764619445800781
v -0.0012037494182586667 -0.012922163963317863 0.01785305595397949
v 0.0029853661060333246 -0.012631644248962395 0.018163347244262693
v 0.00906858444213867 -0.009285021781921381 0.018680500030517574
v 0.012774898529052732 0.00229336643218994 0.01961137199401855
v -0.006862740516662596 -0.010573437690734856 0.017745115280151363
v -0.006516615390777586 -0.01122326755523681 0.017439334869384763
v -0.005724268436431884 -0.011231986999511712 0.017844806671142573
v -0.007037050247192382 0.011236351013183586 0.021045877456665033
v -0.00821317672729492 0.010412000656127924 0.02114930915832519
v -0.00577915859222412 0.011931133270263664 0.020942447662353512
v -0.007927363872528074 -0.009800821304321283 0.017645423889160152
v -0.007691372394561766 -0.010452656745910638 0.017335905075073238
v -0.008906332969665526 -0.00892221069335937 0.01754573249816894
v -0.008776927947998045 -0.009560654640197747 0.017232473373413083
v -0.010562600135803221 -0.006881899356842036 0.01734634971618652
v -0.010627357482910153 -0.0074508314132690386 0.017025613784790037
v -0.00978793144226074 -0.007945771217346187 0.01744604110717773
v -0.01122302150726318 -0.005743306159973141 0.01724665832519531
v -0.011371048927307127 -0.006257751941680904 0.01692218208312988
v -0.009759688377380369 -0.008556512832641597 0.01712904357910156
v -0.0030795123577117916 0.01290004348754882 0.020735586166381832
v -0.004454859733581542 0.012488360404968254 0.020839015960693354
v -0.00023752847313880914 0.013258350372314445 0.020528724670410153
v -0.0016684777736663814 0.013158220291137687 0.020632156372070307
v 0.0011967399120330808 0.013202759742736807 0.020425294876098628
v 0.004008457660675048 0.012637000083923332 0.020218433380126948
v 0.0026176333427429194 0.0129945945739746 0.020321865081787106
v 0.005352519035339355 0.012133122444152824 0.020115003585815427
v 0.007834691047668456 0.010701364517211907 0.01990814399719238
v 0.00663312530517578 0.011486110687255852 0.020011573791503902
v 0.008944533348083494 0.009790176391601556 0.019804712295532222
v -0.00526625633239746 -0.011863241195678704 0.017542764663696284
v -0.011982426643371579 -0.004991988182067868 0.016818752288818357
v -0.01176197814941406 -0.004542809009551999 0.017146965026855466
v -0.012172254562377928 -0.0032932255268096904 0.017047273635864255
v -0.01245315647125244 -0.0036682546138763405 0.0167153205871582
v -0.012447208404541013 -0.002007482528686522 0.016947582244873045
v -0.01258530807495117 -0.0006994762420654292 0.016847890853881834
v -0.012945566177368162 -0.0009069356322288508 0.016508460998535153
v -0.012587702751159665 0.0006163892745971676 0.01674819946289062
v -0.012965422630310057 0.000498362064361572 0.016405031204223628
v -0.012775202751159665 -0.0023013231754302962 0.016611890792846678
v -0.012455561637878415 0.0019257054328918445 0.01664850807189941
v -0.012190055847167966 0.0032140636444091776 0.0165488166809082
v -0.012558820724487302 0.0032754068374633767 0.01619816970825195
v -0.011792357444763181 0.004467055320739743 0.016449125289916988
v -0.011263745307922362 0.0056703166961669885 0.016349433898925778
v -0.01213496685028076 0.004614013671874997 0.016094739913940427
v -0.010609323501586911 0.006811037063598629 0.016249740600585934
v -0.011565999031066893 0.005897324085235592 0.015991309165954586
v -0.012836073875427243 0.0018979996442794788 0.016301599502563473
v -0.009838904380798338 0.007878323078155513 0.016150049209594723
v -0.008962594985961912 0.00886139869689941 0.016050357818603513
v -0.010022850036621091 0.008241831779479975 0.015784448623657223
v -0.007990499019622802 0.009749488830566401 0.015950665473937985
v -0.006932723522186278 0.010531816482543938 0.015850974082946775
v -0.008016011238098144 0.01020712280273437 0.015577587127685543
v -0.005799373149871825 0.0111976089477539 0.015751282691955564
v -0.006867676258087157 0.011016510963439934 0.015474156379699703
v -0.009071598052978514 0.009278089523315424 0.015681017875671385
v -0.004601462841033935 0.011737993240356438 0.015651591300964354
v -0.0033527362346649162 0.012149817466735833 0.015551899909973141
v -0.004341219425201415 0.01223106098175048 0.015267296791076657
v -0.0020674481391906733 0.012431001663208 0.01545220851898193
v -0.002992851018905639 0.012625081062316886 0.015163866996765134
v -0.0007598543167114257 0.01257946586608886 0.015352518081665037
v 0.0005557902455329894 0.012593129158020012 0.01525282573699951
v -0.00020755584537982937 0.012974047660827628 0.01495700645446777
v 0.0018652304410934444 0.012469910621643059 0.015153134346008297
v 0.0011966059207916258 0.01292412567138671 0.014853576660156248
v -0.0016095023155212398 0.01287355422973632 0.015060436248779294
v -0.005638225555419921 0.011693927764892571 0.01537072658538818
v -0.010858180046081542 0.00711076974868774 0.015887878417968748
v 0.013120091438293454 -0.0019222824573516834 0.024872795104980465
v 0.013063208580017088 -0.0012498807907104484 0.0251646556854248
v 0.013429159164428708 -0.0004573047161102292 0.024496906280517573
v 0.013256255149841306 0.00043087348341941807 0.025046520233154294
v 0.013250040054321286 -0.0004922880232334134 0.024976224899291986
v 0.013194468498229977 -0.0004136980473995206 0.025100938796997065
v 0.013301949501037596 -0.001906860828399657 0.02439347648620605
v 0.012581828117370603 -0.004721029281616208 0.024186616897583002
v 0.013019115447998044 -0.0033337953090667705 0.024290044784545894
v 0.01199656009674072 -0.0060529932975769 0.02408318710327148
v 0.010416034698486325 -0.008491128921508783 0.023876331329345697
v 0.011271798133850095 -0.007314691066741939 0.02397975921630859
v 0.008347622871398924 -0.010530302047729485 0.02366947174072265
v 0.009437784194946288 -0.009567335128784174 0.023772901535034176
v 0.007159746170043944 -0.01137048149108886 0.02356604194641113
v 0.00995043659210205 0.008764793395996088 0.0197012825012207
v 0.010840188026428221 0.007637464523315425 0.019597852706909176
v 0.01160178470611572 0.0064205484390258746 0.01949442100524902
v 0.012226757049560544 0.0051282982826232875 0.019390991210937496
v 0.01270956993103027 0.0037765352725982644 0.01928756141662597
v 0.013044775962829587 0.0023811271190643294 0.019184129714965817
v 0.013226926803588864 0.0009579428434371943 0.019080699920654292
v 0.01325198459625244 -0.0004769761264324185 0.01897727012634277
v 0.01312154674530029 -0.0019068959951400745 0.018873840332031246
v 0.012838618278503416 -0.0033149099349975564 0.01877040863037109
v 0.004549114704132079 -0.012645689010620109 0.023359178543090817
v 0.0058887219429016105 -0.012078676223754876 0.02346261024475097
v 0.001724698662757873 -0.013326120376586906 0.023152317047119137
v 0.003155656814575195 -0.01306281089782714 0.023255748748779292
v 0.00027350938320159905 -0.013434412956237785 0.023048887252807612
v -0.0026204435825347896 -0.013181249618530266 0.022842027664184566
v -0.0011806309223175047 -0.013386512756347647 0.02294545745849609
v -0.005390833854675292 -0.012307706832885734 0.02263516807556152
v -0.004029081821441649 -0.012819531440734855 0.02273859786987304
v -0.006690170288085936 -0.011653008460998527 0.02253173637390136
v 0.012406202316284178 -0.004684111595153806 0.018666978836059566
v -0.009039618492126464 -0.009944114685058587 0.022324874877929682
v -0.007911563873291014 -0.010862668037414544 0.02242830657958984
v -0.010965023994445799 -0.007767964839935298 0.022118013381958002
v -0.010061194419860838 -0.008908063888549799 0.02222144508361816
v -0.011740572929382322 -0.006537464141845699 0.02201458358764648
v -0.012870573997497557 -0.0038612556457519507 0.021807723999023435
v -0.012378499984741208 -0.005230419635772702 0.021911153793334956
v -0.013401082038879393 -0.0010035327672958368 0.021600862503051755
v -0.013212527275085447 -0.0024465768337249743 0.02170429420471191
v -0.013432962417602536 0.0004507269859313962 0.02149743270874023
v -0.013018554687499998 0.00332495069503784 0.02129057121276855
v -0.013305025100708006 0.001899070620536803 0.021394001007080075
v -0.011996826171874997 0.006045988559722897 0.02108370971679687
v -0.01258017539978027 0.004712523937225339 0.021187141418457026
v -0.01127544593811035 0.00730954265594482 0.020980279922485346
v -0.009446402549743651 0.009563761711120599 0.0207734203338623
v -0.010422973632812497 0.00848738574981689 0.020876850128173825
v -0.007166612625122069 0.011364846229553216 0.02056655883789062
v -0.008355910301208495 0.010525755882263177 0.020669988632202145
v -0.0058940482139587394 0.012072888374328605 0.0204631290435791
v -0.00316127324104309 0.013063257217407219 0.02025626754760742
v -0.004553755283355712 0.012641739845275871 0.02035969734191894
v -0.0002823352515697479 0.013435284614562979 0.02004940605163574
v -0.0017321435213088986 0.013329322814941398 0.02015283584594726
v 0.001171326160430908 0.013383449554443351 0.019945976257324215
v 0.004022498130798339 0.012818931579589835 0.019739114761352535
v 0.0026119132041931147 0.013176953315734855 0.01984254455566406
v 0.006685954093933104 0.011660856246948235 0.01953225517272949
v 0.005386153697967528 0.012312518119812004 0.01963568496704101
v 0.007906088352203368 0.010869365692138665 0.01942882347106933
v 0.010056271553039548 0.008913485527038568 0.019221963882446284
v 0.009033666610717772 0.00994945049285888 0.01932539367675781
v 0.01173711013793945 0.006543009757995601 0.019015102386474605
v 0.010961487770080564 0.007773842334747309 0.019118534088134763
v 0.012374514579772946 0.005235404014587399 0.018911672592163083
v 0.01321211528778076 0.0024539849758148176 0.018704811096191404
v 0.012868039131164547 0.003867041110992429 0.01880824279785156
v 0.013401173591613767 0.0010122998952865594 0.01860138130187988
v 0.013303374290466305 -0.0018912619352340686 0.0183945198059082
v 0.013431071281433104 -0.0004417700767517087 0.018497951507568357
v 0.013021074295043943 -0.0033190329074859596 0.018291090011596674
v 0.011108616828918455 -0.007240219116210933 0.018460117340087887
v 0.011827405929565427 -0.005997641563415523 0.018563549041748045
v 0.009292696952819823 -0.009459106445312494 0.01825325775146484
v 0.010260186195373533 -0.008398463249206537 0.018356687545776365
v 0.0082167329788208 -0.010408881187438958 0.018149826049804686
v 0.005787064075469969 -0.01192971992492675 0.017942966461181636
v 0.007043405532836913 -0.01123520374298095 0.01804639625549316
v 0.0030876891613006584 -0.012896354675292961 0.017736104965209956
v 0.004463295936584471 -0.012485684394836417 0.01783953475952148
v 0.0016758377552032468 -0.013155019760131828 0.017632675170898435
v -0.0011912995576858518 -0.01320565700531005 0.017425813674926755
v 0.00024384340643882746 -0.013257776260375968 0.017529243469238277
v -0.004002690315246581 -0.012642947196960441 0.017218952178955076
v -0.0026125059127807613 -0.01300020217895507 0.01732238388061523
v -0.005344960212707518 -0.012135908126831046 0.01711552238464355
v -0.007826811790466306 -0.010701996803283684 0.016908662796020504
v -0.006624311447143553 -0.011485798835754388 0.01701209259033203
v -0.009945582389831542 -0.008770945549011224 0.016701801300048825
v -0.008938541412353514 -0.009793908119201654 0.01680523109436035
v -0.010835341453552244 -0.007643902778625484 0.0165983715057373
v -0.012227091789245604 -0.005135842323303219 0.01639151000976562
v -0.01159869861602783 -0.006427198886871334 0.016494939804077145
v -0.01304506206512451 -0.0023892617225646957 0.01618464851379394
v -0.012711964607238767 -0.003784840583801267 0.016288078308105466
v -0.013223274230957028 -0.0009651789665222162 0.01608121871948242
v -0.013119772911071775 0.0019008404016494739 0.015874358177185056
v -0.013247750282287595 0.0004704994559288022 0.015977787971496578
v -0.012411577224731444 0.004677777290344235 0.015667497634887693
v -0.012840621948242184 0.003308910846710203 0.015770927429199215
v -0.011834109306335447 0.005990582466125485 0.015564066886901852
v -0.010264519691467282 0.008390476226806635 0.015357206344604489
v -0.011114573478698729 0.0072324237823486286 0.015460637092590329
v -0.008220066070556638 0.010404320716857903 0.01515034484863281
v -0.009295749664306638 0.00945201683044433 0.01525377559661865
v -0.007049269199371337 0.011234665870666497 0.015046915054321286
v -0.004471710681915282 0.01248305416107177 0.014840054512023923
v -0.0057952079772949205 0.011930420875549309 0.014943484306335447
v -0.0030953130722045892 0.012889627456665031 0.0147366247177124
v -0.0002507334947586059 0.013254455566406241 0.014529764175415035
v -0.0016827441453933713 0.013147606849670403 0.014633194923400875
v 0.0011839891672134398 0.013207639694213858 0.014426334381103512
v 0.012004733085632322 -0.006040890216827389 0.018084228515624995
v 0.01258716297149658 -0.004707940578460691 0.018187660217285153
v 0.01042404747009277 -0.008478804588317866 0.01787736892700195
v 0.011280213356018065 -0.0073023757934570265 0.017980798721313473
v 0.009446921348571776 -0.009556698799133295 0.017773937225341794
v 0.007173061847686766 -0.01136365890502929 0.017567077636718748
v 0.008359519958496093 -0.010522578239440911 0.01767050743103027
v 0.004562302112579345 -0.012638997077941886 0.017360216140747068
v 0.00590206480026245 -0.012071426391601555 0.01746364593505859
v 0.0031695497035980217 -0.01305948829650878 0.017256786346435543
v 0.0002887278497219085 -0.013434679031372063 0.017049924850463864
v 0.0017395900487899778 -0.013326051712036125 0.01715335655212402
v -0.0026067085266113276 -0.013182618141174308 0.016843065261840817
v -0.0011658114194869993 -0.013386366844177237 0.016946495056152342
v -0.004016644477844238 -0.012824939727783195 0.01673963356018066
v -0.006677030086517333 -0.011660515785217278 0.016532773971557613
v -0.0053784937858581535 -0.012315320014953605 0.016636203765869138
v -0.007898105144500732 -0.010869985580444328 0.016429342269897458
v -0.010051331520080564 -0.00891970825195312 0.016222482681274412
v -0.009027583122253416 -0.009953218460083001 0.016325912475585933
v -0.010956552505493163 -0.007780353546142573 0.016119050979614254
v -0.012374827384948729 -0.005243047714233395 0.01591219043731689
v -0.011733958244323729 -0.006549739360809322 0.016015621185302732
v -0.01321238040924072 -0.002462224721908568 0.015705329895019528
v -0.012870438575744627 -0.0038754615783691384 0.015808759689331053
v -0.0133974494934082 -0.0010196168422698967 0.015601899147033688
v -0.013301556587219236 0.0018851344585418689 0.015395038604736325
v -0.013426760673522947 0.0004352242350578305 0.015498469352722165
v -0.012592587471008299 0.004701506614685056 0.015188178062438962
v -0.013023084640502927 0.0033129498958587625 0.015291608810424802
v -0.01201150321960449 0.006033716201782223 0.015084748268127439
v -0.010428417205810545 0.00847069644927978 0.01487788677215576
v -0.01128622531890869 0.0072944574356079055 0.0149813175201416
v -0.008362890243530272 0.01051794528961181 0.014671026229858396
v -0.009449998855590818 0.009549502372741693 0.01477445602416992
v -0.007179011821746825 0.011363092422485344 0.014567595481872555
v -0.0045708279609680165 0.012636301994323723 0.014360734939575192
v -0.005910327911376952 0.012072107315063469 0.014464165687561032
v -0.0031772582530975335 0.013052645683288566 0.014257305145263669
v -0.00029569643735885613 0.01343129348754882 0.014050445556640622
v -0.0017465655803680417 0.013318516731262199 0.014153875350952146
v 0.001158403158187866 0.013388352394103995 0.013947014808654783
v 0.002586603879928588 0.012721390724182121 0.014750145912170408
v 0.002604697227478027 0.013004659652709952 0.014322903633117673
v 0.0039463343620300285 0.012366659164428704 0.014646715164184568
v 0.003154267072677612 0.012208362579345695 0.01505344200134277
v 0.004409154891967772 0.011812154769897453 0.01495375061035156
v 0.006512573242187499 0.011227661132812494 0.014439852714538572
v 0.005616369247436522 0.011287437438964836 0.014854058265686032
v 0.0067623858451843245 0.010640375137329095 0.014754365921020505
v 0.007687954425811766 0.01045749378204345 0.014336421966552732
v 0.007833799839019774 0.009877257347106927 0.014654673576354978
v 0.005260179996490477 0.011866400718688958 0.014543283462524412
v 0.009753996849060058 0.008559984207153315 0.014129561424255367
v 0.00881931972503662 0.009006553649902337 0.014554982185363767
v 0.00970948028564453 0.008038620948791498 0.014455290794372556
v 0.011367136001586911 0.0062648887634277305 0.013922701835632321
v 0.01049487781524658 0.006983879089355464 0.01435560035705566
v 0.011166135787963865 0.00585276889801025 0.01425590896606445
v 0.011715558052062987 0.004657062530517575 0.014156216621398923
v 0.011978080749511717 0.0049991812705993625 0.013819271087646481
v 0.01062260055541992 0.0074561576843261675 0.014026131629943844
v 0.008772167205810545 0.009564413070678705 0.014232992172241209
v 0.012137998580932615 0.0034105541706085183 0.014056525230407712
v 0.012428529739379881 0.0021272082328796372 0.013956832885742185
v 0.012774823188781736 0.0023074171543121325 0.013612410545349118
v 0.012582222938537595 0.0008209887146949763 0.013857141494750974
v 0.012596127510070798 -0.0004941216111183164 0.013757450103759762
v 0.012968736648559567 -0.000491152077913284 0.013405549049377439
v 0.012472754478454588 -0.0018040902614593493 0.013657758712768552
v 0.012949198722839353 0.0009134518504142756 0.013508979797363279
v 0.012215558052062985 -0.0030948758125305155 0.013558067321777341
v 0.011827988624572752 -0.004352437019348142 0.013458374977111814
v 0.012555436134338377 -0.0032677161693572977 0.013198688507080076
v 0.011313496589660643 -0.0055627326965332 0.013358683586120603
v 0.010675536155700681 -0.006711720943450923 0.013258992195129393
v 0.011565145492553709 -0.005893092155456539 0.012991827964782713
v 0.00991825485229492 -0.007785792827606196 0.013159299850463865
v 0.010863444328308103 -0.007108710765838619 0.012888398170471188
v 0.012130451202392575 -0.004607377529144284 0.013095258712768553
v 0.01283617305755615 -0.001890257954597472 0.013302119255065916
v 0.012449213981628416 0.0036746757030487035 0.013715841293334958
v 0.00905095291137695 -0.008774524688720697 0.013059608459472653
v 0.00808523368835449 -0.009668916702270502 0.012959916114807126
v 0.009079104423522947 -0.009272760391235346 0.012681536674499509
v 0.007032713413238524 -0.010459978103637689 0.012860223770141599
v 0.005905006408691405 -0.01113871765136718 0.012760532379150388
v 0.0068715214729309065 -0.011008811950683586 0.012474675178527829
v 0.004713727474212646 -0.011696142196655266 0.01266084003448486
v 0.005642334461212157 -0.011690394401550286 0.01237124443054199
v 0.008021553993225097 -0.01019947433471679 0.012578105926513669
v 0.003470545291900634 -0.012123424530029289 0.01256114864349365
v 0.0021885073184967035 -0.01241593933105468 0.01246145725250244
v 0.0030002331733703608 -0.012630072593688957 0.01216438293457031
v 0.0008821268677711486 -0.012573533058166496 0.012361765861511227
v -0.00043401238322257987 -0.012596265792846673 0.012262074470520017
v 0.00021465004980564112 -0.012974147796630852 0.011957523345947263
v -0.0017453263998031612 -0.012484196662902824 0.012162383079528806
v -0.0011903119087219236 -0.01292205047607421 0.011854092597961424
v 0.001617087364196777 -0.012876831054687492 0.012060953140258786
v 0.004347320556640624 -0.012233845710754386 0.01226781368255615
v -0.0030372312068939204 -0.012237387657165519 0.012062691688537595
v -0.00429514455795288 -0.011855903625488273 0.011963000297546385
v -0.003940741539001464 -0.012369729995727531 0.011647233009338377
v -0.005505256175994872 -0.011342060089111322 0.011863308906555174
v -0.0066557211875915515 -0.010703904151916497 0.011763617515563962
v -0.006503499031066893 -0.011230196952819817 0.011440372467041014
v -0.007735003948211669 -0.009950385093688958 0.011663925170898435
v -0.007678996086120604 -0.01045915508270263 0.011336941719055173
v -0.00525298261642456 -0.01187046813964843 0.011543802261352537
v -0.008731568336486814 -0.00909045028686523 0.011564233779907224
v -0.009633880615234373 -0.00813304996490478 0.011464542388916013
v -0.009751770019531248 -0.008565771102905267 0.01113008117675781
v -0.01043040370941162 -0.007087130546569819 0.011364850044250486
v -0.010622464179992673 -0.007463932991027827 0.01102665042877197
v -0.01111035633087158 -0.005962139129638668 0.011265158653259276
v -0.011668041229248045 -0.004770866870880124 0.011165466308593748
v -0.01197367477416992 -0.005006297111511227 0.010819789886474607
v -0.01209985828399658 -0.0035274887084960917 0.011065774917602536
v -0.012442685127258298 -0.0036809923648834205 0.010716359138488767
v -0.0113655309677124 -0.006272700309753414 0.01092321968078613
v -0.008766182899475096 -0.009567595481872552 0.011233510971069333
v -0.0025810313224792474 -0.012720568656921378 0.0117506628036499
v 0.010030843734741208 -0.008239046096801752 0.012784967422485348
v -0.012402215003967283 -0.002246184110641478 0.010966083526611325
v -0.012571519851684568 -0.0009411315321922296 0.010866391181945798
v -0.012768389701843259 -0.0023130791187286363 0.010612928390502928
v -0.0126041784286499 0.0003734897077083585 0.010766699790954588
v -0.012496802330017088 0.0016835182905197133 0.010667008399963377
v -0.01297318649291992 0.0004854033887386319 0.010406067848205565
v -0.012250550270080564 0.0029751856327056864 0.01056731605529785
v -0.012844361305236814 0.0018834232091903675 0.010302637100219725
v -0.012946614265441893 -0.0009188495874404901 0.010509497642517088
v -0.01187106895446777 0.004235110759735105 0.01046762466430664
v -0.011364196777343748 0.005449929237365719 0.010367933273315427
v -0.012133728981018064 0.0045981025695800756 0.010095776557922362
v -0.0107357702255249 0.00660627698898315 0.0102682409286499
v -0.009991627693176268 0.007690789699554439 0.010168549537658689
v -0.010863335609436033 0.007101729393005366 0.009888915061950682
v -0.00913761234283447 0.008690108299255365 0.010068858146667478
v -0.010034909248352049 0.00823594188690185 0.009785485267639157
v -0.01156516647338867 0.005883988857269283 0.009992345809936522
v -0.012562351226806639 0.003259453296661375 0.010199206352233885
v 0.003994936704635619 0.012646301269531241 0.014219472885131833
v 0.006620157241821288 0.011490286827087396 0.014012610435485837
v 0.0053387322425842276 0.012139126777648918 0.014116041183471676
v 0.007823294162750242 0.010706943511962884 0.013909179687499997
v 0.010830458641052244 0.007649335384368892 0.01359888935089111
v 0.009939747810363768 0.008774486541748042 0.013702319145202634
v 0.011594675064086912 0.006434474945068355 0.013495459556579588
v -0.00818146228790283 0.009592592239379878 0.009969166755676268
v -0.009086751937866209 0.009271417617797846 0.009682054519653318
v 0.008933654785156248 0.009797748565673822 0.013805749893188474
v -0.00802970790863037 0.010196536064147943 0.009578624725341794
v -0.007135365486145018 0.010390634536743158 0.009869475364685057
v -0.006012150287628173 0.01107720756530761 0.009769783973693845
v -0.006878357410430907 0.011003048896789543 0.009475194931030271
v -0.004824643611907958 0.011645284652709954 0.009670092582702634
v -0.0035856730937957756 0.012087839126586907 0.009570401191711424
v -0.0043516426086425775 0.012227776527404777 0.009268334388732908
v -0.0023080658912658686 0.012397842407226555 0.009470709800720213
v -0.0030057308673858635 0.012629755020141594 0.009164903640747069
v -0.005647427082061766 0.01168283557891845 0.009371764183044431
v -0.0010048160552978513 0.012569257736206046 0.009371017456054686
v 0.0003100584745407104 0.012602136611938469 0.009271326065063475
v -0.00022332553565502163 0.012977596282958977 0.008958043098449706
v 0.0016221494674682614 0.01249884891510009 0.009171634674072263
v 0.002917047977447509 0.012261772155761711 0.009071942329406736
v 0.0025722582340240475 0.01271825408935546 0.008751182556152343
v 0.004180345058441161 0.011893280982971184 0.008972250938415525
v 0.00393357753753662 0.012367484092712395 0.008647751808166503
v 0.0011810990571975706 0.012922520637512199 0.008854612350463866
v -0.0016244411468505856 0.012880792617797843 0.009061473846435545
v 0.005397631645202636 0.011395751953124993 0.008872558593749998
v 0.006554611682891845 0.010771769523620599 0.008772867202758787
v 0.006500430107116698 0.011237248420715325 0.008440890312194823
v 0.007639206886291503 0.010028061866760248 0.00867317485809326
v 0.008641370773315428 0.009175149917602533 0.00857348346710205
v 0.008759716987609861 0.009573348045349116 0.008234029769897459
v 0.009551132202148436 0.008223695755004878 0.008473792076110839
v 0.009743811607360838 0.00856908226013183 0.008130599021911619
v 0.007674757480621336 0.010466812133789055 0.008337459564208984
v 0.010358519554138182 0.007184360504150386 0.00837409973144531
v 0.011053562164306639 0.006067805290222164 0.0082744083404541
v 0.011363412857055662 0.0062770624160766566 0.007923738002777098
v 0.011626301765441893 0.004884697437286374 0.008174716949462889
v 0.01206928730010986 0.0036468341350555395 0.008075024604797362
v 0.01238051128387451 0.002368464946746825 0.007975333213806151
v 0.012444735527038571 0.003690005779266355 0.007716877460479735
v 0.012558679580688474 0.0010641608238220208 0.00787564182281494
v 0.012767509460449217 0.002322174787521361 0.007613447189331053
v 0.011975948333740232 0.005013773441314694 0.007820307731628416
v 0.010615542411804197 0.007466244697570796 0.008027168273925779
v 0.0052484822273254385 0.011872900009155266 0.008544321060180663
v 0.012602495193481443 -0.0002515073418617247 0.007775950431823729
v 0.012942740440368649 0.0009270296096801752 0.007510016918182372
v 0.012968896865844725 -0.0004786811769008633 0.00740658664703369
v 0.012510665893554686 -0.001563968539237975 0.007676259040832518
v 0.012567868232727049 -0.00325480532646179 0.007199726104736326
v 0.01228189659118652 -0.002858651638031004 0.007576567649841307
v 0.011915956497192381 -0.004121253013610837 0.007476875782012938
v 0.012140240669250487 -0.0045923705101013155 0.007096295833587645
v 0.011418633460998534 -0.005338974475860592 0.007377184391021727
v 0.012844448089599607 -0.0018782087564468372 0.007303156375885009
v 0.010864684104919432 -0.007093060493469234 0.006889435291290282
v 0.01079782199859619 -0.006499545574188228 0.007277493000030516
v 0.010061421394348142 -0.007590698242187496 0.007177801132202147
v 0.008273439407348631 -0.009515667915344233 0.006978417873382567
v 0.0072378277778625474 -0.010325165748596184 0.006878726005554198
v 0.008036208152770995 -0.010196043968200678 0.006579144001007078
v 0.00612158966064453 -0.011020406723022454 0.006779034137725829
v 0.006886805057525634 -0.011002655029296869 0.006475713253021239
v 0.00908899688720703 -0.009266963005065913 0.006682574272155761
v 0.009217328071594236 -0.00860016250610351 0.007078109741210936
v 0.011569499015808104 -0.005876498699188229 0.0069928655624389635
v 0.004938395977020262 -0.011596378326416008 0.00667934226989746
v 0.0037019994258880606 -0.012048170089721671 0.00657965040206909
v 0.004358441829681396 -0.012222073554992668 0.006268852233886717
v 0.0024261529445648187 -0.012370872497558586 0.006479958534240721
v 0.0011246087551116941 -0.012559574127197258 0.006380266666412352
v 0.001629335284233093 -0.012878499031066887 0.006061990737915038
v -0.00018888030946254727 -0.012609387397766106 0.006280574798583983
v 0.00022900408506393427 -0.012981370925903311 0.005958559989929198
v 0.003011081218719482 -0.012623504638671868 0.006165421485900878
v -0.0015005220174789426 -0.012518365859985343 0.006180882930755614
v -0.0027964456081390377 -0.012290462493896476 0.006081191539764403
v -0.0025640032291412347 -0.01272163772583007 0.005751699447631835
v -0.004062770843505858 -0.011930335998535149 0.005981499671936034
v -0.005285617351531982 -0.011442646026611322 0.0058818082809448235
v -0.00524042797088623 -0.01187108135223388 0.005544838428497313
v -0.00645110511779785 -0.010832050323486322 0.005782116413116454
v -0.0064949984550476065 -0.011237529754638665 0.0054414081573486315
v -0.003924772977828978 -0.012367555618286124 0.005648268699645995
v -0.0011740877628326413 -0.0129280138015747 0.005855129718780517
v 0.005655616283416747 -0.011679894447326653 0.006372282505035399
v -0.007545353889465331 -0.010103206634521479 0.005682425022125243
v -0.008555216789245604 -0.009261717796325678 0.0055827336311340325
v -0.008757699966430662 -0.009581348419189447 0.005234547615051269
v -0.009471343994140622 -0.008318064689636225 0.005483041763305663
v -0.010285607337951658 -0.007284302711486812 0.005383350372314452
v -0.009739542007446287 -0.008576657295227046 0.005131117343902587
v -0.010989882469177243 -0.006172489166259762 0.005283658504486083
v -0.010608654975891111 -0.007471977710723872 0.005027687072753906
v -0.011576043128967282 -0.004994678974151608 0.005183967113494872
v -0.01203596210479736 -0.0037629299163818336 0.005084275245666503
v -0.011971164703369138 -0.00501800441741943 0.004820826530456542
v -0.01236182880401611 -0.0024893872737884507 0.004984583854675292
v -0.012550704002380368 -0.0011875991821289056 0.0048848919868469225
v -0.01277094268798828 -0.00233035898208618 0.004613965511322021
v -0.012603494644165037 0.00012778179347515097 0.004785200595855712
v -0.012944474220275877 -0.000935859858989715 0.004510535240173339
v -0.012445796012878416 -0.0036963875293731666 0.004717395782470702
v -0.011355657577514645 -0.006281147480010982 0.004924256801605223
v -0.012521209716796872 0.0014420729875564565 0.004685508728027343
v -0.012304860115051268 0.0027405917644500715 0.0045858173370361315
v -0.012841101646423337 0.0018710373640060413 0.004303674697875976
v -0.011955457687377928 0.004008655071258542 0.004486125469207763
v -0.01147403812408447 0.005231593608856198 0.004386433601379394
v -0.012144619941711423 0.004589243888854977 0.004096813678741454
v -0.010864500999450681 0.0063960442543029745 0.004286741733551025
v -0.01157726192474365 0.0058731055259704555 0.003993383169174193
v -0.012566439628601071 0.0032496685981750466 0.0042002439498901355
v -0.010136045455932614 0.0074910717010498 0.004187050342559813
v -0.00929844570159912 0.008506002426147456 0.004087358474731444
v -0.010039296150207518 0.008219281196594232 0.003786521911621093
v -0.008361478805541991 0.009430164337158197 0.0039876666069030755
v -0.00909103488922119 0.009256963729858392 0.0036830914020538324
v -0.007334917545318602 0.010252882957458489 0.003887974739074706
v -0.006228538990020751 0.010963486671447748 0.0037882831096649164
v -0.0068919782638549795 0.011000012397766106 0.00347623062133789
v -0.0050527477264404284 0.011552313804626457 0.0036885917186737054
v -0.005663753986358641 0.011681033134460441 0.0033728003501892084
v -0.008038193702697753 0.010187974929809563 0.0035796608924865718
v -0.010871772766113279 0.007087228298187251 0.0038899524211883536
v -0.012967487335205075 0.00047023338079452484 0.004407104969024658
v -0.007672514915466307 -0.010472215652465814 0.00533797788619995
v -0.003820936918258666 0.012014502525329582 0.0035889003276824943
v -0.0025473871231079096 0.01234661674499511 0.0034892089366912833
v -0.003019879579544067 0.012622812271118156 0.003165940046310424
v -0.0012463780641555784 0.012545218467712395 0.0033895175457000727
v 6.7810520529747e-05 0.012606880187988273 0.0032898259162902825
v -0.000235327735543251 0.01297731685638427 0.00295907974243164
v 0.0013809866905212399 0.012530039787292472 0.0031901342868804927
v 0.0011687322854995726 0.01292562007904052 0.0028556492328643793
v -0.0016369830369949339 0.012875471115112296 0.0030625097751617427
v 0.0026791541576385493 0.01231730079650878 0.0030904426574707025
v 0.003948343038558959 0.011971827507019035 0.002990750789642333
v 0.003919615268707275 0.012372193336486809 0.002648788452148437
v 0.005174582958221434 0.011496786117553703 0.0028910591602325435
v 0.00634395408630371 0.010895448684692376 0.002791367292404174
v 0.006487092494964599 0.011242807388305657 0.0024419274330139155
v 0.007443926334381102 0.010174044609069817 0.0026916756629943844
v 0.005234297275543212 0.011877658843994133 0.002545357942581176
v 0.0025590701103210445 0.01272271251678466 0.002752218961715698
v 0.008463527679443358 0.009342118263244622 0.002591984033584594
v 0.009391868591308592 0.008409387588500971 0.002492292404174804
v 0.008750865936279295 0.009583952903747552 0.0022350666522979734
v 0.01021805667877197 0.0073855710029602 0.0023926007747650142
v 0.010931566238403318 0.00628062009811401 0.002292909145355224
v 0.010608255386352537 0.007479874610900874 0.002028205871582031
v 0.011525431632995603 0.005106789588928219 0.0021932177543640134
v 0.011353899002075193 0.006289195060729977 0.0019247756004333492
v 0.009736634254455565 0.008581996917724604 0.0021316361427307124
v 0.011994709014892576 0.003877640008926389 0.0020935261249542233
v 0.012334479331970212 0.0026067478656768782 0.0019938343763351435
v 0.012439369201660154 0.0037012324333190894 0.0017179149389266964
v 0.012539821624755858 0.0013076888322830192 0.0018941427469253537
v 0.012767793655395505 0.002335136413574217 0.0016144845485687252
v 0.012606892585754393 -5.841170903295275e-06 0.0017944508790969846
v 0.012536524772644041 -0.0013196225166320792 0.0016947591304779048
v 0.012970392227172849 -0.00046298450231552094 0.001407623529434204
v 0.012330830574035643 -0.0026192929744720444 0.0015950673818588253
v 0.012843531608581541 -0.0018626363277435291 0.001304193019866943
v 0.012945777893066404 0.0009417605400085443 0.0015110540390014646
v 0.011966171264648435 0.005024449825286862 0.0018213452100753781
v 0.0076635017395019515 0.010474603652954094 0.002338496923446655
v 0.011991919517517087 -0.003890490055084226 0.0014953756332397458
v 0.01152191352844238 -0.005118857383728024 0.0013956841230392454
v 0.012144932746887206 -0.0045805859565734835 0.0010973321199417112
v 0.01092491054534912 -0.006290874481201168 0.0012959927320480343
v 0.010209073066711424 -0.007394742012023921 0.0011963013410568235
v 0.010875396728515624 -0.007082602500915523 0.0008904718756675719
v 0.009383067131042479 -0.00841887474060058 0.0010966099500656127
v 0.010045740127563475 -0.00821691226959228 0.0007870417237281798
v 0.011578423500061033 -0.005866039752960201 0.000993901968002319
v 0.008455555915832517 -0.00935168552398681 0.0009969182610511777
v 0.007435290813446044 -0.010181694030761712 0.0008972262740135191
v 0.008046220779418944 -0.010185380935668939 0.0005801808238029479
v 0.006333148956298827 -0.010899984359741204 0.0007975340485572814
v 0.005162214756011962 -0.01150030612945556 0.0006978418827056883
v 0.003935674905776977 -0.011976530075073235 0.0005981498956680296
v 0.004372328758239745 -0.012219885826110832 0.00026988816261291497
v 0.006897496223449705 -0.010994393348693841 0.0004767499268054961
v 0.009099373817443846 -0.009255620956420893 0.0006836114525794982
v 0.0026667160987854 -0.01232253170013427 0.0004984585046768188
v 0.0013686053752899167 -0.01253266525268554 0.00039876776933670037
v -0.0010308588743209836 -0.012817624092102043 2.4310031418450778e-14
v 0.003026209115982055 -0.012622204780578605 0.00016645786166191097
v -0.002477320909500122 -0.012498176574707023 8.41631191822456e-15
v -0.0012587665319442746 -0.012542212486267083 0.00019938640296459194
v 0.012567583084106443 -0.0032406764030456525 0.0012007625102996825
v -0.00436760663986206 0.012223334312438957 0.003269370079040527
v 0.010034835815429686 -0.008227925300598139 0.0067860050201416005
v 0.012707920074462888 0.003791366338729856 0.013288599014282225
v 0.012222630500793455 0.0051431651115417445 0.013392028808593748
v 0.013226972579956052 0.0009718158841133111 0.013081737518310545
v 0.013044662475585935 0.002395457506179808 0.013185168266296385
v 0.013251122474670408 -0.00046315139532089204 0.012978306770324705
v 0.012837145805358885 -0.003301074743270872 0.012771447181701657
v 0.013119858741760252 -0.0018929513692855823 0.01287487697601318
v 0.011833228111267087 -0.005986254215240475 0.012564585685729978
v 0.012406948089599606 -0.00467101192474365 0.012668016433715817
v 0.01111994934082031 -0.007230291843414302 0.012461155891418454
v 0.009303404808044431 -0.009446539878845209 0.012254294395446775
v 0.010272680282592771 -0.008387594223022456 0.012357725143432615
v 0.007053174972534178 -0.011226788520812981 0.012047432899475095
v 0.008225707054138182 -0.01039648532867431 0.012150863647460935
v 0.005799393653869628 -0.011926805496215814 0.011944002151489256
v 0.003102864503860473 -0.012894719123840324 0.011737141609191893
v 0.004477948665618896 -0.012485893249511711 0.011840571403503416
v 0.0016904963254928585 -0.013150943756103508 0.011633710861206053
v 0.000257973700761795 -0.013254545211791985 0.01153028106689453
v -0.0011775734424591061 -0.013205503463745109 0.011426851272583005
v -0.0025990152359008784 -0.013003798484802239 0.011323420524597165
v -0.003989221811294555 -0.012649411201477043 0.011219990730285642
v -0.005331374645233153 -0.012143245697021477 0.011116559982299802
v -0.006610886573791503 -0.011492834091186517 0.011013130187988279
v -0.0078141450881958 -0.010708597183227532 0.010909699440002439
v -0.008927539825439451 -0.009800969123840327 0.010806269645690916
v -0.009937462806701658 -0.008780385017395014 0.010702838897705076
v -0.010830303192138669 -0.007657277584075923 0.010599408149719236
v -0.011593017578124998 -0.006442457675933834 0.010495977401733397
v -0.01221811008453369 -0.005150435924530026 0.010392547607421873
v -0.012701231002807614 -0.0037978215217590308 0.010289116859436034
v -0.013038068771362302 -0.0024012479782104476 0.010185686111450194
v -0.013224309921264646 -0.0009773484468460077 0.01008225631713867
v -0.01325564384460449 0.00045724332332611054 0.00997882556915283
v -0.013128194808959959 0.0018859295845031726 0.00987539482116699
v -0.012844177246093748 0.0032926056385040262 0.00977196407318115
v -0.012410260200500485 0.004661528110504147 0.009668534278869627
v -0.011833214759826658 0.005976961612701412 0.009565103530883787
v -0.011119812011718747 0.007223170280456538 0.009461673736572264
v -0.010276822090148924 0.008384420394897455 0.009358242988586424
v -0.009311215400695799 0.009445152282714838 0.009254812240600584
v 0.004008786678314208 0.012828310012817375 0.013740153312683103
v 0.0025987899303436274 0.013187109947204581 0.013843584060668943
v 0.006672817230224608 0.011665039062499993 0.013533291816711424
v 0.005372182846069335 0.012318553924560539 0.013636722564697263
v 0.007894536018371581 0.010874973297119134 0.013429861068725584
v 0.010045416831970213 0.008923267364501948 0.01322300052642822
v 0.00902263069152832 0.009957080841064447 0.013326430320739744
v 0.01172986316680908 0.006557103633880611 0.013016139984130856
v 0.010951594352722166 0.007785838603973384 0.013119570732116696
v 0.012370283126831052 0.005250467777252194 0.012912710189819333
v 0.013211949348449704 0.0024685316085815414 0.012705848693847653
v 0.012866316795349119 0.0038820848464965795 0.012809279441833493
v 0.013430147171020505 -0.0004277390539646146 0.01249898815155029
v 0.013401170730590817 0.0010263856649398797 0.01260241889953613
v 0.013301611900329587 -0.0018771187067031848 0.012395558357238767
v 0.012587870597839354 -0.004694664001464841 0.012188697814941404
v 0.013019532203674314 -0.0033050084114074688 0.012292127609252928
v 0.011291663169860838 -0.0072922921180725055 0.011981836318969725
v 0.012010592460632323 -0.006029339790344234 0.012085267066955565
v 0.010436675071716306 -0.008467762947082515 0.011878405570983885
v -0.008234035491943358 0.010393462181091303 0.00915138244628906
v -0.007060153484344481 0.011220877647399895 0.009047952651977538
v -0.005804590225219726 0.011919059753417961 0.008944521903991698
v -0.004482366085052489 0.01247967052459716 0.008841092109680175
v -0.0031085011959075923 0.012894369125366203 0.008737661361694335
v -0.0016980414390563962 0.013154961585998527 0.00863423156738281
v -0.000266865313053131 0.013258039474487296 0.00853080081939697
v 0.0011681452989578244 0.013205956459045402 0.008427371025085447
v 0.0025900487899780267 0.013001410484313957 0.008323940277099607
v 0.003981903553009033 0.012647098541259758 0.008220509529113768
v 0.008368581771850585 -0.010509992599487298 0.011671544075012205
v 0.009457736968994138 -0.009543938636779778 0.011774974822998045
v 0.005914560317993163 -0.012068424224853509 0.011464682579040526
v 0.0071829452514648425 -0.011355096817016594 0.011568113327026366
v 0.004577161788940429 -0.012639147758483878 0.011361252784729001
v 0.005326767921447753 0.012145719528198234 0.008117078781127928
v 0.006607731819152831 0.0115000295639038 0.008013648033142088
v 0.0078097963333129865 0.01071640491485595 0.007910217761993407
v 0.008920924186706541 0.009806819915771477 0.007806787014007567
v 0.009929330825805662 0.008783735275268548 0.007703356742858885
v 0.010823234558105467 0.007659607410430903 0.0075999259948730455
v 0.011590850830078122 0.006446896076202389 0.007496495723724364
v 0.012220418930053708 0.005158070087432858 0.0073930654525756825
v 0.013037146568298337 0.0024105319976806625 0.007186204910278319
v 0.012703305244445798 0.0038070275783538793 0.007289635181427
v 0.013220329284667966 0.0009856911301612849 0.007082774639129637
v 0.013128266334533688 -0.0018805997371673573 0.006875914096832274
v 0.013251240730285642 -0.0004503884017467496 0.006979344367980956
v 0.012416897773742674 -0.004655647277832028 0.0066690535545349105
v 0.012849799156188963 -0.003287837028503416 0.006772483825683593
v 0.011837623596191404 -0.005969290733337399 0.006565623283386229
v 0.010276733398437498 -0.008376223564147944 0.006358762741088866
v 0.011121170997619627 -0.00721430397033691 0.0064621930122375475
v 0.008240681648254393 -0.01039293193817138 0.006151901721954345
v 0.009313506126403807 -0.009440587997436517 0.006255332469940185
v 0.007068783760070799 -0.01122044372558593 0.006048470973968505
v 0.004489279747009276 -0.012473818778991692 0.005841609954833983
v 0.005812941074371337 -0.011916025161743157 0.005945040702819823
v 0.0017030080556869503 -0.013152604103088371 0.005634748458862303
v 0.0031139266490936273 -0.012887964248657218 0.005738179206848143
v 0.00027265071868896477 -0.013261879920959464 0.005531318187713622
v -0.0025816221237182613 -0.013004849433898917 0.005324457168579101
v -0.003972916841506957 -0.012647153854370109 0.005221026897430419
v -0.005318543910980224 -0.012143846511840813 0.005117596149444579
v -0.006602173328399657 -0.01150031089782714 0.005014165878295897
v -0.0078074750900268535 -0.010721927642822258 0.004910735607147216
v -0.008918823242187499 -0.009814995765686028 0.004807305335998534
v -0.00992493152618408 -0.008791466712951654 0.004703875064849853
v -0.010816168785095212 -0.007665447235107417 0.004600444793701171
v -0.011582906723022458 -0.006451047420501705 0.00449701452255249
v -0.012215517997741697 -0.005162377357482907 0.004393584251403807
v -0.012704373359680173 -0.003813547372817991 0.004290153980255126
v -0.013040636062622069 -0.002418899536132811 0.004186723709106444
v -0.013222081184387205 -0.0009947135448455805 0.004083292961120605
v -0.013249780654907223 0.00044176566600799533 0.003979862689971923
v -0.013124829292297361 0.0018732860088348376 0.0038764324188232412
v -0.012848323822021482 0.003282595634460447 0.0037730019092559806
v -0.012421358108520505 0.004652441978454587 0.00366957139968872
v -0.01184553813934326 0.0059658036231994595 0.0035661408901214594
v -0.011128389358520506 0.007208327293395991 0.0034627103805541988
v -0.01028125762939453 0.008367383003234858 0.0033592798709869377
v -0.009315553665161132 0.00943037033081054 0.003255849123001098
v -0.0011609897613525388 -0.013211552619934074 0.005427887439727782
v -0.00824268627166748 0.010384686470031731 0.0031524188518524164
v -0.007074065685272216 0.011217731475830071 0.003048988342285156
v -0.005821267604827879 0.011917166709899896 0.002945558071136474
v -0.004498660087585448 0.012475078582763664 0.0028421280384063716
v -0.0031229281425476066 0.012887228012084953 0.0027386977672576897
v -0.0017108272314071652 0.013149482727050773 0.0026352677345275874
v -0.00027911227941513055 0.01325771236419677 0.002531837463378906
v 0.001155515909194946 0.013209081649780265 0.002428407192230224
v 0.002576574325561523 0.013005925178527824 0.0023249766826629634
v 0.003967633962631225 0.012651868820190421 0.0022215461730957027
v 0.005312266349792479 0.012150542259216301 0.002118115663528442
v 0.006594089508056639 0.01150567436218261 0.002014685153961181
v 0.007798270225524901 0.010724337577819817 0.00191125476360321
v 0.008911842346191405 0.009817637443542474 0.001807824373245239
v 0.009921950340270994 0.008796916961669916 0.0017043939828872677
v 0.010815737724304197 0.007673520088195796 0.0016009637117385862
v 0.01158108329772949 0.0064592719078063925 0.0014975334405899045
v 0.012210389137268064 0.005168956756591793 0.0013941030502319332
v 0.012697783470153805 0.0038184876441955543 0.0012906726598739622
v 0.013037394523620602 0.0024237802028655993 0.001187242269515991
v 0.013223386764526364 0.0010007536411285394 0.0010838118791580199
v 0.013252719879150388 -0.0004343451857566831 0.0009803813099861143
v 0.013127281188964841 -0.0018646919727325429 0.0008769508004188536
v 0.012849461555480954 -0.0032734036445617653 0.0007735202908515929
v 0.012421650886535643 -0.004643597126007077 0.0006700899600982664
v 0.011846707344055173 -0.005958584308624264 0.0005666597485542296
v 0.01113208484649658 -0.0072035961151123 0.00046322965621948235
v 0.01028784370422363 -0.008364951133728022 0.00035979953408241263
v 0.00932407760620117 -0.00942897987365722 0.00025636923313140865
v 0.00825088024139404 -0.010382018089294428 0.00015293863415718077
v 0.005050688743591308 -0.01219972610473632 1.2900507485175126e-15
v 0.0035645241737365715 -0.01264157009124755 1.1772919444874572e-14
v 0.0020377006530761716 -0.012894925117492668 2.6757736651394908e-14
v 0.012874143600463865 0.003853922605514524 0.024807197570800778
v 0.012630032539367673 0.004602165699005124 0.024852952957153316
v 0.01287355804443359 0.003789330959320066 0.024884128570556635
v 0.013059844970703123 0.0029614846706390364 0.02491824340820312
v 0.013400427818298337 0.0009975491166114802 0.024600337982177728
v 0.01318698215484619 0.0021228792667388903 0.024956100463867183
v 0.013253081321716306 0.0012778855562210075 0.024998569488525385
v 0.0132154426574707 0.002440376996994017 0.024703767776489253
v 0.013398298263549801 0.0016547253131866445 0.02413675689697265
v 0.013101976394653318 0.003258328914642332 0.024252210617065426
v 0.013404191017150876 -0.0016024514436721793 0.02390584754943847
v 0.012631272315979 -0.004765311717987057 0.023674942016601558
v 0.013114516258239743 -0.003207657575607298 0.0237903938293457
v 0.011121714591979978 -0.007651309013366694 0.023444038391113278
v 0.008967152595520018 -0.01009204196929931 0.023213132858276364
v 0.007683656215667723 -0.011098805427551263 0.02309767913818359
v 0.010118969917297362 -0.00893764972686767 0.023328586578369136
v 0.011963079452514645 -0.006253530025482174 0.023559490203857416
v 0.01349891090393066 2.640401571989058e-05 0.02402130317687988
v 0.0048027982711791985 -0.0126177110671997 0.02286676979064941
v 0.0032462210655212396 -0.01310447692871093 0.022751314163208004
v 0.0016415963172912594 -0.013398966789245598 0.02263586044311523
v 0.004032010555267333 -0.0128849811553955 0.022809041976928707
v -0.0016153694391250607 -0.01340390968322753 0.022404953002929683
v -0.004776480674743651 -0.012625575065612784 0.022174045562744136
v -0.006264522552490233 -0.011956880569458 0.022058591842651364
v -0.0032195017337799067 -0.013111195564270012 0.02228949928283691
v 1.302183326333761e-05 -0.013499352455139151 0.022520406723022458
v -0.00894691753387451 -0.010110569000244134 0.021827682495117184
v -0.01010055351257324 -0.008957080841064448 0.02171222877502441
v -0.011106916427612303 -0.007673261165618892 0.021596775054931638
v -0.012621083259582517 -0.00479112100601196 0.02136586761474609
v -0.013106058120727536 -0.0032332277297973614 0.021250413894653316
v -0.013502076148986814 1.147943066825973e-09 0.021019504547119136
v -0.01343767738342285 0.0013226717710494986 0.020925752639770503
v -0.01340127658843994 -0.0016282023191452016 0.02113495826721191
v -0.011951425552368162 -0.0062781577110290485 0.021481321334838863
v -0.00766188859939575 -0.011115159034728997 0.02194313812255859
v 0.006288765907287597 -0.011944997787475578 0.022982223510742184
v -0.012916235923767087 0.00391661739349365 0.02073825073242187
v -0.011902824401855467 0.0063627529144287065 0.02055074882507324
v -0.011224520683288572 0.007500797271728511 0.020456996917724606
v -0.012468447685241697 0.00516408014297485 0.02064449882507324
v -0.008567652702331542 0.010435051918029778 0.02017574310302734
v -0.006363166332244872 0.011902593612670891 0.019988241195678706
v -0.005164773941040038 0.012470509529113761 0.019894489288330073
v -0.007501327514648436 0.011222064018249505 0.02008199310302734
v -0.010438692092895505 0.008566375732421869 0.020363246917724606
v -0.002633713006973266 0.013243983268737785 0.019706987380981443
v -1.7240984598174687e-06 0.013499330520629875 0.019519483566284176
v -0.0013242938518524168 0.013437602043151847 0.01961323547363281
v 0.0013213350772857664 0.013431390762329094 0.019425733566284176
v -0.003917754650115966 0.012919682502746574 0.019800737380981443
v 0.003918235301971435 0.012915732383728019 0.019238231658935543
v 0.006365034580230712 0.011909078598022453 0.019050727844238276
v 0.007500856876373289 0.01122819805145263 0.018956977844238276
v 0.0051667332649230945 0.012472626686096184 0.01914447975158691
v 0.008564111709594724 0.010437625885009759 0.018863225936889643
v -0.013241030693054196 0.0026322019100189194 0.02083200073242187
v 0.009545479774475096 0.009546587944030755 0.018769475936889646
v 0.011225270271301267 0.007500019550323481 0.01858197212219238
v 0.011905563354492185 0.006363219738006588 0.01848822212219238
v 0.01043563938140869 0.008564310073852534 0.018675724029541013
v 0.013240519523620603 0.002633548974990843 0.018206968307495113
v 0.013499999999999998 -3.3065464225706125e-18 0.018019382476806636
v 0.013434512138366696 -0.0013221217393875114 0.017925714492797847
v 0.013436180114746092 0.001323917627334594 0.01811321640014648
v 0.012471007347106931 0.005165205478668209 0.018394470214843747
v 0.012918630599975583 -0.00391894459724426 0.017738212585449217
v 0.011906516075134274 -0.006364091873168941 0.01755070877075195
v 0.011224290847778318 -0.007499797821044917 0.01745695877075195
v 0.012473347663879392 -0.005166820049285885 0.017644460678100583
v 0.008564793586730955 -0.010436390876770013 0.017175704956054683
v 0.007500791072845458 -0.01122501373291015 0.01708195304870605
v 0.005165992736816405 -0.012471288681030266 0.01689445114135742
v 0.00391875410079956 -0.012918549537658683 0.016800699234008787
v 0.006363934040069579 -0.011905047416687005 0.01698820304870605
v 0.010434620857238768 -0.00856382274627685 0.017363206863403317
v 0.013239750862121579 -0.0026331012248992903 0.017831962585449217
v 0.002634003400802612 -0.01324164390563964 0.016706949234008787
v 0.001323585748672485 -0.013435700416564934 0.016613197326660153
v -0.0013237327337265012 -0.013433959007263175 0.01642569541931152
v -0.00391997456550598 -0.012919546127319327 0.016238191604614254
v 2.242245864181313e-08 -0.01349945640563964 0.01651944541931152
v -0.006363147258758544 -0.011905429840087883 0.01605068969726562
v -0.008563261985778807 -0.010434960365295403 0.01586318778991699
v -0.009545670509338376 -0.009546236991882319 0.015769436836242674
v -0.007498888492584227 -0.01122371292114257 0.015956938743591307
v -0.0051666364669799795 -0.012473045349121087 0.016144441604614253
v -0.011224867820739745 -0.007499963283538813 0.015581933975219724
v -0.01247463798522949 -0.0051657023429870575 0.015394431114196774
v -0.01324263763427734 -0.002634150028228758 0.015206928253173825
v -0.011906718254089354 -0.006363168239593502 0.015488183021545407
v -0.013496137619018552 -6.9370553319458805e-09 0.015019426345825192
v -0.013238411903381346 0.002634679794311522 0.014831930160522458
v -0.012920071601867674 0.003920149803161618 0.014738182067871091
v -0.01343072986602783 0.0013236799240112296 0.014925678253173825
v -0.013433737754821774 -0.0013235780000686638 0.015113177299499509
v -0.010435648918151854 -0.00856474876403808 0.01567568492889404
v 0.0031849322319030754 -0.0130577688217163 0.011257822036743161
v 0.001754439234733581 -0.013321862220764152 0.011154392242431638
v 0.00030304196476936334 -0.013431352615356437 0.011050961494445798
v -0.001151899695396423 -0.01338616466522216 0.010947531700134275
v -0.002593025922775268 -0.01318622398376464 0.010844101905822752
v -0.0040029768943786615 -0.012831454277038567 0.010740671157836912
v -0.00536470603942871 -0.012322719573974602 0.010637241363525389
v -0.00666340684890747 -0.011667607307434075 0.01053381061553955
v -0.007885251522064207 -0.010876636505126946 0.010430380821228026
v -0.0090164155960083 -0.00996033859252929 0.010326950073242186
v -0.011909615516662595 0.006363413810729976 0.01455068492889404
v -0.010434045791625974 0.008561558723449702 0.014363187789916989
v -0.008562225341796873 0.010436100959777825 0.014175690650939939
v -0.011225804328918456 0.0074980859756469675 0.014456936836242672
v -0.010043074607849119 -0.008929244995117182 0.010223519325256347
v -0.0109514045715332 -0.0077938876152038525 0.010120089530944822
v -0.011728153228759763 -0.006565181255340572 0.010016658782958982
v -0.006365234374999999 0.011909426689147943 0.013988194465637205
v -0.005167829513549804 0.01247304153442382 0.013894446372985838
v -0.007499933719635008 0.011227766036987297 0.014081942558288572
v -0.012476602554321287 0.0051672472953796355 0.014644433975219725
v -0.0026341645717620843 0.013235222816467277 0.013706950187683102
v 1.632053754292428e-07 0.01349732303619384 0.013519454002380369
v 0.0013233960866928097 0.013435835838317863 0.013425705909729002
v -0.0013232475519180296 0.013429783821105948 0.013613202095031736
v 0.005166555404663085 0.012473411560058587 0.013144459724426266
v 0.0075012097358703594 0.01122485160827636 0.0129569616317749
v 0.0085643892288208 0.010434907913208 0.012863213539123532
v 0.006364700794219969 0.011906281471252434 0.013050710678100583
v 0.003918880701065062 0.01292089366912841 0.013238207817077635
v 0.010434305191040038 0.008563530921936029 0.012675717353820799
v 0.011905771255493162 0.006364717960357662 0.012488221168518065
v 0.012472599029541013 0.005166868686676022 0.01239447212219238
v 0.011224070549011228 0.007500451564788814 0.012581969261169432
v 0.013437623023986814 0.0013237613439559927 0.012113226890563962
v 0.013499999999999998 -3.3065464225706125e-18 0.012019478797912595
v 0.013235022544860838 -0.002633002758026121 0.011831981658935545
v 0.012913563728332517 -0.003918833732604978 0.011738233566284178
v 0.013431468963623044 -0.0013222669363021843 0.011925729751586912
v 0.013243062019348143 0.0026340079307556135 0.01220697498321533
v 0.0095449161529541 0.00954474258422851 0.012769465446472165
v 0.011907312393188475 -0.006365622520446773 0.011550737380981443
v 0.010438182830810544 -0.008563560485839838 0.011363240242004392
v 0.008563055992126463 -0.010432494163513177 0.011175742149353025
v 0.011228379249572751 -0.007501506805419917 0.01145698833465576
v 0.006363268375396728 -0.01190700149536132 0.010988245010375975
v 0.003920850992202758 -0.01292218589782714 0.010800747871398923
v 0.0026356291770935052 -0.013241176605224602 0.010706999778747556
v 0.005167247295379637 -0.012476022720336906 0.010894496917724606
v 0.007498620510101317 -0.0112231159210205 0.011081994056701659
v 4.478058544918894e-07 -0.013496629714965812 0.010519503593444822
v -0.0026344699859619136 -0.013241380691528313 0.010332007408142089
v -0.0051654062271118155 -0.012475174903869622 0.010144511222839353
v -0.001323537468910217 -0.013432892799377432 0.010425755500793455
v -0.007496934413909911 -0.011222891807556146 0.009957014083862303
v -0.008561677932739256 -0.010433098793029779 0.009863265991210936
v -0.010437295913696286 -0.008565444946289058 0.009675768852233885
v -0.011227437019348143 -0.007503277778625484 0.009582020759582517
v -0.009545254707336423 -0.00954466819763183 0.009769516944885252
v -0.006361388206481932 -0.011906199455261224 0.010050763130187986
v 0.0013244990110397336 -0.013432690620422355 0.01061325168609619
v 0.012470019340515134 -0.005167220115661618 0.01164448547363281
v -0.003919915676116942 0.012915640830993644 0.01380069828033447
v -0.01236567687988281 -0.005257807731628415 0.009913228034973142
v 0.012612079620361325 0.00481368541717529 0.024367664337158198
v 0.011576747894287106 0.006916441917419429 0.02477425384521484
v 0.011979522705078122 0.006168971061706539 0.0247981948852539
v 0.011938307762145994 0.00629923295974731 0.02448311614990234
v 0.010626683235168456 0.008323271751403804 0.02473234939575195
v 0.01112510013580322 0.007635624885559077 0.02475236511230468
v 0.011091776847839354 0.007693778991699214 0.02459856986999511
v 0.012331318855285642 0.005396462440490719 0.024824367523193353
v 0.010083603858947751 0.008976131439208978 0.024714027404785153
v -0.0024219548702239984 -0.013282214164733878 0.02234722518920898
v -0.009550538063049315 0.009547686576843255 0.020269495010375973
v -0.013502076148986814 1.147943066825973e-09 0.021019504547119136
v 0.0026322121620178216 0.01323608970642089 0.019331981658935543
v 0.01291739463806152 0.0039179801940917944 0.018300718307495113
v 0.009545467376708982 -0.009546056747436518 0.017269454956054683
v -0.009543224334716795 0.009544131278991693 0.014269439697265622
v 0.002633783817291259 0.013243380546569816 0.013331956863403318
v 0.012919875144958494 0.003919171333312986 0.012300724029541013
v 0.009546325683593749 -0.009543266296386712 0.011269491195678709
v -0.003919362306594848 -0.012921994209289543 0.01023825931549072
v -0.0026347186565399165 -0.013240294456481925 0.016331943511962887
v -0.012922066688537594 -0.0039189033508300756 0.015300680160522459
v -0.013496137619018552 -6.9370553319458805e-09 0.015019426345825192
v -0.011906542778015134 -0.006366843700408932 0.009488271713256833
v -0.012859518051147458 -0.0038885843753814673 0.009809797286987302
v -0.01339846038818359 -0.00103195834159851 0.00960293674468994
v -0.013205253601074217 -0.0024743537902832016 0.009706367492675779
v -0.01343471813201904 0.0004217592775821683 0.0094995059967041
v -0.01302663993835449 0.0032964105606079082 0.009292645454406737
v -0.013310047149658201 0.0018699914216995228 0.009396076202392576
v -0.012010558128356932 0.00601991510391235 0.009085784912109374
v -0.012591206550598142 0.004685040950775143 0.009189214706420897
v -0.011291506767272946 0.0072850651741027785 0.008982354164123534
v -0.009465646743774413 0.009542501449584954 0.008775493621826171
v -0.010440865516662595 0.008464523315429682 0.008878923416137694
v -0.007189986705780028 0.011349086761474602 0.008568633079528806
v -0.0083770055770874 0.010506899833679192 0.008672063827514646
v -0.005919785976409911 0.012060564994812005 0.008465203285217283
v -0.0031906223297119133 0.01305740547180175 0.00825834274291992
v -0.004581599235534667 0.01263283729553222 0.008361772537231443
v -0.0003120457231998443 0.013434869766235343 0.008051482200622557
v -0.001762077689170837 0.013325917243957512 0.00815491199493408
v 0.0011423581838607786 0.01338659477233886 0.007948051452636717
v 0.003995573759078979 0.012829084396362296 0.007741190433502196
v 0.002583956956863403 0.013183773040771476 0.007844621181488036
v 0.006660185337066649 0.011674889564514153 0.007534329414367674
v 0.005360031127929686 0.012325209617614739 0.0076377596855163555
v 0.007880815505981444 0.010884538650512688 0.007430898666381834
v 0.010034814834594724 0.00893262386322021 0.007224037647247313
v 0.00900968551635742 0.009966253280639641 0.007327468395233153
v 0.01172593307495117 0.006569684505462642 0.007017176628112792
v 0.010944224357604978 0.007796237945556636 0.0071206073760986316
v 0.012367984771728513 0.005265562534332272 0.00691374635696411
v 0.013204285621643063 0.002483765602111815 0.0067068858146667465
v 0.01286158466339111 0.003897928953170774 0.006810316085815428
v 0.013430234909057615 -0.0004148262143135068 0.0065000252723693835
v 0.013394399642944333 0.0010404033660888665 0.006603455543518065
v 0.013310104370117185 -0.0018645919561386098 0.006396595001220702
v 0.01259791278839111 -0.0046790657043457 0.006189734458923338
v 0.013032322883605955 -0.0032915639877319314 0.006293164730072021
v 0.012014997482299802 -0.006012133121490475 0.006086304187774657
v 0.01044073963165283 -0.008456223487853999 0.005879443645477294
v 0.011292848587036131 -0.007276081085205073 0.005982873916625975
v 0.009467943191528319 -0.009537874221801752 0.005776013374328612
v -0.012470153808593747 -0.005167980670928952 0.009394523620605466
v -0.013434533119201657 -0.0013226983547210685 0.00911327838897705
v -0.013502681732177732 3.0173157483659433e-10 0.009019529342651366
v -0.013237497329711911 -0.0026333200931549054 0.009207026481628416
v -0.013241924285888669 0.002631597995758055 0.0088320255279541
v -0.012469347000122068 0.005163710594177243 0.008644521713256834
v -0.011903584480285643 0.006362537860870357 0.008550769805908201
v -0.012917146682739255 0.003916076183319089 0.008738273620605468
v -0.013438623428344725 0.0013222392797470083 0.008925777435302732
v -0.010438400268554686 0.008565918922424311 0.008363266944885253
v -0.007500100612640379 0.01122157669067382 0.008082011222839355
v -0.006362643241882323 0.01190277957916259 0.00798825979232788
v -0.008566098213195799 0.01043409061431884 0.008175763130187986
v -0.003918748378753661 0.012920764923095695 0.007800756454467772
v -0.001325360298156738 0.013437737464904776 0.007613253116607665
v -2.2715595550835127e-06 0.013499519348144523 0.007519501209259032
v -0.0026350095272064202 0.013244760513305656 0.007707004547119139
v -0.0051650762557983385 0.012471306800842278 0.007894508361816405
v -0.011224916458129881 0.007500595092773433 0.00845701789855957
v 0.00263279914855957 0.013237339973449698 0.007331997394561766
v 0.006364784717559813 0.01190917205810546 0.0070507411956787095
v 0.007499420166015624 0.011226729393005364 0.006956989288330077
v 0.00516734743118286 0.012473928451538078 0.007144493103027343
v 0.009542996406555175 0.009543801307678217 0.006769484996795653
v 0.011225698471069334 0.00749941492080688 0.006581981182098387
v 0.01190923976898193 0.00636514854431152 0.006488229274749755
v 0.010433953285217283 0.008562095642089838 0.00667573308944702
v 0.008561821937561033 0.010435142517089838 0.0068632369041442855
v 0.01323830699920654 0.0026349041461944563 0.006206974029541014
v 0.013499999999999998 -3.3065464225706125e-18 0.006019470691680907
v 0.013435732841491696 -0.0013244572877883904 0.005925718784332274
v 0.013431627273559567 0.0013233057260513298 0.006113222122192382
v 0.012921494483947752 -0.00391865539550781 0.005738215446472167
v 0.012472331047058104 -0.005164593696594235 0.005644463539123534
v 0.01122121715545654 -0.007498333454132075 0.005456960201263426
v 0.010433074951171873 -0.008564115524291987 0.005363208293914794
v 0.011903270721435544 -0.006361489295959468 0.00555071210861206
v 0.01324390602111816 -0.002634696722030638 0.0058319673538207994
v 0.012475664138793943 0.005168722152709957 0.006394477367401122
v 0.0013214005231857297 0.013432065963745108 0.007425749301910399
v 0.00838373279571533 -0.01050634860992431 0.005672582626342773
v 0.007198730468749998 -0.011348627090454094 0.005569152355194091
v 0.004588602542877196 -0.01262689018249511 0.005362290859222411
v 0.005928246021270751 -0.012057469367980949 0.0054657216072082505
v 0.0031961226463317863 -0.013050900459289543 0.005258860111236571
v 0.0003179481625556945 -0.013438741683959952 0.00505199909210205
v 0.0017671301364898678 -0.013323513031005851 0.005155429363250731
v -0.0025753893852233883 -0.01318722438812255 0.004845138072967528
v -0.0011350650787353513 -0.013392238616943351 0.00494856834411621
v -0.0039864575862884515 -0.012829103469848625 0.004741707801818847
v -0.006654559612274169 -0.011675147056579583 0.004534847259521483
v -0.005351703643798827 -0.012323276519775384 0.0046382775306701655
v -0.007878459453582762 -0.010890118598937982 0.004431416511535643
v -0.00900754642486572 -0.009974523544311517 0.004327986240386962
v -0.010030346870422362 -0.008940440177917475 0.00422455596923828
v -0.010937057495117185 -0.00780213069915771 0.004121125698089599
v -0.011717877388000486 -0.006573865890502926 0.0040176954269409175
v -0.012363005638122556 -0.005269913673400875 0.003914265155792236
v -0.012862643241882321 -0.0039045429229736302 0.003810834884643554
v -0.01320778942108154 -0.0024922602176666244 0.003707404375076293
v -0.013396139144897458 -0.0010495564937591545 0.0036039741039276115
v -0.013428722381591793 0.00040608865022659276 0.003500543594360351
v -0.01330659484863281 0.0018571879863739003 0.0033971133232116695
v -0.01303081130981445 0.00328625440597534 0.0032936828136444084
v -0.012602426528930661 0.004675801277160642 0.0031902523040771478
v -0.012023013114929197 0.006008572101593014 0.003086821794509887
v -0.01130015182495117 0.0072699985504150345 0.0029833912849426265
v -0.01044530391693115 0.008447246551513667 0.0028799607753753655
v -0.009469990730285642 0.009527509689331049 0.002776530265808105
v -0.008385738372802733 0.010497982025146478 0.002673099756240844
v -0.007204070091247557 0.011345857620239251 0.0025696692466735836
v -0.005936678409576415 0.012058598518371575 0.0024662389755249017
v -0.004598099708557128 0.012628138542175284 0.0023628089427947994
v -0.003205227851867675 0.01305012893676757 0.002259378671646118
v -0.0017750295400619503 0.013320330619812004 0.002155948638916015
v -0.00032447016239166255 0.013434505462646476 0.0020525183677673337
v 0.0011295351982116696 0.01338972568511962 0.001949088096618652
v 0.0025702750682830805 0.013188306808471672 0.0018456577062606807
v 0.003981088638305663 0.012833872795104973 0.00174222719669342
v 0.00534531545639038 0.012330048561096183 0.0016387966871261594
v 0.006646341800689696 0.011680562019348138 0.0015353661775588986
v 0.00786911344528198 0.010892534255981438 0.0014319357872009276
v 0.010027302742004392 0.008945949554443354 0.001225075006484985
v 0.009000454902648924 0.009977178573608391 0.0013285053968429563
v 0.011716006278991697 0.00658218669891357 0.0010182143449783323
v 0.010936594009399413 0.007810304641723628 0.001121644616127014
v 0.012357794761657713 0.0052765555381774866 0.0009147840142250059
v 0.013204499244689938 0.002497186899185179 0.0007079232931137084
v 0.012855957984924313 0.003909518957138059 0.0008113536834716795
v 0.013431685447692868 -0.0003985654711723325 0.0005010622739791869
v 0.01339745235443115 0.0010556738376617425 0.0006044927835464477
v 0.013309058189392087 -0.001848474860191344 0.0003976317346096038
v 0.007501899242401122 -0.01122591018676757 0.005081952571868896
v 0.005165207386016845 -0.012469412803649894 0.004894448280334472
v 0.003917146205902099 -0.012916426658630364 0.004800695896148681
v 0.006364190101623534 -0.011904401779174798 0.004988200187683104
v 0.0013225723505020139 -0.013438389778137199 0.004613192081451415
v 4.514841130003332e-07 -0.013504319190978996 0.004519440174102782
v -0.0026320896148681635 -0.013238965034484854 0.004331936359405516
v -0.005166340827941893 -0.012468888282775871 0.004144432544708252
v -0.0013219002485275267 -0.013436734199523917 0.00442568826675415
v 0.0026322026252746577 -0.01324092483520507 0.004706943988800048
v 0.01303193950653076 -0.0032769372463226296 0.00029420125484466546
v 0.012602696418762204 -0.004666835784912106 0.0001907708942890167
v 0.011111700057983396 -0.007543851375579829 2.4543076447038067e-16
v 0.011315863609313963 -0.007214598655700679 3.019862463392308e-16
v 0.010143664360046385 -0.008754601478576655 4.415758259263338e-17
v 0.009034816741943357 -0.009843440055847162 5.61137677393842e-17
v 0.008566139221191404 -0.01043845653533935 0.005175704479217528
v -0.009549285888671873 0.009546715736389154 0.00826951503753662
v -0.012914920806884764 -0.003919276714324948 0.009300774574279783
v -0.013502681732177732 3.0173157483659433e-10 0.009019529342651366
v 0.012919217109680173 0.003921030521392819 0.006300725460052489
v -0.007503020286560057 -0.011226107597351067 0.003956928968429565
v -0.009545665740966795 -0.00954635620117187 0.003769425392150878
v -0.010433502197265623 -0.008562900543212884 0.0036756737232208243
v -0.008566348075866698 -0.010437594413757318 0.003863177299499511
v -0.012474485397338865 -0.005165750026702878 0.0033944182395935054
v -0.013243356704711912 -0.002635360479354857 0.003206914663314819
v -0.013434567451477048 -0.0013243548870086662 0.003113162755966186
v -0.012922760009765622 -0.003919941902160642 0.0033006663322448725
v -0.011222493171691892 -0.007497880458831783 0.0035819218158721915
v -0.0039177067279815665 -0.012915016174316398 0.004238184452056884
v -0.006365581989288329 -0.011904584884643547 0.004050680637359618
v -0.01190527534484863 -0.006361946582794186 0.003488170146942138
v -0.01349711990356445 -6.747161933162711e-09 0.003019410848617553
v 0.0039190671443939205 0.012917305946350089 0.007238245010375975
v 0.009545747756958005 -0.009547826766967768 0.005269456386566161
v -0.013430922508239743 0.0013331276178359978 0.0029250533580780025
v -0.01291285705566406 0.003946807861328123 0.0027363381385803217
v -0.012462508201599118 0.005200670719146725 0.002641980648040771
v -0.013235915184020994 0.0026531798839569075 0.0028306958675384515
v -0.011194849967956541 0.007540996074676509 0.0024532651901245112
v -0.009493483543395994 0.009591563224792474 0.0022645497322082513
v -0.007428493499755858 0.011274011611938469 0.002075834512710571
v -0.01039400005340576 0.008607397079467768 0.0023589074611663815
v -0.01188727283477783 0.006402155399322506 0.002547622919082641
v -0.005071835994720458 0.012512906074523917 0.0018871197700500485
v -0.0025150797367095943 0.013263500213623039 0.0016984051465988156
v -0.0011939265727996824 0.013447408676147453 0.001604047894477844
v -0.003812025785446166 0.012950908660888664 0.0017927625179290768
v 0.0014693802595138548 0.013418704032897941 0.0014153329133987423
v 0.004075547695159911 0.012869335174560539 0.0012266175746917722
v 0.006522848129272459 0.011820908546447746 0.0010379023551940916
v 0.0027859661579132076 0.013207770347595207 0.0013209753036499022
v 0.00013748802244663237 0.013499300003051749 0.0015097624063491817
v -0.006281582832336425 0.011952767372131341 0.0019814771413803095
v 0.008715515136718748 0.010308332443237297 0.0008491871953010558
v 0.010571642875671385 0.008396933555603022 0.0006604721546173095
v 0.011348566055297849 0.00731346988677978 0.0005661146640777587
v 0.009690642356872557 0.009398132324218744 0.0007548296451568602
v 0.012561724662780759 0.004942204475402829 0.00037739971280097953
v 0.013289253234863279 0.0023798930644989 0.00018868462741374967
v 0.013496847152709959 -0.0002749584019184111 -3.067479337914846e-08
v 0.012988499641418454 0.0036787929534912085 0.0002830421924591064
v 0.012013543128967283 0.006157854557037349 0.0004717572033405303
v 0.01306819152832031 -0.003343240499496458 3.782513039764234e-16
v 0.012584469795227048 -0.004818180084228512 5.459137916025147e-16
v 0.013373535156249998 -0.0018233855962753284 1.2882636580766047e-16
v 0.007656252861022948 0.011118826866149895 0.0009435447454452513
v 0.005325406074523925 0.01240612316131591 0.0011322599649429318
v -0.008502060890197753 0.010483699798583978 0.0021701922416687007
v 0.013459418296813963 0.0010577830076217644 9.432699531316756e-05
v -0.01349711990356445 -6.747161933162711e-09 0.003019410848617553
v -0.011741639137268065 0.0038348014354705785 0.02466442489624023
v -0.012193591117858884 0.00253539729118347 0.024880628585815426
v -0.011918112754821774 0.0037763900756835915 0.024828069686889644
v -0.011254082679748532 0.005093564510345456 0.02456002616882324
v -0.011522055625915526 0.00498255634307861 0.024774255752563472
v -0.011009579658508298 0.006141720771789547 0.024719158172607416
v -0.012295197486877438 0.0011963148117065422 0.024873224258422845
v -0.012366248130798337 -2.3479664232581838e-06 0.02498209190368652
v -0.012344329833984372 0.0012717540264129631 0.024931959152221676
v -0.01209011936187744 0.0025304796695709213 0.024768823623657222
v -0.012103793144226072 0.0011776912212371818 0.02458208847045898
v -0.012352608680725095 -0.00015197651088237754 0.024977622985839838
v -0.012160310745239256 -0.00014961063861846914 0.024686487197875973
v -0.011558852195739744 0.0037751035690307593 0.024373289108276363
v -0.011901906967163084 0.0024910867214202864 0.024477687835693356
v -0.011078885078430174 0.0050142707824707 0.02426889038085937
v -0.010631788253784177 0.006291060924530026 0.024455627441406246
v 0.011165974617004392 -0.005190275669097897 0.025648815155029293
v 0.01084875965118408 -0.005739424228668209 0.025669553756713863
v 0.010807427406311033 -0.005981010437011715 0.025552047729492183
v -0.006966903209686278 0.010201718330383294 0.024038032531738276
v -0.007899604320526122 0.009825264930725091 0.02435174751281738
v -0.006919845104217528 0.010538498878478996 0.024259895324707025
v 0.01009091567993164 -0.007125137329101558 0.02544764900207519
v 0.009723723411560057 -0.00729051303863525 0.02569338226318359
v 0.009254451751708982 -0.008184284210205074 0.025343250274658197
v -0.004776813983917235 0.011666124343872063 0.024076190948486325
v -0.00363431429862976 0.01207153129577636 0.02398433876037597
v -0.0045877046585083 0.011468402862548821 0.02382923316955566
v -0.009631378173828123 0.008132804870605463 0.024535453796386712
v -0.008805952072143552 0.00902057552337646 0.024443601608276362
v -0.009012660980224607 0.008446314811706537 0.024246829986572262
v -0.0024584016799926753 0.012365427970886222 0.023892488479614254
v -0.0033087251186370843 0.011900721549987786 0.023724834442138666
v 0.0011621235609054563 0.01255263423919677 0.023616931915283197
v 0.002362446784973144 0.012383759498596183 0.023525079727172847
v 0.0020424249172210688 0.012181848526000969 0.0233072395324707
v 0.009110899925231931 -0.008057332992553706 0.0256349925994873
v 0.00886489391326904 -0.00824072933197021 0.0256974983215332
v 0.008177469253540038 -0.009002756118774408 0.02553059387207031
v -0.005875468254089355 0.01115363693237304 0.024168043136596675
v -0.0058122239112854 0.010900271415710443 0.023933631896972653
v -0.008037548065185545 0.009379953384399408 0.02414243125915527
v 0.0071456727981567365 -0.009840389251708978 0.025426195144653316
v 0.006883770465850828 -0.009871703147888178 0.025686355590820307
v 0.00602900457382202 -0.01056148433685302 0.02532179450988769
v 0.0035406849384307854 0.012099975585937492 0.023433229446411127
v 0.0033598158359527583 0.011887074470520013 0.023202840805053707
v 0.005969148635864257 -0.01045661830902099 0.025649028778076167
v 0.005779659271240233 -0.010532564163208 0.025673439025878902
v 0.004792914390563964 -0.011046538352966302 0.025544630050659173
v 0.008736337661743162 0.00908930110931396 0.02297396850585937
v 0.008077468872070311 0.009345225334167475 0.022785243988037104
v 0.007823319435119627 0.009886424064636225 0.023065820693969723
v 0.002142800092697143 -0.011791707992553703 0.025614067077636714
v 0.0015075006484985348 -0.011904829978942863 0.025602130889892574
v 0.002282917976379394 -0.01182238292694091 0.02533583259582519
v 0.011509530067443846 0.005145818710327145 0.0226065616607666
v 0.011274703979492186 0.005044962406158444 0.022367649078369137
v 0.010961906433105467 0.006226961612701412 0.02269841384887695
v 0.011949648857116697 0.004016646862030027 0.022514709472656245
v 0.0008636671304702757 -0.011951639175415031 0.025589023590087887
v 0.00021983365714550013 -0.011998449325561517 0.025575914382934564
v 0.0009757213592529295 -0.011959410667419425 0.02557760047912597
v 0.00700912046432495 0.010170621871948235 0.022889642715454097
v 0.006837323665618895 0.010591377258300774 0.023157672882080073
v -0.010368411064147947 0.007170378208160396 0.024627305984497066
v -0.009881115913391112 0.007412713527679439 0.024351228713989252
v -0.00972729206085205 0.007297316551208492 0.024060092926025387
v -0.010466278076171873 0.0061931252479553184 0.024164491653442376
v -0.007912424087524413 0.009233931541442865 0.0238512954711914
v -0.008872357368469237 0.008314826965332025 0.023955694198608393
v -0.005721742630004882 0.010730581283569329 0.023642496109008784
v -0.006858446121215819 0.010042903900146479 0.02374689674377441
v -0.0045162858963012685 0.011289869308471673 0.023538097381591794
v 0.0007008016109466552 0.012332434654235832 0.02341163825988769
v -4.899144172668456e-05 0.012606155395507804 0.02370878410339355
v 0.005857853889465331 0.010875572204589836 0.02299404144287109
v 0.005788196563720702 0.011198742866516107 0.023249525070190426
v 0.01031255531311035 0.007250585079193111 0.0227902660369873
v 0.01065696048736572 0.006245409011840816 0.022472047805786127
v -0.0012595993280410764 0.012543893814086906 0.0238006362915039
v -0.0006489288806915282 0.012336460113525382 0.023516036987304683
v 0.004685971736907958 0.011703337669372552 0.023341377258300777
v 0.004636848926544188 0.011450487136840813 0.023098442077636713
v -0.0019596797227859493 0.012002047538757317 0.023329299926757807
v -0.003257216930389404 0.011715457916259758 0.0234336986541748
v 0.009049718856811521 0.008408969879150385 0.022680845260620114
v 0.009568392753601072 0.008207695007324213 0.022882118225097652
v 0.012279468536376952 0.0028502442836761455 0.022422857284545895
v 0.011758871078491209 0.0037848634719848608 0.022263250350952144
v 0.009912862777709959 0.00737159156799316 0.02257644653320312
v 0.01249667930603027 0.0016576204299926748 0.022331007003784174
v 0.012102244377136228 0.0024797246456146225 0.022158849716186518
v -0.0019906692504882808 0.012191843032836906 0.023620435714721676
v 0.012299479484558102 0.0011445728540420525 0.022054450988769528
v 0.012598970413208005 0.00044978523254394506 0.022239154815673824
v -0.01183667469024658 -0.002783606529235838 0.024895284652709956
v -0.011658383369445798 -0.003757339239120481 0.025125297546386715
v -0.012021320343017576 -0.0025303125381469713 0.025078775405883783
v -0.012070244789123533 -0.0014752660989761344 0.024790885925292962
v -0.012257959365844725 -0.0012741695642471305 0.025031034469604488
v -0.01117119789123535 -0.004941812992095944 0.025170587539672846
v -0.011463015556335446 -0.0040589547157287575 0.02499968338012695
v -0.010562498092651366 -0.0060705118179321255 0.025214628219604487
v -0.010952680587768552 -0.005285632610321041 0.02510408210754394
v -0.010310050964355466 -0.006448436737060543 0.025208480834960932
v -0.010208638191223142 -0.006385008335113521 0.024880487442016597
v -0.010844946861267088 -0.005233641147613522 0.024776088714599603
v -0.00983923530578613 -0.007131549358367915 0.025257390975952143
v -0.010200866699218748 -0.006601030349731441 0.025236009597778317
v -0.01172024631500244 -0.0027562260627746566 0.024567289352416987
v -0.01135026168823242 -0.004019029140472409 0.02467168807983398
v -0.012040699005126951 -0.00014813907444477073 0.024358491897583004
v -0.011951518058776853 -0.0014607548713684072 0.024462890624999994
v -0.011984736442565916 0.0011661070585250847 0.02425409317016601
v -0.011445156097412108 0.0037379705905914284 0.024045295715332028
v -0.011784836769104001 0.0024665837287902817 0.024149694442749017
v -0.010363328933715818 0.006132207870483394 0.02383649826049804
v -0.010969910621643065 0.00496494913101196 0.023940896987915034
v -0.009631611824035642 0.007225538253784175 0.023732097625732418
v -0.0006388267278671264 0.012144412994384759 0.023224901199340817
v 0.0006898919343948363 0.01214045047760009 0.023120502471923824
v 0.002010629653930664 0.011992208480834954 0.02301610374450683
v 0.0033075120449066156 0.011702023506164543 0.02291170501708984
v -0.007834595680236815 0.009143103599548334 0.02352330017089843
v -0.0087850866317749 0.008233039855957027 0.023627698898315425
v 0.0057666621208190905 0.010706267356872553 0.02270290565490722
v 0.0045646653175354 0.011272232055664055 0.022807306289672848
v 0.006900006771087645 0.010012291908264154 0.02259850692749023
v -0.006790984630584715 0.00994411945343017 0.02341890144348144
v 0.00795172357559204 0.009199744224548334 0.022494108200073238
v 0.008908838272094724 0.008278063774108882 0.022389709472656245
v 0.009758544921874997 0.007256834983825679 0.022285310745239255
v 0.010491059303283689 0.0061481842994689905 0.02218091201782226
v 0.011099185943603514 0.004966425418853756 0.02207651329040527
v 0.011575816154479978 0.0037259428501129127 0.02197211456298828
v 0.011913843154907225 0.002441121578216551 0.021867713928222652
v 0.012108008384704588 0.0011267547607421867 0.02176331520080566
v -0.004471862792968749 0.011178818702697747 0.023210103988647455
v -0.005665462017059325 0.010625032424926751 0.023314502716064448
v -0.0019404036998748775 0.011883992195129388 0.02300130653381347
v -0.0032251780033111565 0.011600221633911126 0.023105705261230465
v 0.0006831059455871581 0.012021034240722648 0.022792507171630855
v -0.0006325430274009703 0.012024957656860343 0.02289690589904785
v 0.0032749783992767328 0.011586919784545891 0.022583709716796872
v 0.0019908524751663203 0.011874250411987298 0.022688108444213862
v 0.004519765853881835 0.011161355972290033 0.02247931098937988
v 0.006832136154174803 0.009913807868957514 0.022270513534545892
v 0.0057099394798278795 0.010600957870483391 0.022374912261962886
v 0.00882120895385742 0.008196639060974117 0.02206171607971191
v 0.007873508453369139 0.009109252929687494 0.022166114807128903
v 0.009662557601928709 0.0071854548454284625 0.021957315444946286
v 0.010990011215209958 0.004917574405670163 0.0217485179901123
v 0.010387866020202636 0.0060877089500427205 0.021852916717529293
v 0.011796655654907224 0.0024171099662780747 0.021539720535278317
v 0.01146195316314697 0.003689293622970579 0.02164411926269531
v 0.011988910675048826 0.001115671753883361 0.021435321807861323
v 0.012350164413452146 -0.00020447391271591174 0.021950052261352535
v -0.012312103271484373 -0.0006382587552070613 0.025006563186645504
v 0.012157904624938962 -0.00020129078626632678 0.02165891647338867
v -0.00042526134848594655 -0.011978301048278801 0.025561714172363276
v -0.0010703563690185544 -0.011958152770996086 0.025547512054443354
v -0.00033518904447555535 -0.011995227813720696 0.02547320175170898
v 0.012254686355590818 -0.0015511213541030875 0.02184565353393554
v 0.01258416938781738 -0.0007622430920600886 0.02214730262756347
v 0.012452403068542478 -0.0019672989845275868 0.02205545043945312
v -0.004206940650939941 -0.011253999710083 0.025467731475830074
v -0.004813282012939452 -0.011034855842590325 0.025450691223144525
v -0.0041807150840759266 -0.011247307777404777 0.025160005569458004
v 0.011377861022949217 -0.005429259777069088 0.021779893875122067
v 0.010803388595581052 -0.006496729850769039 0.021688041687011713
v 0.011101587295532225 -0.0054154734611511195 0.021532457351684565
v -0.005401675701141357 -0.010760589599609368 0.025402481079101556
v -0.005393327713012694 -0.010754199981689446 0.02543282318115234
v -0.005973373413085937 -0.010473545074462885 0.02541495323181152
v 0.008508853912353514 -0.009304308891296381 0.021412487030029292
v 0.00757614231109619 -0.01007779693603515 0.021320634841918942
v 0.007763749599456786 -0.009607625961303705 0.021114860534667965
v -0.009424600601196287 -0.007622549057006831 0.025278116226196284
v -0.009450196266174314 -0.007460292816162104 0.02498488616943359
v -0.00900996685028076 -0.008113548278808589 0.025298841476440424
v 0.002054099321365356 -0.01243964767456054 0.020861375808715815
v 0.0008507735729217528 -0.012579977035522452 0.020769523620605464
v 0.0016380453109741207 -0.0122428331375122 0.020592866897583002
v -0.00036091098189353933 -0.01260186576843261 0.020677673339843747
v 0.00029214236140251155 -0.012348741531372063 0.020488468170166012
v -0.0039338977336883536 -0.011976898193359368 0.02040211677551269
v -0.005066715717315672 -0.011545685768127435 0.02031026458740234
v -0.004964813709259032 -0.011310185432434075 0.02007087135314941
v -0.006151707649230956 -0.011006699562072748 0.02021841239929199
v -0.011160268783569334 -0.0058677744865417445 0.019667301177978512
v -0.011671530723571775 -0.004768960475921628 0.019575448989868162
v -0.011416707038879393 -0.004718214988708493 0.019340078353881834
v -0.012074620246887205 -0.00362557792663574 0.01948359680175781
v -0.012366691589355466 -0.0024487099647521955 0.019391744613647458
v -0.011862241744995115 -0.0034440259933471657 0.01923567962646484
v -0.01232790184020996 -0.0007885611057281489 0.019026882171630857
v -0.012544898986816403 -0.0012494390010833732 0.019299894332885738
v -0.012606538772583005 -3.8847293704748127e-05 0.019208042144775388
v -0.010834185600280759 -0.0059355311393737755 0.019444477081298824
v -0.010544217109680174 -0.0069112596511840775 0.01975915145874023
v -0.006462632179260253 -0.010525310516357415 -7.858334816202016e-14
v -0.006019227504730223 -0.01083970928192138 -5.604498115596711e-14
v -0.005677621841430663 -0.010971261024475092 7.87040814757347e-05
v 0.010444273948669432 -0.006594724178314205 0.021428058624267575
v 0.010129238128662107 -0.007504559993743892 0.021596191406249996
v 0.006668575286865233 -0.01039704799652099 0.021010461807250972
v 0.0065723910331726065 -0.01075688171386718 0.02122878265380859
v 0.009362148284912107 -0.008443502426147456 0.021504339218139643
v 0.008766405105590819 -0.008704086303710931 0.021219259262084955
v 0.009663234710693358 -0.007695670127868648 0.02132365989685058
v 0.011846529006958005 -0.004311610698699948 0.021871746063232417
v 0.011627266883850096 -0.004172170639038083 0.021636856079101558
v 0.012205713272094723 -0.0031540982723236065 0.02196359825134277
v 0.012013431549072263 -0.0028790750503540023 0.02174125480651855
v 0.012063912391662596 -0.0015269744396209707 0.021554517745971676
v 0.0055078983306884755 -0.011337011337280265 0.02113693046569824
v 0.005494502544403075 -0.011063399314880365 0.02090606307983398
v 0.004255152702331542 -0.011597729682922355 0.02080166435241699
v 0.00439307689666748 -0.011813783645629876 0.021045080184936518
v 0.003238339900970458 -0.012182796478271477 0.020953227996826168
v 0.002964455127716064 -0.011991959571838372 0.020697265624999996
v -0.009830070495605466 -0.007890638828277582 0.019851003646850583
v -0.010120985031127927 -0.007081434249877925 0.01954887771606445
v -0.009287339210510252 -0.008143342971801753 0.01965327644348144
v -0.00902578544616699 -0.008797891616821284 0.019942855834960933
v -0.0027644932270050044 -0.012298130035400383 0.020493968963623044
v -0.003700922489166259 -0.011784778594970695 0.020175270080566403
v -0.002393283367156982 -0.01211938571929931 0.020279668807983396
v -0.0015697488784790037 -0.012507184982299796 0.020585821151733394
v -0.008139323234558104 -0.009624999046325678 0.020034708023071286
v -0.008343797683715818 -0.009108831405639643 0.019757675170898433
v -0.012167164802551268 -0.0021288404464721664 0.019131280899047847
v -0.012551275253295895 0.0011719945669174186 0.019116189956665034
v -0.012340894699096678 0.0005609099268913266 0.018922483444213864
v -0.00717864418029785 -0.010363941192626947 0.020126560211181636
v -0.007300907611846923 -0.009965474128723138 0.019862073898315426
v -0.006169845581054686 -0.010701714515686028 0.019966472625732416
v -0.0010570336580276486 -0.012308080673217765 0.020384067535400386
v -0.01220493698120117 0.0019037182331085192 0.01881808471679687
v -0.012380740165710447 0.002372025012969969 0.019024337768554684
v -0.011501254081726073 0.0045063347816467255 0.018609285354614254
v -0.012096625328063963 0.003550182580947874 0.018932485580444334
v -0.011700621604919432 0.004695406436920163 0.01884063339233398
v -0.009879634857177733 0.007830450534820552 0.01856507873535156
v -0.00908237552642822 0.008743726730346674 0.018473226547241206
v -0.009436363220214843 0.00797033548355102 0.018296089172363278
v -0.00261649203300476 0.012072492599487297 0.017669694900512692
v -0.0028409781455993647 0.012282660484313958 0.01792211532592773
v -0.0016481530666351315 0.012498025894165031 0.017830263137817378
v -0.0039179928302764885 0.01171402168273925 0.017774093627929685
v -0.005136319637298583 0.011512904167175285 0.018105819702148435
v -0.004007322788238525 0.01195356082916259 0.01801396751403808
v -0.007242802143096923 0.010318213462829583 0.018289522171020506
v -0.0074833302497863755 0.009828721046447747 0.018087291717529295
v -0.00820078945159912 0.009575556755065912 0.018381374359130856
v 0.00404034662246704 0.011674071311950677 0.017147701263427732
v 0.003163446903228759 0.01220330333709716 0.017462856292724607
v 0.004321013450622558 0.011842604637145988 0.017371004104614254
v 0.007512683391571044 0.01012421035766601 0.0170954475402832
v 0.008449360847473143 0.009355315208435053 0.01700359725952148
v 0.007584581851959227 0.009749092102050775 0.016834503173828123
v 0.010762989997863768 0.006564469814300533 0.016728040695190426
v 0.011343696594238279 0.005500216007232663 0.016636188507080076
v 0.010999432563781737 0.0056196846961975066 0.016416908264160153
v 0.011958265304565428 0.0031002607345581037 0.01620811080932617
v 0.011819883346557616 0.004385047912597653 0.016544336318969722
v 0.012187400817871091 0.0032296361923217754 0.016452486038208005
v 0.012442101478576658 0.0020446515083312974 0.01636063385009765
v 0.012580021858215329 0.0008407788872718806 0.0162687816619873
v 0.012224623680114744 0.001777281045913695 0.016103712081909177
v 0.01154759311676025 0.004385953903198239 0.01631250953674316
v 0.0014114435911178585 0.012270985603332512 0.017356498718261715
v 0.0007720009088516234 0.01258343315124511 0.017646558761596678
v 0.0019768620729446406 0.012451440811157219 0.017554708480834957
v 0.002742285251617431 0.012044034957885735 0.017252099990844722
v -0.011195215225219724 0.005796915531158443 0.01874878120422363
v -0.010941965103149412 0.005734655857086178 0.01850488662719726
v -0.01058606719970703 0.006845055103301997 0.01865693092346191
v -0.010250613212585448 0.006893662452697749 0.01840048789978027
v 0.006506252288818358 0.010799050331115716 0.01718729972839355
v 0.006475413799285888 0.010518783569335931 0.016938903808593746
v -0.006366680622100829 0.010586528778076166 0.0179828929901123
v -0.00621806240081787 0.01096589279174804 0.018197671890258785
v -0.0012840160131454466 0.012286795616149895 0.0175652961730957
v -0.000440081775188446 0.01259862518310546 0.017738410949707028
v 6.396286934614181e-05 0.012352661132812493 0.01746089744567871
v -0.005173171520233153 0.011216871261596673 0.017878494262695308
v -0.008510253906249998 0.008952683448791498 0.018191690444946285
v 0.005438851833343505 0.011373226165771477 0.017279151916503904
v 0.005289573669433592 0.011163577079772943 0.01704330253601074
v 0.01231796836853027 -0.000917072176933288 0.015894913673400877
v 0.012600337028503416 -0.0003710435032844541 0.01617692947387695
v 0.012504828453063962 -0.0015796686410903921 0.016085077285766598
v 0.011541928291320799 -0.005074825763702389 0.015809520721435544
v 0.011001805305480955 -0.006159178256988521 0.01571766948699951
v 0.010770317077636716 -0.006047214508056637 0.01547731781005859
v 0.010321103096008298 0.00678689050674438 0.016521306991577146
v 0.01008229351043701 0.007567416191101069 0.01681989288330078
v 0.009519927024841307 0.007873009681701655 0.016625705718994136
v 0.009308490753173826 0.008500373840332026 0.01691174507141113
v 0.011973765373229979 -0.003942713260650633 0.015901372909545894
v 0.011366440773010252 -0.004835920333862302 0.015581716537475582
v 0.012344440460205075 0.0004327396452426908 0.015999312400817867
v 0.00860383319854736 0.008864000320434565 0.01673010444641113
v 0.01182729911804199 -0.0035673308372497535 0.015686115264892574
v 0.01229535102844238 -0.0027739429473876936 0.015993225097656247
v 0.012145482063293455 -0.0022558577060699447 0.015790514945983884
v -0.011923650741577146 0.0032241079807281475 0.01871368598937988
v 0.011446260452270506 -0.004107220649719236 0.021345720291137692
v 0.011826413154602049 -0.0028342552185058574 0.021450119018554682
v 0.010281682968139647 -0.006492061138153072 0.021136922836303706
v 0.010928764343261716 -0.005331168651580807 0.0212413215637207
v 0.0086299352645874 -0.008568585395812983 0.02092812347412109
v 0.009512803077697751 -0.007575868606567378 0.021032524108886716
v 0.006564762592315672 -0.010235192298889154 0.020719326019287106
v 0.007642888069152831 -0.00945805931091308 0.020823724746704096
v 0.005408967494964599 -0.010891170501708977 0.020614927291870113
v 0.002918306112289428 -0.011805275917053215 0.02040612983703613
v 0.004188910961151122 -0.011417182922363274 0.02051052856445312
v 0.0016125451326370237 -0.012052243232727043 0.020301731109619137
v 0.00028759446740150445 -0.012156503677368157 0.020197332382202143
v -0.0010405783653259276 -0.012116476058959953 0.02009293174743652
v -0.0023560259342193597 -0.011930718421936028 0.019988533020019527
v -0.0036433086395263664 -0.011601320266723626 0.019884134292602534
v -0.004887524127960204 -0.011134115219116204 0.019779735565185544
v -0.006073796749114989 -0.010535116195678705 0.01967533683776855
v 0.0119452486038208 -0.00151195466518402 0.02122652435302734
v 0.012038315773010252 -0.00019931083917617786 0.021330923080444333
v 0.011333671569824217 -0.004066821098327634 0.021017724990844724
v 0.011710085868835447 -0.002806376695632933 0.021122123718261714
v 0.01018054962158203 -0.006428203582763668 0.020808927536010737
v 0.010821266174316405 -0.005278729438781735 0.02091332626342773
v 0.00854504871368408 -0.008484302520751948 0.020600130081176754
v 0.009419232368469236 -0.007501350402832027 0.020704528808593747
v 0.007567710399627684 -0.009365027427673334 0.02049573135375976
v -0.007187251091003416 -0.009810337066650384 0.019570938110351557
v -0.008213906288146972 -0.008967030525207514 0.019466539382934567
v -0.009142759323120116 -0.008016571998596187 0.019362140655517574
v -0.009963426589965818 -0.006971194744110103 0.01925774192810058
v -0.010665525436401365 -0.005843130111694332 0.019153341293334958
v 0.005355763435363769 -0.010784042358398431 0.020286933898925778
v 0.006500189781188963 -0.01013451671600341 0.02039133262634277
v -0.01123897838592529 -0.004644764423370359 0.019048942565917965
v 0.0028896009922027583 -0.011689155578613273 0.02007813453674316
v 0.00414770746231079 -0.011304880142211907 0.02018253326416015
v -0.01167757701873779 -0.0033904113769531227 0.01894454383850097
v -0.011977752685546872 -0.0020956997871398914 0.01884014511108398
v -0.012135987281799314 -0.0007762852311134333 0.018735746383666988
v -0.012148778915405271 0.0005521779656410214 0.018631347656249995
v -0.012014937400817868 0.0018740822076797473 0.018526948928833005
v -0.011738029479980466 0.003173916816711424 0.01842255020141601
v -0.011322208404541014 0.0044361829757690405 0.01831814956665039
v -0.010771626472473142 0.005645381927490231 0.018213750839233395
v -0.010091036796569822 0.006786345958709712 0.018109352111816402
v -0.009289463996887206 0.007846257686614986 0.018004953384399412
v -0.008377771377563474 0.00881331348419189 0.01790055465698242
v -0.007366833686828612 0.009675712585449213 0.017796155929565426
v -0.006267567634582518 0.010421723365783685 0.017691757202148432
v -0.005092638492584228 0.011042253494262688 0.017587358474731443
v -0.0038569996356964103 0.011531664848327629 0.01748295974731445
v -0.002575759887695312 0.011884554862976066 0.017378559112548826
v -0.0012640272378921507 0.012095521926879875 0.017274160385131833
v 6.296712905168532e-05 0.01216036128997802 0.01716976165771484
v 0.0013894710540771481 0.012079957962036125 0.01706536293029785
v 0.002699594974517822 0.011856539726257317 0.016960964202880856
v 0.00397744870185852 0.011492336273193352 0.016856565475463863
v 0.005207228660583495 0.010989789009094232 0.016752166748046873
v 0.006374608039855956 0.010355033874511713 0.01664776802062988
v 0.007466509342193602 0.009597323417663568 0.016543367385864254
v 0.008469894409179685 0.008726010322570796 0.016438968658447264
v 0.009371726036071776 0.007750447273254389 0.01633456993103027
v 0.010160429954528807 0.00668123626708984 0.016230171203613277
v 0.010828199386596677 0.0055322008132934536 0.016125772476196287
v 0.01136782646179199 0.004317675590515134 0.016021373748779294
v 0.011772105216979979 0.0030519976615905743 0.0159169750213623
v 0.012034317970275876 0.0017496132850646961 0.015812575340270994
v 0.012152269363403318 0.0004260030090808866 0.015708176612854
v 0.0121262092590332 -0.0009027957320213312 0.01560377788543701
v 0.011956408500671385 -0.00222073984146118 0.015499379158020016
v 0.011643178939819334 -0.003511796712875364 0.015394979476928708
v 0.011189494132995604 -0.004760637283325192 0.015290580749511716
v 0.010602650642395017 -0.005953074455261226 0.015186182022094723
v 0.010358140945434567 -0.0071859889030456495 0.015625817298889157
v -0.008579816818237303 -0.008447311401367182 0.02508928489685058
v -0.008083251953124999 -0.009005131721496576 0.02533894538879394
v -0.007607693672180174 -0.009333880424499506 0.025193683624267573
v -0.007067670822143554 -0.009794945716857904 0.02537767028808593
v -0.006544132232666014 -0.010107968330383294 0.025298082351684566
v -0.0065219359397888175 -0.01007368373870849 0.024951208114624018
v -0.005383354187011718 -0.010724091529846184 0.02505560684204101
v -0.008550715446472167 -0.008418659210205072 0.0247424087524414
v -0.007581889629364012 -0.009302222251892084 0.024846807479858395
v -0.010174012184143065 -0.006363351345062252 0.024533611297607418
v -0.0094181432723999 -0.007434988975524898 0.024638010025024408
v -0.010808162689208983 -0.005215889930725095 0.024429212570190425
v -0.011680493354797362 -0.002746877431869505 0.024220415115356442
v -0.011311763763427731 -0.004005397796630857 0.02432481384277343
v -0.01199985885620117 -0.00014763662219047536 0.024011615753173822
v -0.01191098117828369 -0.0014558002948760976 0.02411601638793945
v -0.011744865417480467 0.0024582173824310286 0.02380281829833984
v -0.011944087028503416 0.0011621518135070793 0.023907217025756832
v -0.010932703018188475 0.004948109149932858 0.023594020843505856
v -0.011406335830688475 0.0037252922058105447 0.023698419570922846
v -0.010328178405761716 0.006111408710479733 0.023489622116088862
v -0.008755289077758787 0.008205115318298335 0.02328082466125488
v -0.009598943710327146 0.007201030731201167 0.02338522338867187
v -0.006767951011657713 0.00991039085388183 0.02307202529907226
v -0.007808022022247313 0.009112092018127436 0.023176425933837886
v -0.004456695079803466 0.011140902519226068 0.022863227844238276
v -0.005646245956420898 0.010588994979858391 0.02296762657165527
v -0.0019338222742080685 0.01184368419647216 0.022654430389404293
v -0.0032142388820648187 0.011560875892639154 0.022758829116821283
v -0.0006303975582122801 0.01198417091369628 0.0225500316619873
v 0.0019840998649597163 0.011833974838256829 0.022341234207153317
v 0.000680788993835449 0.011980260848999016 0.022445632934570307
v 0.003263870477676391 0.01154761886596679 0.02223683357238769
v 0.00569057273864746 0.010565001487731927 0.022028036117553707
v 0.004504435539245605 0.01112349891662597 0.0221324348449707
v 0.007846803188323974 0.009078355789184565 0.02181923866271972
v 0.006808962821960448 0.009880182266235346 0.021923637390136714
v 0.008791288375854491 0.008168837547302242 0.02171483993530273
v 0.010352632522583005 0.006067060470581051 0.021506042480468744
v 0.009629783630371092 0.007161082744598384 0.021610441207885737
v 0.01142307662963867 0.0036767802238464333 0.021297243118286128
v 0.010952734947204588 0.004900895118713376 0.021401643753051754
v 0.011948246955871579 0.0011118875741958612 0.021088445663452145
v 0.011756643295288083 0.0024089117050170882 0.021192844390869138
v 0.011904732704162596 -0.001506826400756835 0.02087964820861816
v 0.011997484207153318 -0.00019863481819629657 0.02098404693603515
v 0.01167036724090576 -0.002796858072280882 0.02077524948120117
v 0.010784562110900876 -0.005260825157165524 0.020566452026367185
v 0.011295229911804197 -0.004053027153015134 0.020670850753784175
v 0.009387284278869626 -0.007475906848907466 0.020357652664184565
v 0.010146019935607908 -0.00640640020370483 0.02046205139160156
v 0.008516065597534178 -0.00845552539825439 0.020253253936767576
v 0.006478142738342284 -0.010100141525268549 0.02004445648193359
v 0.00754204225540161 -0.00933326339721679 0.020148855209350582
v 0.004133639335632324 -0.011266536712646477 0.019835659027099606
v 0.005337597846984862 -0.010747465133666985 0.0199400577545166
v 0.0028798000812530512 -0.011649508476257318 0.019731260299682613
v 0.0015966837406158445 -0.01193369483947753 0.019973735809326168
v -0.0023485291004180903 -0.01178267860412597 0.025517084121704097
v -0.0036005992889404288 -0.011473144531249993 0.02548477172851562
v -0.0029286670684814447 -0.01163730335235595 0.025264404296874994
v -0.001641858339309692 -0.011888049125671379 0.025368803024291987
v -0.0016474813222885128 -0.01192875957489013 0.025022636413574214
v -0.00033633661270141593 -0.012036301612853996 0.025127035140991207
v 0.0009790638685226438 -0.012000359535217277 0.025231433868408197
v -0.004195032119750976 -0.011285823822021477 0.024813837051391598
v -0.0029386966228485104 -0.011677155494689935 0.024918235778808587
v -0.00654426860809326 -0.010108178138732904 0.02460503959655761
v -0.00540178871154785 -0.010760814666748041 0.024709438323974604
v -0.008579995155334471 -0.008447485923767085 0.024396242141723628
v -0.007607851505279539 -0.009334074020385736 0.02450064086914062
v -0.0102088508605957 -0.00638514137268066 0.024187444686889645
v -0.009450393676757811 -0.007460447311401362 0.024291843414306635
v -0.010845172882080076 -0.005233750820159908 0.02408304595947265
v -0.011720490455627439 -0.002756283998489378 0.023874246597290035
v -0.011350499153137204 -0.004019114017486569 0.023978645324707025
v -0.012040949821472165 -0.00014814198017120352 0.02366544914245605
v -0.011951767921447752 -0.001460785508155822 0.023769847869873042
v -0.011984986305236815 0.0011661316156387322 0.02356105041503906
v -0.01144539451599121 0.0037380485534667944 0.023352252960205072
v -0.011785082817077635 0.002466635465621947 0.023456651687622065
v -0.010363545417785643 0.006132335662841793 0.023143453598022456
v -0.010970139503479002 0.00496505260467529 0.023247854232788082
v -0.009631813049316405 0.007225688934326168 0.023039054870605463
v -0.00783475875854492 0.009143294334411616 0.02283025741577148
v -0.00878526973724365 0.008233211517333978 0.022934656143188473
v -0.005665579795837402 0.010625254631042474 0.022621459960937496
v -0.006791126251220702 0.00994432640075683 0.022725858688354486
v -0.0032252452373504634 0.011600462913513175 0.02241266250610351
v -0.004471955776214598 0.011179052352905266 0.022517061233520503
v -0.0006325562596321105 0.012025207519531242 0.022203863143920893
v -0.0019404442310333248 0.011884240150451652 0.02230826377868652
v 0.0006831201910972594 0.012021284103393547 0.022099464416503904
v 0.003275046825408935 0.011587161064147943 0.021890666961669917
v 0.0019908939599990842 0.011874497413635247 0.02199506568908691
v 0.00451986026763916 0.011161588668823235 0.021786268234252927
v 0.006832278728485106 0.009914014816284173 0.02157747077941894
v 0.00571005868911743 0.010601179122924798 0.021681869506835934
v 0.00882139205932617 0.008196809768676752 0.021368671417236324
v 0.007873672485351561 0.009109442710876459 0.021473072052001947
v 0.009662758827209472 0.007185604572296138 0.02126427268981933
v 0.010990240097045896 0.004917676925659176 0.021055475234985348
v 0.010388082504272459 0.006087835788726802 0.02115987396240234
v 0.011796901702880856 0.002417160511016844 0.020846677780151365
v 0.011462192535400388 0.0036893703937530492 0.020951076507568354
v 0.012038566589355466 -0.00019931498169898975 0.020637880325317378
v 0.011989160537719723 0.0011156949996948234 0.02074227905273437
v 0.011710330009460448 -0.0028064351081848126 0.02042908096313476
v 0.01194549751281738 -0.0015119861364364614 0.020533481597900388
v 0.011333908081054686 -0.004066905498504636 0.02032468223571777
v 0.010180762290954588 -0.006428337574005123 0.020115884780883785
v 0.010821491241455075 -0.00527883958816528 0.02022028350830078
v 0.008545227050781248 -0.008484479904174799 0.019907087326049802
v 0.009419428825378415 -0.007501506328582759 0.020011486053466792
v 0.00756786823272705 -0.009365222930908197 0.01980268859863281
v 0.005355875015258788 -0.010784267425537102 0.019593889236450193
v 0.006500325202941893 -0.010134727478027338 0.019698289871215816
v 0.0015912680625915524 -0.011893218040466301 0.019626861572265623
v 0.0028896613121032707 -0.011689399719238274 0.019385091781616206
v 0.004147794246673583 -0.011305115699768059 0.0194894905090332
v 0.001596717000007629 -0.011933942794799797 0.019280693054199216
v 0.0002837997376918792 -0.01199610233306884 0.019522460937499996
v 0.000284765601158142 -0.012036929130554192 0.019869337081909175
v -0.0010303430557250975 -0.011997295379638664 0.019764938354492185
v -0.0036074719429016106 -0.011487206459045402 0.0195561408996582
v -0.002332851409912109 -0.011813364028930656 0.01966053962707519
v -0.006014053344726562 -0.010431489944458002 0.019347341537475582
v -0.004839448928833007 -0.011024597167968744 0.01945174217224121
v -0.00813311195373535 -0.00887882804870605 0.0191385440826416
v -0.007116555213928222 -0.009713839530944818 0.01924294281005859
v -0.009052828788757322 -0.00793771886825561 0.019034145355224606
v -0.010560616493225096 -0.005785655498504635 0.018825347900390622
v -0.009865424156188962 -0.0069026241302490195 0.018929746627807612
v -0.011562713623046873 -0.003357062339782713 0.018616550445556636
v -0.011128428459167478 -0.004599077701568601 0.01872094917297363
v -0.012016614913940427 -0.0007686494588851924 0.01840775108337402
v -0.011859936714172362 -0.00207508611679077 0.018512151718139646
v -0.011896755218505858 0.0018556482791900622 0.018198953628540036
v -0.012029279708862303 0.0005467466115951535 0.018303352355957026
v -0.011622570991516111 0.003142697334289549 0.018094554901123043
v -0.0010268483161926267 -0.01195660209655761 0.019418062210083003
v -0.0035952360630035394 -0.011448244094848625 0.01920926475524902
v -0.0023249390125274654 -0.011773295402526848 0.019313663482666013
v -0.00599365472793579 -0.01039610862731933 0.019000467300415037
v -0.004823034763336181 -0.010987203598022454 0.019104866027832026
v -0.008105525970458983 -0.008848712921142572 0.01879166984558105
v -0.007092417240142821 -0.009680891990661616 0.018896068572998043
v -0.00902212333679199 -0.007910795688629145 0.018687269210815427
v -0.010524796485900876 -0.005766031742095943 0.01847847175598144
v -0.009831962585449217 -0.006879211902618404 0.018582870483398434
v -0.011523494720458983 -0.0033456757068634014 0.018269674301147457
v -0.011090682983398435 -0.004583478450775144 0.01837407302856445
v -0.011975856781005857 -0.0007660423517227168 0.018060876846313474
v -0.011819709777832029 -0.002068047761917113 0.018165275573730464
v -0.011856403350830077 0.0018493542671203602 0.017852079391479488
v -0.011988478660583494 0.0005448921322822567 0.01795647811889648
v -0.011583149909973143 0.003132037878036497 0.017747678756713865
v -0.011210840225219725 0.0043925476074218725 0.01799015617370605
v -0.010665674209594725 0.005589852333068844 0.01788575744628906
v -0.009198089599609374 0.007769079685211177 0.017676959991455073
v -0.009991779327392576 0.006719593524932857 0.017781358718872067
v -0.007294371604919432 0.009580539703369135 0.017468160629272457
v -0.008295365333557127 0.008726622581481928 0.01757255935668945
v -0.0062059183120727526 0.010319212913513178 0.017363761901855464
v -0.005042545795440673 0.010933638572692864 0.017259363174438474
v -0.003819061279296874 0.011418235778808586 0.01715496444702148
v -0.002550424098968505 0.011767655372619621 0.017050565719604487
v -0.0012515938282012936 0.011976546287536614 0.016946166992187497
v 6.234776973724363e-05 0.012040749549865715 0.016841768264770504
v 0.0013758038282394407 0.011961136817932122 0.01673736953735351
v 0.0026730408668518063 0.011739915847778313 0.016632968902587888
v 0.003938325405120849 0.01137929439544677 0.016528570175170895
v 0.005156008720397948 0.010881690025329583 0.016424171447753905
v 0.006311905860900878 0.010253178596496576 0.01631977272033691
v 0.007393066883087157 0.009502922058105464 0.016215373992919918
v 0.008386582374572753 0.008640178680419917 0.016110975265502925
v 0.009279542922973632 0.007674211502075191 0.016006576538085935
v 0.010060489654541014 0.006615517616271969 0.015902176856994625
v -0.009957888603210447 0.006696802139282222 0.017434482574462888
v -0.010629498481750486 0.00557089281082153 0.017538881301879878
v -0.008267229080200193 0.008697024345397944 0.0172256851196289
v -0.009166892051696775 0.007742728710174555 0.017330083847045895
v -0.007269630432128905 0.009548044204711907 0.01712128639221191
v -0.011172815322875975 0.0043776488304138154 0.01764328002929687
v 0.010721690177917478 0.0054777841567993125 0.015797778129577635
v 0.01125601005554199 0.004275206089019773 0.015693379402160642
v 0.011656311988830563 0.003021977186203001 0.015588979721069332
v 0.011915945053100584 0.0017324036359786976 0.01548458099365234
v 0.012032736778259275 0.00042181271314620944 0.015380182266235349
v 0.012006932258605954 -0.0008939155936241144 0.015275783538818356
v 0.011838801383972166 -0.0021988961696624743 0.015171383857727047
v 0.011528653144836424 -0.003477253675460813 0.015066985130310056
v 0.011079431533813475 -0.004713810443878171 0.014962586402893064
v 0.010498359680175779 -0.005894518852233883 0.014858187675476071
v -0.0010303645133972166 -0.011997545242309563 0.01907189559936523
v 0.0002847715616226196 -0.012037179946899406 0.019176294326782223
v -0.003607547283172607 -0.01148744583129882 0.018863098144531246
v -0.0023329000473022456 -0.011813610076904289 0.01896749687194824
v -0.006014178752899169 -0.010431707382202142 0.01865429878234863
v -0.0048395500183105455 -0.011024827003478998 0.018758699417114253
v -0.00813328170776367 -0.008879013061523432 0.018445501327514643
v -0.007116703510284423 -0.009714042663574212 0.018549900054931637
v -0.009053017616271971 -0.007937884330749507 0.018341102600097654
v -0.006184868812561034 0.010284212112426751 0.01701688766479492
v -0.005025442600250243 0.01089655399322509 0.016912487030029292
v -0.003806107759475707 0.011379508018493646 0.016808088302612302
v -0.0025417735576629633 0.011727742195129388 0.01670368957519531
v -0.0012473486661911009 0.01193592453002929 0.016599290847778315
v -0.010560836791992186 -0.005785776138305661 0.018132305145263667
v -0.009865630149841306 -0.006902768135070797 0.01823670387268066
v 6.213629990816115e-05 0.011999909400939934 0.016494892120361326
v 0.0013711373805999753 0.011920566558837883 0.016390493392944332
v -0.011562954902648923 -0.0033571321964263896 0.017923507690429684
v -0.011128661155700681 -0.004599173545837399 0.018027906417846677
v -0.012016865730285643 -0.000768665492534637 0.017714708328247068
v -0.01186018371582031 -0.0020751292705535876 0.017819107055664057
v -0.011897003173828124 0.0018556870222091663 0.01750591087341308
v -0.012029530525207516 0.0005467579960823055 0.017610309600830074
v -0.011211073875427243 0.004392639160156247 0.017297113418579098
v -0.011622813224792479 0.003142762899398802 0.01740151214599609
v -0.010665896415710446 0.005589968681335445 0.017192714691162105
v -0.009198282241821287 0.007769241809844966 0.01698391723632812
v -0.009991987228393553 0.006719733715057369 0.017088315963745115
v -0.007294523715972899 0.00958073997497558 0.016775117874145505
v -0.008295538902282714 0.008726804733276361 0.0168795166015625
v -0.006206047534942626 0.010319427490234368 0.016670719146728512
v -0.0038191409111022943 0.011418474197387687 0.01646192169189453
v -0.005042651176452636 0.010933866500854485 0.01656632041931152
v -0.0012516199350357054 0.011976796150207513 0.016253124237060542
v -0.002550477266311645 0.011767900466918937 0.016357522964477535
v 6.23490698635578e-05 0.01204100036621093 0.016148725509643552
v 0.003924967527389526 0.011340698242187492 0.01618169593811035
v 0.002663974523544311 0.011700096130371086 0.01628609466552734
v 0.0062904968261718736 0.010218401908874505 0.015972897529602046
v 0.005138520717620849 0.010844781875610344 0.016077297210693356
v 0.008358136177062986 0.00861087322235107 0.015764099121093746
v 0.007367990970611571 0.009470689773559565 0.015868498802185056
v 0.010026366233825681 0.006593079090118404 0.015555301666259763
v 0.009248068809509275 0.007648182392120357 0.015659700393676753
v 0.010685324668884276 0.005459204673767086 0.01545090293884277
v 0.011616775512695311 0.0030117273330688456 0.01524210453033447
v 0.011217831611633299 0.004260705471038816 0.015346503257751462
v 0.01199192428588867 0.00042038202285766575 0.015033307075500485
v 0.011875528335571288 0.0017265276908874502 0.015137705802917477
v 0.011798646926879881 -0.002191437959671019 0.014824508666992184
v 0.011966207504272458 -0.0008908836245536799 0.014928907394409177
v 0.011041851997375486 -0.00469782209396362 0.0146157112121582
v 0.011489550590515134 -0.0034654595851898173 0.014720109939575192
v 0.010462751388549803 -0.005874525547027584 0.014511311531066893
v 0.0026730966567993157 0.011740160942077629 0.01593992710113525
v 0.0013758325576782224 0.011961385726928703 0.016044324874877926
v 0.005156116008758544 0.010881916999816887 0.01573112869262695
v 0.003938407659530639 0.011379531860351556 0.015835527420043943
v 0.007393220901489256 0.009503120422363275 0.015522331237792966
v 0.006312037467956542 0.010253392219543451 0.01562672996520996
v 0.009279736518859862 0.007674371719360347 0.015313532829284665
v 0.008386756896972655 0.008640358924865718 0.015417932510375973
v 0.010060699462890623 0.006615655899047847 0.015209134101867673
v 0.011256244659423827 0.0042752952575683565 0.015000336647033688
v 0.010721914291381834 0.005477898597717282 0.01510473537445068
v 0.01191619300842285 0.0017324397563934315 0.014791538238525389
v 0.011656555175781248 0.003022040367126463 0.01489593696594238
v 0.012032987594604489 0.0004218215048313138 0.014687139511108395
v 0.011839048385620115 -0.0021989419460296616 0.014478341102600096
v 0.01200718307495117 -0.0008939342498779291 0.014582740783691404
v 0.011079662322998046 -0.004713908672332761 0.01426954364776611
v 0.011528893470764159 -0.00347732615470886 0.014373942375183102
v 0.010498579025268552 -0.005894641399383541 0.01416514492034912
v 0.009759835243225096 -0.006981672763824458 0.0144069128036499
v 0.009793051719665526 -0.007005433559417721 0.01475378894805908
v 0.009890336036682127 -0.0070750255584716756 0.015081783294677732
v 0.006903536796569823 -0.01055094909667968 0.015258410453796384
v 0.005859153747558593 -0.011165126800537103 0.015166558265686032
v 0.00605746030807495 -0.010764946937561028 0.014955323219299313
v 0.0071959524154663074 -0.010039340019226068 0.015059721946716306
v 0.007883489608764647 -0.009837669372558588 0.015350262641906736
v 0.0012391613721847532 -0.012544992446899406 0.014799150466918943
v 2.8837945312261576e-05 -0.012607928276062004 0.014707299232482908
v 0.0009285743236541746 -0.012316959381103509 0.014537727355957028
v -0.006855010509490966 -0.010582127571105951 0.01415618801116943
v -0.007839558601379392 -0.009875997543334954 0.01406433582305908
v -0.006777413368225097 -0.010328451156616205 0.013911333084106442
v -0.002380766630172729 -0.01238003730773925 0.014523594856262204
v -0.0017653912305831906 -0.012226907730102531 0.014328928947448728
v -0.001181450009346008 -0.012553043365478508 0.014615447044372556
v -0.012041041374206541 -0.002753475666046141 0.013180541038513181
v -0.012285017013549802 -0.0028318672180175763 0.013421372413635252
v -0.012498028755187986 -0.0016387511491775502 0.0133295202255249
v -0.011669253349304198 -0.004051291942596433 0.013284939765930173
v -0.011518204689025877 -0.005127295970916745 0.013605075836181637
v -0.011958027839660643 -0.0039983990192413305 0.013513223648071287
v -0.012449548721313474 0.0019870957136154162 0.013053964614868161
v -0.012203001022338865 0.003173541784286497 0.012962113380432126
v -0.012074172019958494 0.0026048972606658918 0.012762945175170896
v -0.010117962837219236 0.0075206971168518015 0.012594705581665037
v -0.009348672866821287 0.008457514762878413 0.012502853393554685
v -0.009835113525390623 0.007473304271697993 0.01234534931182861
v -0.01122272205352783 0.005162816524505612 0.012554146766662595
v -0.011841633796691892 0.0043302807807922335 0.012870261192321774
v -0.011369988441467282 0.005447072029113766 0.012778409004211424
v -0.008855159759521484 -0.00861162662506103 0.013702535629272459
v -0.008750303268432616 -0.009076610565185541 0.013972483634948728
v -0.009580216407775876 -0.008192772865295406 0.013880632400512693
v -0.00042105793952941885 -0.01234571170806884 0.01443332767486572
v -0.010322622299194334 -0.007233757495880122 0.013788780212402341
v -0.009742041587829589 -0.007593719959259029 0.013598136901855466
v -0.007558708190917967 0.010088224411010736 0.012319149971008298
v -0.006555483818054198 0.010768171310424799 0.012227297782897948
v -0.006904048442840574 0.010244421005249017 0.012032152175903319
v -0.003558433532714843 -0.01209247970581054 0.014431743621826169
v -0.0030884311199188227 -0.011960399627685539 0.014224530220031735
v 0.0024384384155273432 -0.012366725921630852 0.014891002655029293
v 0.002267297029495239 -0.012142365455627434 0.014642126083374021
v -0.007863396167755126 -0.009527306556701655 0.01380693435668945
v -0.004374883174896239 -0.011551150321960442 0.014120131492614743
v -0.004703797817230224 -0.01169433403015136 0.014339891433715817
v 0.003578901767730712 -0.01182364654541015 0.014746524810791013
v 0.004759518146514891 -0.011674275398254387 0.015074707031249997
v 0.003615585088729858 -0.012075647354125968 0.014982854843139645
v 0.004847240447998046 -0.011362685203552238 0.014850923538208004
v -0.005806207656860351 -0.01118956279754638 0.014248040199279782
v -0.00560959482192993 -0.01100516510009765 0.014015732765197752
v -0.008492695808410642 0.009315697669982904 0.01241100215911865
v -0.008960463523864745 0.008501711845397945 0.012240949630737302
v -0.010592772483825681 0.0063562750816345175 0.012449748039245603
v -0.010793590545654295 0.006513886928558346 0.012686557769775389
v -0.007979787826538085 0.009429437637329096 0.01213655090332031
v -0.01171791648864746 0.003907113790512082 0.012658545494079588
v -0.010970844268798826 -0.006208840370178219 0.01369692802429199
v -0.010513407707214354 -0.006485941886901852 0.013493737220764157
v -0.00549179983139038 0.011348611831665032 0.012135446548461912
v -0.005744906425476073 0.010935637474060051 0.011927753448486325
v -0.011158641815185544 -0.005300652503967281 0.013389338493347166
v -0.004516919136047362 0.01149637603759765 0.011823354721069334
v -0.004376677989959716 0.011823094367980949 0.01204359436035156
v 0.00038142964243888846 0.012601625442504875 0.011676187515258786
v 0.0015897631645202634 0.012505953788757317 0.011584335327148435
v 0.0007767439484596251 0.012327705383300773 0.01140575885772705
v 0.008135005950927733 0.00929544830322265 0.010779364585876463
v 0.008155371665954588 0.009612955093383783 0.011033224105834958
v 0.009041465759277343 0.008785761833190912 0.010941371917724606
v 0.010554191589355466 0.00689489889144897 0.010757667541503904
v 0.011167286872863768 0.005848799228668209 0.01066581630706787
v 0.01069511032104492 0.006179562091827389 0.01046616744995117
v 0.011677859306335447 0.004749065876007077 0.010573964118957517
v 0.01208074855804443 0.003605893850326536 0.010482111930847166
v 0.011782157897949216 0.0037124881744384744 0.010257369995117185
v 0.0071943607330322255 0.010351842880249018 0.011125075340270994
v 0.00707163906097412 0.010127204895019525 0.010883763313293455
v 0.00616734218597412 0.010995519638061517 0.011216927528381345
v -0.0032353961467742913 0.011921043395996086 0.011718955039978026
v -0.0032206661701202387 0.012188072204589836 0.011951742172241209
v -0.0020348916053771968 0.012441106796264641 0.011859890937805173
v 0.012370948791503904 0.0024295067787170393 0.01039026069641113
v 0.012117165565490721 0.0024052121639251693 0.010152971267700194
v 0.011186365127563474 -0.005816356182098385 0.009747297286987302
v 0.011067914962768552 -0.005483727931976315 0.009526576995849608
v 0.011692509651184079 -0.004714175224304196 0.009839149475097654
v 0.009868917465209959 -0.00784749317169189 0.0095635929107666
v 0.00906832408905029 -0.008756783485412593 0.009471741676330565
v 0.009615857124328612 -0.00775511503219604 0.009317779541015623
v 0.002822189807891845 -0.012288058280944817 0.008920630455017089
v 0.002890517950057983 -0.012009757041931145 0.008691385269165037
v 0.003989481687545776 -0.011960585594177238 0.009012482643127439
v 0.0004198589324951171 -0.01259905529022216 0.008736926078796385
v 0.0015625649690628048 -0.01225263309478759 0.008586986541748045
v 0.0016284520626068113 -0.012501461982727042 0.008828778266906737
v 0.010577053070068357 -0.006864370346069332 0.00965544509887695
v 0.010403578758239744 -0.006659026145935054 0.009422178268432614
v 0.005083235263824462 0.011537096977233879 0.011308779716491697
v 0.005924593925476073 0.010839097976684564 0.010988162994384763
v 0.0021174628734588617 0.012169104576110833 0.01130135917663574
v 0.0027835087776184077 0.012294963836669915 0.011492483139038084
v 0.012546040534973142 0.0012305965423583976 0.010298408508300778
v 0.011305681228637694 0.004975445270538327 0.010361768722534177
v 0.012605747222900388 2.0243214443325984e-05 0.010206557273864745
v 0.012306080818176267 0.0010687890052795404 0.0100485725402832
v -0.0008304835557937621 0.012579763412475579 0.011768038749694822
v -0.001915646910667419 0.012204048156738274 0.011614556312561032
v 0.003951666116714477 0.01197117328643798 0.011400631904602049
v 0.0034329929351806635 0.011866390228271477 0.011196960449218748
v -0.0005730075836181639 0.012340037345886222 0.011510157585144041
v 0.009101386070251464 0.00835323810577392 0.01067496585845947
v 0.00984373378753662 0.007877170085906977 0.010849519729614256
v 0.012245121002197263 -0.0016265842914581288 0.0098397741317749
v 0.012549859046936033 -0.0011904609203338616 0.010114705085754393
v 0.01237816524505615 -0.0023904235363006576 0.010022852897644041
v 0.005118865966796874 -0.01152104187011718 0.00910433483123779
v 0.004183738708496093 -0.011623690605163568 0.008795784950256347
v -0.0007922118902206419 -0.01258016395568847 0.008645073890686033
v 0.00021607604622840877 -0.012350494384765617 0.008482587814331054
v 0.012348676681518553 -0.0002805759608745573 0.009944172859191892
v 0.011601152420043942 -0.004243578910827634 0.009630976676940916
v 0.012091203689575192 -0.0035686051845550517 0.009931001663208006
v -0.001996756553649902 -0.012445990562438957 0.008553222656249998
v -0.0011327520608901975 -0.012301513671874991 0.00837818908691406
v 0.005426387310028075 -0.011097225189208977 0.008900183677673338
v 0.006200398921966552 -0.010974243164062493 0.009196186065673826
v 0.004707180023193359 0.011421719551086418 0.011092561721801756
v 0.011995578765869139 -0.0029529376029968244 0.009735375404357908
v 0.00995786666870117 0.007310325145721431 0.010570567131042478
v 0.008249155998229979 -0.009194907188415521 0.015164120674133297
v 0.008791137695312498 -0.009033543586730952 0.01544211387634277
v 0.009203514099121093 -0.008240693092346187 0.01526851940155029
v 0.010046737670898436 -0.007186907291412349 0.015372919082641599
v 0.009618636131286619 -0.008146880149841303 0.015533966064453121
v 0.008120738029479978 -0.009051765441894526 0.01487298488616943
v 0.0090602388381958 -0.00811240673065185 0.014977383613586423
v 0.005963161468505858 -0.010597364425659173 0.014664187431335447
v 0.0070839295387268054 -0.009883052825927729 0.014768586158752438
v 0.003523187398910522 -0.01163958263397216 0.014455389022827145
v 0.00477178144454956 -0.011185796737670891 0.014559787750244137
v 0.0022320010662078855 -0.0119533405303955 0.014350990295410154
v -0.0004145031571388244 -0.012153520584106438 0.014142192840576169
v 0.0009141187667846678 -0.0121252155303955 0.01424659156799316
v -0.01258065891265869 0.0007820309996604915 0.013145816802978513
v -0.012353427886962889 -7.59867057204246e-05 0.01297174263000488
v -0.01259669780731201 -0.0004303514957427976 0.013237668037414548
v -0.00304035210609436 -0.011774207115173333 0.013933394432067868
v -0.0017379086017608638 -0.012036566734313957 0.014037793159484861
v -0.005522267818450927 -0.010833843231201165 0.013724596977233884
v -0.004306777477264404 -0.011371328353881828 0.013828995704650876
v -0.00667190647125244 -0.010167663574218744 0.013620197296142576
v -0.012287376403808592 0.0012719397544860831 0.012867343902587888
v -0.008717308044433592 -0.008477565765380854 0.013411399841308591
v -0.0077409834861755355 -0.009378991127014154 0.013515798568725583
v -0.010349740982055662 -0.006384972095489498 0.01320260143280029
v -0.009590382575988767 -0.007475505352020259 0.013307001113891598
v -0.011487592697143553 -0.003988223791122434 0.012993803977966307
v -0.010984930992126463 -0.005218135356903073 0.013098202705383298
v -0.01227032661437988 -0.0014230812788009635 0.013076141357421873
v -0.012079309463500974 -0.0014009275436401359 0.012785005569458005
v -0.011853593826293944 -0.0027106111049652083 0.012889405250549314
v -0.012161116600036619 -7.48037844896316e-05 0.012680606842041014
v -0.011886207580566403 0.0025643458366394027 0.012471809387207029
v -0.012096093177795407 0.001252138972282409 0.01257620811462402
v -0.01104801273345947 0.005082445144653317 0.012263010978698727
v -0.011535498619079588 0.0038462898731231663 0.012367410659790037
v -0.010427870750427243 0.006257324218749996 0.012158612251281736
v -0.00882097244262695 0.008369361877441401 0.011949814796447751
v -0.009682005882263181 0.00735696411132812 0.012054213523864744
v -0.006796570301055907 0.010084941864013666 0.011741016387939451
v -0.007855563163757323 0.009282646179199213 0.011845415115356443
v -0.005655473232269286 0.010765398025512688 0.011636617660522458
v -0.00318502926826477 0.011735463142395012 0.011427819252014158
v -0.004446602344512938 0.011317406654357903 0.011532218933105466
v -0.0005640873312950133 0.012147934913635246 0.011219021797180173
v -0.0018858252763748165 0.012014061927795402 0.011323420524597165
v 0.002084499359130859 0.01197966289520263 0.011010223388671872
v 0.0007646520733833312 0.012135794639587395 0.011114623069763182
v 0.004633901119232177 0.011243912696838372 0.010801425933837889
v 0.0033795499801635735 0.011681660652160638 0.01090582466125488
v 0.005832363128662108 0.010670361518859856 0.010697027206420896
v 0.008008364677429198 0.009150742530822749 0.010488228797912596
v 0.006961551666259764 0.009969550132751458 0.010592627525329587
v 0.007225117683410643 -0.010326824188232416 0.009288038253784178
v 0.007704304695129393 -0.009655113220214838 0.009108981132507323
v 0.008184075355529783 -0.009585449218749993 0.009379889488220213
v 0.00980284786224365 0.007196522235870357 0.010279431343078611
v 0.008959701538085936 0.00822319889068603 0.010383830070495604
v 0.011129680633544919 0.00489799070358276 0.010070632934570311
v 0.010528614997863768 0.006083362102508541 0.01017503261566162
v 0.011598740577697752 0.00365469431877136 0.009966234207153318
v 0.01211450672149658 0.0010521506071090691 0.009757436752319335
v 0.011928531646728514 0.002367769241333006 0.009861835479736326
v 0.0120544958114624 -0.0016012624502181997 0.009548638343811033
v 0.012156439781188962 -0.0002762081027030943 0.009653037071228025
v 0.011420552253723142 -0.004177517414093015 0.009339840888977049
v 0.011808837890624998 -0.002906968116760252 0.009444239616394042
v 0.010241621017456053 -0.006555362224578853 0.009131042480468749
v 0.010895615577697752 -0.005398360252380368 0.00923544120788574
v 0.009466162681579588 -0.00763438749313354 0.009026643753051755
v 0.008712577819824216 -0.00875773906707763 0.009213380813598631
v 0.007584368228912352 -0.009504808425903314 0.008817845344543456
v 0.008576945304870603 -0.008621403694152827 0.008922245025634764
v 0.006604408740997313 -0.010437987327575678 0.00900458240509033
v 0.005341912269592284 -0.010924469947814935 0.008609047889709471
v 0.006501595020294188 -0.010275494575500482 0.008713446617126462
v 0.004118608474731444 -0.01144273948669433 0.00850464916229248
v 0.0015382398366928097 -0.012061891555786125 0.008295850753784178
v 0.0028455200195312493 -0.011822795867919915 0.008400250434875486
v -0.0011151180267333983 -0.012110011100769036 0.008087053298950193
v 0.000212712287902832 -0.012158228874206535 0.008191452026367186
v -0.0024293537139892575 -0.011915802955627434 0.007982654094696043
v -0.0024677705764770503 -0.012104234695434563 0.008273790359497069
v -0.0031828093528747554 -0.012197930335998527 0.008461370468139646
v -0.006235716819763182 -0.010663733482360833 0.007960593223571776
v -0.005455668926239013 -0.011366044998168939 0.00827766704559326
v -0.006521640300750731 -0.010788725852966303 0.008185815811157226
v -0.00846493053436279 -0.009342340469360345 0.008002111434936522
v -0.009323372840881345 -0.008486412048339838 0.007910259723663328
v -0.008399576187133788 -0.00905711650848388 0.0077517952919006336
v -0.012180184364318846 -0.002053860187530516 0.007125401496887206
v -0.012442613601684568 -0.0020253553390502917 0.007359148025512694
v -0.012579525947570799 -0.000820549070835113 0.0072672963142395
v -0.01188311672210693 -0.0033708398342132545 0.007229800224304197
v -0.011826720237731932 -0.004367201805114743 0.007542851924896239
v -0.012191291809082029 -0.0032113606929779033 0.007451000213623046
v -0.010772809982299802 -0.006546922206878658 0.007726555824279784
v -0.010164578437805175 -0.007019090175628658 0.00754299736022949
v -0.010094692230224607 -0.007551506042480464 0.007818407535552976
v -0.009606848716735839 0.008163244247436518 0.006532481670379638
v -0.008778429031372069 0.009048799514770502 0.006440629482269286
v -0.009387009620666503 0.00802827644348144 0.006290209770202636
v -0.010346754074096678 0.007202678203582759 0.0066243333816528305
v -0.0068875808715820296 0.010561553955078119 0.0062569255828857405
v -0.005841229438781737 0.011172644615173333 0.0061650733947753895
v -0.006301331996917723 0.010625342369079582 0.005977013111114501
v -9.90178994834423e-06 0.012608664512634269 0.005705813407897948
v 0.001200323104858398 0.01255082988739013 0.005613961696624755
v 0.0001400148272514343 0.012351803779602042 0.005455018043518066
v -0.004740440845489501 0.011679896354675286 0.006073221683502196
v -0.005103903770446777 0.01124836349487304 0.00587261390686035
v -0.008455060958862302 0.00900506401062011 0.006185811042785643
v -0.0078693790435791 0.009851012229919428 0.006348777770996092
v -0.012192778587341305 0.0019788184165954576 0.006812204360961913
v -0.012505723953247068 0.001599920153617858 0.007083592414855956
v -0.012293645858764647 0.0027929668426513654 0.006991740703582762
v -0.0073620243072509755 -0.009920318603515619 0.007856194019317626
v -0.007527873992919921 -0.010111968040466303 0.008093963623046874
v -0.011532053947448728 0.005091200828552243 0.006808036804199218
v -0.011473500251770017 0.004577149868011472 0.006603406906127929
v -0.011967782020568845 0.003960209131240842 0.006899888992309569
v -0.011903585433959958 0.0032975316047668436 0.00670780563354492
v -0.010870595932006833 -0.005868828773498531 0.0074385981559753405
v -0.011352046966552733 -0.005482280731201168 0.007634703636169432
v -0.0093373327255249 -0.008085947036743158 0.007647396087646483
v -0.01260093021392822 0.00039167159795761085 0.007175444126129149
v -0.012332736968994139 -0.0007126931548118587 0.007021002292633055
v -0.011445322036743161 -0.004647778987884519 0.007334199428558348
v -0.012337074279785153 0.0006368095874786373 0.0069166035652160635
v -0.004339404582977294 -0.011837378501892083 0.008369519233703611
v -0.0037734026908874505 -0.011761601448059074 0.00816939067840576
v 0.005824908733367919 0.011181328773498528 0.005246554374694823
v 0.00687238836288452 0.010572024345397942 0.00515470266342163
v 0.006540020942687987 0.010478568077087396 0.004933023452758788
v 0.007644580364227293 0.009702267646789544 0.004828624725341796
v 0.00785476493835449 0.009863266944885247 0.005062850952148436
v 0.008763627052307127 0.009061963081359857 0.004970999240875243
v -0.010990386009216306 0.006175496578216549 0.006716185092926024
v -0.010207791328430174 0.006956501007080074 0.006394608974456786
v 0.010979996681213376 0.006192056179046627 0.004695443630218505
v 0.011525722503662107 0.00510991811752319 0.004603591918945312
v 0.011033860206604003 0.0055518007278442345 0.004411028861999511
v -0.001208413004875183 0.012294425010681145 0.005559417247772216
v -0.0012199437618255612 0.012547690391540519 0.0057976655960083
v 0.0023998341560363765 0.012375661849975577 0.0055221099853515615
v 0.0014870288372039792 0.012262018203735344 0.005350619316101073
v -0.0074228277206420884 0.009874729156494134 0.006081411838531493
v -0.0050344491004943835 -0.011279467582702629 0.008064991950988767
v 0.011977188110351561 0.0030266666412353494 0.0042022309303283685
v 0.011963585853576658 0.003980016708374021 0.00451173973083496
v 0.012289666175842283 0.002812611579895018 0.0044198880195617666
v 0.0123122444152832 -0.0009929563403129572 0.0038890340328216547
v 0.012581551551818846 -0.0008016384840011592 0.00414433193206787
v 0.012445748329162596 -0.0020060963630676256 0.004052480220794677
v 0.011361154556274412 -0.005465123653411862 0.00377692437171936
v 0.010784114837646483 -0.006530734539031979 0.0036850726604461662
v 0.010732889175415037 -0.006113490104675289 0.0034714381694793696
v 0.005991144180297851 -0.010802230834960931 0.002949443340301513
v 0.006539102554321287 -0.010778491973876946 0.0032258136272430415
v 0.005473379135131835 -0.01135606098175048 0.0031339616775512688
v 0.0008526424169540403 -0.012322524070739738 0.002531847476959228
v 0.0008112804889678953 -0.012580451011657707 0.0027665538787841793
v -0.00040087053179740895 -0.01259975814819335 0.0026747021675109857
v -0.00280283236503601 -0.012291884422302238 0.0024909982681274407
v -0.0039700729846954335 -0.011965703010559074 0.0023991460800170893
v -0.003161953449249267 -0.011940947532653802 0.002218650579452514
v -0.009788850784301755 -0.007533551692962642 0.0015922570228576658
v -0.009855084419250487 -0.007860864162445063 0.0018480353355407712
v -0.010564886093139646 -0.006878068923950191 0.0017561837434768672
v -0.008908023834228514 -0.008556770324707025 0.0016966558694839473
v -0.008171091079711913 -0.009601052284240717 0.0020317385196685785
v -0.009054832458496092 -0.00877150917053222 0.0019398868083953854
v -0.006184290409088133 -0.010985108375549309 0.0022154421806335443
v -0.005677295207977294 -0.010970647811889642 0.0020098528861999506
v -0.0051005802154541 -0.01152840614318847 0.002307294130325317
v 0.002192409992218017 -0.012155936241149894 0.002636246442794799
v 0.0032013647556304926 -0.012193864822387688 0.0029502577781677242
v 0.002015780448913574 -0.012445173263549797 0.0028584058284759515
v 0.010002479553222655 -0.007248754024505611 0.003367039203643798
v 0.010106438636779784 -0.0075356912612914995 0.003593220710754394
v 0.01250236892700195 0.0016189892292022695 0.004328035831451416
v 0.01260017108917236 0.0004104667007923124 0.004236184120178222
v 0.012346772193908688 0.0003566649556159971 0.003993432760238647
v 0.007544169425964354 -0.010101111412048334 0.0033176653385162346
v 0.008192239761352537 -0.009245345115661616 0.0031582412719726558
v 0.008478922843933104 -0.009329389572143548 0.0034095172882080073
v 0.011336260795593259 -0.004905762195587155 0.003575837135314941
v 0.011832502365112303 -0.004348632812499998 0.003868776321411132
v 0.00477732229232788 -0.01139245700836181 0.002845044374465942
v 0.004357349395751952 -0.011829341888427727 0.0030421097278594965
v 0.007133927345275877 -0.010083450317382807 0.003053842306137084
v 0.009152649879455564 -0.008297145843505854 0.003262640237808227
v 0.009335527420043944 -0.008471412658691401 0.0035013689994812004
v 0.012235104560852049 0.001701972484588622 0.004097831726074218
v -0.01237324523925781 -0.002410195112228392 0.001388774752616882
v -0.012548014640808102 -0.0012106593847274773 0.001296923995018005
v -0.0122782506942749 -0.0013477059602737419 0.0010702621936798094
v -0.012084913253784177 -0.0035876057147979715 0.001480626821517944
v -0.011693458557128904 -0.003979371547698972 0.0012790601253509519
v -0.01168543243408203 -0.004731889724731442 0.0015724793672561642
v -0.012352462768554685 -1.5127403656437455e-17 0.0009660016894340514
v -0.011190831184387205 -0.005231826782226559 0.0013834590911865233
v -0.01117727470397949 -0.00583207273483276 0.001664331793785095
v -0.004445931911468505 -0.011523991584777824 0.002114251852035522
v -0.0016093492507934567 -0.012503451347351067 0.0025828502178192134
v -0.0004970825612545012 -0.012343091011047356 0.002427448511123657
v -0.007211146354675292 -0.010340945243835442 0.002123590230941772
v -0.00684082794189453 -0.010286703109741205 0.00190545380115509
v -0.007921735286712644 -0.00947856426239013 0.0018010548353195187
v -0.0018405754566192623 -0.0122157278060913 0.0023230495452880853
v -0.010553371429443357 -0.006421144962310787 0.0014878580570220944
v 0.003506028175354003 -0.011845255851745598 0.0027406454086303707
v 0.011574587821960447 0.004314840793609617 0.00430662965774536
v -0.010906526565551756 0.005801873207092282 0.006499007701873778
v -0.00495607566833496 -0.011103875160217278 0.007773856163024901
v -0.0037146604061126702 -0.011578503608703605 0.007878255367279052
v -0.007247416496276854 -0.009765884399414056 0.007565058231353759
v -0.0061386427879333485 -0.010497726440429681 0.0076694574356079084
v -0.009191974639892577 -0.007960069179534908 0.007356260299682615
v -0.00826881694793701 -0.008916120529174799 0.007460659503936766
v -0.010701369285583495 -0.005777466297149655 0.007147462368011473
v -0.0100063419342041 -0.006909821033477779 0.007251861572265624
v -0.011267148017883298 -0.004575425148010251 0.007043063640594481
v -0.0024189476966857905 0.01237051010131835 0.005889517307281493
v -0.0035960633754730216 0.012080214500427238 0.005981369495391844
v -0.0025421729087829583 0.012088598251342765 0.005663815975189208
v 0.003577713727951049 0.012086672782897942 0.005430258274078368
v 0.004723044395446776 0.01168738651275634 0.005338406085968017
v 0.004112134456634521 0.011649131774902337 0.005141821384429931
v 0.005358078956604003 0.011130622863769524 0.00503742218017578
v -0.011990570068359373 -0.002021887063980101 0.006834265708923338
v -0.011698126792907713 -0.0033183643817901592 0.006938664436340331
v -0.012145017623901366 0.0006268961429595943 0.006625467777252196
v -0.012140748023986814 -0.0007015983462333675 0.006729866981506346
v -0.012002967834472654 0.0019480133056640613 0.006521069049835204
v -0.011294887542724607 0.004505895137786862 0.006312271118164061
v -0.01171827697753906 0.003246197462081907 0.006416669845581054
v -0.010048882484436033 0.0068482060432434036 0.006103473186492919
v -0.010736740112304686 0.005711552619934079 0.006207871913909911
v -0.008323437690734861 0.008864878654479975 0.005894675254821776
v -0.009240878105163572 0.007903296947479243 0.005999073982238768
v -0.00620323610305786 0.010459933280944817 0.005685877323150634
v -0.007307273387908934 0.009721004486083979 0.005790276050567626
v -0.005024449348449706 0.011073255538940422 0.005581478118896483
v -0.0038457605838775628 0.011738014221191398 0.005768215179443358
v -0.00250259780883789 0.01190040969848632 0.005372680187225341
v -0.0037858917713165276 0.011555283546447746 0.005477079391479491
v 0.00013783515989780422 0.012159518241882317 0.005163882255554198
v -0.0011896010637283323 0.01210303306579589 0.005268281459808348
v 0.001463879585266113 0.012071129798889153 0.005059483528137206
v 0.0028164587020874017 0.012027112960815422 0.005246220111846923
v 0.004048119068145751 0.011467784881591789 0.004850685596466064
v 0.0027726137638092035 0.011839880943298332 0.0049550848007202134
v 0.006438209533691405 0.01031544399261474 0.004641887664794921
v 0.005274667263031005 0.010957346916198724 0.004746286869049071
v 0.007525573730468749 0.009551228523254388 0.004537488937377929
v 0.008658383369445799 0.00881103897094726 0.0047242255210876456
v 0.00956809329986572 0.007814231395721431 0.004619826793670653
v 0.009592051506042478 0.008177027702331538 0.00487914752960205
v 0.010362523078918455 0.006723084449768062 0.004515427589416503
v 0.01033314037322998 0.007217409133911128 0.004787295341491698
v 0.009419142723083494 0.0076925840377807565 0.004328691005706787
v 0.008523594856262206 0.008673873901367183 0.004433089733123778
v 0.010862091064453122 0.005465373516082761 0.004119893074035643
v 0.010201204299926755 0.006618423461914058 0.004224291801452636
v 0.011790734291076658 0.0029795494079589823 0.003911095142364501
v 0.011394401550292966 0.004247670173645017 0.0040154938697814935
v 0.01204463481903076 0.001675477147102355 0.00380669617652893
v -0.012606806755065916 -1.4935892895195046e-17 0.0012050752639770506
v 0.012131575584411618 -0.0023305916786193833 0.003784635066986083
v 0.011804974555969235 -0.0036399798393249487 0.003680236101150512
v 0.01219504928588867 -0.003192025661468504 0.003960628271102905
v 0.011942717552185057 -0.002294310331344603 0.003493499279022216
v 0.012120573997497556 -0.0009774985313415522 0.0035978982448577872
v 0.0111597843170166 -0.004829392433166501 0.0032847013473510734
v 0.011621201515197752 -0.0035833148956298804 0.003389100313186645
v 0.010565805435180662 -0.006018318653106686 0.0031803023815155022
v 0.01215456390380859 0.00035111260414123514 0.003702297210693359
v 0.009010167121887205 -0.008167981147766108 0.00297150444984436
v 0.009846767425537107 -0.007135909557342525 0.003075903415679931
v 0.007022870540618895 -0.009926476478576654 0.002762706518173217
v 0.00806470775604248 -0.009101418495178216 0.0028671054840087883
v 0.0047029519081115715 -0.011215106010437004 0.002553908586502075
v 0.005897877693176268 -0.010634068489074701 0.002658307552337646
v 0.0021582798957824703 -0.011966699600219718 0.002345110654830932
v 0.003451448440551757 -0.011660855293273919 0.0024495096206665033
v 0.0008393689990043639 -0.012130694389343255 0.00224071192741394
v -0.0018119224309921262 -0.012025560379028313 0.0020319139957427975
v -0.0004893442690372466 -0.012150940895080559 0.0021363129615783686
v -0.004376719951629638 -0.011344593048095696 0.001823116064071655
v -0.0031127300262451165 -0.011755057334899895 0.0019275149106979367
v -0.005588914394378661 -0.010799862861633295 0.0017187170982360836
v -0.007798414230346678 -0.009331007003784173 0.001509919166564941
v -0.006734333992004393 -0.010126565933227532 0.0016143181324005124
v -0.009636463165283202 -0.0074162735939025835 0.0013011212348937986
v -0.008769349098205564 -0.008423563003540033 0.00140552020072937
v -0.01038908290863037 -0.006321184158325191 0.0011967222690582274
v -0.012057204246520993 -0.0026794137954711896 0.0011746611595153805
v 0.008971119880676268 -0.008032610893249506 0.014649389266967771
v 0.007014250278472899 -0.009785840988159173 0.014440591812133786
v 0.008040860176086424 -0.008962730407714838 0.014544990539550778
v 0.004724844932556152 -0.011075770378112786 0.014231793403625485
v 0.00590450620651245 -0.010493125915527337 0.014336193084716795
v 0.003488532304763793 -0.011525093078613274 0.014127394676208493
v 0.002210046529769897 -0.011835763931274407 0.014022995948791502
v 0.0009051272869110106 -0.012005949020385735 0.013918597221374509
v -0.00041042599081993095 -0.01203397560119628 0.0138141975402832
v -0.0017208141088485714 -0.011918171882629386 0.013709798812866209
v -0.0030104465484619134 -0.011658392906188957 0.013605400085449216
v -0.00426441478729248 -0.011259476661682121 0.013501001358032224
v -0.005467948913574217 -0.010727278709411614 0.013396601676940916
v -0.0066062798500061025 -0.01006765174865722 0.013292202949523923
v -0.007664841175079345 -0.00928673648834228 0.013187804222106931
v -0.00863156223297119 -0.008394177436828607 0.01308340549468994
v -0.009496048927307127 -0.007401974201202388 0.012979006767272946
v -0.010247938156127928 -0.006322167873382564 0.012874607086181638
v -0.010876879692077634 -0.00516680812835693 0.012770208358764646
v -0.011374597549438474 -0.003948994636535642 0.012665809631347653
v -0.011736998558044432 -0.0026839487552642806 0.012561410903930662
v 0.00894069194793701 -0.008005366325378413 0.014302514076232908
v 0.00699045944213867 -0.00975264930725097 0.014093716621398923
v 0.008013586997985838 -0.008932330131530756 0.014198115348815914
v 0.005884479045867919 -0.010457535743713373 0.013989316940307615
v -0.011960494041442869 -0.0013871476650238028 0.012457011222839353
v -0.012041496276855466 -7.40679949522018e-05 0.01235261249542236
v -0.011977112770080563 0.0012398225069046012 0.012248213768005368
v -0.01176929187774658 0.0025391221046447737 0.012143815040588377
v -0.011422032356262204 0.0038084568977355933 0.012039415359497069
v -0.010939341545104979 0.005032452583312985 0.011935016632080075
v -0.010325299263000486 0.006195775508880611 0.011830617904663084
v -0.009586771011352538 0.007284598827362056 0.01172621917724609
v -0.00873420715332031 0.008287038803100581 0.011621819496154782
v -0.007778293609619139 0.009191339492797846 0.011517420768737791
v -0.006729717254638671 0.009985743522644037 0.0114130220413208
v -0.0055998444557189934 0.01065950679779052 0.011308623313903806
v -0.004402864456176757 0.011206086158752434 0.011204224586486814
v -0.0031537005901336665 0.011620030403137199 0.011099824905395506
v -0.0018672757148742673 0.011895889282226554 0.010995426177978513
v -0.0005585388541221618 0.012028444290161125 0.010891027450561521
v 0.0007571307420730589 0.012016424179077142 0.01078662872314453
v 0.0020639955997467036 0.01186182785034179 0.01068222904205322
v 0.00334630799293518 0.01156675720214843 0.010577830314636228
v 0.004588321208953856 0.01113331508636474 0.010473431587219237
v 0.005774994373321532 0.010565404891967767 0.010369032859802244
v 0.006893075942993163 0.009871486663818353 0.010264633178710935
v 0.007929592609405517 0.009060732841491694 0.010160234451293944
v 0.008871571540832518 0.008142313957214351 0.01005583572387695
v 0.009706424713134763 0.007125735282897945 0.009951436996459959
v 0.010425052642822263 0.006023524284362789 0.00984703731536865
v 0.011020206451416013 0.004849812507629392 0.009742638587951657
v 0.011484651565551755 0.0036187458038330054 0.009638239860534666
v 0.011811200141906735 0.00234447932243347 0.009533841133117674
v 0.011995345115661618 0.001041801452636718 0.009429442405700681
v 0.012036866188049314 -0.0002734912633895872 0.009325042724609373
v 0.011935924530029295 -0.0015855120420455923 0.009220643997192381
v 0.011692683219909666 -0.0028783743381500227 0.009116245269775388
v 0.0113082160949707 -0.004136425971984861 0.009011846542358396
v 0.01078844356536865 -0.005345260620117184 0.008907446861267088
v 0.010140881538391112 -0.0064908819198608355 0.008803048133850097
v 0.009373050689697264 -0.0075592937469482376 0.008698649406433103
v 0.008492579460144041 -0.00853660106658935 0.008594250679016112
v 0.007509766578674315 -0.009411315917968744 0.008489850997924804
v 0.006437643527984618 -0.010174422264099115 0.00838545227050781
v 0.005289367675781249 -0.010817013740539543 0.008281053543090819
v 0.004078096866607666 -0.011330185890197747 0.008176654815673827
v 0.0028175308704376217 -0.01170650386810302 0.008072255134582517
v 0.0015231093168258665 -0.011943247795104974 0.007967856407165526
v 0.00021062000095844265 -0.012038637161254875 0.007863457679748534
v -0.0011041494607925413 -0.01199089336395263 0.0077590584754943836
v 0.003476700067520141 -0.011486001968383782 0.01378051948547363
v 0.004708818912506103 -0.011038203239440911 0.013884918212890623
v 0.0009020572304725645 -0.011965227127075187 0.01357172107696533
v 0.0022025504112243646 -0.011795619010925285 0.013676120758056638
v -0.0017149773836135861 -0.011877747535705559 0.013362923622131345
v -0.0004090339243412017 -0.011993158340454094 0.013467322349548337
v -0.003000235557556152 -0.011618849754333489 0.013258524894714354
v -0.004249950885772704 -0.011221286773681633 0.013154125213623044
v -0.005449402809143065 -0.010690894126892083 0.013049726486206052
v -0.006583872795104979 -0.010033504486083977 0.01294532775878906
v -0.007638843536376952 -0.009255237579345698 0.012840929031372067
v -0.008602285385131834 -0.008365706443786616 0.01273652935028076
v -0.00946384048461914 -0.007376868247985835 0.012632130622863768
v -0.010213178634643553 -0.00630072450637817 0.012527731895446774
v -0.010839987754821775 -0.005149283409118649 0.012423333168029783
v -0.011336017608642576 -0.003935600519180295 0.012318934440612791
v -0.011697189331054686 -0.0026748454570770246 0.012214534759521481
v -0.011919926643371579 -0.0013824427127838127 0.01211013603210449
v 0.008971306800842283 -0.008032778739929193 0.013956346511840818
v 0.009793255805969237 -0.0070055799484252885 0.01406074523925781
v 0.007014396667480468 -0.009786045074462884 0.013747549057006833
v 0.008041028022766112 -0.008962917327880853 0.013851947784423826
v 0.004724943161010741 -0.011076001167297357 0.013538750648498533
v 0.005904629230499266 -0.01049334526062011 0.013643150329589841
v 0.0022100925445556635 -0.011836010932922357 0.013329953193664548
v 0.003488605022430419 -0.011525333404541009 0.01343435192108154
v 0.0009051461219787596 -0.012006198883056632 0.013225554466247557
v -0.012000654220581053 -7.381676882505412e-05 0.012005737304687498
v -0.011936489105224607 0.0012356172800064079 0.011901338577270505
v -0.011729372978210447 0.0025305099487304672 0.011796938896179197
v -0.011383291244506833 0.0037955393791198706 0.011692540168762205
v -0.01090223693847656 0.005015383720397946 0.011588141441345212
v -0.010290277481079099 0.006174760341644283 0.01148374271392822
v -0.0017208498716354368 -0.011918419837951652 0.013016756057739255
v -0.0004104345440864562 -0.012034226417541496 0.013121154785156247
v -0.009554254531860349 0.007259891033172603 0.011379343032836912
v -0.008704582214355466 0.00825893115997314 0.011274944305419919
v -0.007751911163330076 0.009160163879394525 0.011170545578002927
v -0.006706891536712645 0.009951873779296868 0.011066146850585936
v -0.005580850601196288 0.010623351097106926 0.010961747169494628
v -0.004387930870056151 0.011168077468872063 0.010857348442077634
v -0.003143003702163696 0.011580617904663078 0.010752949714660643
v -0.0018609423637390133 0.011855540275573723 0.010648550987243651
v -0.0005566443800926207 0.011987646102905265 0.010544152259826658
v 0.0007545626759529112 0.011975666999816887 0.01043975257873535
v 0.0020569949150085446 0.01182159519195556 0.010335353851318358
v 0.003334957838058471 0.01152752494812011 0.010230955123901365
v 0.004572758197784423 0.011095552444458001 0.010126556396484373
v 0.005755406856536864 0.010529568672180169 0.010022156715393065
v 0.006869696140289305 0.009838005065917962 0.009917757987976072
v 0.007902697086334226 0.009030000686645502 0.00981335926055908
v 0.008841480255126951 0.008114696502685542 0.009708960533142089
v 0.009673502922058104 0.007101565837860103 0.009604560852050779
v 0.01038969326019287 0.006003093719482418 0.009500162124633787
v 0.01098282718658447 0.004833363056182858 0.009395763397216796
v 0.011445698738098142 0.0036064715385436988 0.009291364669799802
v 0.011771138191223142 0.002336527347564696 0.009186964988708494
v 0.011954658508300778 0.0010382678508758538 0.009082566261291503
v 0.011996039390563963 -0.00027256360650062546 0.00897816753387451
v 0.011895440101623533 -0.0015801342725753774 0.008873768806457518
v 0.011653023719787596 -0.0028686113357543927 0.008769370079040526
v 0.011269861221313474 -0.00412239599227905 0.008664970397949216
v 0.010751851081848143 -0.005327130794525143 0.008560571670532225
v 0.010106486320495604 -0.006468865871429439 0.008456172943115233
v 0.009341259002685546 -0.007533654212951655 0.00835177421569824
v 0.008463774681091307 -0.00850764656066894 0.008247374534606932
v 0.00748429489135742 -0.009379394531249995 0.00814297580718994
v 0.00641580820083618 -0.010139912605285639 0.008038577079772947
v 0.005271427154541015 -0.010780324935913079 0.007934177875518797
v 0.004064264774322509 -0.011291755676269524 0.007829779148101805
v 0.0028079743385314936 -0.011666797637939446 0.007725379943847655
v 0.001517943143844604 -0.011902738571166985 0.007620981216430662
v 0.0002099056094884872 -0.011997804641723625 0.007516582012176512
v -0.001100404381752014 -0.011950222969055168 0.00741218328475952
v -0.0023972990512847897 -0.01175857734680175 0.00730778408050537
v -0.002405457973480224 -0.01179859542846679 0.007654659748077391
v -0.0036781220436096183 -0.011464614868164056 0.007550261020660399
v -0.006078261375427245 -0.010394468307495111 0.007341463088989256
v -0.004907326221466063 -0.01099465370178222 0.007445861816406249
v -0.008187481880187987 -0.008828418731689448 0.007132665157318114
v -0.007176128864288329 -0.00966982460021972 0.007237063884735106
v -0.009907917022705076 -0.00684185409545898 0.006923867225646971
v -0.009101559638977049 -0.007881772041320796 0.007028265953063963
v -0.010596107482910155 -0.005720637798309323 0.006819468021392821
v -0.011583061218261716 -0.003285724163055418 0.006610670089721679
v -0.011156321525573729 -0.0045304198265075655 0.006715069293975829
v -0.012021327972412107 -0.0006946972608566279 0.006401872158050536
v -0.011872628211975095 -0.0020019991397857654 0.006506271362304686
v -0.011884903907775876 0.0019288520812988268 0.006193074226379393
v -0.012025555610656736 0.0006207298040390011 0.006297473430633544
v -0.011183788299560545 0.004461574077606199 0.005984276294708251
v -0.011603013038635252 0.0032142670154571514 0.006088675498962401
v -0.010631130218505857 0.0056553726196289025 0.005879877567291259
v -0.009149982452392576 0.00782555770874023 0.005671079635620116
v -0.009950038909912107 0.006780845642089839 0.005775478839874266
v -0.007235397338867186 0.009625386238098138 0.005462281703948973
v -0.0082415657043457 0.008777681350708002 0.005566680908203124
v -0.004975027561187743 0.010964335441589349 0.005253483772277831
v -0.00614221954345703 0.010357047080993645 0.005357882976531982
v -0.002477981567382812 0.011783353805541985 0.0050446858406066886
v -0.0037486529350280753 0.011441622734069817 0.005149085044860838
v -0.0011778998374938963 0.011983983993530265 0.004940287113189696
v 0.0014494805335998533 0.011952395439147941 0.004731489181518554
v 0.000136479377746582 0.012039914131164543 0.004835887908935546
v 0.004008300781249999 0.011354984283447259 0.0045226912498474115
v 0.002745341539382934 0.01172342109680175 0.004627089977264403
v 0.005222784519195556 0.01084956741333007 0.004418292045593261
v 0.007451550006866454 0.009457280158996577 0.0042094941139221185
v 0.0063748817443847645 0.010213978767395012 0.004313893318176268
v 0.009326493263244627 0.007616917610168452 0.004000696182250975
v 0.008439754486083983 0.00858855533599853 0.004105095386505126
v 0.010100862503051755 0.0065533227920532185 0.003896297454833984
v 0.011282322883605955 0.004205888748168942 0.003687499523162841
v 0.010755249023437498 0.005411614418029782 0.0037918984889984122
v 0.011926160812377927 0.0016589967012405385 0.0034787015914916983
v 0.011674757003784177 0.002950241804122923 0.00358310055732727
v 0.012001353263854979 -0.0009678837060928338 0.003269903659820556
v 0.012035008430480955 0.00034765890240669227 0.003374302625656127
v 0.011506892204284665 -0.003548068284988401 0.0030611059665679925
v 0.011825245857238768 -0.0022717430591583238 0.003165504693984985
v 0.011050013542175292 -0.0047818889617919896 0.0029567070007324213
v -0.011511421203613278 -0.003917423009872434 0.0009879243969917295
v -0.011869503974914548 -0.0026377022266387924 0.0008835254311561583
v -0.012160263061523435 -1.489202675292264e-17 0.0006746149659156798
v -0.01208710956573486 -0.001326725721359252 0.000779126465320587
v 0.009749911308288572 -0.007065718650817867 0.0027479090690612786
v 0.010461877822875975 -0.005959120750427242 0.00285230803489685
v -0.011016618728637692 -0.005150380611419675 0.001092323303222656
v 0.007985381126403807 -0.00901189517974853 0.0025391111373901363
v 0.00892154026031494 -0.008087637901306148 0.0026435101032257075
v 0.0058398647308349596 -0.010529469490051263 0.0023303132057189936
v 0.006953791618347167 -0.00982883739471435 0.002434712171554565
v 0.003417499065399169 -0.011546155929565422 0.0021215152740478513
v 0.004656692504882811 -0.011104791641235345 0.0022259142398834224
v 0.0008311126232147215 -0.012011372566223137 0.0019127173423767086
v 0.00213705039024353 -0.011848991394042961 0.0020171163082122797
v -0.001794099926948547 -0.011907273292541496 0.001703919410705566
v -0.0004845310449600219 -0.012031420707702628 0.0018083183765411374
v -0.003082112312316894 -0.011639431953430169 0.0015995205640792843
v -0.005533940315246581 -0.010693634986877434 0.0013907226324081417
v -0.004333669185638427 -0.011233005523681634 0.0014951215982437131
v -0.007721706867218016 -0.009239225387573236 0.0011819247007369992
v -0.00666809320449829 -0.010026959419250482 0.0012863236665725706
v -0.008683092117309568 -0.008340704917907709 0.001077525734901428
v -0.010286892890930174 -0.006259004592895504 0.0008687278628349303
v -0.009541676521301268 -0.0073433222770690875 0.0009731268286705015
v -0.011398190498352048 -0.0038788964748382544 0.0006599299311637877
v -0.0109082555770874 -0.005099721431732175 0.000764328896999359
v -0.011752750396728514 -0.0026117672920227034 0.0005555309653282165
v -0.00366564655303955 -0.01142572879791259 0.007203385353088378
v -0.006057645320892333 -0.010359211921691888 0.006994587421417235
v -0.004890681743621826 -0.010957362174987786 0.007098986625671385
v -0.008159711837768552 -0.008798475265502924 0.006785789489746092
v -0.00715178871154785 -0.009637026786804193 0.006890188694000243
v -0.009874311447143553 -0.0068186478614807085 0.00657699155807495
v -0.010560167312622068 -0.005701234340667721 0.0064725928306579575
v -0.011118481636047362 -0.00451505374908447 0.006368193626403808
v -0.00907068920135498 -0.007855038642883295 0.006681390762329101
v -0.011543773651123045 -0.0032745795249938944 0.006263794898986815
v -0.011832358360290524 -0.001995208740234374 0.006159395694732664
v -0.011980554580688474 -0.0006923409700393672 0.006054996967315673
v -0.011984767913818356 0.0006186243891715999 0.005950597763061522
v -0.011844592094421385 0.0019223097562789905 0.00584619903564453
v -0.011563657760620115 0.003203364849090574 0.00574179983139038
v -0.01114585494995117 0.004446441173553464 0.005637401103973387
v -0.010595071792602537 0.005636190414428708 0.0055330018997192375
v -0.009916290283203124 0.006757846355438228 0.005428603172302245
v -0.009118947029113767 0.007799015045166011 0.005324203968048094
v -0.008213612556457518 0.008747908592224116 0.005219805240631103
v -0.007210855960845946 0.009592739105224603 0.00511540651321411
v -0.0061213865280151354 0.010321917533874505 0.00501100730895996
v -0.004958153247833251 0.010927146911621086 0.004906608581542968
v -0.003735938072204589 0.011402814865112297 0.004802209377288817
v -0.002469576597213745 0.011743387222290031 0.004697810649871825
v -0.0011739046573638913 0.011943336486816399 0.004593411445617675
v 0.00013601645827293393 0.011999076843261711 0.004489012718200683
v 0.0014445641040802 0.011911854743957511 0.004384613513946532
v 0.0027360298633575435 0.011683657646179192 0.00428021478652954
v 0.003994705438613891 0.011316471099853509 0.00417581558227539
v 0.0052050695419311515 0.010812767982482903 0.004071416854858398
v 0.006353259086608886 0.010179334640502923 0.0039670178890228265
v 0.007426275730133055 0.009425202369689935 0.003862618923187255
v 0.008411128044128417 0.008559424400329585 0.0037582199573516837
v 0.009294859886169432 0.007591082572937007 0.0036538209915161126
v 0.010066602706909178 0.006531095504760738 0.0035494220256805415
v 0.010718769073486326 0.005393259525299069 0.00344502305984497
v 0.011244055747985838 0.00419162321090698 0.0033406240940093987
v 0.011635158538818358 0.0029402351379394513 0.0032362251281738276
v 0.01188570976257324 0.001653369665145873 0.0031318261623382564
v 0.011994188308715818 0.00034647971391677836 0.003027427196502685
v 0.011960646629333493 -0.0009646008610725397 0.0029230282306671137
v 0.01178513717651367 -0.0022640376091003405 0.0028186292648315426
v 0.01146786308288574 -0.0035360341072082496 0.002714230298995971
v 0.011012534141540525 -0.004765669822692868 0.0026098313331604
v 0.010426393508911131 -0.0059389085769653285 0.002505432605743408
v 0.009716841697692869 -0.007041752815246578 0.0024010336399078363
v 0.008891280174255368 -0.008060206413269037 0.002296634674072265
v -0.012040616035461424 -1.474550191150891e-17 0.00034669497609138484
v -0.011968214988708493 -0.0013136850595474234 0.0004511320292949676
v 0.007958296298980712 -0.008981328010559076 0.002192235708236694
v 0.006930205821990966 -0.009795499801635736 0.002087836742401123
v 0.005820056915283202 -0.010493755340576165 0.0019834377765655512
v 0.004640897750854491 -0.01106712627410888 0.00187903881072998
v 0.0034059076309204094 -0.0115069932937622 0.0017746398448944087
v 0.002129801988601684 -0.011808801651000969 0.0016702408790588376
v 0.0008282936811447142 -0.011970632553100578 0.0015658419132232662
v -0.0004828876256942748 -0.01199061203002929 0.001461442947387695
v -0.0017880146503448484 -0.011866886138916009 0.0013570439815521237
v -0.0030716583728790277 -0.011599953651428215 0.0012526450157165526
v -0.0043189702033996575 -0.011194905281066888 0.0011482461690902708
v -0.005515170097351073 -0.010657363891601556 0.0010438472032546994
v -0.006645476341247557 -0.009992950439453118 0.0009394482374191283
v -0.007695516109466552 -0.009207887649536128 0.000835049271583557
v -0.00865364074707031 -0.008312415122985835 0.0007306503057479857
v -0.009509312629699705 -0.007318415164947505 0.0006262513399124144
v -0.010252001762390136 -0.006237775325775142 0.0005218523740768431
v -0.010871256828308104 -0.005082424163818356 0.00041745343804359427
v -0.011359530448913573 -0.003865740060806272 0.0003130545020103454
v -0.011712887763977048 -0.002602909088134764 0.00020865555107593532
v -0.011927620887756346 -0.001309229612350463 0.00010425659269094465
v -0.011999999999999997 -1.4695760748714347e-17 8.266366056426534e-19
v 0.0063484358787536605 -0.010229809761047357 0.025680961608886714
v 0.004840978622436523 -0.011157312393188469 0.0252173957824707
v 0.005210882663726805 -0.01083531761169433 0.025665914535522454
v 0.004017086505889892 -0.01132100582122802 0.025647365570068355
v 0.0027780995368957514 -0.011678585052490227 0.02562600135803222
v 0.0035594234466552726 -0.011503824234008782 0.025440231323242184
v 0.0009888840317726134 -0.012120693206787101 0.024904199600219723
v 0.0023058145046234127 -0.01194092941284179 0.025008598327636713
v -0.001664003491401672 -0.012048383712768547 0.024695402145385736
v -0.0003397090733051299 -0.01215700149536132 0.02479980087280273
v -0.0029681677818298334 -0.011794258117675774 0.024591003417968747
v 0.003595120429992675 -0.011619176864624017 0.025112997055053706
v -0.005455958366394042 -0.010868725776672356 0.024382204055786127
v -0.004237101078033446 -0.011399001121520988 0.024486604690551753
v -0.00768414258956909 -0.009427674293518061 0.024173406600952144
v -0.006609894275665282 -0.01020954227447509 0.024277805328369137
v -0.009545161247253416 -0.007535259723663325 0.02396460914611816
v -0.008666034698486326 -0.008532195091247554 0.02406900787353515
v -0.010953928947448729 -0.005286235809326169 0.023755811691284174
v -0.010311224937438962 -0.006449171543121334 0.023860210418701167
v -0.011464322090148924 -0.004059418678283689 0.023651412963867184
v -0.01207161998748779 -0.0014754345417022695 0.023442613601684564
v -0.011838024139404294 -0.002783924818038939 0.023547012329101558
v -0.012105172157287595 0.0011778261661529535 0.02323381614685058
v -0.012161696434020994 -0.00014962726831436147 0.023338214874267574
v -0.011560169219970702 0.003775534152984617 0.023025018692016598
v -0.011903263092041013 0.0024913711547851548 0.023129417419433588
v -0.010467471122741698 0.0061938304901123006 0.02281622123718261
v -0.011080147743225096 0.005014842033386227 0.022920619964599605
v -0.009728401184082029 0.007298147678375239 0.02271182250976562
v -0.007913325786590574 0.00923498344421386 0.022503023147583002
v -0.008873368263244627 0.008315773963928217 0.022607421874999995
v -0.0057223944664001455 0.010731804847717278 0.02229422569274902
v -0.006859227657318114 0.010044048309326165 0.022398624420166012
v -0.0032575879096984855 0.011716793060302728 0.022085428237915036
v -0.004516800880432128 0.011291155815124505 0.022189826965332025
v -0.0006388995647430419 0.012145796775817863 0.02187663078308105
v -0.001959903001785278 0.012003415107727042 0.021981029510498042
v 0.0006899704933166503 0.012141834259033195 0.021772230148315426
v 0.0033078889846801752 0.01170335674285888 0.02156343269348144
v 0.002010858535766601 0.011993575096130363 0.021667831420898433
v 0.005767319202423095 0.010707487106323235 0.021354635238647456
v 0.0045651855468749995 0.011273516654968254 0.02145903396606445
v 0.007952630043029783 0.009200792312622065 0.021145837783813473
v 0.006900793075561522 0.010013432502746576 0.021250236511230463
v 0.009759656906127928 0.0072576618194580035 0.020937040328979487
v 0.00890985298156738 0.008279006958007807 0.02104143905639648
v 0.010492254257202146 0.0061488847732543905 0.020832639694213863
v 0.011577135086059568 0.0037263674736022928 0.02062384223937988
v 0.011100450515747068 0.004966991424560543 0.02072824096679687
v 0.012109388351440428 0.0011268832683563226 0.020415044784545894
v 0.011915201187133786 0.0024413998126983625 0.020519443511962887
v 0.012065287590026853 -0.0015271483659744253 0.02020624732971191
v 0.0121592903137207 -0.00020131371915340412 0.020310646057128904
v 0.01144756507873535 -0.004107688903808591 0.019997447967529294
v 0.01182776069641113 -0.0028345780372619612 0.020101848602294917
v 0.010930008888244627 -0.005331776142120358 0.0198930492401123
v 0.00951388645172119 -0.007576731681823726 0.019684251785278318
v 0.01028285503387451 -0.006492801189422603 0.019788650512695308
v 0.007643758773803709 -0.00945913696289062 0.01947545433044433
v 0.008630918502807616 -0.008569561958312983 0.019579853057861325
v 0.006565510749816894 -0.010236358642578118 0.01937105560302734
v 0.004189388275146483 -0.011418483734130852 0.019162258148193355
v 0.005409584045410155 -0.01089241218566894 0.019266656875610348
v 0.0016127288341522214 -0.012053616523742669 0.01895345878601074
v 0.002918638706207275 -0.011806621551513664 0.019057857513427732
v 0.0002876272499561309 -0.012157888412475578 0.018849060058593745
v 0.009317539215087888 -0.007785669326782221 0.025697463989257808
v 0.008412248611450193 -0.008695789337158198 0.025697530746459956
v 0.007419105052947996 -0.009513596534728998 0.025691751480102533
v 0.008306312561035154 -0.009144605636596675 0.025238851547241207
v 0.007258259296417235 -0.00999543666839599 0.025134452819824214
v 0.003651765584945678 -0.01180224704742431 0.024821256637573237
v 0.004917253017425536 -0.011333106040954583 0.02492565536499023
v 0.006123996734619139 -0.010727891921997064 0.02503005409240722
v 0.0010044651031494139 -0.012311666488647453 0.02461245727539062
v 0.002342145204544067 -0.012129069328308097 0.02471685600280761
v -0.0016902216672897334 -0.01223821830749511 0.024403659820556634
v -0.0003450615108013152 -0.012348546981811516 0.024508058547973628
v -0.003014934301376342 -0.011980088233947746 0.024299261093139644
v -0.005541922569274901 -0.011039973258972161 0.024090463638305658
v -0.004303861141204833 -0.011578604698181146 0.02419486236572265
v -0.007805213451385497 -0.009576215744018549 0.02388166427612304
v -0.00671403932571411 -0.010370404243469232 0.023986064910888668
v -0.009695554733276365 -0.007653985023498531 0.02367286682128906
v -0.008802577018737791 -0.008666627883911128 0.02377726554870605
v -0.011126519203186034 -0.005369525909423824 0.023464069366455075
v -0.010473689079284665 -0.006550784587860103 0.023568468093872065
v -0.011644953727722165 -0.004123378753662107 0.023359670639038082
v -0.012261820793151853 -0.0014986814260482778 0.023150873184204095
v -0.012024543762207029 -0.0028277883529663067 0.02325527191162109
v -0.01229590034484863 0.0011963840723037712 0.02294207382202148
v -0.012353315353393552 -0.00015198476612567893 0.023046474456787105
v -0.012090810775756834 0.0025306253433227525 0.02283767509460449
v -0.011254726409912107 0.005093855857849118 0.022628877639770503
v -0.011742310523986815 0.0038350212574005103 0.022733276367187496
v -0.00988168144226074 0.007413137435913081 0.02242008018493652
v -0.010632396697998045 0.00629142045974731 0.022524478912353513
v -0.009013176918029784 0.00844679737091064 0.022315681457519526
v -0.006967301845550535 0.010202301979064935 0.02210688209533691
v -0.008038007736206053 0.009380489349365228 0.022211282730102536
v -0.004587967395782469 0.011469058990478509 0.021898084640502927
v -0.005812556266784667 0.010900895118713371 0.022002483367919917
v -0.0019907832145690915 0.012192540168762199 0.02168928718566894
v -0.003308914422988891 0.0119014024734497 0.021793685913085933
v 0.0007008416652679441 0.012333140373229972 0.021480489730834957
v -0.000648966073989868 0.012337165832519523 0.02158488845825195
v 0.0020425417423248285 0.012182545661926262 0.021376091003417964
v 0.004637114524841308 0.011451142311096184 0.021167291641235347
v 0.003360008001327514 0.011887755393981927 0.021271692276000974
v 0.0058581891059875475 0.010876194000244133 0.021062892913818354
v 0.008077931404113768 0.009345759391784662 0.02085409545898437
v 0.007009521484374999 0.010171203613281244 0.020958494186401364
v 0.009913430213928221 0.007372013092041011 0.020645298004150388
v 0.009050236701965331 0.008409451484680171 0.020749696731567378
v 0.010657569885253904 0.006245766639709468 0.020540899276733394
v 0.011759544372558592 0.003785080194473264 0.020332099914550778
v 0.011275348663330076 0.005045251369476316 0.0204365005493164
v 0.012300183296203611 0.0011446384191513054 0.02012330245971679
v 0.01210293674468994 0.002479866504669188 0.020227701187133785
v 0.012255387306213377 -0.0015512101650238027 0.01991450500488281
v 0.012350871086120603 -0.0002044856101274489 0.020018903732299802
v 0.011627932548522946 -0.004172409534454343 0.019705707550048825
v 0.012014119148254392 -0.002879239797592161 0.019810106277465815
v 0.01110222244262695 -0.005415783405303951 0.019601308822631832
v 0.009663787841796874 -0.007696110725402827 0.019392509460449216
v 0.010444870948791502 -0.0065951013565063435 0.01949691009521484
v 0.0077641940116882305 -0.009608175277709954 0.01918371200561523
v 0.008766906738281248 -0.008704584121704096 0.019288110733032222
v 0.0066689567565917955 -0.010397642135620111 0.01907931327819824
v 0.004255396366119384 -0.011598393440246576 0.018870515823364253
v 0.005494817256927489 -0.011064032554626457 0.018974914550781246
v 0.0016381390094757076 -0.012243533134460442 0.01866171836853027
v 0.002964624881744384 -0.011992646217346184 0.018766117095947263
v 0.00029215908050537104 -0.01234944820404052 0.018557317733764647
v -0.0010406969785690305 -0.012117856025695792 0.018744661331176755
v -0.003643723726272582 -0.011602642059326165 0.01853586387634277
v -0.002356294393539428 -0.011932077407836906 0.018640262603759762
v -0.0060744891166687 -0.01053631687164306 0.018327066421508786
v -0.004888081073760985 -0.011135383605957025 0.01843146514892578
v -0.008214841842651366 -0.008968051910400385 0.01811826705932617
v -0.007188069820404051 -0.009811454772949212 0.01822266578674316
v -0.009964562416076659 -0.0069719891548156694 0.017909469604492183
v -0.00914380073547363 -0.008017485618591303 0.018013868331909176
v -0.010666740417480466 -0.005843796253204342 0.017805070877075193
v -0.011678907394409178 -0.0033907976150512674 0.017596273422241206
v -0.011240259170532224 -0.004645293712615964 0.0177006721496582
v -0.012137370109558104 -0.00077637368440628 0.017387475967407223
v -0.01197911739349365 -0.0020959386825561512 0.017491874694824217
v -0.012016305923461913 0.0018742958307266223 0.017178676605224607
v -0.012150162696838376 0.0005522409081459042 0.017283075332641597
v -0.01132349872589111 0.004436688423156736 0.01696987915039062
v -0.011739367485046384 0.003174278497695921 0.017074277877807614
v -0.010772853851318357 0.005646025180816647 0.01686548042297363
v -0.009290522575378416 0.007847151756286617 0.016656682968139644
v -0.010092186927795408 0.006787119388580318 0.016761081695556637
v -0.007367673397064208 0.009676815032958978 0.016447883605957028
v -0.008378726005554197 0.008814317703247065 0.016552284240722654
v -0.00509321880340576 0.011043511390686028 0.016239086151123044
v -0.0062682819366455065 0.01042291069030761 0.016343484878540034
v -0.002576053380966186 0.011885909080505363 0.016030288696289058
v -0.003857439279556274 0.011532979011535638 0.01613468742370605
v -0.001264171242713928 0.012096899986267081 0.015925889968872068
v 0.001389629483222961 0.012081335067749015 0.015717091560363765
v 6.297430396080016e-05 0.012161746978759758 0.015821490287780758
v 0.003977901935577391 0.011493645668029778 0.015508294105529782
v 0.0026999025344848627 0.011857891082763665 0.015612692832946775
v 0.0063753342628478996 0.010356213569641106 0.015299495697021482
v 0.0052078218460082995 0.010991041183471674 0.01540389537811279
v 0.008470859527587889 0.008727005004882807 0.015090698242187497
v 0.007467360496520995 0.009598417282104485 0.015195096969604489
v 0.00937279415130615 0.007751330375671382 0.014986299514770506
v -0.0030105092525482173 -0.011658636093139642 0.012912357330322264
v -0.004264503479003905 -0.011259711265563958 0.01280795860290527
v -0.005468062877655029 -0.01072750282287597 0.012703558921813962
v 0.011369122505187986 0.0043181676864623994 0.014673102378845213
v 0.010829433441162108 0.005532831192016598 0.014777501106262204
v 0.012035689353942869 0.0017498127222061147 0.014464303970336911
v 0.011773447036743162 0.0030523452758789045 0.01456870365142822
v 0.01215365409851074 0.0004260515570640561 0.01435990524291992
v 0.010161587715148924 0.00668199777603149 0.014881899833679196
v -0.006606417655944823 -0.01006786155700683 0.01259916019439697
v -0.007665000915527342 -0.00928693008422851 0.012494761466979977
v -0.00949624729156494 -0.007402128696441646 0.012285963058471678
v -0.008631742477416991 -0.008394352912902827 0.012390362739562986
v -0.01087710666656494 -0.0051669158935546845 0.012077165603637693
v -0.010248151779174803 -0.0063222999572753865 0.012181564331054684
v -0.011737243652343748 -0.0026840047836303696 0.011868368148803708
v -0.011374835014343259 -0.003949076890945432 0.011972766876220701
v -0.011960743904113768 -0.001387176513671874 0.0117639684677124
v 0.011957770347595213 -0.0022209930419921863 0.014151107788085935
v 0.012127591133117673 -0.0009028986096382136 0.014255506515502926
v 0.011190769195556638 -0.004761179924011228 0.013942309379577633
v 0.011644505500793455 -0.0035121970176696755 0.014046708106994626
v 0.009891462326049802 -0.0070758318901061965 0.01373351192474365
v 0.010603858947753904 -0.00595375299453735 0.013837910652160642
v 0.008121663093566893 -0.009052797317504878 0.013524713516235349
v 0.009061271667480468 -0.008113331794738764 0.013629113197326657
v 0.007084736824035643 -0.009884179115295403 0.013420314788818357
v 0.004772325038909911 -0.011187071800231926 0.013211517333984372
v 0.005963840961456298 -0.01059857273101806 0.013315916061401364
v 0.0022322554588317866 -0.011954702377319328 0.013002718925476072
v 0.0035235888957977288 -0.011640909194946281 0.013107117652893064
v 0.0009142229557037351 -0.012126597404479973 0.012898320198059079
v -0.0017381066083908077 -0.01203793811798095 0.01268952178955078
v -0.00041455039381980887 -0.012154905319213859 0.012793921470642088
v -0.004307268142700194 -0.011372624397277825 0.012480724334716795
v -0.0030406987667083735 -0.011775548934936516 0.012585123062133786
v -0.0055228967666625965 -0.010835078239440911 0.012376325607299803
v -0.0023934202194213863 -0.012120079040527336 0.01834852027893066
v -0.0010570942163467406 -0.012308785438537589 0.018452919006347653
v -0.004965097427368163 -0.011310832977294915 0.018139722824096677
v -0.0037011342048645013 -0.011785452842712395 0.018244121551513667
v -0.007301325321197509 -0.009966043472290033 0.01793092536926269
v -0.0061701984405517565 -0.01070232677459716 0.018035324096679684
v -0.009287870407104491 -0.008143809318542476 0.017722127914428707
v -0.008344274520874021 -0.009109352111816401 0.0178265266418457
v -0.010121563911437986 -0.007081839561462398 0.017617727279663084
v -0.01141736030578613 -0.004718484878540036 0.017408929824829097
v -0.010834805488586424 -0.005935870647430416 0.01751332855224609
v -0.012167860984802244 -0.0021289622783660874 0.017200132369995114
v -0.011862920761108396 -0.003444222927093504 0.017304531097412108
v -0.012341600418090818 0.0005609419941902157 0.01699133491516113
v -0.012328606605529783 -0.0007886062264442439 0.01709573364257812
v -0.011924332618713377 0.003224292516708372 0.01678253555297851
v -0.01220563507080078 0.0019038271903991687 0.016886936187744138
v -0.011501912117004392 0.004506592750549314 0.01667813682556152
v -0.010251199722290038 0.006894057273864742 0.016469339370727535
v -0.010942590713500974 0.005734983921051022 0.01657373809814453
v -0.008510741233825682 0.008953195571899409 0.016260541915893552
v -0.009436903953552244 0.007970791339874262 0.016364940643310545
v -0.006367044925689696 0.010587134361267084 0.01605174446105957
v -0.007483757972717284 0.00982928276062011 0.01615614318847656
v -0.003918216943740844 0.011714692115783683 0.015842946052551266
v -0.005173467636108397 0.011217513084411613 0.01594734477996826
v -0.002616641759872436 0.012073183059692376 0.015738547325134276
v 6.39665275812149e-05 0.01235336780548095 0.015529748916625974
v -0.0012840894460678098 0.012287498474121085 0.015634147644042966
v 0.00274244213104248 0.012044724464416496 0.01532095146179199
v 0.0014115244150161741 0.012271688461303703 0.015425350189208981
v 0.004040577888488769 0.011674739837646476 0.015216551780700681
v 0.0064757843017578115 0.010519385337829583 0.015007754325866696
v 0.005289875984191893 0.011164216041564935 0.015112153053283688
v 0.008604326248168944 0.008864507675170892 0.014798955917358395
v 0.007585015773773192 0.009749650001525874 0.014903355598449705
v 0.009520471572875975 0.007873460292816157 0.014694557189941403
v 0.011000061988830565 0.005620006084442135 0.014485759735107418
v 0.010321693420410154 0.006787279129028316 0.014590158462524412
v 0.011958949089050291 0.003100438117980955 0.014276961326599119
v 0.011548254013061521 0.004386204719543455 0.014381361007690427
v 0.012345147132873532 0.00043276441097259496 0.014068163871765134
v 0.012225323677062985 0.001777382731437682 0.014172562599182125
v 0.012146177291870114 -0.002255986928939818 0.013859365463256832
v 0.012318673133850095 -0.0009171246886253351 0.013963765144348142
v 0.011827976226806638 -0.0035675349235534644 0.01375496673583984
v -0.006672667026519774 -0.010168822288513178 0.012271925926208493
v -0.0077418656349182114 -0.00938005924224853 0.012167527198791502
v -0.008718301773071287 -0.008478531837463374 0.01206312847137451
v -0.009591475486755369 -0.007476357460021968 0.011958729743957517
v -0.010350919723510741 -0.006385699748992916 0.011854331016540525
v -0.010986182212829588 -0.0052187299728393526 0.011749931335449217
v -0.011488902091979978 -0.0039886784553527805 0.011645532608032224
v -0.011854944229125974 -0.002710920095443724 0.011541133880615232
v 0.011367091178894041 -0.00483619689941406 0.01365056800842285
v 0.010047312736511228 -0.00718731832504272 0.013441769599914548
v 0.010770933151245115 -0.006047560214996334 0.013546169281005856
v 0.0082496280670166 -0.00919543266296386 0.013232972145080563
v 0.009204040527343749 -0.008241165161132807 0.013337370872497556
v 0.006057806968688964 -0.010765563011169427 0.013024173736572263
v 0.0071963639259338364 -0.010039914131164545 0.013128573417663571
v 0.0035791065692901605 -0.01182432270050048 0.012815376281738278
v 0.004847517490386962 -0.011363334655761712 0.012919775009155272
v 0.00226742672920227 -0.012143060684204093 0.012710977554321287
v -0.00042108204960823053 -0.012346418380737297 0.012502179145812985
v 0.0009286274313926695 -0.012317664146423333 0.012606578826904295
v -0.003088607788085937 -0.011961083412170403 0.012293381690979002
v -0.00176549220085144 -0.012227607727050773 0.012397780418395994
v -0.004375133514404296 -0.011551811218261711 0.012188982963562009
v -0.006777801513671874 -0.010329042434692376 0.01198018455505371
v -0.005609915733337401 -0.011005795478820794 0.0120845832824707
v -0.008855667114257811 -0.008612118721008295 0.011771387100219724
v -0.00786384630203247 -0.009527852058410639 0.011875785827636716
v -0.009742598533630369 -0.00759415483474731 0.011666987419128416
v 0.010129907608032224 -0.006795356273651119 0.025689302444458002
v 0.011483189582824705 -0.004641127109527585 0.02562807655334472
v 0.011089241981506345 -0.005994629859924313 0.02532167816162109
v 0.009606863021850584 -0.008164208412170405 0.025122299194335933
v 0.00770587110519409 -0.009977023124694819 0.024922916412353512
v 0.006623673439025877 -0.010725274085998528 0.024823225021362298
v 0.008704299926757812 -0.009120727539062495 0.025022607803344723
v 0.010404271125793455 -0.007118010044097896 0.02522198867797851
v 0.004257194995880126 -0.011867182731628411 0.024623840332031244
v 0.00039356383681297296 -0.012599779129028313 0.02432476425170898
v 0.0017049065828323362 -0.012490394592285148 0.02442445564270019
v -0.002226937532424926 -0.012409719467163079 0.024125381469726558
v -0.004749431133270263 -0.01167668914794921 0.023925998687744136
v -0.005940533161163329 -0.011117882728576653 0.023826307296752926
v -0.0035072331428527823 -0.01210936546325683 0.024025690078735347
v -0.0009218909144401549 -0.012573175430297843 0.024225072860717768
v 0.005470012664794921 -0.011357866287231438 0.024723531723022454
v -0.008117461204528807 -0.00964665508270263 0.023626924514770505
v -0.009940076828002927 -0.0077538356781005815 0.02342753982543945
v -0.00907820701599121 -0.008747924804687494 0.02352723121643066
v -0.011845275878906247 -0.00431482410430908 0.023128465652465815
v -0.011331481933593748 -0.005525593757629391 0.023228157043457025
v -0.01222975921630859 -0.0030564143657684307 0.023028774261474604
v -0.01248211860656738 -0.0017647002935409534 0.022929082870483394
v -0.00706754159927368 -0.010439139366149895 0.023726615905761715
v 0.0029976174831390376 -0.012245888710021965 0.024524148941040033
v -0.012579935073852537 0.000860908687114715 0.02272969818115234
v -0.012124176025390622 0.0034474577903747536 0.022530315399169918
v -0.012420532226562498 0.002165994882583617 0.02263000679016113
v -0.01169675540924072 0.004692066669464108 0.022430624008178707
v -0.0111442174911499 0.005886599063873287 0.022330932617187497
v -0.010472508430480955 0.007017832756042476 0.022231241226196286
v -0.00968757343292236 0.008072544097900385 0.022131549835205072
v -0.012599721908569334 -0.0004541149139404294 0.022829391479492183
v -0.0087954044342041 0.009037552833557123 0.02203185844421386
v -0.006728066921234129 0.010659090995788567 0.021832473754882807
v -0.007804649353027342 0.009902084350585932 0.021932165145874018
v -0.004369861602783202 0.01182361984252929 0.021633090972900386
v -0.0018256705999374386 0.012477313041687003 0.02143370628356933
v -0.0005167933702468871 0.012597405433654778 0.02133401489257812
v -0.003114459037780761 0.012217684745788566 0.021533397674560542
v -0.005578767776489257 0.011301846504211418 0.021732782363891597
v 0.0033894586563110343 0.012138858795166008 0.02103494071960449
v 0.005834678173065184 0.011178381919860833 0.020835557937622068
v 0.004637427806854247 0.011722260475158683 0.02093524932861328
v 0.00802332019805908 0.00972599601745605 0.02063617324829101
v 0.009864754676818846 0.007849740505218502 0.02043679046630859
v 0.010629406929016112 0.006778853893280025 0.020337099075317378
v 0.008992611885070799 0.00883561515808105 0.0205364818572998
v 0.006967221736907957 0.010510399818420403 0.020735864639282224
v 0.0007981516122817991 0.012579189300537101 0.02123432350158691
v 0.01180194568634033 0.004427712917327878 0.020137716293334957
v 0.012465367317199704 0.0018860486745834338 0.019938331604003903
v 0.012199577331542966 0.003173928737640379 0.020038024902343746
v 0.012585262298583982 -0.0007376164197921748 0.01973894882202148
v 0.012158250808715817 -0.0033311240673065162 0.01953956604003906
v 0.011746016502380368 -0.004580650329589841 0.019439874649047846
v 0.012438878059387204 -0.002045320034027098 0.01963925743103027
v 0.012594766616821287 0.0005776087045669552 0.019838640213012692
v 0.010540598869323728 -0.0069149746894836385 0.019240491867065425
v 0.008878101348876951 -0.008950006484985345 0.01904110717773437
v 0.007898066997528074 -0.009827143669128412 0.01894141578674316
v 0.009761969566345213 -0.007975534915924067 0.01914079856872558
v 0.004485808372497558 -0.011780715942382804 0.018642341613769528
v 0.0019468500614166257 -0.012456720352172844 0.018442956924438474
v 0.0006382263302803039 -0.012590885162353507 0.018343265533447263
v 0.003233874320983886 -0.012185134887695305 0.018542650222778317
v 0.005689350128173827 -0.01124913024902343 0.01874203300476074
v 0.011204915046691893 -0.005779570579528805 0.019340183258056635
v 0.011277035713195799 0.005633866310119626 0.020237407684326168
v 0.012091895103454587 -0.003566183805465696 0.025521057128906247
v 0.011654538154602049 -0.004806609153747555 0.025421367645263666
v -0.010693884849548337 -0.0066758470535278275 0.023327848434448236
v 0.002104967832565307 0.012425421714782708 0.0211346321105957
v 0.006831198215484618 -0.01059604358673095 0.01884172439575195
v -0.0006776828765869139 -0.012587744712829581 0.018243574142456052
v -0.0019863400459289547 -0.012448686599731437 0.018143882751464842
v -0.004523752689361571 -0.011768397331237785 0.017944499969482417
v -0.0032732074260711664 -0.012175103187561027 0.018044191360473628
v -0.006862740516662596 -0.010573437690734856 0.017745115280151363
v -0.008906332969665526 -0.00892221069335937 0.01754573249816894
v -0.00978793144226074 -0.007945771217346187 0.01744604110717773
v -0.007927363872528074 -0.009800821304321283 0.017645423889160152
v -0.005724268436431884 -0.011231986999511712 0.017844806671142573
v -0.01122302150726318 -0.005743306159973141 0.01724665832519531
v -0.012172254562377928 -0.0032932255268096904 0.017047273635864255
v -0.01176197814941406 -0.004542809009551999 0.017146965026855466
v -0.01258530807495117 -0.0006994762420654292 0.016847890853881834
v -0.012190055847167966 0.0032140636444091776 0.0165488166809082
v -0.011792357444763181 0.004467055320739743 0.016449125289916988
v -0.012587702751159665 0.0006163892745971676 0.01674819946289062
v -0.012447208404541013 -0.002007482528686522 0.016947582244873045
v -0.010562600135803221 -0.006881899356842036 0.01734634971618652
v -0.010609323501586911 0.006811037063598629 0.016249740600585934
v -0.008962594985961912 0.00886139869689941 0.016050357818603513
v -0.009838904380798338 0.007878323078155513 0.016150049209594723
v -0.006932723522186278 0.010531816482543938 0.015850974082946775
v -0.004601462841033935 0.011737993240356438 0.015651591300964354
v -0.0033527362346649162 0.012149817466735833 0.015551899909973141
v -0.005799373149871825 0.0111976089477539 0.015751282691955564
v -0.007990499019622802 0.009749488830566401 0.015950665473937985
v -0.0007598543167114257 0.01257946586608886 0.015352518081665037
v 0.0018652304410934444 0.012469910621643059 0.015153134346008297
v 0.0005557902455329894 0.012593129158020012 0.01525282573699951
v 0.004409154891967772 0.011812154769897453 0.01495375061035156
v 0.0067623858451843245 0.010640375137329095 0.014754365921020505
v 0.007833799839019774 0.009877257347106927 0.014654673576354978
v 0.005616369247436522 0.011287437438964836 0.014854058265686032
v 0.003154267072677612 0.012208362579345695 0.01505344200134277
v -0.0020674481391906733 0.012431001663208 0.01545220851898193
v -0.011263745307922362 0.0056703166961669885 0.016349433898925778
v 0.01049487781524658 0.006983879089355464 0.01435560035705566
v 0.011715558052062987 0.004657062530517575 0.014156216621398923
v 0.011166135787963865 0.00585276889801025 0.01425590896606445
v 0.012428529739379881 0.0021272082328796372 0.013956832885742185
v 0.012596127510070798 -0.0004941216111183164 0.013757450103759762
v 0.012472754478454588 -0.0018040902614593493 0.013657758712768552
v 0.012582222938537595 0.0008209887146949763 0.013857141494750974
v 0.012137998580932615 0.0034105541706085183 0.014056525230407712
v -0.010514009475708005 -0.006486312866210933 0.011562588691711423
v -0.011159280776977537 -0.005300955772399899 0.011458189964294431
v -0.011669920921325681 -0.004051524162292478 0.01135379123687744
v -0.012041730880737303 -0.002753633260726927 0.01124939155578613
v 0.011827988624572752 -0.004352437019348142 0.013458374977111814
v 0.010675536155700681 -0.006711720943450923 0.013258992195129393
v 0.00991825485229492 -0.007785792827606196 0.013159299850463865
v 0.011313496589660643 -0.0055627326965332 0.013358683586120603
v 0.012215558052062985 -0.0030948758125305155 0.013558067321777341
v 0.00808523368835449 -0.009668916702270502 0.012959916114807126
v 0.005905006408691405 -0.01113871765136718 0.012760532379150388
v 0.007032713413238524 -0.010459978103637689 0.012860223770141599
v 0.003470545291900634 -0.012123424530029289 0.01256114864349365
v 0.0008821268677711486 -0.012573533058166496 0.012361765861511227
v -0.0017453263998031612 -0.012484196662902824 0.012162383079528806
v 0.0021885073184967035 -0.01241593933105468 0.01246145725250244
v 0.004713727474212646 -0.011696142196655266 0.01266084003448486
v -0.00429514455795288 -0.011855903625488273 0.011963000297546385
v -0.0066557211875915515 -0.010703904151916497 0.011763617515563962
v -0.007735003948211669 -0.009950385093688958 0.011663925170898435
v -0.005505256175994872 -0.011342060089111322 0.011863308906555174
v -0.009633880615234373 -0.00813304996490478 0.011464542388916013
v -0.01111035633087158 -0.005962139129638668 0.011265158653259276
v -0.011668041229248045 -0.004770866870880124 0.011165466308593748
v -0.01043040370941162 -0.007087130546569819 0.011364850044250486
v -0.008731568336486814 -0.00909045028686523 0.011564233779907224
v -0.0030372312068939204 -0.012237387657165519 0.012062691688537595
v 0.00905095291137695 -0.008774524688720697 0.013059608459472653
v 0.00881931972503662 0.009006553649902337 0.014554982185363767
v -0.012455561637878415 0.0019257054328918445 0.01664850807189941
v 0.00970948028564453 0.008038620948791498 0.014455290794372556
v -0.00043401238322257987 -0.012596265792846673 0.012262074470520017
v -0.01209985828399658 -0.0035274887084960917 0.011065774917602536
v -0.012402215003967283 -0.002246184110641478 0.010966083526611325
v -0.012271029472351072 -0.0014231626987457266 0.011144992828369138
v -0.012080685615539549 -0.0014010871648788444 0.01143673515319824
v -0.011977362632751462 0.0012398483753204338 0.011555171012878415
v -0.012041747093200682 -7.406953722238536e-05 0.011659569740295408
v -0.011422270774841306 0.0038085362911224343 0.011346372604370115
v -0.011769536972045896 0.0025391750335693342 0.011450772285461423
v -0.010325514793395994 0.006195904254913326 0.01113757514953613
v -0.0109395694732666 0.00503255748748779 0.011241973876953124
v -0.008734389305114745 0.008287211418151851 0.01092877674102783
v -0.009586971282958982 0.007284750938415523 0.011033176422119139
v -0.0077784557342529285 0.009191531181335444 0.010824378013610837
v -0.005599961280822753 0.010659729003906243 0.010615580558776854
v -0.0067298574447631826 0.009985951423645013 0.010719979286193846
v -0.0031537661552429193 0.011620272636413567 0.010406782150268553
v -0.004402956008911132 0.011206319808959954 0.010511180877685544
v -0.000558550477027893 0.012028695106506341 0.010197984695434568
v -0.0018673146963119503 0.01189613723754882 0.010302383422851561
v 0.002064038753509521 0.01186207485198974 0.009989186286926268
v 0.0007571465373039244 0.012016674041748039 0.010093585968017576
v 0.0033463776111602775 0.011566997528076165 0.009884787559509275
v -0.012162502288818357 -7.481230795383449e-05 0.01133233547210693
v -0.011887562751770017 0.002564637899398802 0.011123538017272947
v -0.01209747219085693 0.0012522815465927117 0.011227936744689939
v -0.011049271583557127 0.005083024024963375 0.010914739608764646
v -0.011536812782287595 0.003846728324890134 0.011019139289855954
v -0.009683109283447264 0.007357802391052241 0.010705942153930661
v -0.010429059028625487 0.0062580370903015095 0.010810340881347654
v -0.008821977615356443 0.008370315551757808 0.01060154342651367
v -0.006797344684600829 0.010086091041564936 0.01039274501800537
v -0.00785645818710327 0.009283703804016108 0.010497143745422361
v -0.004447109222412108 0.011318696975708 0.010183947563171385
v -0.005656117439270018 0.010766624450683587 0.010288346290588377
v -0.001886040091514587 0.012015431404113762 0.009975149154663084
v -0.0031853921413421624 0.01173680114746093 0.010079548835754392
v 0.000764739155769348 0.012137177467346183 0.0097663516998291
v -0.000564151644706726 0.012149318695068351 0.009870750427246092
v 0.002084736824035644 0.011981028556823724 0.009661952972412107
v 0.005775115013122558 0.010565625190734857 0.009675990104675292
v 0.004588416576385497 0.011133546829223627 0.009780388832092283
v 0.007929758071899412 0.009060921669006341 0.00946719169616699
v 0.00689321994781494 0.009871692657470697 0.009571590423583982
v 0.009706626892089842 0.007125883579254146 0.009258394241333005
v 0.0088717565536499 0.008142483711242671 0.009362792968749999
v 0.010425270080566405 0.006023650169372555 0.009153994560241697
v 0.01102043533325195 0.004849913597106931 0.009049595832824706
v 0.011484890937805173 0.0036188211441040017 0.008945197105407712
v 0.011811446189880368 0.002344528198242186 0.00884079837799072
v 0.011995594978332517 0.0010418231487274163 0.008736398696899413
v 0.012037117004394528 -0.0002734969556331633 0.008631999969482421
v 0.011936173439025876 -0.001585545063018798 0.008527601242065428
v 0.011692927360534665 -0.0028784344196319564 0.008423202514648436
v 0.011308451652526853 -0.004136512279510496 0.008318803787231443
v 0.010788668632507322 -0.005345372200012204 0.008214404106140135
v 0.010141093254089354 -0.006491016864776608 0.008110005378723143
v 0.009373246192932127 -0.0075594511032104445 0.008005606651306152
v 0.008492756843566892 -0.008536778450012201 0.007901207447052
v 0.007509922981262206 -0.009411512374877924 0.007796808719635008
v 0.006437777519226073 -0.010174634933471673 0.007692409515380858
v 0.005833027839660643 0.010671577453613275 0.009348755836486814
v 0.0046344294548034655 0.011245194435119623 0.009453154563903807
v 0.008009277343749998 0.00915178489685058 0.009139957427978514
v 0.0069623451232910145 0.009970685958862299 0.009244357109069823
v 0.00896072196960449 0.008224136352539057 0.009035558700561521
v 0.0033799352645874016 0.01168299198150634 0.009557553291320799
v 0.005289478302001952 -0.010817239761352532 0.007588010787963866
v 0.004078181743621826 -0.011330422401428215 0.007483611583709715
v 0.0028175895214080805 -0.01170674800872802 0.007379212856292723
v 0.001523141026496887 -0.011943496704101554 0.007274813652038573
v 0.00021062438189983364 -0.01203888797760009 0.007170414924621581
v -0.0011041724681854245 -0.011991143226623528 0.00706601572036743
v -0.0024055080413818357 -0.011798841476440423 0.006961616992950438
v -0.003678198814392089 -0.011464853286743158 0.006857217788696288
v -0.004907428741455077 -0.010994883537292473 0.006752819061279295
v -0.006078388214111327 -0.010394684791564935 0.006648419857025145
v -0.012354134559631346 -7.599104940891261e-05 0.011040594100952147
v -0.012074862480163573 0.0026050462722778302 0.010831795692443845
v -0.012288079261779782 0.0012720124721527092 0.010936195373535153
v -0.011223363876342771 0.005163112163543698 0.01062299823760986
v -0.011718586921691893 0.003907337188720701 0.010727396965026854
v -0.009835676193237303 0.0074737315177917435 0.010414200782775877
v -0.010593379020690916 0.006356638431549069 0.010518599510192869
v -0.00896097660064697 0.00850219821929931 0.01030980110168457
v 0.009803965568542478 0.007197341918945308 0.00893115997314453
v 0.010529814720153807 0.006084054946899411 0.008826761245727538
v 0.01113094902038574 0.004898548603057858 0.008722361564636228
v 0.01160006237030029 0.003655110597610471 0.008617962837219236
v 0.011929891586303708 0.0023680391311645494 0.008513564109802245
v -0.0069044437408447255 0.01024500656127929 0.010101003646850584
v -0.007980244159698485 0.009429977416992181 0.010205402374267576
v 0.01211588668823242 0.0010522705316543572 0.008409165382385252
v 0.0121578254699707 -0.0002762395739555357 0.00830476665496826
v -0.004517177581787109 0.011497034072875969 0.009892205238342283
v -0.005745235443115233 0.010936263084411615 0.009996604919433591
v -0.0019157565832138058 0.012204746246337883 0.0096834077835083
v -0.003235581159591674 0.011921725273132316 0.009787806510925291
v 0.0007767884135246276 0.012328411102294915 0.009474609374999998
v -0.0005730404257774351 0.01234074401855468 0.009579009056091306
v 0.003433189392089843 0.011867069244384758 0.009265811920166013
v 0.0021175839900970453 0.012169800758361809 0.009370210647583007
v 0.004707449436187743 0.011422372817993158 0.009161413192749022
v 0.007072043418884276 0.010127783775329583 0.00895261478424072
v 0.005924932956695555 0.010839717864990227 0.009057013511657714
v 0.009101907730102537 0.00835371589660644 0.008743817329406737
v 0.008135471343994139 0.009295980453491205 0.008848216056823729
v 0.009958436012268064 0.007310743331909175 0.008639418601989744
v 0.011306327819824217 0.004975729942321774 0.008430620193481444
v 0.010695722579956053 0.0061799154281616175 0.008535018920898436
v 0.012117858886718747 0.00240534996986389 0.00822182273864746
v 0.011782832145690916 0.003712700605392454 0.008326221466064451
v 0.012306784629821776 0.0010688501596450798 0.008117423057556151
v 0.011810183525085447 -0.002907299280166624 0.008095968246459959
v 0.012055870056152341 -0.0016014449596405019 0.008200366973876952
v 0.010896857261657712 -0.0053989753723144495 0.007887170314788817
v 0.01142185306549072 -0.004177993297576902 0.007991569519042967
v 0.009467241287231443 -0.0076352577209472606 0.007678372383117674
v 0.010242788314819335 -0.0065561089515686 0.007782771587371825
v 0.007585232734680174 -0.009505890846252436 0.007469574451446532
v 0.00857792282104492 -0.008622385978698724 0.0075739736557006825
v 0.006502335548400877 -0.010276665687561028 0.007365175724029539
v 0.004119078159332275 -0.011444043159484857 0.007156377792358397
v 0.0053425211906433095 -0.010925714492797845 0.007260776519775389
v 0.0015384150743484495 -0.012063265800476067 0.006947579860687255
v 0.0028458442687988275 -0.011824143409728996 0.007051978588104246
v -0.0011152451038360593 -0.012111391067504876 0.0067387819290161115
v 0.0002127365320920944 -0.012159614562988273 0.006843180656433104
v -0.0037150838375091546 -0.011579823493957512 0.006529983997344969
v -0.0024296305179595944 -0.01191716003417968 0.006634382724761962
v -0.004956640243530272 -0.011105139732360833 0.006425585269927977
v 0.012245821952819822 -0.0016266772747039785 0.007908625602722166
v 0.01234938335418701 -0.0002805919945240019 0.008013024330139158
v 0.011601816177368161 -0.00424382162094116 0.007699827671051024
v 0.011996264457702634 -0.002953106641769407 0.0078042263984680164
v 0.010404173851013181 -0.006659407138824459 0.007491029739379882
v 0.011068548202514647 -0.005484041690826413 0.007595428466796873
v 0.008713075637817381 -0.008758239746093745 0.0072822318077087386
v 0.009616407394409178 -0.007755558490753169 0.007386630535125731
v 0.007704745292663573 -0.009655666351318353 0.007177832603454589
v 0.005426697731018065 -0.011097860336303705 0.006969035148620604
v 0.0066047863960266105 -0.010438585281372063 0.007073433876037596
v 0.002890683412551879 -0.012010444641113274 0.0067602372169494615
v 0.004183978080749511 -0.011624355316162103 0.006864635944366454
v 0.001562654376029968 -0.012253334999084466 0.006655838012695311
v -0.0011328169107437131 -0.0123022174835205 0.0064470400810241685
v 0.00021608839929103846 -0.012351201057434074 0.006551439285278319
v -0.0037736184597015375 -0.011762274742126457 0.006238242149353026
v -0.0024679117202758786 -0.012104927062988274 0.006342641353607176
v -0.005034737110137939 -0.01128011226654052 0.006133843421936034
v -0.006139342308044433 -0.010498922348022454 0.006321186065673827
v -0.008187652587890623 -0.008828602790832514 0.0064396224021911605
v -0.007176278591156005 -0.009670025825500483 0.006544021129608153
v -0.009101749420166014 -0.007881936073303219 0.006335223197937011
v -0.00990812301635742 -0.006841997146606441 0.006230824470520018
v -0.010596328735351561 -0.005720757007598874 0.006126425266265868
v -0.011156554222106931 -0.004530514717102048 0.006022026538848876
v -0.011583302497863768 -0.00328579258918762 0.005917627334594725
v -0.011872875213623044 -0.002002040863037108 0.005813228607177734
v -0.012021578788757321 -0.0006947117447853084 0.005708829402923583
v -0.012025806427001951 0.0006207427382469173 0.00560443067550659
v -0.011885150909423825 0.0019288922548294056 0.0055000314712524406
v -0.011603255271911618 0.0032143340110778787 0.005395632743835448
v -0.011184020996093749 0.004461667060852048 0.005291233539581297
v -0.010631351470947263 0.005655490398406979 0.005186834812164306
v -0.009950246810913084 0.006780986785888668 0.005082435607910155
v -0.009150173187255858 0.007825720787048336 0.004978036880493163
v -0.008241737365722654 0.008777863502502436 0.004873637676239013
v -0.007235548019409178 0.009625586509704584 0.00476923894882202
v -0.006142347812652587 0.010357262611389154 0.004664840221405028
v -0.004975131034851073 0.010964564323425286 0.004560441017150878
v -0.0037487308979034417 0.011441861152648919 0.004456042289733886
v -0.002478033065795898 0.011783599853515618 0.004351643085479736
v -0.007248242378234862 -0.009766997337341302 0.0062167873382568345
v 0.00013648222386837002 0.012040164947509757 0.004142845153808593
v -0.0011779243946075438 0.011984233856201164 0.004247244358062743
v 0.0014495106935501095 0.011952644348144524 0.004038446426391601
v -0.008269759178161619 -0.008917136192321772 0.006112388134002685
v 0.0027453987598419186 0.01172366523742675 0.00393404722213745
v 0.004008384227752685 0.011355220794677727 0.003829648256301879
v 0.005222893238067626 0.010849794387817377 0.0037252495288848868
v 0.006375014781951903 0.010214191436767571 0.0036208505630493156
v 0.007451705455780028 0.009457476615905756 0.0035164515972137445
v 0.0084399299621582 0.008588734626770013 0.0034120526313781733
v 0.009326687812805174 0.007617076396942134 0.0033076536655426017
v 0.010101073265075682 0.006553459644317623 0.0032032546997070306
v 0.010755473136901854 0.005411727428436276 0.0030988557338714594
v 0.011282558441162107 0.004205976486206052 0.0029944567680358883
v 0.01192640972137451 0.0016590312719345082 0.0027856588363647456
v 0.01203525924682617 0.0003476663231849668 0.0026812598705291744
v 0.011675001144409178 0.002950303077697752 0.0028900578022003167
v 0.012001603126525876 -0.0009679035544395441 0.002576860904693603
v 0.011825492858886717 -0.002271790027618407 0.0024724619388580317
v 0.0115071325302124 -0.0035481421947479224 0.0023680629730224606
v 0.011050243377685546 -0.004781989097595212 0.0022636640071868894
v 0.010462096214294432 -0.005959245681762692 0.002159265041351318
v 0.009750114440917966 -0.00706586647033691 0.0020548660755157467
v 0.008921726226806639 -0.008087807655334468 0.0019504672288894649
v 0.00798554754257202 -0.009012083053588861 0.0018460682630538937
v 0.006953936576843261 -0.00982904148101806 0.0017416692972183224
v 0.005839986324310302 -0.010529686927795403 0.0016372703313827512
v 0.004656789302825927 -0.0111050214767456 0.0015328713655471799
v 0.003417570352554321 -0.011546396255493157 0.001428472518920898
v 0.002137094974517822 -0.011849239349365227 0.001324073553085327
v 0.0008311302065849303 -0.012011625289916984 0.0012196745872497556
v -0.00048454082012176503 -0.012031674385070794 0.0011152756214141844
v -0.0017941371202468868 -0.011907523155212395 0.001010876655578613
v -0.0030821766853332514 -0.01163967323303222 0.0009064776897430418
v -0.004333760261535644 -0.011233235359191887 0.0008020787239074705
v -0.005534056186676024 -0.01069385147094726 0.0006976798176765441
v -0.006668232440948485 -0.010027163505554193 0.0005932808518409728
v -0.0077218675613403304 -0.009239417076110834 0.0004888818860054015
v -0.00868327236175537 -0.00834088516235351 0.00038448294997215265
v -0.00954187488555908 -0.007343485355377192 0.00028008398413658135
v -0.010287107467651366 -0.006259143352508541 0.0001756850332021713
v -0.010908484458923338 -0.005099824428558346 7.128608226776122e-05
v -0.011206766128540036 -0.0044103045463561984 -5.887958089839661e-15
v -0.011490073204040526 -0.0035555763244628884 -2.25902066150474e-15
v -0.011712229728698727 -0.0026824669837951644 -2.7736320862671923e-17
v -0.011871834754943845 -0.0017956477403640735 -1.3255621779265436e-17
v -0.011967891693115231 -0.0009004037976264948 -4.065710712975595e-18
v -0.010007481575012205 -0.006910608291625972 0.0059035902023315415
v -0.00919302177429199 -0.00796097612380981 0.006007989406585692
v -0.01070258808135986 -0.005778124809265133 0.00579919147491455
v -0.01126843166351318 -0.004575946331024167 0.005694792270660399
v -0.011699460029602048 -0.003318742513656614 0.005590393543243407
v -0.011991936683654782 -0.0020221173763275133 0.005485994338989257
v -0.012142131805419919 -0.0007016783356666561 0.0053815956115722645
v -0.01214640140533447 0.0006269675493240352 0.005277196407318115
v -0.01200433540344238 0.0019482352733612048 0.005172797679901122
v -0.011719613075256345 0.0032465674877166727 0.0050683984756469715
v -0.011296175003051755 0.004506408691406247 0.00496399974822998
v -0.010737962722778318 0.005712203502655026 0.004859600543975829
v -0.010050027847290036 0.006848986625671382 0.004755201816558837
v -0.009241930961608885 0.00790419721603393 0.004650803089141845
v -0.00832438564300537 0.008865888595581049 0.0045464038848876944
v -0.007308105945587157 0.009722112655639643 0.004442005157470702
v -0.006203943252563475 0.010461125373840325 0.004337605953216552
v -0.005025022029876708 0.011074517250061028 0.00423320722579956
v -0.0037863233089447013 0.011556599617004388 0.004128808021545409
v -0.0025028829574584954 0.01190176582336425 0.004024409294128417
v -0.0011897367238998412 0.012104412078857414 0.003920010089874267
v 0.00013785086572170254 0.012160903930664055 0.0038156113624572747
v -0.007362445354461669 -0.00992088603973388 0.0059250454902648915
v -0.006236073493957518 -0.010664343833923333 0.006029444217681884
v -0.009337867736816404 -0.008086409568786616 0.005716247558593749
v -0.008400056838989256 -0.009057634353637689 0.005820646286010741
v -0.010165160179138181 -0.007019492149353023 0.0056118483543395985
v 0.0014640463590621946 0.012072505950927726 0.0037112123966217036
v 0.0027729296684265133 0.011841230392456048 0.003606813430786132
v 0.0040485806465148915 0.011469091415405266 0.003502414464950561
v 0.005275268554687499 0.010958596229553216 0.0033980154991149897
v 0.00643894338607788 0.010316618919372552 0.003293616533279418
v 0.007526431083679197 0.009552316665649409 0.003189217567443847
v 0.008524565696716307 0.00867486190795898 0.003084818601608276
v 0.009420215606689451 0.007693460941314692 0.0029804196357727047
v 0.010202366828918456 0.006619177818298336 0.002876020669937133
v 0.011395699501037596 0.004248153686523435 0.002667222738265991
v 0.010863328933715818 0.005465995788574215 0.002771621704101562
v 0.011792078018188474 0.002979888439178465 0.002562823772430419
v 0.012046008110046384 0.0016756680011749258 0.002458424806594848
v 0.01215594959259033 0.00035115301609039284 0.002354025840759277
v 0.012121954917907712 -0.0009776092171669 0.0022496268749237058
v 0.011944078445434568 -0.002294570922851561 0.002145227909088134
v 0.01162252616882324 -0.0035837228298187234 0.002040828943252563
v 0.01116105556488037 -0.004829943180084225 0.0019364300966262815
v 0.010567009925842284 -0.006019005775451656 0.00183203113079071
v 0.009847888946533202 -0.007136724472045894 0.0017276321649551387
v 0.009011194229125975 -0.008168912887573238 0.0016232331991195676
v 0.008065626144409178 -0.009102456092834468 0.0015188343524932858
v 0.0070236706733703596 -0.009927605628967278 0.0014144353866577147
v 0.005898549556732176 -0.010635276794433587 0.0013100364208221433
v 0.0047034873962402335 -0.011216381072998039 0.001205637454986572
v 0.0034518415927886955 -0.011662182807922356 0.0011012384891510008
v 0.002158525943756103 -0.011968065261840813 0.0009968395233154294
v 0.0008394652009010313 -0.012132081985473626 0.0008924405574798583
v -0.0004893993139266967 -0.012152332305908195 0.0007880416512489317
v -0.0018121284246444699 -0.012026934623718254 0.0006836426854133604
v -0.00311308479309082 -0.011756394386291497 0.0005792437195777892
v -0.0043772196769714345 -0.011345876693725578 0.0004748447835445403
v -0.005589552879333495 -0.010801080703735345 0.00037044581770896907
v -0.006735102653503417 -0.010127708435058587 0.00026604688167572015
v -0.0077993025779724105 -0.009332069396972651 0.0001616479158401489
v -0.009501871109008787 -0.0075630660057067825 -9.1793884993141e-14
v -0.008770346641540526 -0.008424536705017084 5.724896490573882e-05
v -0.010008723258972166 -0.006823033332824703 -5.477724870917021e-14
v -0.010863501548767088 -0.005243576526641843 -7.741252951165566e-15
v -0.010463246345520018 -0.006049169063568112 -2.342291638424143e-14
v -0.012571519851684568 -0.0009411315321922296 0.010866391181945798
v -0.012496802330017088 0.0016835182905197133 0.010667008399963377
v -0.0126041784286499 0.0003734897077083585 0.010766699790954588
v -0.01187106895446777 0.004235110759735105 0.01046762466430664
v -0.0107357702255249 0.00660627698898315 0.0102682409286499
v -0.009991627693176268 0.007690789699554439 0.010168549537658689
v -0.011364196777343748 0.005449929237365719 0.010367933273315427
v -0.012250550270080564 0.0029751856327056864 0.01056731605529785
v -0.007135365486145018 0.010390634536743158 0.009869475364685057
v -0.004824643611907958 0.011645284652709954 0.009670092582702634
v -0.006012150287628173 0.01107720756530761 0.009769783973693845
v -0.0023080658912658686 0.012397842407226555 0.009470709800720213
v 0.0003100584745407104 0.012602136611938469 0.009271326065063475
v 0.0016221494674682614 0.01249884891510009 0.009171634674072263
v -0.0010048160552978513 0.012569257736206046 0.009371017456054686
v -0.0035856730937957756 0.012087839126586907 0.009570401191711424
v -0.00818146228790283 0.009592592239379878 0.009969166755676268
v 0.004180345058441161 0.011893280982971184 0.008972250938415525
v 0.006554611682891845 0.010771769523620599 0.008772867202758787
v 0.005397631645202636 0.011395751953124993 0.008872558593749998
v 0.008641370773315428 0.009175149917602533 0.00857348346710205
v 0.010358519554138182 0.007184360504150386 0.00837409973144531
v 0.011053562164306639 0.006067805290222164 0.0082744083404541
v 0.009551132202148436 0.008223695755004878 0.008473792076110839
v 0.007639206886291503 0.010028061866760248 0.00867317485809326
v 0.01206928730010986 0.0036468341350555395 0.008075024604797362
v 0.012602495193481443 -0.0002515073418617247 0.007775950431823729
v 0.01238051128387451 0.002368464946746825 0.007975333213806151
v 0.01228189659118652 -0.002858651638031004 0.007576567649841307
v 0.011418633460998534 -0.005338974475860592 0.007377184391021727
v 0.01079782199859619 -0.006499545574188228 0.007277493000030516
v 0.011915956497192381 -0.004121253013610837 0.007476875782012938
v 0.012510665893554686 -0.001563968539237975 0.007676259040832518
v 0.011626301765441893 0.004884697437286374 0.008174716949462889
v 0.002917047977447509 0.012261772155761711 0.009071942329406736
v -0.010871218681335447 -0.005869164466857906 0.005507449626922606
v -0.011445977210998532 -0.004648045063018796 0.005403050422668456
v -0.011883796691894528 -0.003371032714843748 0.005298651695251464
v 0.008273439407348631 -0.009515667915344233 0.006978417873382567
v 0.00612158966064453 -0.011020406723022454 0.006779034137725829
v 0.004938395977020262 -0.011596378326416008 0.00667934226989746
v 0.0072378277778625474 -0.010325165748596184 0.006878726005554198
v 0.009217328071594236 -0.00860016250610351 0.007078109741210936
v -0.012180881500244139 -0.0020539777278900133 0.005194252967834471
v -0.01233344268798828 -0.000712733924388885 0.0050898537635803215
v -0.012337779998779294 0.0006368460655212398 0.004985455036163329
v -0.0121934757232666 0.001978931665420531 0.004881055831909179
v -0.011474157333374022 0.004577411651611326 0.004672257900238036
v -0.011904266357421874 0.003297720432281492 0.004776657104492187
v -0.010208375930786131 0.006956899166107173 0.004463459968566894
v -0.010907150268554685 0.005802205085754391 0.0045678591728210444
v -0.00938754653930664 0.008028736114501948 0.004359061241149901
v 0.0024261529445648187 -0.012370872497558586 0.006479958534240721
v -0.00018888030946254727 -0.012609387397766106 0.006280574798583983
v 0.0011246087551116941 -0.012559574127197258 0.006380266666412352
v -0.0027964456081390377 -0.012290462493896476 0.006081191539764403
v -0.005285617351531982 -0.011442646026611322 0.0058818082809448235
v -0.00645110511779785 -0.010832050323486322 0.005782116413116454
v -0.004062770843505858 -0.011930335998535149 0.005981499671936034
v -0.0015005220174789426 -0.012518365859985343 0.006180882930755614
v -0.009471343994140622 -0.008318064689636225 0.005483041763305663
v -0.010989882469177243 -0.006172489166259762 0.005283658504486083
v -0.011576043128967282 -0.004994678974151608 0.005183967113494872
v -0.010285607337951658 -0.007284302711486812 0.005383350372314452
v -0.01236182880401611 -0.0024893872737884507 0.004984583854675292
v -0.012603494644165037 0.00012778179347515097 0.004785200595855712
v -0.012521209716796872 0.0014420729875564565 0.004685508728027343
v -0.012550704002380368 -0.0011875991821289056 0.0048848919868469225
v -0.01203596210479736 -0.0037629299163818336 0.005084275245666503
v -0.007545353889465331 -0.010103206634521479 0.005682425022125243
v 0.0037019994258880606 -0.012048170089721671 0.00657965040206909
v 0.010061421394348142 -0.007590698242187496 0.007177801132202147
v -0.00913761234283447 0.008690108299255365 0.010068858146667478
v 0.012558679580688474 0.0010641608238220208 0.00787564182281494
v -0.011955457687377928 0.004008655071258542 0.004486125469207763
v -0.010864500999450681 0.0063960442543029745 0.004286741733551025
v -0.010136045455932614 0.0074910717010498 0.004187050342559813
v -0.01147403812408447 0.005231593608856198 0.004386433601379394
v -0.00929844570159912 0.008506002426147456 0.004087358474731444
v -0.008455544471740722 0.009005578994750971 0.004254662036895751
v -0.012304860115051268 0.0027405917644500715 0.0045858173370361315
v -0.008555216789245604 -0.009261717796325678 0.0055827336311340325
v -0.007423252582550047 0.009875293731689447 0.004150263309478759
v -0.005104196071624755 0.011249007225036614 0.003941465377807617
v -0.006301692485809325 0.01062595081329345 0.004045864105224608
v -0.0025423183441162104 0.01208928966522216 0.003732667446136474
v -0.0038459806442260737 0.011738685607910148 0.003837066411972045
v 0.00014002284407615658 0.0123525104522705 0.0035238695144653312
v -0.0012084821462631224 0.012295128822326652 0.003628268480300903
v 0.0014871139526367184 0.012262720108032218 0.00341947054862976
v 0.004112370014190673 0.011649798393249504 0.0032106726169586174
v 0.0028166198730468746 0.012027800559997552 0.003315071582794189
v 0.006540395259857177 0.010479167938232415 0.003001874685287475
v 0.005358385562896728 0.011131258964538567 0.003106273651123046
v 0.00865887928009033 0.00881154346466064 0.0027930767536163323
v 0.007645017623901366 0.009702822685241693 0.002897475719451904
v 0.010363115310668943 0.006723469257354732 0.00258427882194519
v 0.009568640708923338 0.007814678668975825 0.002688677787780761
v 0.011034491539001462 0.00555211782455444 0.0024798800945281976
v -0.008361478805541991 0.009430164337158197 0.0039876666069030755
v -0.006228538990020751 0.010963486671447748 0.0037882831096649164
v -0.007334917545318602 0.010252882957458489 0.003887974739074706
v -0.003820936918258666 0.012014502525329582 0.0035889003276824943
v 6.7810520529747e-05 0.012606880187988273 0.0032898259162902825
v 0.0013809866905212399 0.012530039787292472 0.0031901342868804927
v -0.0025473871231079096 0.01234661674499511 0.0034892089366912833
v -0.0050527477264404284 0.011552313804626457 0.0036885917186737054
v 0.003948343038558959 0.011971827507019035 0.002990750789642333
v 0.00634395408630371 0.010895448684692376 0.002791367292404174
v 0.005174582958221434 0.011496786117553703 0.0028910591602325435
v 0.008463527679443358 0.009342118263244622 0.002591984033584594
v 0.01021805667877197 0.0073855710029602 0.0023926007747650142
v 0.010931566238403318 0.00628062009811401 0.002292909145355224
v 0.011575249671936032 0.004315087318420408 0.0023754811286926265
v 0.009391868591308592 0.008409387588500971 0.002492292404174804
v 0.007443926334381102 0.010174044609069817 0.0026916756629943844
v 0.0026791541576385493 0.01231730079650878 0.0030904426574707025
v 0.01223580455780029 0.0017020698785781849 0.0021666831970214837
v 0.011977873802185056 0.003026839494705198 0.0022710821628570553
v 0.012347477912902829 0.00035668581724166847 0.0020622842311859126
v 0.012312948226928709 -0.0009930123090744012 0.0019578852653503414
v 0.012132269859313963 -0.002330724239349364 0.00185348629951477
v 0.011805649757385251 -0.0036401877403259256 0.001749087333679199
v 0.011336909294128415 -0.004906043529510495 0.0016446883678436276
v 0.010733503341674803 -0.006113841056823726 0.0015402894020080564
v 0.010003052711486814 -0.00724917078018188 0.001435890436172485
v 0.009153174400329587 -0.00829762172698974 0.0013314914703369137
v 0.008192708969116209 -0.009245873451232905 0.0012270925045013426
v 0.00599148654937744 -0.010802845954895012 0.0010182946920394896
v 0.00477759552001953 -0.011393105506896966 0.0009138957262039183
v 0.007134335041046141 -0.010084025382995599 0.0011226936578750608
v 0.0035062286853790275 -0.01184593200683593 0.000809496760368347
v 0.002192535877227783 -0.012156634330749504 0.0007050977945327757
v 0.0008526918888092039 -0.012323235511779777 0.0006006988286972045
v -0.000497110217809677 -0.012343805313110344 0.0004962998926639556
v -0.0018406802415847775 -0.012216430664062493 0.0003919009268283843
v -0.0031621346473693843 -0.011941628456115716 0.00028750199079513545
v -0.004446187496185302 -0.011524641036987297 0.00018310303986072537
v 0.011994709014892576 0.003877640008926389 0.0020935261249542233
v -0.00767383575439453 -0.009571623802185052 -1.3536391452184656e-13
v -0.00690603733062744 -0.010210911750793451 -1.011217082291793e-13
v -0.00833893299102783 -0.008933223724365228 -1.4277265480977516e-13
v -0.008944628715515135 -0.008267164230346674 -1.2446246810959847e-13
v 0.011525431632995603 0.005106789588928219 0.0021932177543640134
v 0.012606892585754393 -5.841170903295275e-06 0.0017944508790969846
v 0.012334479331970212 0.0026067478656768782 0.0019938343763351435
v 0.012539821624755858 0.0013076888322830192 0.0018941427469253537
v 0.012536524772644041 -0.0013196225166320792 0.0016947591304779048
v 0.011991919517517087 -0.003890490055084226 0.0014953756332397458
v 0.012330830574035643 -0.0026192929744720444 0.0015950673818588253
v 0.01152191352844238 -0.005118857383728024 0.0013956841230392454
v 0.010209073066711424 -0.007394742012023921 0.0011963013410568235
v 0.01092491054534912 -0.006290874481201168 0.0012959927320480343
v 0.009383067131042479 -0.00841887474060058 0.0010966099500656127
v -0.0012463780641555784 0.012545218467712395 0.0033895175457000727
v 0.008455555915832517 -0.00935168552398681 0.0009969182610511777
v 0.006333148956298827 -0.010899984359741204 0.0007975340485572814
v 0.007435290813446044 -0.010181694030761712 0.0008972262740135191
v 0.003935674905776977 -0.011976530075073235 0.0005981498956680296
v 0.0013686053752899167 -0.01253266525268554 0.00039876776933670037
v 5.53251877427101e-05 -0.012605587005615227 0.0002990773320198058
v 0.0026667160987854 -0.01232253170013427 0.0004984585046768188
v 0.005162214756011962 -0.01150030612945556 0.0006978418827056883
v -0.002559308290481567 -0.012343479156494133 9.969421476125716e-05
v -0.004999247550964354 -0.011444138526916496 -1.678674560467996e-14
v -0.003831938982009887 -0.012010321617126457 3.2051184623016476e-17
v -0.0012587665319442746 -0.012542212486267083 0.00019938640296459194
v -0.003831938982009887 -0.012010321617126457 3.2051184623016476e-17
v 0.0049039263725280755 -0.0009754515886306757 0.029999999999999995
v 0.012905022621154782 -0.0012138738632202141 0.02531636810302734
v 0.004999999999999999 1.2246467996456078e-18 0.029999999999999995
v 0.005581500530242919 -0.010387992858886712 0.026004316329956048
v 0.0027778511047363277 -0.004157348155975339 0.029999999999999995
v 0.0019134172201156613 -0.004619397640228269 0.029999999999999995
v 0.003609801530838012 -0.011198843002319329 0.026020847320556637
v 0.0009754515886306761 -0.004903926372528073 0.029999999999999995
v 0.0046193976402282705 -0.0019134172201156604 0.029999999999999995
v 0.004157348155975341 -0.0027778511047363264 0.029999999999999995
v 0.010936007499694821 -0.005312862873077389 0.025788976669311518
v 0.0035355339050292963 -0.0035355339050292946 0.029999999999999995
v 0.008988435745239255 -0.007843765258789057 0.02592395973205566
v 0.007389946937561034 -0.009255774497985834 0.025973575592041012
v 0.012058774948120115 -0.003524099826812742 0.02555107498168945
v 0.0025779881477355953 -0.011471897125244133 0.026025117874145503
v 0.004613132953643798 -0.010836183547973626 0.026014066696166988
v 0.0015257669687271116 -0.01165409851074218 0.02602704238891601
v -9.18485046794647e-19 -0.004999999999999997 0.029999999999999995
v 0.006509054660797118 -0.009859457969665522 0.02599101066589355
v -0.0016701238155364987 -0.01164746952056884 0.026019931793212884
v -0.0009754515886306761 -0.004903926372528073 0.029999999999999995
v -0.0037507631778717033 -0.011177388191223138 0.026005609512329095
v -0.0019134172201156613 -0.004619397640228269 0.029999999999999995
v -0.004752348423004149 -0.010807582855224603 0.025995862960815425
v -0.005717894554138183 -0.010352179527282708 0.025984498977661127
v -0.0027778511047363277 -0.004157348155975339 0.029999999999999995
v 0.000461459994316101 -0.011744635581970208 0.026026739120483394
v -0.0006066108345985412 -0.011742695808410638 0.02602433013916015
v -0.002720800638198852 -0.011458408355712883 0.0260136604309082
v -0.00907170486450195 -0.007745125293731684 0.025924388885498043
v -0.0035355339050292963 -0.0035355339050292946 0.029999999999999995
v -0.004157348155975341 -0.0027778511047363264 0.029999999999999995
v -0.007510238170623778 -0.009197340011596673 0.025957248687744135
v -0.0046193976402282705 -0.0019134172201156604 0.029999999999999995
v -0.010359293937683103 -0.006044799804687496 0.025886142730712887
v 0.011753780364990233 -0.003946019649505613 0.02564781188964843
v 0.011484263420104978 -0.0044028296470642065 0.025706197738647456
v 0.009697382926940916 -0.0070471892356872515 0.025889654159545892
v 0.010345821380615232 -0.006200503349304195 0.025845867156982418
v 0.013016499519348142 -0.0003895465433597562 0.025280849456787106
v 0.013045012474060057 3.1951067446233373e-18 0.025267639160156244
v 0.012285150527954099 -0.0031863319873809796 0.025475463867187496
v 0.01245875549316406 -0.002811217546463011 0.0254281997680664
v 0.01272338008880615 -0.002025494813919066 0.025362480163574213
v 0.008218328475952146 -0.00858213329315185 0.02595142745971679
v -0.0066397404670715315 -0.009814363479614252 0.025971601486206048
v -0.008322645187377927 -0.008505490303039546 0.02594150352478027
v -0.00975229454040527 -0.006922731876373287 0.02590592765808105
v -0.010887581825256346 -0.005117815971374508 0.025865053176879878
v -0.011691707611083983 -0.003144132137298582 0.025819038391113276
v -0.01133247375488281 -0.004148425102233884 0.02584268188476562
v -0.0049039263725280755 -0.0009754515886306757 0.029999999999999995
v 0.013063017845153806 0.00044114974141120885 0.025252487182617182
v -0.011963860511779783 -0.0021127407550811756 0.02579413032531738
v -0.012147505760192868 -0.0010620537996292108 0.02576796722412109
v -0.004999999999999999 -6.123233998228039e-19 0.029999999999999995
v -0.012211675643920896 0.001585075020790099 0.025697469711303707
v -0.0049039263725280755 0.0009754515886306757 0.029999999999999995
v -0.01198292255401611 0.003153879165649412 0.025651584625244136
v -0.0046193976402282705 0.0019134172201156604 0.029999999999999995
v -0.010956340789794919 0.006147514343261715 0.02555107498168945
v -0.004157348155975341 0.0027778511047363264 0.029999999999999995
v -0.012241221427917478 1.2508707004599265e-07 0.02574055480957031
v -0.012251764297485349 0.0007930769324302669 0.02571935844421386
v -0.011562073707580564 0.004682616710662839 0.025602815628051754
v -0.010207153320312499 0.007463273525238032 0.025502109527587885
v 0.0015069206953048702 0.013058512687683098 0.025207635879516598
v 3.061616999114021e-19 0.004999999999999997 0.029999999999999995
v 0.0009754515886306761 0.004903926372528073 0.029999999999999995
v 0.005863045692443846 0.01185281085968017 0.025161684036254878
v 0.0019134172201156613 0.004619397640228269 0.029999999999999995
v 0.0027778511047363277 0.004157348155975339 0.029999999999999995
v 0.008416665077209472 0.010232110977172845 0.02514692687988281
v 0.0035355339050292963 0.0035355339050292946 0.029999999999999995
v 0.004462265968322753 0.012427855491638176 0.02517403984069824
v -0.009300740242004392 0.008676009178161616 0.025456876754760736
v -0.0035355339050292963 0.0035355339050292946 0.029999999999999995
v -0.0027778511047363277 0.004157348155975339 0.029999999999999995
v -0.008253612518310546 0.009770422935485834 0.025415159225463863
v 0.004157348155975341 0.0027778511047363264 0.029999999999999995
v 0.0046193976402282705 0.0019134172201156604 0.029999999999999995
v 0.011762837409973142 0.006063402652740474 0.02515582656860351
v -0.0019134172201156613 0.004619397640228269 0.029999999999999995
v -0.005803314208984374 0.011543172836303704 0.02534138107299804
v -0.004435254573822021 0.012194050788879387 0.02530895614624023
v -0.0009754515886306761 0.004903926372528073 0.029999999999999995
v -0.0015157108306884763 0.012980125427246086 0.025252643585205074
v 0.010432098388671873 0.00817250537872314 0.025145603179931635
v 0.012651844978332516 0.0037341828346252417 0.02518150901794433
v 0.0049039263725280755 0.0009754515886306757 0.029999999999999995
v -0.0029990139007568355 0.012675168037414542 0.025279390335083002
v -0.0070822801589965805 0.010731213569641107 0.02537673377990722
v 0.0030036275386810295 0.012831738471984854 0.025189401626586908
v -6.6289845854043946e-06 0.013107940673828117 0.02522872161865234
v 0.007187366485595701 0.011117286682128899 0.025152568817138666
v 0.012407853126525877 0.004529909610748288 0.0251710033416748
v 0.012110864639282223 0.0053073439598083465 0.025162487030029292
v 0.013048152923583982 0.0012729374170303337 0.025229093551635738
v 0.012973607063293454 0.0021017217636108386 0.02520991134643554
v 0.012840973854064939 0.0029234783649444564 0.02519427299499511
v 0.010921497344970702 0.007499065399169917 0.025147520065307613
v 0.011365729331970213 0.006795003890991207 0.02515088272094726
v 0.010051365852355955 0.000989973127841949 0.014999999999999998
v 0.010051365852355955 0.000989973127841949 8.266366056426534e-19
v 0.010100000381469725 -2.473786615752258e-18 8.266366056426534e-19
v 0.009665097236633299 0.002931875228881834 0.014999999999999998
v 0.009665097236633299 0.002931875228881834 8.266366056426534e-19
v 0.009905931472778318 0.0019704122543334947 8.266366056426534e-19
v 0.009905931472778318 0.0019704122543334947 0.014999999999999998
v 0.008907404899597167 0.0047611069679260225 0.014999999999999998
v 0.008907404899597167 0.0047611069679260225 8.266366056426534e-19
v 0.009331183433532713 0.0038651027679443336 8.266366056426534e-19
v 0.007807405471801756 0.006407371997833248 0.014999999999999998
v 0.007807405471801756 0.006407371997833248 8.266366056426534e-19
v 0.008397843360900877 0.005611259460449216 8.266366056426534e-19
v 0.008397843360900877 0.005611259460449216 0.014999999999999998
v 0.009331183433532713 0.0038651027679443336 0.014999999999999998
v 0.00640737199783325 0.007807405471801753 0.014999999999999998
v 0.00640737199783325 0.007807405471801753 8.266366056426534e-19
v 0.007141778469085692 0.007141778469085689 8.266366056426534e-19
v 0.004761106967926024 0.008907404899597163 0.014999999999999998
v 0.004761106967926024 0.008907404899597163 8.266366056426534e-19
v 0.005611259460449217 0.008397843360900874 8.266366056426534e-19
v 0.005611259460449217 0.008397843360900874 0.014999999999999998
v 0.0029318752288818354 0.009665097236633296 0.014999999999999998
v 0.0029318752288818354 0.009665097236633296 8.266366056426534e-19
v 0.0038651027679443353 0.00933118343353271 8.266366056426534e-19
v 0.0009899731278419492 0.010051365852355951 0.014999999999999998
v 0.0009899731278419492 0.010051365852355951 8.266366056426534e-19
v 0.0019704122543334956 0.009905931472778315 8.266366056426534e-19
v 0.0019704122543334956 0.009905931472778315 0.014999999999999998
v 0.0038651027679443353 0.00933118343353271 0.014999999999999998
v 0.007141778469085692 0.007141778469085689 0.014999999999999998
v -0.0009899731278419492 0.010051365852355951 0.014999999999999998
v -0.0009899731278419492 0.010051365852355951 8.266366056426534e-19
v 6.184466539380648e-19 0.01010000038146972 8.266366056426534e-19
v -0.0029318752288818354 0.009665097236633296 0.014999999999999998
v -0.0029318752288818354 0.009665097236633296 8.266366056426534e-19
v -0.0019704122543334956 0.009905931472778315 8.266366056426534e-19
v -0.0019704122543334956 0.009905931472778315 0.014999999999999998
v -0.004761106967926024 0.008907404899597163 0.014999999999999998
v -0.004761106967926024 0.008907404899597163 8.266366056426534e-19
v -0.0038651027679443353 0.00933118343353271 8.266366056426534e-19
v -0.00640737199783325 0.007807405471801753 0.014999999999999998
v -0.00640737199783325 0.007807405471801753 8.266366056426534e-19
v -0.005611259460449217 0.008397843360900874 8.266366056426534e-19
v -0.005611259460449217 0.008397843360900874 0.014999999999999998
v -0.0038651027679443353 0.00933118343353271 0.014999999999999998
v -0.007807405471801756 0.006407371997833248 0.014999999999999998
v -0.007807405471801756 0.006407371997833248 8.266366056426534e-19
v -0.007141778469085692 0.007141778469085689 8.266366056426534e-19
v -0.008907404899597167 0.0047611069679260225 0.014999999999999998
v -0.008907404899597167 0.0047611069679260225 8.266366056426534e-19
v -0.008397843360900877 0.005611259460449216 8.266366056426534e-19
v -0.008397843360900877 0.005611259460449216 0.014999999999999998
v -0.009665097236633299 0.002931875228881834 0.014999999999999998
v -0.009665097236633299 0.002931875228881834 8.266366056426534e-19
v -0.009331183433532713 0.0038651027679443336 8.266366056426534e-19
v -0.010051365852355955 0.000989973127841949 0.014999999999999998
v -0.010051365852355955 0.000989973127841949 8.266366056426534e-19
v -0.009905931472778318 0.0019704122543334947 8.266366056426534e-19
v -0.009905931472778318 0.0019704122543334947 0.014999999999999998
v -0.009331183433532713 0.0038651027679443336 0.014999999999999998
v -0.007141778469085692 0.007141778469085689 0.014999999999999998
v 6.184466539380648e-19 0.01010000038146972 0.014999999999999998
v 0.010100000381469725 -2.473786615752258e-18 0.014999999999999998
v -0.010100000381469725 1.236893307876129e-18 0.014999999999999998
v -0.010100000381469725 1.236893307876129e-18 8.266366056426534e-19
v 0.010051365852355955 -0.000989973127841949 0.014999999999999998
v -0.010051365852355955 -0.000989973127841949 0.014999999999999998
v -0.010051365852355955 -0.000989973127841949 8.266366056426534e-19
v -0.009665097236633299 -0.002931875228881834 0.014999999999999998
v -0.009665097236633299 -0.002931875228881834 8.266366056426534e-19
v -0.009905931472778318 -0.0019704122543334947 8.266366056426534e-19
v -0.009905931472778318 -0.0019704122543334947 0.014999999999999998
v -0.008907404899597167 -0.0047611069679260225 0.014999999999999998
v -0.008907404899597167 -0.0047611069679260225 8.266366056426534e-19
v -0.009331183433532713 -0.0038651027679443336 8.266366056426534e-19
v -0.007807405471801756 -0.006407371997833248 0.014999999999999998
v -0.007807405471801756 -0.006407371997833248 8.266366056426534e-19
v -0.008397843360900877 -0.005611259460449216 8.266366056426534e-19
v -0.008397843360900877 -0.005611259460449216 0.014999999999999998
v -0.009331183433532713 -0.0038651027679443336 0.014999999999999998
v -0.00640737199783325 -0.007807405471801753 0.014999999999999998
v -0.00640737199783325 -0.007807405471801753 8.266366056426534e-19
v -0.007141778469085692 -0.007141778469085689 8.266366056426534e-19
v -0.004761106967926024 -0.008907404899597163 0.014999999999999998
v -0.004761106967926024 -0.008907404899597163 8.266366056426534e-19
v -0.005611259460449217 -0.008397843360900874 8.266366056426534e-19
v -0.005611259460449217 -0.008397843360900874 0.014999999999999998
v -0.0029318752288818354 -0.009665097236633296 0.014999999999999998
v -0.0029318752288818354 -0.009665097236633296 8.266366056426534e-19
v -0.0038651027679443353 -0.00933118343353271 8.266366056426534e-19
v -0.0009899731278419492 -0.010051365852355951 0.014999999999999998
v -0.0009899731278419492 -0.010051365852355951 8.266366056426534e-19
v -0.0019704122543334956 -0.009905931472778315 8.266366056426534e-19
v -0.0019704122543334956 -0.009905931472778315 0.014999999999999998
v -0.0038651027679443353 -0.00933118343353271 0.014999999999999998
v -0.007141778469085692 -0.007141778469085689 0.014999999999999998
v 0.0009899731278419492 -0.010051365852355951 0.014999999999999998
v 0.0009899731278419492 -0.010051365852355951 8.266366056426534e-19
v -1.855339908874635e-18 -0.01010000038146972 8.266366056426534e-19
v 0.0029318752288818354 -0.009665097236633296 0.014999999999999998
v 0.0029318752288818354 -0.009665097236633296 8.266366056426534e-19
v 0.0019704122543334956 -0.009905931472778315 8.266366056426534e-19
v 0.0019704122543334956 -0.009905931472778315 0.014999999999999998
v 0.004761106967926024 -0.008907404899597163 0.014999999999999998
v 0.004761106967926024 -0.008907404899597163 8.266366056426534e-19
v 0.0038651027679443353 -0.00933118343353271 8.266366056426534e-19
v 0.00640737199783325 -0.007807405471801753 0.014999999999999998
v 0.00640737199783325 -0.007807405471801753 8.266366056426534e-19
v 0.005611259460449217 -0.008397843360900874 8.266366056426534e-19
v 0.005611259460449217 -0.008397843360900874 0.014999999999999998
v 0.0038651027679443353 -0.00933118343353271 0.014999999999999998
v 0.007807405471801756 -0.006407371997833248 0.014999999999999998
v 0.007807405471801756 -0.006407371997833248 8.266366056426534e-19
v 0.007141778469085692 -0.007141778469085689 8.266366056426534e-19
v 0.008907404899597167 -0.0047611069679260225 0.014999999999999998
v 0.008907404899597167 -0.0047611069679260225 8.266366056426534e-19
v 0.008397843360900877 -0.005611259460449216 8.266366056426534e-19
v 0.008397843360900877 -0.005611259460449216 0.014999999999999998
v 0.009665097236633299 -0.002931875228881834 0.014999999999999998
v 0.009665097236633299 -0.002931875228881834 8.266366056426534e-19
v 0.009331183433532713 -0.0038651027679443336 8.266366056426534e-19
v 0.010051365852355955 -0.000989973127841949 8.266366056426534e-19
v 0.009905931472778318 -0.0019704122543334947 8.266366056426534e-19
v 0.009905931472778318 -0.0019704122543334947 0.014999999999999998
v 0.009331183433532713 -0.0038651027679443336 0.014999999999999998
v 0.007141778469085692 -0.007141778469085689 0.014999999999999998
v -1.855339908874635e-18 -0.01010000038146972 0.014999999999999998
v -0.009665097236633299 0.002931875228881834 0.014999999999999998
v -0.009331183433532713 0.0038651027679443336 0.014999999999999998
v -0.008907404899597167 0.0047611069679260225 0.014999999999999998
v -0.008397843360900877 0.005611259460449216 0.014999999999999998
v -0.007807405471801756 0.006407371997833248 0.014999999999999998
v -0.010100000381469725 1.236893307876129e-18 0.014999999999999998
v -0.010051365852355955 0.000989973127841949 0.014999999999999998
v -0.009905931472778318 0.0019704122543334947 0.014999999999999998
v -0.009331183433532713 -0.0038651027679443336 0.014999999999999998
v -0.007807405471801756 -0.006407371997833248 0.014999999999999998
v -0.0038651027679443353 0.00933118343353271 0.014999999999999998
v -0.0029318752288818354 0.009665097236633296 0.014999999999999998
v -0.0019704122543334956 0.009905931472778315 0.014999999999999998
v -0.005611259460449217 0.008397843360900874 0.014999999999999998
v -0.0009899731278419492 0.010051365852355951 0.014999999999999998
v -0.007141778469085692 0.007141778469085689 0.014999999999999998
v -0.00640737199783325 0.007807405471801753 0.014999999999999998
v -0.004761106967926024 0.008907404899597163 0.014999999999999998
v -0.0038651027679443353 -0.00933118343353271 0.014999999999999998
v -0.009905931472778318 -0.0019704122543334947 0.014999999999999998
v -0.010051365852355955 -0.000989973127841949 0.014999999999999998
v -0.009665097236633299 -0.002931875228881834 0.014999999999999998
v -0.008907404899597167 -0.0047611069679260225 0.014999999999999998
v -0.008397843360900877 -0.005611259460449216 0.014999999999999998
v -0.00640737199783325 -0.007807405471801753 0.014999999999999998
v -0.007141778469085692 -0.007141778469085689 0.014999999999999998
v -0.005611259460449217 -0.008397843360900874 0.014999999999999998
v -0.004761106967926024 -0.008907404899597163 0.014999999999999998
v -0.0029318752288818354 -0.009665097236633296 0.014999999999999998
v -0.0019704122543334956 -0.009905931472778315 0.014999999999999998
v -1.855339908874635e-18 -0.01010000038146972 0.014999999999999998
v -0.0009899731278419492 -0.010051365852355951 0.014999999999999998
v 0.0009899731278419492 -0.010051365852355951 0.014999999999999998
v 0.005611259460449217 -0.008397843360900874 0.014999999999999998
v 0.0009899731278419492 0.010051365852355951 0.014999999999999998
v 0.004761106967926024 0.008907404899597163 0.014999999999999998
v 0.0019704122543334956 0.009905931472778315 0.014999999999999998
v 0.0029318752288818354 0.009665097236633296 0.014999999999999998
v 0.0038651027679443353 0.00933118343353271 0.014999999999999998
v 0.007807405471801756 0.006407371997833248 0.014999999999999998
v 0.005611259460449217 0.008397843360900874 0.014999999999999998
v 0.00640737199783325 0.007807405471801753 0.014999999999999998
v 0.007141778469085692 0.007141778469085689 0.014999999999999998
v 0.010051365852355955 0.000989973127841949 0.014999999999999998
v 0.008397843360900877 0.005611259460449216 0.014999999999999998
v 0.008907404899597167 0.0047611069679260225 0.014999999999999998
v 0.009331183433532713 0.0038651027679443336 0.014999999999999998
v 0.009665097236633299 0.002931875228881834 0.014999999999999998
v 0.009905931472778318 0.0019704122543334947 0.014999999999999998
v 0.008397843360900877 -0.005611259460449216 0.014999999999999998
v 0.007141778469085692 -0.007141778469085689 0.014999999999999998
v 0.00640737199783325 -0.007807405471801753 0.014999999999999998
v 0.004761106967926024 -0.008907404899597163 0.014999999999999998
v 0.0038651027679443353 -0.00933118343353271 0.014999999999999998
v 0.0019704122543334956 -0.009905931472778315 0.014999999999999998
v 0.0029318752288818354 -0.009665097236633296 0.014999999999999998
v 0.009665097236633299 -0.002931875228881834 0.014999999999999998
v 0.009905931472778318 -0.0019704122543334947 0.014999999999999998
v 0.010100000381469725 -2.473786615752258e-18 0.014999999999999998
v 0.010051365852355955 -0.000989973127841949 0.014999999999999998
v 0.009331183433532713 -0.0038651027679443336 0.014999999999999998
v 0.007807405471801756 -0.006407371997833248 0.014999999999999998
v 0.008907404899597167 -0.0047611069679260225 0.014999999999999998
v 6.184466539380648e-19 0.01010000038146972 0.014999999999999998
v -0.010368411064147947 0.007170378208160396 0.024627305984497066
v -0.010827016830444333 0.006476202011108394 0.02471171188354492
v -0.010644453048706053 0.006810683250427242 0.024704265594482418
v -0.011009579658508298 0.006141720771789547 0.024719158172607416
v -0.012744847297668454 -0.002449135065078734 0.0017395452260971066
v -0.01237324523925781 -0.002410195112228392 0.001388774752616882
v -0.012084913253784177 -0.0035876057147979715 0.001480626821517944
v -0.012451100349426267 -0.003662001848220823 0.0018313969373703
v -0.01168543243408203 -0.004731889724731442 0.0015724793672561642
v -0.012921626091003415 -0.0012137086391448967 0.0016476947069168088
v -0.012548014640808102 -0.0012106593847274773 0.001296923995018005
v -0.009631378173828123 0.008132804870605463 0.024535453796386712
v -0.009832483291625975 0.008098556518554682 0.024676792144775386
v -0.009385640144348143 0.008717466354370111 0.024664211273193355
v -0.011522565841674803 -0.0059749598503112756 0.0020151011943817135
v -0.01117727470397949 -0.00583207273483276 0.001664331793785095
v -0.010564886093139646 -0.006878068923950191 0.0017561837434768672
v -0.010166656494140624 -0.00806710815429687 0.002198804378509521
v -0.009855084419250487 -0.007860864162445063 0.0018480353355407712
v -0.009054832458496092 -0.00877150917053222 0.0019398868083953854
v -0.009345162391662595 -0.009006763458251948 0.002290655374526977
v -0.008171091079711913 -0.009601052284240717 0.0020317385196685785
v -0.007899604320526122 0.009825264930725091 0.02435174751281738
v -0.007759720325469969 0.010332811355590815 0.024635044097900387
v -0.006919845104217528 0.010538498878478996 0.024259895324707025
v -0.010894840240478513 -0.007053424358367915 0.002106952905654907
v -0.008805952072143552 0.00902057552337646 0.024443601608276362
v -0.008865375518798827 0.009278088569641107 0.024653808593749996
v -0.012042836189270018 -0.004841028213500974 0.0019232491254806514
v -0.010279326438903806 0.007479646205902095 0.024689373016357416
v -0.007095736980438231 0.010868291854858391 0.024610589981079095
v -0.0065321421623229965 0.011246304512023918 0.024620231628417963
v -0.006018877506256103 0.011498759269714349 0.024518739700317378
v -0.0074511528015136705 -0.010627399444580072 0.0024743580818176263
v -0.007211146354675292 -0.010340945243835442 0.002123590230941772
v -0.006184290409088133 -0.010985108375549309 0.0022154421806335443
v -0.0037090606689453116 0.012437746047973625 0.024335035324096674
v -0.003784648895263671 0.012593570709228508 0.02460166931152343
v -0.003058463335037231 0.012845403671264641 0.024598823547363275
v -0.005281392574310302 -0.011855430603027337 0.002658061504364013
v -0.0051005802154541 -0.01152840614318847 0.002307294130325317
v -0.0039700729846954335 -0.011965703010559074 0.0023991460800170893
v -0.004118659019470214 -0.012308587074279778 0.0027499132156372065
v -0.00280283236503601 -0.012291884422302238 0.0024909982681274407
v -0.006395670413970946 -0.011293266296386712 0.00256620979309082
v -0.0016896530389785764 -0.012868386268615714 0.002933616638183593
v -0.0016093492507934567 -0.012503451347351067 0.0025828502178192134
v -0.00040087053179740895 -0.01259975814819335 0.0026747021675109857
v 0.0008022378087043761 -0.012954020500183096 0.0031173198223114007
v 0.0008112804889678953 -0.012580451011657707 0.0027665538787841793
v 0.002015780448913574 -0.012445173263549797 0.0028584058284759515
v 0.0020426526069641108 -0.012817914962768547 0.003209171295166015
v 0.0032013647556304926 -0.012193864822387688 0.0029502577781677242
v -0.0011713302135467527 0.013205194473266593 0.02459700202941894
v -0.0007880362272262572 0.013240929603576652 0.02459734725952148
v -0.0012517851591110228 0.013201258659362785 0.024578575134277338
v -0.0004457497298717498 -0.012970710754394522 0.0030254683494567863
v -0.0012629449367523192 0.012917678833007804 0.024151332855224604
v -0.002917815208435058 -0.01264744567871093 0.0028417649269103997
v -0.002497625350952148 0.01273717021942138 0.024243185043334958
v -0.0023065438270568842 0.01300743103027343 0.02459774017333984
v -0.008437499999999999 -0.009863138198852532 0.0023825066089630123
v 0.004454967021942138 -0.01219004821777343 0.003392874717712402
v 0.004357349395751952 -0.011829341888427727 0.0030421097278594965
v 0.005473379135131835 -0.01135606098175048 0.0031339616775512688
v 0.006703887939453123 -0.011113894462585443 0.0035765779018402093
v 0.006539102554321287 -0.010778491973876946 0.0032258136272430415
v 0.007544169425964354 -0.010101111412048334 0.0033176653385162346
v 0.007740403175354002 -0.010419150352478021 0.0036684296131134025
v 0.008478922843933104 -0.009329389572143548 0.0034095172882080073
v 0.005605186939239501 -0.011705719947814934 0.0034847261905670158
v 0.0037882342338562006 0.012850903511047356 0.024617652893066402
v 0.0037946040630340567 0.012706329345703118 0.024211168289184567
v 0.0030441637039184564 0.013052645683288566 0.024611551284790034
v 0.009588920593261717 -0.008746040344238275 0.0038521325588226313
v 0.009335527420043944 -0.008471412658691401 0.0035013689994812004
v 0.010106438636779784 -0.0075356912612914995 0.003593220710754394
v 0.01108536911010742 -0.006751875877380367 0.0040358352661132805
v 0.010784114837646483 -0.006530734539031979 0.0036850726604461662
v 0.011361154556274412 -0.005465123653411862 0.00377692437171936
v 0.011682243347167966 -0.0056563229560852015 0.004127686977386474
v 0.011832502365112303 -0.004348632812499998 0.003868776321411132
v 0.010385046958923339 -0.007784719467163081 0.003943984031677245
v 0.008704776763916015 -0.00962709712982177 0.003760281085968017
v 0.012546734809875486 -0.0033183109760284405 0.00431139039993286
v 0.01219504928588867 -0.003192025661468504 0.003960628271102905
v 0.012445748329162596 -0.0020060963630676256 0.004052480220794677
v 0.012950926780700681 -0.0008583666086196894 0.004495093345642089
v 0.012581551551818846 -0.0008016384840011592 0.00414433193206787
v 0.01260017108917236 0.0004104667007923124 0.004236184120178222
v 0.01297327423095703 0.00038947889208793614 0.004586945056915283
v 0.01250236892700195 0.0016189892292022695 0.004328035831451416
v 0.012807952880859372 -0.0020980286598205554 0.004403242111206054
v 0.012659899711608883 0.0028633687496185285 0.004770648479461669
v 0.012289666175842283 0.002812611579895018 0.0044198880195617666
v 0.011963585853576658 0.003980016708374021 0.00451173973083496
v 0.011879437446594235 0.005230509757995602 0.004954351425170898
v 0.011525722503662107 0.00510991811752319 0.004603591918945312
v 0.010979996681213376 0.006192056179046627 0.004695443630218505
v 0.011320454597473143 0.0063460278511047324 0.00504620313644409
v 0.01033314037322998 0.007217409133911128 0.004787295341491698
v 0.012327257156372068 0.0040660996437072725 0.0048625001907348624
v 0.012875752449035643 0.001633942961692809 0.004678796768188475
v 0.01217044162750244 -0.004508110046386716 0.004219538688659667
v 0.0032638981342315667 -0.012562298774719231 0.0033010230064392083
v -0.012606806755065916 -1.4935892895195046e-17 0.0012050752639770506
v -0.012978847503662107 8.27883777674287e-08 0.0015580486059188839
v -0.012731710433959958 -0.0037042415142059305 0.0022586390972137447
v -0.01302820014953613 -0.0024642469882965074 0.0021667873859405515
v -0.012318122863769529 -0.004909994602203366 0.002350491285324096
v -0.013205121994018552 -0.0012015266418457023 0.0020749368667602533
v -0.011151859283447264 -0.007173708915710445 0.002534195184707641
v -0.011789966583251951 -0.006070018291473384 0.002442343473434448
v -0.009574436187744138 -0.009173993110656732 0.0027178976535797116
v -0.01041092491149902 -0.008211526870727534 0.0026260464191436763
v -0.00864966583251953 -0.010051632881164544 0.0028097488880157464
v -0.006567872047424315 -0.011518828392028802 0.002993452072143554
v -0.007644231319427488 -0.010835392951965325 0.0029016003608703608
v -0.004244566917419433 -0.012562919616699211 0.0031771554946899406
v -0.005431134223937987 -0.012096487045288078 0.0030853037834167475
v -0.0030187225341796868 -0.012912695884704582 0.003269007205963134
v -0.0004940742254257201 -0.013250333786010733 0.0034527103900909416
v -0.0017646163702011105 -0.01314208221435546 0.0033608589172363277
v 0.0020486848354339597 -0.013101651191711418 0.003636413574218749
v 0.0007809956073760985 -0.013237004280090324 0.003544562101364135
v 0.00329714560508728 -0.012844140052795402 0.0037282652854919427
v 0.005691702365875243 -0.011975986480712884 0.00391196846961975
v 0.004515124320983886 -0.012467376708984367 0.0038201167583465567
v 0.007877004146575927 -0.010667911529541009 0.004095671653747558
v 0.006815966606140135 -0.01137461566925048 0.004003819942474365
v 0.008864627838134765 -0.009861577033996576 0.004187523365020751
v 0.011305356025695799 -0.006931173801422115 0.004463077545166015
v 0.010586785316467283 -0.007984301567077632 0.00437122631072998
v 0.011918425559997557 -0.005813670635223385 0.0045549292564392085
v 0.009770548820495604 -0.008964071273803706 0.004279374599456786
v 0.012808614730834958 -0.003427593946456907 0.004738632678985595
v 0.012420622825622556 -0.004642043113708493 0.004646780967712401
v 0.013228895187377927 -0.0009155692458152765 0.0049223356246948236
v 0.013079129219055173 -0.002181657791137694 0.00483048391342163
v 0.013255445480346677 0.00035924059152603126 0.005014187335968016
v 0.01294265270233154 0.002887655258178709 0.005197890758514403
v 0.013159517288208005 0.001630953550338744 0.00510603904724121
v 0.01260638904571533 0.00411743116378784 0.005289741992950439
v 0.010657212257385251 0.00740334844589233 0.005138054847717284
v 0.011584578514099119 0.00644974565505981 0.005473445415496825
v 0.012152340888977048 0.00530839920043945 0.005381593704223632
v 0.010910125732421873 0.007531943798065181 0.005565297126770018
v 0.009592051506042478 0.008177027702331538 0.00487914752960205
v 0.00989678382873535 0.008393239974975581 0.005229906082153319
v 0.00904624557495117 0.009306473731994624 0.005321757793426513
v 0.008763627052307127 0.009061963081359857 0.004970999240875243
v 0.00785476493835449 0.009863266944885247 0.005062850952148436
v 0.007103163242340086 0.010866075515747064 0.005505460739135741
v 0.00687238836288452 0.010572024345397942 0.00515470266342163
v 0.005824908733367919 0.011181328773498528 0.005246554374694823
v 0.006026361465454101 0.011496119499206536 0.005597312450408934
v 0.004723044395446776 0.01168738651275634 0.005338406085968017
v 0.008112671852111815 0.01013381671905517 0.005413609504699706
v 0.0037151923179626458 0.01243410396575927 0.005781015396118163
v 0.003577713727951049 0.012086672782897942 0.005430258274078368
v 0.0023998341560363765 0.012375661849975577 0.0055221099853515615
v 0.00126881468296051 0.012918224334716788 0.005964718341827391
v 0.001200323104858398 0.01255082988739013 0.005613961696624755
v -9.90178994834423e-06 0.012608664512634269 0.005705813407897948
v 2.3002110421657557e-05 0.012980954170227042 0.0060565700531005845
v -0.0012199437618255612 0.012547690391540519 0.0057976655960083
v 0.0025032887458801265 0.012734726905822747 0.005872866630554198
v 0.004893293857574462 0.012020015716552727 0.0056891636848449695
v -0.002457809448242187 0.012742117881774895 0.006240272998809813
v -0.0024189476966857905 0.01237051010131835 0.005889517307281493
v -0.0035960633754730216 0.012080214500427238 0.005981369495391844
v -0.004849665164947509 0.012037238121032707 0.0064239764213562
v -0.004740440845489501 0.011679896354675286 0.006073221683502196
v -0.005841229438781737 0.011172644615173333 0.0061650733947753895
v -0.0068875808715820296 0.010561553955078119 0.0062569255828857405
v -0.005984286308288573 0.011517914772033684 0.006515828609466551
v -0.0036704463958740228 0.012446356773376457 0.006332124710083007
v -0.0078693790435791 0.009851012229919428 0.006348777770996092
v -0.008778429031372069 0.009048799514770502 0.006440629482269286
v -0.008075778961181638 0.010162610054016107 0.0066995320320129385
v -0.009606848716735839 0.008163244247436518 0.006532481670379638
v -0.010346754074096678 0.007202678203582759 0.0066243333816528305
v -0.009868972778320311 0.008429594993591303 0.0068832349777221665
v -0.010990386009216306 0.006175496578216549 0.006716185092926024
v -0.01063324737548828 0.00744262027740478 0.00697508668899536
v -0.009013771057128904 0.009339109420776362 0.006791383266448973
v -0.007063133239746092 0.01089154148101806 0.006607680320739745
v -0.0012229336500167844 0.012921367645263663 0.00614842128753662
v -0.011532053947448728 0.005091200828552243 0.006808036804199218
v -0.011967782020568845 0.003960209131240842 0.006899888992309569
v -0.011859109878540037 0.005271930694580075 0.007158789634704589
v -0.012293645858764647 0.0027929668426513654 0.006991740703582762
v -0.012505723953247068 0.001599920153617858 0.007083592414855956
v -0.012649258613586423 0.0029078555107116683 0.007342492580413817
v -0.01260093021392822 0.00039167159795761085 0.007175444126129149
v -0.012870746612548825 0.001680147051811217 0.00743434429168701
v -0.012310689926147459 0.004108697891235349 0.0072506413459777815
v -0.012579525947570799 -0.000820549070835113 0.0072672963142395
v -0.012442613601684568 -0.0020253553390502917 0.007359148025512694
v -0.012953107833862302 -0.0008115836381912227 0.007618047237396239
v -0.012191291809082029 -0.0032113606929779033 0.007451000213623046
v -0.011826720237731932 -0.004367201805114743 0.007542851924896239
v -0.012559713363647458 -0.0032740001678466775 0.007801750659942625
v -0.011352046966552733 -0.005482280731201168 0.007634703636169432
v -0.012187431335449216 -0.004464926719665524 0.007893602371215818
v -0.012815327644348142 -0.002052318811416625 0.007709898948669432
v -0.012971948623657224 0.00043647998571395846 0.007526196002960204
v -0.010772809982299802 -0.006546922206878658 0.007726555824279784
v -0.010094692230224607 -0.007551506042480464 0.007818407535552976
v -0.011108175277709959 -0.0067117834091186485 0.008077305793762205
v -0.009323372840881345 -0.008486412048339838 0.007910259723663328
v -0.00846493053436279 -0.009342340469360345 0.008002111434936522
v -0.009621072769165037 -0.008712359428405756 0.008261008262634276
v -0.007527873992919921 -0.010111968040466303 0.008093963623046874
v -0.008739538192749021 -0.009595820426940911 0.008352860450744628
v -0.010412694931030272 -0.007747816562652583 0.00816915702819824
v -0.006521640300750731 -0.010788725852966303 0.008185815811157226
v -0.005455668926239013 -0.011366044998168939 0.00827766704559326
v -0.0067426753044128405 -0.011090032577514642 0.008536563873291015
v -0.004339404582977294 -0.011837378501892083 0.008369519233703611
v -0.0031828093528747554 -0.012197930335998527 0.008461370468139646
v -0.004498798847198486 -0.012175412178039543 0.008720266342163083
v -0.001996756553649902 -0.012445990562438957 0.008553222656249998
v -0.003309041023254394 -0.012549672126770012 0.008812118530273435
v -0.005646758079528807 -0.011687211990356439 0.00862841510772705
v -0.007776837348937987 -0.010390640258789056 0.008444711685180663
v -0.011701694488525389 -0.00561418008804321 0.007985453605651853
v -0.011298587799072264 0.006386809825897213 0.007066938400268554
v 0.008318623542785644 0.010329135894775384 0.00584085178375244
v 0.009269948959350583 0.00948109054565429 0.005749000072479247
v 0.007289433479309081 0.011080263137817375 0.005932703018188475
v 0.010136182785034177 0.008545542716979975 0.005657148361206054
v -0.0007922118902206419 -0.01258016395568847 0.008645073890686033
v 0.0004198589324951171 -0.01259905529022216 0.008736926078796385
v -0.0008489398956298826 -0.012949525833129874 0.008995820999145506
v 0.0016284520626068113 -0.012501461982727042 0.008828778266906737
v 0.0003988559246063232 -0.012972178459167472 0.009087672233581541
v 0.003989481687545776 -0.011960585594177238 0.009012482643127439
v 0.0028729946613311763 -0.012658322334289544 0.009271375656127928
v 0.002822189807891845 -0.012288058280944817 0.008920630455017089
v 0.005118865966796874 -0.01152104187011718 0.00910433483123779
v 0.004075657844543456 -0.012324252128601066 0.00936322784423828
v 0.0016434087753295894 -0.012874887466430656 0.009179524421691893
v 0.005035134315490721 0.012265784263610833 0.006116405963897704
v 0.006191185474395751 0.011727163314819329 0.006024554729461669
v 0.002595483779907226 0.013003101348876944 0.006300108909606933
v 0.0038327457904815667 0.0126923542022705 0.0062082576751708975
v 0.0013348129987716673 0.013194254875183097 0.0063919606208801254
v -0.001210906386375427 0.013204895973205557 0.006575663566589354
v 6.21981844305992e-05 0.013262057304382315 0.006483811855316161
v -0.003712854623794555 0.012726895332336417 0.0067593669891357405
v -0.00247306752204895 0.013025445938110343 0.006667515277862548
v -0.004918836593627929 0.01231243133544921 0.006851218700408934
v -0.0020886633396148676 -0.012808199882507317 0.00890396976470947
v 0.005239575862884521 -0.011874709129333489 0.00945508003234863
v 0.006200398921966552 -0.010974243164062493 0.009196186065673826
v 0.007225117683410643 -0.010326824188232416 0.009288038253784178
v 0.006354496002197264 -0.011314627647399895 0.009546931266784665
v 0.008184075355529783 -0.009585449218749993 0.009379889488220213
v 0.00906832408905029 -0.008756783485412593 0.009471741676330565
v 0.00840039539337158 -0.009890098571777337 0.009730633735656736
v 0.009868917465209959 -0.00784749317169189 0.0095635929107666
v 0.009312925338745115 -0.00903932094573974 0.009822485923767088
v 0.007411177158355711 -0.010650813102722161 0.0096387825012207
v 0.010577053070068357 -0.006864370346069332 0.00965544509887695
v 0.011186365127563474 -0.005816356182098385 0.009747297286987302
v 0.010871174812316892 -0.007095046997070308 0.010006188392639158
v 0.011692509651184079 -0.004714175224304196 0.009839149475097654
v 0.012091203689575192 -0.0035686051845550517 0.009931001663208006
v 0.012025248527526853 -0.00488432693481445 0.010189891815185545
v 0.01237816524505615 -0.0023904235363006576 0.010022852897644041
v 0.012438748359680174 -0.0037059905529022194 0.010281744003295897
v 0.011501243591308592 -0.006017707824707027 0.01009804058074951
v 0.010139543533325194 -0.008105314254760737 0.009914337158203123
v 0.012549859046936033 -0.0011904609203338616 0.010114705085754393
v 0.012605747222900388 2.0243214443325984e-05 0.010206557273864745
v 0.012917245864868162 -0.0012588492631912223 0.010465447425842283
v 0.012546040534973142 0.0012305965423583976 0.010298408508300778
v 0.012370948791503904 0.0024295067787170393 0.01039026069641113
v 0.012919728279113767 0.001233693361282348 0.010649149894714353
v 0.01208074855804443 0.003605893850326536 0.010482111930847166
v 0.012742644309997556 0.0024684615135192856 0.010741001129150388
v 0.012977991104125975 -1.2550195679068557e-05 0.010557298660278318
v 0.011677859306335447 0.004749065876007077 0.010573964118957517
v 0.011167286872863768 0.005848799228668209 0.01066581630706787
v 0.012035238265991208 0.004858334541320798 0.010924704551696775
v 0.010554191589355466 0.00689489889144897 0.010757667541503904
v 0.011512507438659666 0.005991888046264645 0.01101655578613281
v 0.00984373378753662 0.007877170085906977 0.010849519729614256
v 0.009041465759277343 0.008785761833190912 0.010941371917724606
v 0.010155258178710935 0.00808364868164062 0.011200259208679198
v 0.008155371665954588 0.009612955093383783 0.011033224105834958
v 0.009331714630126952 0.009021191596984857 0.011292111396789548
v 0.010884086608886717 0.007070496082305904 0.011108407974243163
v 0.012446991920471188 0.0036803462505340554 0.01083285331726074
v 0.012737303733825681 -0.0024937841892242415 0.01037359523773193
v -0.013260107040405271 1.227082539116963e-07 0.001988097786903381
v -0.012913964271545408 -0.003713879585266111 0.002737958192825317
v -0.01321053886413574 -0.0024563174247741685 0.0026461064815521233
v -0.012498613357543943 -0.004937118530273434 0.0028298103809356683
v -0.013385871887207029 -0.0011761267185211174 0.0025542559623718255
v -0.011323823928833006 -0.007234856128692622 0.0030135142803192133
v -0.011967018127441404 -0.0061143665313720666 0.0029216625690460197
v -0.009731541633605956 -0.00926688385009765 0.0031972167491912834
v -0.010576217651367185 -0.008288902282714838 0.0031053655147552485
v -0.00879713439941406 -0.010159178733825677 0.0032890679836273186
v -0.00669204807281494 -0.011652567863464348 0.003472770929336547
v -0.007780686378479003 -0.010956593513488763 0.003380919456481933
v -0.004340884208679199 -0.012717953681945792 0.003656474590301513
v -0.005541889667510985 -0.01224154090881347 0.0035646226406097405
v -0.0030997097492218013 -0.013076269149780266 0.0037483263015747064
v -0.0005422878861427306 -0.013426355361938468 0.003932029485702514
v -0.0018295168876647945 -0.013312666893005363 0.0038401780128478995
v 0.0020350129604339595 -0.013283658027648918 0.004115732669830322
v 0.0007499108910560607 -0.013416847229003898 0.004023880958557128
v 0.003301012754440307 -0.013026613235473624 0.0042075843811035145
v -0.0060795822143554674 0.01178524208068847 0.006943070411682128
v -0.007183662891387938 0.011148518562316887 0.007034922122955321
v -0.008220414161682127 0.010406816482543938 0.007126773834228514
v -0.009181175231933592 0.009568274497985833 0.007218625545501707
v -0.010057609558105467 0.00864160823822021 0.007310477256774901
v -0.01084138011932373 0.00763553380966186 0.0074023289680480945
v -0.011524278640747069 0.0065588369369506795 0.00749418020248413
v -0.012100266456604001 0.005421479225158688 0.0075860319137573224
v -0.012565097808837888 0.0042343959808349586 0.007677883625030516
v -0.012914583206176755 0.003008551836013792 0.007769734859466551
v 0.0057303838729858385 -0.01215434265136718 0.004391287326812743
v 0.0045364956855773915 -0.012648624420166007 0.004299436092376708
v 0.00794907760620117 -0.010835600852966303 0.00457499074935913
v 0.006871602535247801 -0.011548442840576165 0.004483139038085937
v 0.008952467918395995 -0.010021560668945306 0.004666842460632323
v -0.013144529342651364 0.0017549104690551746 0.007861586570739744
v -0.013251630783081052 0.00048460671305656405 0.00795343780517578
v -0.013099033355712887 -0.0020585675239562975 0.008137141227722166
v -0.013236100196838376 -0.0007905466556549067 0.008045289993286131
v 0.009873347282409666 -0.009114871025085444 0.004758693695068358
v 0.011435104370117185 -0.007059547424316402 0.004942396640777587
v 0.010703598022460936 -0.008124533653259273 0.004850545406341552
v 0.01257250118255615 -0.004743239402770993 0.005126100063323973
v 0.012059897422790525 -0.005928992271423336 0.00503424835205078
v 0.012969503402709958 -0.003513732910156248 0.005217951297760009
v 0.013403302192687986 -0.0009693646430969232 0.005401654720306396
v 0.013247553825378415 -0.002251949071884154 0.005309803009033202
v 0.013340992927551266 0.0016114983558654775 0.005585358142852782
v 0.013434210777282712 0.00032244399189949017 0.0054935064315795885
v 0.013125168800354001 0.0028857197761535626 0.005677209854125976
v 0.01233186626434326 0.005341382980346677 0.0058609127998352035
v 0.012788261413574217 0.004133029937744138 0.005769061088562011
v 0.01107997703552246 0.007598628044128413 0.006044616222381591
v 0.011760075569152829 0.0064998083114623986 0.005952764511108397
v 0.010298838615417479 0.00862824153900146 0.006136467456817626
v 0.008462512016296385 0.010441446304321282 0.006320170402526854
v 0.00942392826080322 0.009579048156738275 0.006228319168090819
v 0.00631094980239868 0.011864891052246087 0.006503873348236083
v 0.0074218850135803205 0.01120587253570556 0.006412022113800047
v 0.005141099452972411 0.012414359092712395 0.006595725059509276
v 0.0026710762977600094 0.013169216156005852 0.006779428005218504
v 0.003923939704895019 0.012850420951843253 0.006687576293945311
v 0.00010466300696134565 0.013439593315124503 0.006963130950927733
v 0.0013941154479980467 0.01336688804626464 0.006871279716491698
v -0.0011856787204742429 0.013385661125183097 0.0070549826622009265
v -0.0037226517200469964 0.012909106254577628 0.007238686084747313
v -0.0024653148651123044 0.01320776653289794 0.00714683437347412
v -0.006124052047729491 0.011962261199951165 0.0074223895072937
v -0.004946095466613769 0.012492872238159172 0.007330537796020506
v -0.007244928836822508 0.0113204698562622 0.007514241218566893
v -0.009274176597595213 0.0097253189086914 0.00769794464111328
v -0.008297904968261717 0.010572082519531243 0.007606092929840086
v -0.010962701797485349 0.007771888732910151 0.007881648063659666
v -0.010165267944335936 0.008788985252380366 0.007789796352386473
v -0.011658132553100584 0.006682907104492183 0.007973499298095701
v -0.012720193862915036 0.004330584049224851 0.008157202720642088
v -0.012245408058166502 0.005532116413116452 0.008065350532531736
v -0.013078207969665525 0.003089409351348875 0.008249053955078123
v -0.013427694320678708 0.0005326982736587521 0.00843275737762451
v -0.013315170288085935 0.001819689631462096 0.008340905189514159
v -0.013415960311889645 -0.0007595927119255061 0.008524608612060546
v -0.012464729309082028 -0.004525306224822995 0.008320844650268553
v -0.012841524124145505 -0.0033074734210968 0.008228992462158202
v -0.011368798255920408 -0.00682405042648315 0.00850454807281494
v -0.011971899032592772 -0.005700901985168453 0.008412695884704589
v -0.010661343574523923 -0.007884598731994624 0.008596399307250974
v -0.008957450866699216 -0.009777618408203119 0.008780102729797361
v -0.00985544967651367 -0.008872393608093256 0.00868825054168701
v -0.006921781063079832 -0.011310147285461418 0.008963806152343748
v -0.007976262569427489 -0.010592523574829095 0.008871953964233396
v -0.005803905487060545 -0.01192352867126464 0.009055657386779783
v -0.0034181377887725823 -0.012811643600463858 0.009239359855651854
v -0.004632540702819823 -0.012425727844238274 0.009147508621215819
v -0.0009059621095657347 -0.01322749710083007 0.009423063278198241
v -0.00217210841178894 -0.01307941246032714 0.009331212043762206
v 0.0003687916100025176 -0.013254361152648917 0.009514914512634275
v 0.002897479057312011 -0.01294107246398925 0.009698617935180662
v 0.0016405996084213254 -0.013158669471740714 0.009606766700744626
v 0.005317684173583984 -0.012147532463073723 0.009882322311401365
v 0.004127204418182372 -0.012603345870971672 0.009790470123291014
v 0.006458427429199217 -0.011578642845153801 0.0099741735458374
v 0.008552884101867674 -0.010129362106323236 0.010157876014709471
v 0.007539975166320799 -0.010903601646423332 0.010066024780273436
v 0.010335013389587401 -0.008311109542846674 0.010341579437255857
v 0.009487710952758787 -0.009262880325317377 0.010249727249145506
v 0.011085499763488767 -0.007281142234802242 0.010433430671691892
v 0.012271161079406736 -0.005025977134704587 0.010617134094238279
v 0.011732426643371579 -0.006182345867156979 0.010525282859802244
v 0.013005767822265622 -0.002585774660110472 0.010800837516784666
v 0.012697131156921384 -0.003823349237442014 0.01070898628234863
v 0.0131932897567749 -0.0013246262073516838 0.010892689704895018
v 0.013203257560729978 0.0012218995094299308 0.011076392173767088
v 0.013259066581726072 -5.1512204110622376e-05 0.010984540939331053
v 0.012727574348449705 0.003722957849502561 0.011260094642639157
v 0.013026018142700192 0.0024839413166046127 0.011168243408203124
v 0.0123104133605957 0.004927689552307126 0.011351946830749509
v 0.0111409215927124 0.007191199779510493 0.011535650253295896
v 0.011779740333557127 0.0060873546600341754 0.011443798065185544
v 0.00956074047088623 0.009188776969909662 0.011719353675842283
v 0.010399327278137206 0.008228470802307123 0.011627501487731931
v 0.008633513450622557 0.010063951492309564 0.011811204910278318
v 0.00842165470123291 0.009875155448913568 0.011383962631225583
v -0.01302399921417236 -0.003311487913131712 0.008708312034606931
v -0.01328103923797607 -0.0020450370311737047 0.008616459846496581
v -0.01215023040771484 -0.005739719867706296 0.008892015457153318
v -0.012645977973937985 -0.004546823978424069 0.008800163269042966
v -0.011542571067810056 -0.006879812240600582 0.008983866691589354
v -0.010015370368957518 -0.008960355758666987 0.00916757011413574
v -0.01082896327972412 -0.007956793308258051 0.009075717926025389
v -0.008116407394409178 -0.010709439277648919 0.009351273536682128
v -0.009108181953430173 -0.00988053131103515 0.009259421348571776
v -0.007050050735473631 -0.011439990997314445 0.009443124771118163
v -0.0047336297035217275 -0.012577705383300773 0.009626828193664548
v -0.00591912031173706 -0.012065100669860832 0.009534976959228513
v -0.0022422547340393063 -0.013247868537902824 0.009810530662536619
v -0.0035041534900665276 -0.012972602844238273 0.009718679428100584
v -0.0009595963954925535 -0.013401909828186027 0.009902381896972654
v 0.0016213036775588987 -0.013340157508850089 0.010086085319519041
v 0.00033215889334678645 -0.0134331350326538 0.00999423313140869
v 0.004142945289611816 -0.012785208702087394 0.010269788742065428
v 0.0028956954479217524 -0.013123596191406241 0.010177937507629393
v 0.005350799083709716 -0.012327027320861808 0.010361640930175779
v 0.007606773376464843 -0.011073400497436516 0.010545344352722166
v 0.006508612155914305 -0.011754095077514641 0.010453492164611814
v 0.009585770606994627 -0.009416798591613764 0.010729046821594236
v 0.008635690689086912 -0.010291961669921868 0.0106371955871582
v 0.010447421073913572 -0.008454929351806636 0.010820898056030271
v 0.011870249748229977 -0.0063020219802856405 0.011004601478576658
v 0.011211202621459958 -0.007413513183593745 0.010912750244140623
v 0.012855286598205564 -0.003914441585540769 0.011188304901123044
v 0.012419833183288572 -0.00513184833526611 0.01109645366668701
v 0.013171942710876463 -0.00266125178337097 0.011280157089233396
v 0.013436591148376462 -9.382328391075129e-05 0.011463859558105466
v 0.013365936279296872 -0.0013837916851043692 0.011372008323669431
v 0.01320837879180908 0.0024763398170471176 0.011647562980651853
v 0.013384031295776365 0.0011968288421630852 0.011555710792541501
v 0.012909825325012204 0.0037328975200653053 0.011739414215087889
v 0.01195670986175537 0.0061319556236267055 0.011923117637634276
v 0.012490855216979978 0.004955083370208737 0.011831265449523924
v 0.0113127965927124 0.0072525987625122025 0.012014968872070311
v 0.009717708587646482 0.009281905174255365 0.012198672294616696
v 0.01056451892852783 0.00830609798431396 0.012106821060180661
v 0.00878080368041992 0.010171718597412102 0.012290523529052732
v 0.007626977443695067 0.010846678733825678 0.011903056144714354
v 0.0071943607330322255 0.010351842880249018 0.011125075340270994
v 0.007434231281280516 0.010638405799865715 0.011475813865661618
v 0.00616734218597412 0.010995519638061517 0.011216927528381345
v 0.005263925075531005 0.011864250183105461 0.011659517288208006
v 0.005083235263824462 0.011537096977233879 0.011308779716491697
v 0.003951666116714477 0.01197117328643798 0.011400631904602049
v 0.004100101470947265 0.012314141273498527 0.011751369476318357
v 0.0027835087776184077 0.012294963836669915 0.011492483139038084
v 0.00637860059738159 0.011303809165954583 0.01156766605377197
v 0.0016698904037475582 0.012870976448059073 0.011935071945190428
v 0.0015897631645202634 0.012505953788757317 0.011584335327148435
v 0.00038142964243888846 0.012601625442504875 0.011676187515258786
v -0.0008216117620468138 0.012953390121459954 0.012118775367736813
v -0.0008304835557937621 0.012579763412475579 0.011768038749694822
v -0.0020348916053771968 0.012441106796264641 0.011859890937805173
v -0.0020619456768035884 0.012813838958740227 0.012210626602172849
v -0.0032206661701202387 0.012188072204589836 0.011951742172241209
v 0.00042613840103149404 0.012972680091857902 0.01202692413330078
v 0.0028983175754547113 0.012650590896606438 0.011843220710754393
v -0.004376677989959716 0.011823094367980949 0.01204359436035156
v -0.00549179983139038 0.011348611831665032 0.012135446548461912
v -0.0044745087623596184 0.012183802604675286 0.012394330024719236
v -0.006555483818054198 0.010768171310424799 0.012227297782897948
v -0.007558708190917967 0.010088224411010736 0.012319149971008298
v -0.006720436096191405 0.011103516578674309 0.012578033447265623
v -0.008492695808410642 0.009315697669982904 0.01241100215911865
v -0.007755081653594969 0.010406157493591302 0.012669884681701658
v -0.005623809814453124 0.011698271751403802 0.012486181259155271
v -0.009348672866821287 0.008457514762878413 0.012502853393554685
v -0.010117962837219236 0.0075206971168518015 0.012594705581665037
v -0.009602220535278318 0.008732055664062495 0.012853588104248045
v -0.010793590545654295 0.006513886928558346 0.012686557769775389
v -0.011369988441467282 0.005447072029113766 0.012778409004211424
v -0.011094966888427732 0.006734894275665279 0.01303729152679443
v -0.011841633796691892 0.0043302807807922335 0.012870261192321774
v -0.011691222190856932 0.005638124465942379 0.013129142761230466
v -0.010396713256835935 0.007769627094268794 0.01294543933868408
v -0.00871869373321533 0.009613301277160638 0.012761735916137693
v -0.003283399581909179 0.012556484222412102 0.0123024787902832
v -0.012203001022338865 0.003173541784286497 0.012962113380432126
v -0.012449548721313474 0.0019870957136154162 0.013053964614868161
v -0.012554876327514645 0.0032997047901153543 0.013312845230102536
v -0.01258065891265869 0.0007820309996604915 0.013145816802978513
v -0.01259669780731201 -0.0004303514957427976 0.013237668037414548
v -0.01295003795623779 0.0008386023640632624 0.013496548652648923
v -0.012498028755187986 -0.0016387511491775502 0.0133295202255249
v -0.012969769477844235 -0.0004095299839973447 0.013588399887084959
v -0.012811855316162107 0.0020788924694061265 0.013404697418212888
v -0.012285017013549802 -0.0028318672180175763 0.013421372413635252
v -0.011958027839660643 -0.0039983990192413305 0.013513223648071287
v -0.012655262947082517 -0.002882781028747557 0.013772103309631346
v -0.011518204689025877 -0.005127295970916745 0.013605075836181637
v -0.010970844268798826 -0.006208840370178219 0.01369692802429199
v -0.01187190818786621 -0.005248034954071041 0.013955806732177731
v -0.010322622299194334 -0.007233757495880122 0.013788780212402341
v -0.011311264038085935 -0.006362978458404537 0.014047657966613766
v -0.012321717262268064 -0.004084629535675046 0.013863954544067381
v -0.012871395111083981 -0.0016538695096969594 0.01368025207519531
v -0.009580216407775876 -0.008192772865295406 0.013880632400512693
v -0.008750303268432616 -0.009076610565185541 0.013972483634948728
v -0.009884862899780272 -0.008409204483032222 0.014231361389160153
v -0.007839558601379392 -0.009875997543334954 0.01406433582305908
v -0.006855010509490966 -0.010582127571105951 0.01415618801116943
v -0.008097300529479979 -0.010146760940551752 0.01441506481170654
v -0.005806207656860351 -0.01118956279754638 0.014248040199279782
v -0.007085567951202391 -0.010876352310180658 0.014506916999816892
v -0.009032802581787108 -0.009321350097656243 0.014323213577270505
v -0.004703797817230224 -0.01169433403015136 0.014339891433715817
v -0.003558433532714843 -0.01209247970581054 0.014431743621826169
v -0.004873814582824706 -0.012027096748352043 0.014690619468688961
v -0.002380766630172729 -0.01238003730773925 0.014523594856262204
v -0.001181450009346008 -0.012553043365478508 0.014615447044372556
v -0.0024840362071990962 -0.012739206314086905 0.014874322891235348
v 2.8837945312261576e-05 -0.012607928276062004 0.014707299232482908
v -0.0012497781515121457 -0.012920508384704581 0.014966174125671384
v -0.0036957004070281977 -0.012440033912658684 0.014782471656799313
v -0.006007422447204589 -0.01150450134277343 0.014598768234252928
v -0.010646632194519041 -0.007419890880584712 0.014139510154724118
v -0.012179764747619627 0.004489625453948972 0.013220993995666501
v 0.0012391613721847532 -0.012544992446899406 0.014799150466918943
v 0.0024384384155273432 -0.012366725921630852 0.014891002655029293
v 0.001242308139801025 -0.012918679237365715 0.01514987754821777
v 0.003615585088729858 -0.012075647354125968 0.014982854843139645
v 0.004759518146514891 -0.011674275398254387 0.015074707031249997
v 0.0036901319026947012 -0.012441841125488273 0.015333580970764158
v 0.005859153747558593 -0.011165126800537103 0.015166558265686032
v 0.004868902683258056 -0.012031682968139642 0.015425432205200193
v 0.0024774613380432126 -0.012738359451293937 0.015241728782653806
v 0.006903536796569823 -0.01055094909667968 0.015258410453796384
v 0.007883489608764647 -0.009837669372558588 0.015350262641906736
v 0.007079206466674803 -0.010880922317504876 0.015609135627746578
v 0.008791137695312498 -0.009033543586730952 0.01544211387634277
v 0.009618636131286619 -0.008146880149841303 0.015533966064453121
v 0.009026579856872557 -0.009323742866516107 0.01579283809661865
v 0.010358140945434567 -0.0071859889030456495 0.015625817298889157
v 0.00988087463378906 -0.00841310024261474 0.015884690284729
v 0.008089990615844724 -0.010149195671081537 0.015700986862182614
v 0.00600235605239868 -0.011510444641113273 0.015517284393310543
v 0.006550464630126952 0.011529642105102532 0.011994908332824704
v 0.004225624084472655 0.012568651199340813 0.012178611755371091
v 0.005413315296173095 0.012105545043945305 0.012086759567260739
v 0.0029988117218017574 0.01291597080230712 0.012270462989807126
v -3.910164814442395e-06 -0.012980239868164054 0.015058025360107419
v -0.0008007913231849669 0.01323641872406005 0.012546017646789549
v 0.00047404369711875904 0.013252406120300285 0.012454166412353513
v -0.0020684082508087153 0.013097543716430656 0.012637868881225584
v 0.011001805305480955 -0.006159178256988521 0.01571766948699951
v 0.010644776344299315 -0.007425802230834957 0.015976541519165034
v 0.0017444330453872678 0.013144792556762687 0.012362314224243161
v 0.011310186386108397 -0.006370383739471431 0.016068393707275388
v 0.011541928291320799 -0.005074825763702389 0.015809520721435544
v 0.011973765373229979 -0.003942713260650633 0.015901372909545894
v 0.01186915302276611 -0.0052554497718811 0.016160243988037105
v 0.01229535102844238 -0.0027739429473876936 0.015993225097656247
v 0.012504828453063962 -0.0015796686410903921 0.016085077285766598
v 0.012650973320007322 -0.0028886396884918197 0.01634394836425781
v 0.012600337028503416 -0.0003710435032844541 0.01617692947387695
v 0.012869829177856442 -0.0016596655845642079 0.016435800552368162
v 0.012316766738891599 -0.004091060161590574 0.01625209617614746
v 0.012580021858215329 0.0008407788872718806 0.0162687816619873
v 0.012442101478576658 0.0020446515083312974 0.01636063385009765
v 0.012953712463378904 0.000832032978534698 0.016619503021240233
v 0.012187400817871091 0.0032296361923217754 0.016452486038208005
v 0.011819883346557616 0.004385047912597653 0.016544336318969722
v 0.012555874824523923 0.0032924494743347145 0.016803207397460933
v 0.011343696594238279 0.005500216007232663 0.016636188507080076
v 0.012180588722229001 0.004482945442199704 0.016895057678222653
v 0.012814933776855466 0.002071808576583861 0.016711355209350583
v 0.01297138977050781 -0.00041561549901962254 0.01652765083312988
v 0.010762989997863768 0.006564469814300533 0.016728040695190426
v 0.01008229351043701 0.007567416191101069 0.01681989288330078
v 0.011098306655883787 0.006729520797729488 0.017078762054443357
v 0.009308490753173826 0.008500373840332026 0.01691174507141113
v 0.008449360847473143 0.009355315208435053 0.01700359725952148
v 0.009606040954589843 0.008726467132568354 0.017262464523315427
v 0.007512683391571044 0.01012421035766601 0.0170954475402832
v 0.00872383403778076 0.009608947753906244 0.017354316711425778
v 0.010400193214416502 0.007763895034790034 0.017170612335205074
v 0.006506252288818358 0.010799050331115716 0.01718729972839355
v 0.005438851833343505 0.011373226165771477 0.017279151916503904
v 0.006727225303649901 0.011100504875183098 0.017538019180297848
v 0.004321013450622558 0.011842604637145988 0.017371004104614254
v 0.00562984800338745 0.011694485664367668 0.017629871368408198
v 0.003163446903228759 0.01220330333709716 0.017462856292724607
v 0.0019768620729446406 0.012451440811157219 0.017554708480834957
v 0.003289486408233642 0.012555150032043449 0.01781357383728027
v 0.0007720009088516234 0.01258343315124511 0.017646558761596678
v 0.002068534135818481 0.012813784599304191 0.017905426025390622
v 0.004480263233184813 0.012180708885192864 0.01772172164916992
v 0.007761562824249266 0.010403050422668451 0.017446166992187498
v 0.011693317413330075 0.005632300853729244 0.016986909866333003
v -0.000440081775188446 0.01259862518310546 0.017738410949707028
v 0.0008284553885459898 0.012952895164489739 0.01799727630615234
v -0.00041936984658241263 0.012971779823303215 0.018089128494262693
v -0.0016481530666351315 0.012498025894165031 0.017830263137817378
v -0.0028919901847839348 0.012652914047241203 0.018272830963134763
v -0.0028409781455993647 0.012282660484313958 0.01792211532592773
v -0.004007322788238525 0.01195356082916259 0.01801396751403808
v -0.0040936474800109856 0.012317219734191887 0.018364683151245113
v -0.005136319637298583 0.011512904167175285 0.018105819702148435
v -0.0016633746623992917 0.012871443748474112 0.018180980682373043
v -0.006372295856475829 0.011306310653686516 0.018548387527465817
v -0.00621806240081787 0.01096589279174804 0.018197671890258785
v -0.007242802143096923 0.010318213462829583 0.018289522171020506
v -0.008417279243469236 0.00988023662567138 0.018732089996337888
v -0.00820078945159912 0.009575556755065912 0.018381374359130856
v -0.00908237552642822 0.008743726730346674 0.018473226547241206
v -0.009327119827270506 0.009026209831237787 0.018823942184448238
v -0.009879634857177733 0.007830450534820552 0.01856507873535156
v -0.007429022312164305 0.010642253875732414 0.018640237808227534
v -0.005257153511047362 0.011866576194763176 0.018456535339355463
v -0.011195215225219724 0.005796915531158443 0.01874878120422363
v -0.011700621604919432 0.004695406436920163 0.01884063339233398
v -0.011510230064392087 0.005998066425323483 0.01909949493408203
v -0.012096625328063963 0.003550182580947874 0.018932485580444334
v -0.012380740165710447 0.002372025012969969 0.019024337768554684
v -0.012444269180297849 0.003687417984008787 0.019283199310302732
v -0.012551275253295895 0.0011719945669174186 0.019116189956665034
v -0.012739927291870115 0.002475237131118773 0.019375051498413082
v -0.01203350734710693 0.004865391731262204 0.01919134712219238
v -0.012606538772583005 -3.8847293704748127e-05 0.019208042144775388
v -0.012544898986816403 -0.0012494390010833732 0.019299894332885738
v -0.012978851318359373 -6.208042148500677e-06 0.019558753967285153
v -0.012366691589355466 -0.0024487099647521955 0.019391744613647458
v -0.012074620246887205 -0.00362557792663574 0.01948359680175781
v -0.012738386154174802 -0.0024878544807434067 0.019742456436157223
v -0.011671530723571775 -0.004768960475921628 0.019575448989868162
v -0.01244085121154785 -0.00370024514198303 0.019834308624267574
v -0.012918637275695798 -0.001252703666687011 0.019650606155395503
v -0.012918711662292477 0.0012402337789535515 0.0194669017791748
v -0.010880290031433103 0.007075516223907466 0.019007644653320308
v -0.01058606719970703 0.006845055103301997 0.01865693092346191
v -0.011160268783569334 -0.0058677744865417445 0.019667301177978512
v -0.010544217109680174 -0.0069112596511840775 0.01975915145874023
v -0.011505525588989256 -0.006011080741882321 0.020018011093139644
v -0.009830070495605466 -0.007890638828277582 0.019851003646850583
v -0.00902578544616699 -0.008797891616821284 0.019942855834960933
v -0.010141487121582029 -0.008097230911254878 0.020201713562011715
v -0.008139323234558104 -0.009624999046325678 0.020034708023071286
v -0.009315894126892089 -0.009033427238464349 0.020293565750122065
v -0.010874088287353513 -0.007087022781372066 0.020109863281249998
v -0.00717864418029785 -0.010363941192626947 0.020126560211181636
v -0.006151707649230956 -0.011006699562072748 0.02021841239929199
v -0.007418422698974608 -0.0106506700515747 0.02047727012634277
v -0.005066715717315672 -0.011545685768127435 0.02031026458740234
v -0.0039338977336883536 -0.011976898193359368 0.02040211677551269
v -0.005247309207916258 -0.011872972488403313 0.02066097259521484
v -0.0027644932270050044 -0.012298130035400383 0.020493968963623044
v -0.004082199573516845 -0.012319956779479972 0.020752824783325192
v -0.00636289072036743 -0.011315162658691398 0.020569122314453122
v -0.008405481338500975 -0.00988733291625976 0.02038541793823242
v -0.0015697488784790037 -0.012507184982299796 0.020585821151733394
v -0.00036091098189353933 -0.01260186576843261 0.020677673339843747
v -0.0016496670246124265 -0.012872244834899894 0.020936529159545893
v 0.0008507735729217528 -0.012579977035522452 0.020769523620605464
v 0.002054099321365356 -0.01243964767456054 0.020861375808715815
v 0.0008421262502670287 -0.01295368289947509 0.021120231628417963
v 0.003238339900970458 -0.012182796478271477 0.020953227996826168
v 0.0020813534259796138 -0.012812442779541008 0.021212081909179684
v -0.0004053912162780761 -0.012972965240478508 0.021028379440307613
v 0.00439307689666748 -0.011813783645629876 0.021045080184936518
v 0.0055078983306884755 -0.011337011337280265 0.02113693046569824
v 0.004491055965423583 -0.01217438602447509 0.021395786285400387
v 0.0065723910331726065 -0.01075688171386718 0.02122878265380859
v 0.00757614231109619 -0.01007779693603515 0.021320634841918942
v 0.006737533092498778 -0.011092149734497063 0.021579488754272458
v 0.008508853912353514 -0.009304308891296381 0.021412487030029292
v 0.007772733688354491 -0.010395724296569818 0.021671339035034175
v 0.005640063285827636 -0.011686538696289056 0.021487636566162104
v 0.0033012421131134026 -0.012551189422607413 0.021303934097290034
v -0.0028791275024414057 -0.01265381145477294 0.020844676971435543
v -0.012028930664062498 -0.004878459453582761 0.019926158905029294
v 0.009362148284912107 -0.008443502426147456 0.021504339218139643
v 0.010129238128662107 -0.007504559993743892 0.021596191406249996
v 0.009615842819213865 -0.008718012809753413 0.02185504341125488
v 0.010803388595581052 -0.006496729850769039 0.021688041687011713
v 0.011377861022949217 -0.005429259777069088 0.021779893875122067
v 0.011104858398437497 -0.006717664718627925 0.02203874588012695
v 0.011846529006958005 -0.004311610698699948 0.021871746063232417
v 0.011699164390563963 -0.005620221138000485 0.0221305980682373
v 0.010408098220825193 -0.007753427982330317 0.02194689559936523
v 0.012205713272094723 -0.0031540982723236065 0.02196359825134277
v 0.012452403068542478 -0.0019672989845275868 0.02205545043945312
v 0.012557594299316403 -0.0032800710201263406 0.02231430053710937
v 0.01258416938781738 -0.0007622430920600886 0.02214730262756347
v 0.012598970413208005 0.00044978523254394506 0.022239154815673824
v 0.012953666687011716 -0.0008185524940490718 0.022498004913330073
v 0.01249667930603027 0.0016576204299926748 0.022331007003784174
v 0.012972167015075682 0.00042923113703727695 0.022589857101440427
v 0.012814765930175779 -0.002058861970901488 0.022406152725219723
v 0.012184682846069333 -0.00447081899642944 0.022222450256347653
v 0.012279468536376952 0.0028502442836761455 0.022422857284545895
v 0.011949648857116697 0.004016646862030027 0.022514709472656245
v 0.012649694442749021 0.0029013850688934307 0.022773559570312494
v 0.011509530067443846 0.005145818710327145 0.0226065616607666
v 0.010961906433105467 0.006226961612701412 0.02269841384887695
v 0.011863206863403319 0.005266754150390622 0.022957262039184564
v 0.01031255531311035 0.007250585079193111 0.0227902660369873
v 0.011302329063415524 0.006381281375885005 0.023049114227294918
v 0.012313278198242185 0.0041030831336975075 0.022865411758422848
v 0.009568392753601072 0.008207695007324213 0.022882118225097652
v 0.008736337661743162 0.00908930110931396 0.02297396850585937
v 0.00987301445007324 0.008424256324768061 0.02323281669616699
v 0.007823319435119627 0.009886424064636225 0.023065820693969723
v 0.006837323665618895 0.010591377258300774 0.023157672882080073
v 0.008080943107604979 0.010157257080078119 0.023416521072387692
v 0.005788196563720702 0.011198742866516107 0.023249525070190426
v 0.007067734718322753 0.010885673522949212 0.023508373260498042
v 0.009018770217895506 0.009334138870239253 0.02332466888427734
v 0.010636566162109373 0.0074368767738342235 0.023140966415405268
v 0.012870106697082518 0.0016729905605316151 0.022681707382202144
v 0.004685971736907958 0.011703337669372552 0.023341377258300777
v 0.0035406849384307854 0.012099975585937492 0.023433229446411127
v 0.0048558611869812 0.012036241531372062 0.023692075729370113
v 0.002362446784973144 0.012383759498596183 0.023525079727172847
v 0.0011621235609054563 0.01255263423919677 0.023616931915283197
v 0.0024655811786651605 0.012743018150329582 0.023875778198242183
v -4.899144172668456e-05 0.012606155395507804 0.02370878410339355
v 0.001230285286903381 0.012920127868652336 0.023967630386352533
v 0.003677832603454589 0.012447672843933097 0.02378392601013183
v -0.0012595993280410764 0.012543893814086906 0.0238006362915039
v -0.0024584016799926753 0.012365427970886222 0.023892488479614254
v -0.00363431429862976 0.01207153129577636 0.02398433876037597
v -0.004776813983917235 0.011666124343872063 0.024076190948486325
v -0.005875468254089355 0.01115363693237304 0.024168043136596675
v -0.004886398315429687 0.012023427009582512 0.024426887512207028
v -1.6432451084256168e-05 0.012978507041931145 0.024059482574462887
v -0.00834511089324951 0.009838710784912103 0.024643405914306638
v 0.005989267826080321 0.011513788223266595 0.02360022354125976
v 0.00873505115509033 -0.009601922988891596 0.02176319122314453
v -0.010150362968444822 0.008088108062744136 0.018915792465209958
v -0.004535107612609862 0.012461052894592277 0.012821572303771971
v -0.0033170871734619135 0.012838255882263176 0.012729721069335936
v -0.006832903385162352 0.011364061355590814 0.013005275726318356
v -0.005710751056671142 0.011968431472778313 0.012913423538208004
v -0.007892038345336912 0.010654680252075189 0.013097126960754392
v -0.009784177780151365 0.008949821472167963 0.013280830383300779
v -0.008878886222839354 0.00984752178192138 0.013188978195190427
v -0.01131521415710449 0.006913852691650386 0.01346453285217285
v -0.010598750114440916 0.007968914508819576 0.013372681617736814
v -0.011927657127380368 0.005795105934143062 0.013556385040283201
v -0.012430206298828123 0.004623188972473141 0.013648236274719236
v -0.01281699180603027 0.003408614397048948 0.013740087509155272
v -0.013083176612854002 0.0021621260643005357 0.013831939697265622
v -0.013228048324584959 0.0008953831195831293 0.013923790931701657
v -0.013251925468444822 -0.00037972605228424046 0.014015642166137692
v -0.013155128479003903 -0.001651313304901122 0.014107493400573727
v -0.012937975883483884 -0.0029074902534484844 0.01419934558868408
v -0.012600786209106443 -0.004136368751525876 0.014291196823120115
v -0.012144701004028318 -0.005326319217681882 0.014383049011230466
v -0.011575236320495603 -0.006467088699340816 0.014474900245666502
v -0.010899359703063962 -0.0075488801002502395 0.014566752433776852
v -0.010124038696289061 -0.008561897277832025 0.014658603668212887
v -0.009256241798400877 -0.009496343612670892 0.014750455856323239
v -0.008302936553955077 -0.010342422485351556 0.014842307090759274
v -0.007271465778350829 -0.011090830802917473 0.014934159278869626
v -0.006171839714050292 -0.011735795974731438 0.015026010513305661
v -0.005015235900878905 -0.012273086547851555 0.015117861747741696
v -0.003812835454940795 -0.012698475837707512 0.015209712982177732
v -0.00257581877708435 -0.01300773620605468 0.015301565170288084
v -0.0013153675794601437 -0.013196642875671379 0.015393416404724119
v -4.26926240324974e-05 -0.013261383056640617 0.015485267639160152
v 0.0012307018041610716 -0.013202207565307609 0.015577119827270504
v 0.0024931454658508297 -0.013021668434143058 0.01566897106170654
v 0.003732965946197509 -0.012722347259521476 0.015760823249816893
v 0.004938491344451903 -0.012306823730468743 0.015852674484252927
v 0.0060980491638183585 -0.011777676582336418 0.015944526672363277
v 0.007200100898742674 -0.0111377305984497 0.016036376953124997
v 0.008234960556030272 -0.0103931655883789 0.016128229141235347
v 0.009194297790527342 -0.009552622795104975 0.0162200813293457
v 0.010069811820983885 -0.008624798774719233 0.016311931610107418
v 0.006674439907073973 0.011663590431213372 0.012474226951599119
v 0.007763235569000243 0.010968094825744621 0.012382375717163083
v 0.00432170534133911 0.012723820686340323 0.012657930374145506
v 0.005523859500885009 0.012250780105590813 0.01256607913970947
v 0.003079542398452758 0.01307964611053466 0.012749781608581541
v 0.011536175727844235 -0.006542088031768795 0.01649563598632812
v 0.01085320472717285 -0.007618387699127193 0.01640378379821777
v 0.0005219957828521728 0.013428516387939444 0.012933485031127926
v 0.0018090720176696775 0.01331547260284423 0.012841633796691893
v -0.0007699734568595884 0.013416315078735343 0.013025336265563962
v -0.003321239471435546 0.013020714759826652 0.013209039688110349
v -0.0020550134181976315 0.01327955722808837 0.013117188453674314
v -0.005749711513519286 0.01214674758911132 0.013392743110656736
v -0.004556766986846923 0.012642279624938958 0.013300890922546384
v -0.006888799667358397 0.011537801742553703 0.013484594345092771
v -0.008966962814331052 0.010007363319396965 0.013668297767639158
v -0.007964355945587157 0.01082223987579345 0.013576445579528806
v -0.010715770721435544 0.008108979225158686 0.013852001190185544
v -0.009887205123901364 0.00910047531127929 0.013760149002075193
v -0.01144514751434326 0.007042026042938228 0.013943852424621579
v 0.012110575675964352 -0.005404666900634762 0.016587486267089842
v 0.012571358680725096 -0.004216387748718259 0.016679338455200192
v 0.012916391372680662 -0.002988916873931883 0.016771190643310542
v 0.013143653869628904 -0.001733974218368529 0.016863040924072262
v 0.013251125335693358 -0.00046328020095825166 0.016954893112182613
v 0.013236784934997557 0.0008114447593688959 0.017046745300292966
v 0.01309869575500488 0.002078486680984496 0.017138597488403316
v 0.012837663650512693 0.003326337099075315 0.017230447769165037
v 0.01245779514312744 0.004543735980987546 0.017322299957275387
v 0.011963394165039061 0.005719438076019283 0.01741415214538574
v 0.011358764648437499 0.006842197418212887 0.01750600433349609
v 0.010648612976074216 0.007901057720184321 0.017597854614257807
v 0.009840128898620603 0.008886848449707026 0.01768970680236816
v 0.008941444396972654 0.009791075706481928 0.017781557083129878
v 0.007960697650909423 0.01060524940490722 0.01787340927124023
v 0.0069060354232788074 0.011320896148681633 0.01796526145935058
v 0.005786659240722655 0.011931014060974113 0.018057111740112302
v 0.004613622665405273 0.012431195259094231 0.018148963928222652
v 0.003398169040679931 0.012817296981811515 0.018240816116333006
v 0.0021515405178070064 0.013085172653198234 0.018332668304443356
v 0.0008850154876708983 0.01323099422454833 0.018424518585205076
v -0.00038978227972984305 0.013254007339477531 0.018516370773315426
v -0.0016610321998596189 0.01315520763397216 0.018608222961425776
v -0.004145598411560058 0.012596224784851066 0.018791925430297847
v -0.002916911602020263 0.012935607910156242 0.018700073242187497
v -0.005335649967193603 0.01213928794860839 0.0188837776184082
v -0.007558212757110595 0.01089491939544677 0.01906748008728027
v -0.006476617336273192 0.011570210456848137 0.01897562980651855
v -0.009502243041992186 0.009249529838562006 0.01925118446350097
v -0.010346115112304686 0.008293562889099116 0.01934303474426269
v -0.011094871520996091 0.007261214256286616 0.019434886932373042
v -0.008570148468017576 0.010119342803955073 0.01915933227539062
v -0.011741668701171873 0.006162303924560543 0.019526737213134762
v -0.012279657363891599 0.005006655216217038 0.019618589401245112
v -0.012702827453613279 0.0038043892383575416 0.019710441589355466
v -0.013008502960205075 0.002566832304000853 0.019802293777465816
v -0.013194841384887693 0.001305609941482543 0.019894144058227536
v -0.013259999275207516 3.234805539250372e-05 0.019985996246337887
v -0.013202198028564451 -0.0012413269281387322 0.020077848434448237
v -0.013021724700927733 -0.0025037684440612777 0.020169698715209957
v -0.012721360206604002 -0.003743306159973142 0.020261550903320307
v -0.01230403137207031 -0.00494826793670654 0.020353401184082028
v -0.011772665977478025 -0.006106981754302974 0.020445253372192378
v -0.011130760192871092 -0.007208111286163325 0.02053710556030273
v -0.010385302543640135 -0.008242385864257807 0.020628955841064448
v -0.009544618606567381 -0.00920132160186767 0.020720808029174802
v -0.008617031097412107 -0.010076438903808587 0.020812660217285152
v -0.007610867023468016 -0.01085925388336181 0.020904512405395502
v -0.006534451007843016 -0.011541286468505852 0.020996364593505856
v -0.005396366596221923 -0.012114505767822258 0.021088214874267572
v -0.004207350254058837 -0.012574645042419426 0.021180067062377926
v -0.002979211807250976 -0.01291931724548339 0.021271919250488276
v -0.001723769426345825 -0.013146146774291984 0.02136377143859863
v -0.00045284035801887505 -0.013252758979797354 0.021455621719360347
v 0.0008217576742172239 -0.013236777305603019 0.0215474739074707
v 0.002088248491287231 -0.013096171379089347 0.021639324188232417
v 0.0033353388309478754 -0.012832896232604972 0.02173117637634277
v 0.004552046298980712 -0.012451478958129874 0.02182302856445312
v 0.0057273941040039055 -0.01195649051666259 0.021914878845214838
v 0.006850404739379881 -0.01135249996185302 0.02200673103332519
v 0.007910101890563964 -0.010644079208374017 0.02209858131408691
v 0.008895627975463866 -0.00983595752716064 0.022190433502197262
v 0.009798130035400388 -0.008935532569885248 0.022282285690307612
v 0.01061042022705078 -0.007952420234680171 0.022374137878417966
v 0.011325360298156737 -0.006896301269531246 0.022465988159179683
v 0.011935811996459959 -0.005776856899261471 0.022557840347290036
v 0.012435276031494137 -0.004603998661041257 0.022649692535400386
v 0.0128198184967041 -0.00338855981826782 0.022741542816162103
v 0.013086202621459958 -0.0021416530609130848 0.022833395004272457
v 0.013231810569763181 -0.0008748806715011591 0.022925247192382807
v 0.013254432678222653 0.00039988031983375526 0.02301709938049316
v 0.013153869628906247 0.0016708817481994617 0.023108949661254877
v 0.012932344436645505 0.0029265334606170634 0.02320080184936523
v 0.012592224121093747 0.004155255317687985 0.02329265403747558
v 0.012135873794555661 0.005345467090606686 0.0233845043182373
v 0.011566168785095213 0.006485805034637447 0.02347635650634765
v 0.010889133453369138 0.0075662512779235795 0.023568208694458
v 0.010111986160278318 0.008577298164367671 0.023660058975219722
v 0.009241950988769529 0.009509438514709466 0.023751911163330072
v 0.008286264419555663 0.010353183746337884 0.023843763351440426
v 0.007253279209136962 0.011100396156311029 0.023935615539550776
v 0.006153323173522948 0.011745328903198234 0.024027465820312496
v 0.004996922492980956 0.012282475471496574 0.024119318008422846
v 0.0025569765567779535 0.013011688232421867 0.024303020477294917
v 0.0012954541444778439 0.013196321487426749 0.024394872665405267
v 2.1908162161707874e-05 0.01325968647003173 0.02448672485351562
v -0.0015546241998672483 0.013169458389282218 0.024596656799316403
v -0.004510834693908691 0.012341737747192376 0.02460451698303222
v -0.005889954566955565 0.011665696144103996 0.024613780975341792
v -0.007174329757690428 0.010826912879943841 0.024626684188842767
v -0.013437976837158201 5.5820633861003405e-08 0.0024705598354339596
v -0.013239512443542477 -0.002633666276931761 0.0031680459976196284
v -0.01291814613342285 -0.0039189729690551735 0.0032617969512939446
v -0.013434326171874997 -0.0013231558799743643 0.0030742964744567866
v -0.011906383514404295 -0.006363840579986568 0.003449299335479736
v -0.01043514060974121 -0.008563979148864741 0.003636800050735473
v -0.009545911788940428 -0.009546208381652826 0.003730550289154052
v -0.011224565505981443 -0.007499761581420894 0.003543049812316894
v -0.012472826957702634 -0.005166517257690426 0.003355548381805419
v -0.0075002036094665514 -0.011224694252014153 0.003918051242828368
v -0.005165935516357421 -0.01247225093841552 0.004105552673339843
v -0.00391891598701477 -0.012919319152832023 0.004199303627014159
v -0.0063634920120239245 -0.011905382156372064 0.0040118017196655266
v -0.0013232172727584836 -0.013434444427490226 0.004386804580688476
v 0.0013235962390899655 -0.013435155868530266 0.00457430601119995
v 0.0026339564323425288 -0.013241211891174307 0.004668056488037108
v 2.4297725758515294e-07 -0.013499383926391594 0.0044805555343627925
v -0.0026338968276977534 -0.013240894317626945 0.0042930541038513174
v -0.008564687728881835 -0.01043616867065429 0.0038243007659912102
v 0.005165999889373778 -0.012471744537353507 0.004855557918548583
v 0.007500602245330809 -0.011225296020507805 0.005043059349060058
v 0.008564448356628417 -0.010435881614685052 0.005136809825897216
v 0.006363903999328612 -0.011905666351318352 0.004949308395385741
v 0.010435617446899413 -0.008563608169555658 0.005324310779571532
v 0.011906724929809568 -0.0063639588356018024 0.005511811733245849
v 0.012472121238708493 -0.0051661849021911585 0.005605562210083007
v 0.011225524902343747 -0.0074999094009399365 0.00541806125640869
v 0.009545691490173338 -0.00954546165466308 0.005230560302734374
v 0.01323995780944824 -0.002633593559265135 0.005793063640594481
v 0.013499999999999998 -3.3065464225706125e-18 0.0059805650711059555
v 0.013434867858886717 0.0013235707283020012 0.006074315547943114
v 0.013435164451599119 -0.0013232725858688347 0.00588681411743164
v 0.012919904708862302 0.003919848918914792 0.006261816978454589
v 0.011905112266540525 0.006363254070281979 0.006449317932128905
v 0.01122241687774658 0.007498856067657466 0.006543068408966063
v 0.01247339630126953 0.005166772365570065 0.0063555674552917465
v 0.013240930557250974 0.002634483337402342 0.006168066024780272
v 0.012917737960815428 -0.003918647050857541 0.005699313163757323
v 0.003918735265731811 -0.012918577194213859 0.004761806964874267
v 0.009544725418090818 0.009546293258666986 0.0067305698394775374
v 0.007502213478088378 0.011226866722106927 0.006918070793151854
v 0.008565196037292479 0.010437566757202142 0.006824320316314696
v 0.005166320800781249 0.012470928192138664 0.00710557174682617
v 0.0026324224472045895 0.013240339279174796 0.007293072700500487
v 0.001322178483009338 0.01343664836883544 0.007386823177337645
v 0.003917930603027343 0.01291704559326171 0.0071993222236633285
v 0.006365209102630614 0.011906148910522453 0.007011821269989013
v -0.0013229792118072507 0.013434734344482413 0.0075743246078491195
v -0.003918417215347289 0.012915871620178215 0.0077618260383605945
v -0.005166503429412841 0.012470888137817375 0.007855576515197752
v -0.0026331107616424554 0.013238278388977042 0.007668075084686278
v -0.007501463890075682 0.011226731300353997 0.008043078422546385
v -0.009546122550964353 0.009546035766601556 0.008230579376220702
v -0.010435982704162596 0.008563818931579585 0.008324330329895017
v -0.008564920425415037 0.010436800003051751 0.008136828422546385
v -0.006364974498748778 0.01190669918060302 0.007949327468872069
v -4.179274546913802e-07 0.013501864433288565 0.007480573654174804
v -0.011905863761901853 0.006362832546234127 0.008511831283569334
v -0.012918379783630368 0.003917943716049192 0.00869933223724365
v -0.013241230964660643 0.002633429527282713 0.008793083190917967
v -0.012471721649169919 0.005165024757385251 0.00860558223724365
v -0.013499785423278806 3.134023472739498e-09 0.008980584144592284
v -0.013240354537963864 -0.002634545803070067 0.009168082237243651
v -0.01291907501220703 -0.003919821977615354 0.009261832237243651
v -0.013434291839599606 -0.0013236112594604483 0.009074333190917968
v -0.013435736656188963 0.0013233363628387443 0.008886833190917967
v -0.011905235290527342 -0.006363848686218258 0.009449330329895018
v -0.010435829162597655 -0.008564608573913569 0.009636829376220702
v -0.009546206474304198 -0.00954624462127685 0.009730579376220702
v -0.01122430896759033 -0.007500151634216304 0.009543080329895018
v -0.007499168395996092 -0.01122509288787841 0.009918077468872069
v -0.006362956047058104 -0.01190700435638427 0.010011827468872069
v -0.003918717861175537 -0.01291869926452636 0.010199325561523436
v -0.0026337800025939937 -0.013239023208618157 0.01029307460784912
v -0.005165824890136718 -0.012473768234252922 0.010105576515197752
v -0.008563804626464841 -0.010435637474060053 0.009824328422546385
v -0.01247227096557617 -0.005166728973388669 0.009355581283569335
v -0.011225413322448727 0.007499526977539058 0.008418080329895017
v 0.010433043479919432 0.008563296318054194 0.00663681936264038
v -2.7649383991956704e-07 -0.013498908042907706 0.010480572700500486
v 0.002634531736373901 -0.013241549491882316 0.01066807174682617
v 0.003920088291168212 -0.01292011070251464 0.01076182174682617
v 0.0013233414888381956 -0.013435070991516106 0.010574322700500486
v -0.012582268714904782 0.004724159240722653 0.014127555847167966
v -0.012069307327270505 0.0059102067947387656 0.014035703659057614
v -0.012978049278259275 0.0034945199489593484 0.014219407081604001
v -0.013251713752746579 0.0022321610450744614 0.014311258316040036
v 0.0051668558120727525 -0.012472723960876456 0.01085557174682617
v 0.0074985451698303205 -0.011221621513366692 0.011043069839477537
v 0.009545783042907712 -0.009544914245605463 0.011230567932128904
v 0.010437042236328123 -0.00856562995910644 0.011324317932128904
v 0.008562858581542968 -0.010432734489440912 0.01113681888580322
v 0.011906681060791013 -0.0063654417991638144 0.011511816024780271
v 0.012472476005554197 -0.0051666707992553676 0.011605566024780271
v 0.012918867111206052 -0.003918374538421628 0.011699315071105955
v 0.011226501464843748 -0.007502473831176753 0.011418066978454587
v 0.006363118648529052 -0.011904107093811027 0.010949320793151853
v -0.01340250492095947 0.0009488964676856988 0.014403109550476072
v -0.013430706977844235 -0.00034322547912597637 0.014494961738586424
v -0.013336606979370115 -0.0016321561336517323 0.014586812973022459
v -0.013120489120483397 -0.0029058470726013165 0.014678664207458494
v -0.012782640457153318 -0.004152249336242673 0.014770516395568844
v -0.012324179649353026 -0.005359574794769284 0.01486236763000488
v -0.011750664710998534 -0.00651741504669189 0.014954219818115231
v -0.011069126129150389 -0.007615820884704585 0.015046071052551267
v -0.010286595344543455 -0.008644844055175776 0.015137923240661618
v -0.009410101890563963 -0.009594534873962396 0.015229774475097654
v -0.007403731822967528 -0.01121662235260009 0.01541347789764404
v -0.008446677207946776 -0.010454944610595696 0.015321626663208006
v -0.005120975494384765 -0.012421813011169425 0.015597181320190426
v -0.006291393756866454 -0.011873686790466301 0.015505329132080074
v -0.0039037954807281485 -0.01285668182373046 0.01568903255462646
v -0.0013744201660156248 -0.013369371414184561 0.015872735023498532
v -0.002651171207427978 -0.013173974037170402 0.0157808837890625
v 0.0012057546377182004 -0.013382998466491691 0.01605643844604492
v -8.489186316728591e-05 -0.013438973426818839 0.015964587211608882
v 0.0024856846332550046 -0.01320399856567382 0.01614829063415527
v 0.013434373855590818 -0.0013221408128738395 0.011886814117431638
v 0.013434465408325193 0.0013238002061843864 0.012074312210083005
v 0.013241193771362302 0.002633853912353514 0.012168061256408689
v 0.013499999999999998 -3.3065464225706125e-18 0.011980563163757322
v 0.01247221755981445 0.005165604114532468 0.012355560302734372
v 0.011224812507629392 0.0075005540847778275 0.012543059349060056
v 0.010436017036437987 0.00856503295898437 0.01263680839538574
v 0.011905458450317381 0.006363519191741939 0.012449309349060056
v 0.01291935348510742 0.003918486356735227 0.012261811256408689
v 0.008563646316528319 0.010435365676879877 0.012824307441711423
v 0.00636388063430786 0.011906479835510247 0.01301180553436279
v 0.005166454315185546 0.012472579956054679 0.01310555553436279
v 0.0074996619224548325 0.011224816322326654 0.012918056488037106
v 0.002633644580841064 0.013239955902099601 0.013293054580688473
v 1.0412604751763863e-07 0.013500699043273917 0.01348055267333984
v -0.0013231612443923948 0.013434968948364249 0.013574301719665526
v 0.001323220610618591 0.01343516254425048 0.013386803627014157
v 0.003918885946273803 0.012918090820312492 0.013199304580688473
v 0.009545782089233396 0.009546110153198235 0.012730557441711423
v -0.00391939091682434 0.012918457984924308 0.013761800765991209
v -0.006363995552062987 0.011906294822692863 0.013949298858642576
v -0.007499466419219969 0.011224409103393548 0.014043048858642576
v -0.005166948795318603 0.01247292518615722 0.013855549812316893
v -0.009545294761657714 0.00954583835601806 0.014230546951293943
v -0.011224771499633787 0.007500316143035884 0.014418045997619627
v -0.011906399726867673 0.006363743782043453 0.01451179504394531
v -0.010435486793518065 0.00856469058990478 0.014324296951293943
v -0.00856326103210449 0.010435001373291009 0.01413679790496826
v -0.012920993804931637 0.00391937732696533 0.014699294090270994
v -0.013433465003967282 0.0013236143589019768 0.01488679218292236
v -0.013497090339660641 4.5870521603319475e-10 0.014980541229248044
v -0.013241511344909666 0.002634361505508421 0.014793043136596677
v -0.013240403175354002 -0.00263437509536743 0.015168042182922361
v -0.012920614242553708 -0.003919378042221067 0.015261793136596676
v -0.011905798912048338 -0.006362608432769771 0.015449294090270993
v -0.011223363876342771 -0.007498808860778804 0.01554304504394531
v -0.012474034309387205 -0.0051659126281738245 0.015355543136596676
v -0.013432649612426755 -0.0013236250877380362 0.01507429218292236
v -0.012473948478698729 0.005166316509246823 0.014605544090270994
v -0.002633893966674804 0.013240014076232902 0.013668051719665524
v 0.013240831375122067 -0.0026327652931213362 0.011793065071105955
v -0.001323477506637573 -0.013433005332946769 0.010386823654174803
v -0.013499986648559567 5.632055710691471e-12 0.0029805486202239984
v -0.013499785423278806 3.134023472739498e-09 0.008980584144592284
v -0.013497090339660641 4.5870521603319475e-10 0.014980541229248044
v -0.00856562805175781 -0.010437942504882806 0.015824295997619624
v -0.007501510620117186 -0.011226119041442864 0.01591804695129394
v -0.0063641200065612785 -0.01190517044067382 0.01601179695129394
v -0.005165521621704101 -0.012470428466796867 0.01610554695129394
v -0.0026330027580261225 -0.013240946769714348 0.016293048858642575
v -0.0013232320547103878 -0.013436896324157706 0.016386798858642575
v -0.010434205055236814 -0.008563864707946772 0.01563679504394531
v -0.003917790889739989 -0.01291723918914794 0.016199298858642575
v -0.009545801162719724 -0.009547125816345209 0.015730545997619624
v 0.0013223980665206907 -0.01343402671813964 0.016574300765991208
v -6.025277543812989e-07 -0.013501054763793936 0.016480548858642575
v 0.0026331174373626703 -0.013238521575927725 0.016668050765991208
v 0.0037430610656738273 -0.012904553413391105 0.016240142822265623
v 0.004966047286987304 -0.012487239837646477 0.01633199310302734
v 0.00726163625717163 -0.011309575080871576 0.016515697479248043
v 0.006142806529998778 -0.011954639434814446 0.016423845291137693
v 0.008312702178955076 -0.010558281898498528 0.016607547760009764
v 0.010177693367004392 -0.008771983146667476 0.016791250228881834
v 0.009287533760070799 -0.009709488868713373 0.016699399948120114
v 0.011670243263244626 -0.006665972709655758 0.016974954605102534
v 0.010974742889404294 -0.007754548549652095 0.016883102416992184
v 0.012255909919738767 -0.005515115261077877 0.017066804885864255
v 0.013080102920532225 -0.0030695250034332255 0.01725050926208496
v 0.012726595878601072 -0.004312360763549802 0.017158657073974605
v 0.013427246093749998 -0.0005110928416252133 0.01743421173095703
v 0.013314348220825193 -0.001798478603363036 0.01734236145019531
v 0.013416714668273924 0.000780761063098907 0.01752606391906738
v 0.013020140647888182 0.003330613136291502 0.017709768295288083
v 0.01328075313568115 0.0020652182102203357 0.01761791610717773
v 0.01214167022705078 0.0057585334777832 0.017893470764160153
v 0.012639004707336423 0.00456552171707153 0.0178016185760498
v 0.011532464027404783 0.006898238182067867 0.017985322952270504
v 0.009999895095825193 0.008975055694580073 0.018169025421142574
v 0.010816120147705076 0.007973517894744868 0.018077173233032224
v 0.008100669860839842 0.010722382545471185 0.018352727890014645
v 0.009092004776000974 0.009894220352172845 0.018260877609252928
v 0.007034120082855223 0.011450929641723626 0.018444580078124995
v 0.004714471817016601 0.012583304405212395 0.018628282546997065
v 0.005901658058166503 0.012072737693786613 0.018536432266235348
v 0.0022214486598968503 0.013253775596618644 0.01881198692321777
v 0.003483942031860351 0.012978395462036125 0.01872013473510742
v 0.0009384084939956664 0.013405527114868155 0.01890383720397949
v -0.0016419969797134397 0.013336715698242178 0.019087541580200193
v -0.000353400707244873 0.013432849884033194 0.01899568939208984
v -0.0041616144180297845 0.012778040885925285 0.019271244049072263
v -0.0029153959751129143 0.013118115425109855 0.019179393768310543
v -0.005369048118591307 0.012318716049194328 0.019363096237182614
v -0.007625302314758299 0.011064649581909173 0.019546798706054684
v -0.006527092456817625 0.011745594024658195 0.019454948425292964
v -0.009600549697875974 0.009403311729431147 0.019730503082275388
v -0.008653233528137206 0.010281855583190912 0.019638650894165034
v -0.010458730697631834 0.008437182426452632 0.019822353363037105
v 0.0039189021587371815 -0.012917256355285636 0.01676180076599121
v 0.0063650550842285145 -0.011908313751220695 0.01694930267333984
v 0.0075004549026489245 -0.011226692199707023 0.01704305267333984
v 0.005167098999023436 -0.012472948074340812 0.01685555076599121
v 0.009544505119323728 -0.009544567108154291 0.017230552673339842
v 0.01122592258453369 -0.007499613761901851 0.017418054580688472
v 0.011908034324645994 -0.006364463329315182 0.017511804580688472
v 0.010435064315795897 -0.008562766075134272 0.017324302673339842
v 0.008563286781311033 -0.010435660362243646 0.017136802673339842
v 0.012917032241821287 -0.003919107913970945 0.017699304580688472
v 0.013432765007019041 -0.0013226213455200188 0.017886806488037105
v 0.013499999999999998 -3.3065464225706125e-18 0.017980556488037105
v 0.013237689971923825 -0.002633419513702391 0.017793056488037105
v 0.013242617607116697 0.0026337444782257064 0.01816805839538574
v 0.012472389221191404 0.005166295528411862 0.018355560302734372
v 0.01190580654144287 0.006364300251007076 0.018449310302734372
v 0.012919519424438475 0.003918708801269529 0.01826180839538574
v 0.013437104225158689 0.001323607683181762 0.01807430839538574
v 0.012473057746887204 -0.005167013168334958 0.017605554580688472
v 0.01043452167510986 0.00856410408020019 0.018636810302734372
v 0.008563931465148925 0.010435831069946283 0.018824312210083006
v 0.007500720024108886 0.011225514411926263 0.018918062210083002
v 0.009544782638549803 0.009545612335205072 0.018730560302734373
v 0.003918548822402953 0.012918401718139641 0.019199314117431636
v 0.002633412837982177 0.013241124153137199 0.019293064117431636
v 0.005166239261627196 0.012471850395202629 0.019105562210083003
v 0.006364343643188475 0.011906032562255852 0.019011812210083003
v -2.9435893520712846e-07 0.013499628067016593 0.019480564117431636
v -0.002634228944778442 0.013240459442138664 0.01966806602478027
v -0.003919275283813476 0.012919233322143547 0.01976181602478027
v -0.001323633551597595 0.013434264183044425 0.01957431602478027
v -0.006363559722900389 0.011905333518981926 0.019949317932128903
v -0.007500144004821776 0.011224369049072258 0.020043067932128903
v -0.009546380043029783 0.009546223640441888 0.020230567932128903
v -0.010435563087463377 0.008563894271850581 0.020324319839477537
v -0.011220762252807616 0.00739334917068481 0.01991420555114746
v -0.008564785957336424 0.010435856819152826 0.020136817932128903
v -0.005166211128234862 0.012472403526306144 0.01985556602478027
v 0.0013229832649230954 0.013435534477233878 0.019386814117431636
v 0.01122439670562744 0.007500549793243404 0.018543060302734372
v -0.012428502082824705 0.005112295150756833 0.02009790802001953
v -0.011879675865173337 0.00628174257278442 0.02000605773925781
v -0.013174775123596189 0.00264206552505493 0.02028161239624023
v -0.012861118316650388 0.0038952467441558812 0.02018976020812988
v -0.013367569923400876 0.0013645273447036735 0.020373464584350583
v -0.013383019447326658 -0.001216517806053161 0.020557167053222653
v -0.013437598228454587 7.440739870071407e-05 0.0204653148651123
v -0.01290359020233154 -0.0037535378932952858 0.020740869522094724
v -0.0132040901184082 -0.002496444940567015 0.02064901733398437
v -0.012484450340270993 -0.004975958824157712 0.020832721710205074
v -0.011302547454833983 -0.0072697715759277295 0.021016424179077144
v -0.011949601173400876 -0.0061518702507019005 0.020924571990966794
v -0.010550346374511717 -0.008320245742797846 0.021108276367187494
v -0.009701405525207518 -0.009294672012329096 0.021200126647949215
v -0.008764134407043456 -0.010184427261352533 0.021291978836059565
v -0.007746944904327391 -0.010980891227722162 0.02138383102416992
v -0.006658245563507079 -0.011675441741943352 0.02147568321228027
v -0.0055067105293273915 -0.012259914398193352 0.021567535400390622
v -0.00430320644378662 -0.012729952812194816 0.02165938568115234
v -0.003059694290161132 -0.013083100318908683 0.021751237869262693
v -0.0017881416082382198 -0.01331691074371337 0.021843090057373043
v -0.0005005170106887817 -0.013428940773010245 0.02193494033813476
v 0.0007912112474441527 -0.013416747093200674 0.022026792526245113
v 0.0020751159191131586 -0.013278232574462883 0.022118644714355463
v 0.003339745998382568 -0.013015343666076653 0.022210494995117184
v 0.004573957920074462 -0.012632634162902823 0.022302347183227534
v 0.005766612529754638 -0.01213469982147216 0.022394197463989254
v 0.006906571865081786 -0.011526139259338371 0.022486049652099604
v 0.007982696533203123 -0.01081154823303222 0.022577901840209958
v 0.008983969688415526 -0.009995684623718255 0.022669752120971675
v 0.010727659225463865 -0.008092279434204097 0.02285345649719238
v 0.011455495834350583 -0.007024248600006099 0.02294530868530273
v 0.012077640533447263 -0.0058917202949523885 0.02303715896606445
v 0.012587477684020994 -0.0047047185897827115 0.0231290111541748
v 0.012980984687805173 -0.003474208831787107 0.023220863342285153
v 0.013254851341247556 -0.002211440563201903 0.02331271362304687
v 0.013406386375427244 -0.0009281601905822748 0.023404565811157223
v 0.013433312416076657 0.0003636083900928495 0.023496417999267574
v 0.013335391998291013 0.0016519613265991201 0.023588270187377924
v 0.013114839553833005 0.002925143241882322 0.023680120468139644
v 0.00990139579772949 -0.009086021423339839 0.022761604309082025
v 0.012315287590026853 0.005379009246826169 0.023863822937011715
v 0.012774018287658688 0.004171408176422116 0.023771972656249994
v 0.011741527557373045 0.006536420345306392 0.023955675125122065
v -0.011906534194946286 0.006363208770751949 0.020511819839477537
v 0.011058810234069821 0.007633469581603999 0.02404752731323242
v 0.010274421691894528 0.008660501480102533 0.02413937950134277
v 0.008429807662963865 0.010465912818908685 0.02432308197021484
v 0.009395652770996092 0.009607862472534173 0.02423122978210449
v 0.007385326385498045 0.011226384162902826 0.02441493415832519
v -0.01247336673736572 0.005166025161743161 0.020605569839477533
v -0.013239630699157711 0.0026335871219634994 0.020793071746826167
v -0.013434034347534178 0.0013231524229049675 0.020886821746826167
v -0.01291871643066406 0.00391873502731323 0.020699321746826167
v -0.013399446487426756 -0.0016453897953033437 0.021097242355346674
v -0.012875525474548337 -0.004060651302337644 0.02127224731445312
v -0.012285967826843259 -0.0056000361442565885 0.02138891792297363
v -0.013098965644836423 -0.0032666730880737283 0.021213912963867182
v -0.013474997520446775 -0.0008241835236549373 0.02103890800476074
v 0.006272655487060546 0.01188341522216796 0.02450678443908691
v 0.005102444648742674 0.012431392669677726 0.02459863662719726
v 0.004532304763793945 0.012649161338806144 0.024623754501342767
v -2.144820243120193e-05 0.013312400817871085 0.024598035812377926
v 0.0015188769102096554 0.013273654937744132 0.024602991104125973
v -0.01122477340698242 0.007499360561370845 0.020418069839477537
v -0.01105812358856201 -0.007743120670318598 0.021563922882080075
v -0.00885461616516113 -0.010188046455383295 0.021797262191772457
v -0.008216933250427244 -0.010710749626159661 0.021855598449707025
v -0.010030128479003904 -0.009031955718994135 0.02168059158325195
v -0.005384169101715087 -0.012381484985351555 0.022088939666748044
v -0.0046178088188171375 -0.012685697555541985 0.02214727401733398
v -0.00303606367111206 -0.013152168273925773 0.022263944625854487
v -0.006130084991455077 -0.012030804634094231 0.022030603408813472
v -0.01151140785217285 -0.007054487705230709 0.021505586624145503
v -0.013499853134155271 1.9315089048177457e-09 0.020980571746826167
v -0.013499853134155271 1.9315089048177457e-09 0.020980571746826167
v -0.007548843383789061 -0.011193590164184563 0.021913932800292964
v -0.001409472584724426 -0.01342510509490966 0.02238061332702636
v -0.013273854255676266 -0.0024605693817138655 0.021155576705932613
v -0.006852503776550291 -0.011634342193603509 0.021972269058227533
v -0.012604277610778807 -0.0048394556045532194 0.02133058166503906
v -0.011921339988708493 -0.006339344501495358 0.021447252273559567
v -0.0005870542526245116 -0.013487401962280265 0.022438949584960934
v 0.00023734220862388605 -0.013499399185180656 0.02249728393554687
v 0.0010606390237808225 -0.013460456848144522 0.022555618286132808
v 0.003493953704833984 -0.013038609504699698 0.022730623245239254
v 0.005056849002838134 -0.012513786315917961 0.022847293853759762
v 0.00269184136390686 -0.013229116439819328 0.022672288894653315
v 0.007254810333251952 -0.01138463878631591 0.023022298812866205
v 0.009208549499511717 -0.009873803138732904 0.02319730377197265
v 0.010342062950134276 -0.008676898956298822 0.02331397438049316
v 0.00858904457092285 -0.010417628288269037 0.023138967514038083
v 0.006545501232147215 -0.011805045127868645 0.022963962554931636
v 0.011750422477722166 -0.006646123409271236 0.023488979339599605
v 0.01276487064361572 -0.0043937263488769505 0.02366398429870605
v 0.013205207824707028 -0.002805410861968992 0.02378065490722656
v 0.012473010063171384 -0.005164737701416012 0.023605649948120113
v 0.013495914459228512 -0.00035182198882102944 0.023955659866333003
v 0.013332602500915525 0.00211341619491577 0.02413066482543945
v 0.012975994110107419 0.0037228338718414285 0.024247335433959957
v 0.013437184333801267 0.0012954576015472405 0.02407233047485351
v 0.013352060317993162 -0.0019939656257629383 0.023838989257812495
v 0.011322394371032713 -0.0073510847091674755 0.023430643081665033
v 0.012081501007080076 0.006025325775146481 0.024422340393066403
v 0.01078004455566406 0.008125514030456539 0.024597345352172846
v 0.009709720611572263 0.009379424095153802 0.024714015960693354
v 0.011690711021423338 0.006751313209533687 0.02448067474365234
v 0.007315250873565673 0.011323366165161126 0.02465996932983398
v 0.005962544918060302 0.01206908702850341 0.024639789581298824
v 0.008570822715759275 0.010423092842102044 0.024684610366821284
v 0.012725164413452146 0.004508237838745114 0.024305669784545892
v 0.007936947345733641 -0.010921773910522454 0.023080633163452144
v 0.0018797795772552486 -0.013370123863220207 0.02261395454406738
v 0.013009226799011227 -0.003606323719024656 0.023722318649291987
v 0.009793514251708983 -0.009292721748352046 0.02325563812255859
v 0.012134521484374997 -0.005916479587554928 0.02354731369018554
v 0.013449166297912596 -0.00117507255077362 0.023897325515747067
v 0.010263905525207518 0.008768750190734857 0.024655679702758785
v 0.011256269454956053 0.00745220565795898 0.024539009094238277
v 0.013491821289062497 0.00047270238399505583 0.02401399421691894
v 0.012426779747009275 0.005276735782623288 0.02436400413513183
v -0.011999999999999997 -1.4695760748714347e-17 8.266366056426534e-19
v -0.012352462768554685 -1.5127403656437455e-17 0.0009660016894340514
v -0.013499999999999998 -1.6532731265820114e-17 -2.773339119917619e-35
v -0.012606806755065916 -1.4935892895195046e-17 0.0012050752639770506
v -0.012040616035461424 -1.474550191150891e-17 0.00034669497609138484
v -0.012160263061523435 -1.489202675292264e-17 0.0006746149659156798
v -0.013437976837158201 5.5820633861003405e-08 0.0024705598354339596
v -0.013499986648559567 5.632055710691471e-12 0.0029805486202239984
v -0.012978847503662107 8.27883777674287e-08 0.0015580486059188839
v -0.013260107040405271 1.227082539116963e-07 0.001988097786903381
v 0.011928355216979979 -0.006226840972900387 4.71652664840727e-16
v 0.011111700057983396 -0.007543851375579829 2.4543076447038067e-16
v 0.008397843360900877 -0.005611259460449216 8.266366056426534e-19
v 0.009331183433532713 -0.0038651027679443336 8.266366056426534e-19
v 0.012584469795227048 -0.004818180084228512 5.459137916025147e-16
v 0.007807405471801756 -0.006407371997833248 8.266366056426534e-19
v 0.010143664360046385 -0.008754601478576655 4.415758259263338e-17
v 0.007141778469085692 -0.007141778469085689 8.266366056426534e-19
v 0.009034816741943357 -0.009843440055847162 5.61137677393842e-17
v 0.008907404899597167 -0.0047611069679260225 8.266366056426534e-19
v 0.010051365852355955 -0.000989973127841949 8.266366056426534e-19
v 0.013496847152709959 -0.0002749584019184111 -3.067479337914846e-08
v 0.013373535156249998 -0.0018233855962753284 1.2882636580766047e-16
v 0.010100000381469725 -2.473786615752258e-18 8.266366056426534e-19
v 0.01345848751068115 0.0010578824281692498 5.529622404551983e-35
v 0.01306819152832031 -0.003343240499496458 3.782513039764234e-16
v 0.009905931472778318 -0.0019704122543334947 8.266366056426534e-19
v 0.009665097236633299 -0.002931875228881834 8.266366056426534e-19
v 0.004761106967926024 -0.008907404899597163 8.266366056426534e-19
v 0.006473226070404052 -0.011577552795410149 7.177167389051107e-16
v 0.005050688743591308 -0.01219972610473632 1.2900507485175126e-15
v 0.005611259460449217 -0.008397843360900874 8.266366056426534e-19
v 0.00780609893798828 -0.01078854846954345 3.649506640900773e-16
v 0.0035645241737365715 -0.01264157009124755 1.1772919444874572e-14
v 0.0029318752288818354 -0.009665097236633296 8.266366056426534e-19
v 0.0020377006530761716 -0.012894925117492668 2.6757736651394908e-14
v 0.0004888217151165008 -0.012953982353210441 3.365383666187326e-14
v 0.0009899731278419492 -0.010051365852355951 8.266366056426534e-19
v -1.855339908874635e-18 -0.01010000038146972 8.266366056426534e-19
v -0.0010308588743209836 -0.012817624092102043 2.4310031418450778e-14
v -0.0009899731278419492 -0.010051365852355951 8.266366056426534e-19
v 0.0019704122543334956 -0.009905931472778315 8.266366056426534e-19
v 0.00640737199783325 -0.007807405471801753 8.266366056426534e-19
v 0.0038651027679443353 -0.00933118343353271 8.266366056426534e-19
v 0.010051365852355955 0.000989973127841949 8.266366056426534e-19
v 0.01328847789764404 0.002380409955978392 5.459771003743069e-35
v 0.009905931472778318 0.0019704122543334947 8.266366056426534e-19
v 0.012988829612731932 0.0036797149181365943 5.336656190656873e-35
v 0.009665097236633299 0.002931875228881834 8.266366056426534e-19
v 0.012562465667724607 0.0049431214332580535 5.161478145025581e-35
v 0.009331183433532713 0.0038651027679443336 8.266366056426534e-19
v 0.012013545989990233 0.006158304214477535 4.93594603563529e-35
v 0.008907404899597167 0.0047611069679260225 8.266366056426534e-19
v 0.011347425460815427 0.0073134083747863725 4.662260387910741e-35
v 0.008397843360900877 0.005611259460449216 8.266366056426534e-19
v 0.010570601463317869 0.008397164344787593 4.343091043396237e-35
v 0.007807405471801756 0.006407371997833248 8.266366056426534e-19
v 0.00969065475463867 0.00939900112152099 3.981551298879931e-35
v 0.007141778469085692 0.007141778469085689 8.266366056426534e-19
v 0.00871616744995117 0.010309142112731927 3.581168812908641e-35
v 0.00640737199783325 0.007807405471801753 8.266366056426534e-19
v 0.0076566486358642565 0.011118710517883294 3.145849165462974e-35
v 0.005611259460449217 0.008397843360900874 8.266366056426534e-19
v 0.004761106967926024 0.008907404899597163 8.266366056426534e-19
v 0.006522432804107665 0.011819808006286613 2.679839711506039e-35
v 0.0038651027679443353 0.00933118343353271 8.266366056426534e-19
v 0.0029318752288818354 0.009665097236633296 8.266366056426534e-19
v 0.00407479429244995 0.012870355606079093 1.6741906292557438e-35
v 0.0019704122543334956 0.009905931472778315 8.266366056426534e-19
v 0.0009899731278419492 0.010051365852355951 8.266366056426534e-19
v 0.0014685331583023068 0.013419888496398918 6.033689810547933e-36
v 0.0027852499485015864 0.013209556579589835 1.1443618237511406e-35
v 0.005324586391448973 0.012405594825744621 2.187686381566053e-35
v 0.00013748802244663237 0.013499300003051749 0.0
v 6.184466539380648e-19 0.01010000038146972 8.266366056426534e-19
v -0.0011948946714401244 0.013447015762329094 -4.909404769093265e-36
v -0.002477320909500122 -0.012498176574707023 8.41631191822456e-15
v -0.0019704122543334956 -0.009905931472778315 8.266366056426534e-19
v -0.003831938982009887 -0.012010321617126457 3.2051184623016476e-17
v -0.0029318752288818354 -0.009665097236633296 8.266366056426534e-19
v -0.004999247550964354 -0.011444138526916496 -1.678674560467996e-14
v -0.0038651027679443353 -0.00933118343353271 8.266366056426534e-19
v -0.006019227504730223 -0.01083970928192138 -5.604498115596711e-14
v -0.004761106967926024 -0.008907404899597163 8.266366056426534e-19
v -0.005611259460449217 -0.008397843360900874 8.266366056426534e-19
v -0.00690603733062744 -0.010210911750793451 -1.011217082291793e-13
v -0.00640737199783325 -0.007807405471801753 8.266366056426534e-19
v -0.00767383575439453 -0.009571623802185052 -1.3536391452184656e-13
v -0.00833893299102783 -0.008933223724365228 -1.4277265480977516e-13
v -0.007141778469085692 -0.007141778469085689 8.266366056426534e-19
v -0.008944628715515135 -0.008267164230346674 -1.2446246810959847e-13
v -0.007807405471801756 -0.006407371997833248 8.266366056426534e-19
v -0.010008723258972166 -0.006823033332824703 -5.477724870917021e-14
v -0.009501871109008787 -0.0075630660057067825 -9.1793884993141e-14
v -0.010463246345520018 -0.006049169063568112 -2.342291638424143e-14
v -0.008907404899597167 -0.0047611069679260225 8.266366056426534e-19
v -0.008397843360900877 -0.005611259460449216 8.266366056426534e-19
v -0.010863501548767088 -0.005243576526641843 -7.741252951165566e-15
v -0.009331183433532713 -0.0038651027679443336 8.266366056426534e-19
v -0.011206766128540036 -0.0044103045463561984 -5.887958089839661e-15
v -0.009665097236633299 -0.002931875228881834 8.266366056426534e-19
v -0.010051365852355955 -0.000989973127841949 8.266366056426534e-19
v -0.009905931472778318 -0.0019704122543334947 8.266366056426534e-19
v -0.011871834754943845 -0.0017956477403640735 -1.3255621779265436e-17
v -0.011712229728698727 -0.0026824669837951644 -2.7736320862671923e-17
v -0.011967891693115231 -0.0009004037976264948 -4.065710712975595e-18
v -0.011490073204040526 -0.0035555763244628884 -2.25902066150474e-15
v -0.010100000381469725 1.236893307876129e-18 8.266366056426534e-19
v -0.004761106967926024 0.008907404899597163 8.266366056426534e-19
v -0.005611259460449217 0.008397843360900874 8.266366056426534e-19
v -0.00742859649658203 0.011272354125976556 -3.0521505107589297e-35
v -0.0029318752288818354 0.009665097236633296 8.266366056426534e-19
v -0.0038651027679443353 0.00933118343353271 8.266366056426534e-19
v -0.005070806980133056 0.012511471748352043 -2.0834173877858268e-35
v -0.006280336380004882 0.01195020389556884 -2.580370555033808e-35
v -0.010397377014160155 0.008610722541809076 -4.2719189746841753e-35
v -0.007141778469085692 0.007141778469085689 8.266366056426534e-19
v -0.007807405471801756 0.006407371997833248 8.266366056426534e-19
v -0.008504384994506835 0.010484533309936516 -3.4941546068305475e-35
v -0.00640737199783325 0.007807405471801753 8.266366056426534e-19
v -0.009497206687927244 0.009594428062438959 -3.9020705422226695e-35
v -0.0009899731278419492 0.010051365852355951 8.266366056426534e-19
v -0.0019704122543334956 0.009905931472778315 8.266366056426534e-19
v -0.0025156221389770503 0.013263545989990227 -1.0335812524829312e-35
v -0.0038118081092834463 0.012950680732727043 -1.5661387477177777e-35
v -0.008397843360900877 0.005611259460449216 8.266366056426534e-19
v -0.011196112632751463 0.0075430135726928665 -4.6000914304316275e-35
v -0.010051365852355955 0.000989973127841949 8.266366056426534e-19
v -0.011999999999999997 -1.4695760748714347e-17 8.266366056426534e-19
v -0.009665097236633299 0.002931875228881834 8.266366056426534e-19
v -0.009905931472778318 0.0019704122543334947 8.266366056426534e-19
v -0.01323723793029785 0.002650573492050169 -5.438718487667018e-35
v -0.013499999999999998 -1.6532731265820114e-17 -2.773339119917619e-35
v -0.013434148788452146 0.0013317830562591545 -5.519622474109537e-35
v -0.012911187171936032 0.0039435057640075655 -5.304755624964258e-35
v -0.008907404899597167 0.0047611069679260225 8.266366056426534e-19
v -0.009331183433532713 0.0038651027679443336 8.266366056426534e-19
v -0.012459178924560544 0.0051979660987853974 -5.119041623466546e-35
v -0.011885622978210447 0.006401716709136959 -4.883387038347737e-35
v 0.005058140277862548 -0.012516597747802727 0.022847293853759762
v 0.005058140277862548 -0.012516597747802727 0.022886196136474603
v 0.0048027982711791985 -0.0126177110671997 0.02286676979064941
v 0.006288765907287597 -0.011944997787475578 0.022982223510742184
v 0.006545501232147215 -0.011805045127868645 0.022963962554931636
v 0.007254810333251952 -0.01138463878631591 0.023022298812866205
v 0.007683656215667723 -0.011098805427551263 0.02309767913818359
v 0.007936947345733641 -0.010921773910522454 0.023080633163452144
v 0.00858904457092285 -0.010417628288269037 0.023138967514038083
v 0.008967152595520018 -0.01009204196929931 0.023213132858276364
v 0.009208549499511717 -0.009873803138732904 0.02319730377197265
v 0.009793514251708983 -0.009292721748352046 0.02325563812255859
v 0.010118969917297362 -0.00893764972686767 0.023328586578369136
v 0.010342062950134276 -0.008676898956298822 0.02331397438049316
v 0.011121714591979978 -0.007651309013366694 0.023444038391113278
v 0.011322394371032713 -0.0073510847091674755 0.023430643081665033
v 0.011750422477722166 -0.006646123409271236 0.023488979339599605
v 0.011963079452514645 -0.006253530025482174 0.023559490203857416
v 0.012134521484374997 -0.005916479587554928 0.02354731369018554
v 0.012473010063171384 -0.005164737701416012 0.023605649948120113
v 0.012631272315979 -0.004765311717987057 0.023674942016601558
v 0.01276487064361572 -0.0043937263488769505 0.02366398429870605
v 0.013009226799011227 -0.003606323719024656 0.023722318649291987
v 0.013114516258239743 -0.003207657575607298 0.0237903938293457
v 0.013205207824707028 -0.002805410861968992 0.02378065490722656
v 0.013404191017150876 -0.0016024514436721793 0.02390584754943847
v 0.013352060317993162 -0.0019939656257629383 0.023838989257812495
v 0.01349891090393066 2.640401571989058e-05 0.02402130317687988
v 0.013449166297912596 -0.00117507255077362 0.023897325515747067
v 0.013495914459228512 -0.00035182198882102944 0.023955659866333003
v 0.013398298263549801 0.0016547253131866445 0.02413675689697265
v 0.013491821289062497 0.00047270238399505583 0.02401399421691894
v 0.013437184333801267 0.0012954576015472405 0.02407233047485351
v 0.013332602500915525 0.00211341619491577 0.02413066482543945
v 0.013101976394653318 0.003258328914642332 0.024252210617065426
v 0.012975994110107419 0.0037228338718414285 0.024247335433959957
v 0.012725164413452146 0.004508237838745114 0.024305669784545892
v 0.012612079620361325 0.00481368541717529 0.024367664337158198
v 0.012426779747009275 0.005276735782623288 0.02436400413513183
v 0.011938307762145994 0.00629923295974731 0.02448311614990234
v 0.012081501007080076 0.006025325775146481 0.024422340393066403
v 0.011690711021423338 0.006751313209533687 0.02448067474365234
v 0.011091776847839354 0.007693778991699214 0.02459856986999511
v 0.011256269454956053 0.00745220565795898 0.024539009094238277
v 0.01078004455566406 0.008125514030456539 0.024597345352172846
v 0.010263905525207518 0.008768750190734857 0.024655679702758785
v -0.013474997520446775 -0.0008241835236549373 0.02103890800476074
v -0.013399446487426756 -0.0016453897953033437 0.021097242355346674
v -0.01340127658843994 -0.0016282023191452016 0.02113495826721191
v -0.013273854255676266 -0.0024605693817138655 0.021155576705932613
v -0.013098965644836423 -0.0032666730880737283 0.021213912963867182
v -0.013106058120727536 -0.0032332277297973614 0.021250413894653316
v -0.012875525474548337 -0.004060651302337644 0.02127224731445312
v -0.012604277610778807 -0.0048394556045532194 0.02133058166503906
v -0.012621083259582517 -0.00479112100601196 0.02136586761474609
v -0.012285967826843259 -0.0056000361442565885 0.02138891792297363
v -0.011921339988708493 -0.006339344501495358 0.021447252273559567
v -0.011951425552368162 -0.0062781577110290485 0.021481321334838863
v -0.01151140785217285 -0.007054487705230709 0.021505586624145503
v -0.01105812358856201 -0.007743120670318598 0.021563922882080075
v -0.011106916427612303 -0.007673261165618892 0.021596775054931638
v -0.01010055351257324 -0.008957080841064448 0.02171222877502441
v -0.010030128479003904 -0.009031955718994135 0.02168059158325195
v -0.00894691753387451 -0.010110569000244134 0.021827682495117184
v -0.00885461616516113 -0.010188046455383295 0.021797262191772457
v -0.008216933250427244 -0.010710749626159661 0.021855598449707025
v -0.00766188859939575 -0.011115159034728997 0.02194313812255859
v -0.007548843383789061 -0.011193590164184563 0.021913932800292964
v -0.006852503776550291 -0.011634342193603509 0.021972269058227533
v -0.006264522552490233 -0.011956880569458 0.022058591842651364
v -0.006130084991455077 -0.012030804634094231 0.022030603408813472
v -0.005384169101715087 -0.012381484985351555 0.022088939666748044
v -0.004776480674743651 -0.012625575065612784 0.022174045562744136
v -0.0046178088188171375 -0.012685697555541985 0.02214727401733398
v -0.0032195017337799067 -0.013111195564270012 0.02228949928283691
v -0.0024219548702239984 -0.013282214164733878 0.02234722518920898
v -0.001409472584724426 -0.01342510509490966 0.02238061332702636
v -0.0016153694391250607 -0.01340390968322753 0.022404953002929683
v -0.00303606367111206 -0.013152168273925773 0.022263944625854487
v -0.0005870542526245116 -0.013487401962280265 0.022438949584960934
v 1.302183326333761e-05 -0.013499352455139151 0.022520406723022458
v 0.00023734220862388605 -0.013499399185180656 0.02249728393554687
v 0.0010606390237808225 -0.013460456848144522 0.022555618286132808
v 0.0016415963172912594 -0.013398966789245598 0.02263586044311523
v 0.0018797795772552486 -0.013370123863220207 0.02261395454406738
v 0.00269184136390686 -0.013229116439819328 0.022672288894653315
v 0.0032462210655212396 -0.01310447692871093 0.022751314163208004
v 0.003493953704833984 -0.013038609504699698 0.022730623245239254
v 0.004032010555267333 -0.0128849811553955 0.022809041976928707
v -0.004999999999999999 -6.123233998228039e-19 0.029999999999999995
v -0.0049039263725280755 -0.0009754515886306757 0.029999999999999995
v -0.004157348155975341 -0.0027778511047363264 0.029999999999999995
v -0.0046193976402282705 -0.0019134172201156604 0.029999999999999995
v -0.0035355339050292963 -0.0035355339050292946 0.029999999999999995
v -0.0027778511047363277 -0.004157348155975339 0.029999999999999995
v -0.0019134172201156613 -0.004619397640228269 0.029999999999999995
v -0.0009754515886306761 -0.004903926372528073 0.029999999999999995
v -0.0019134172201156613 0.004619397640228269 0.029999999999999995
v -0.0035355339050292963 0.0035355339050292946 0.029999999999999995
v 0.004999999999999999 1.2246467996456078e-18 0.029999999999999995
v -0.0049039263725280755 0.0009754515886306757 0.029999999999999995
v -0.0046193976402282705 0.0019134172201156604 0.029999999999999995
v -0.004157348155975341 0.0027778511047363264 0.029999999999999995
v -0.0027778511047363277 0.004157348155975339 0.029999999999999995
v -0.0009754515886306761 0.004903926372528073 0.029999999999999995
v -9.18485046794647e-19 -0.004999999999999997 0.029999999999999995
v 0.0009754515886306761 -0.004903926372528073 0.029999999999999995
v 0.0019134172201156613 -0.004619397640228269 0.029999999999999995
v 0.0027778511047363277 -0.004157348155975339 0.029999999999999995
v 0.0035355339050292963 -0.0035355339050292946 0.029999999999999995
v 0.004157348155975341 -0.0027778511047363264 0.029999999999999995
v 0.0046193976402282705 -0.0019134172201156604 0.029999999999999995
v 0.0049039263725280755 -0.0009754515886306757 0.029999999999999995
v 3.061616999114021e-19 0.004999999999999997 0.029999999999999995
v 0.0019134172201156613 0.004619397640228269 0.029999999999999995
v 0.0009754515886306761 0.004903926372528073 0.029999999999999995
v 0.0027778511047363277 0.004157348155975339 0.029999999999999995
v 0.0046193976402282705 0.0019134172201156604 0.029999999999999995
v 0.004157348155975341 0.0027778511047363264 0.029999999999999995
v 0.0035355339050292963 0.0035355339050292946 0.029999999999999995
v 0.0049039263725280755 0.0009754515886306757 0.029999999999999995
usemtl Diffuse
f 1 2 3
f 4 5 6
f 2 4 7
f 8 9 10
f 11 12 13
f 9 11 14
f 5 8 15
f 16 17 18
f 19 20 21
f 17 19 22
f 23 24 25
f 26 27 28
f 24 26 29
f 20 23 30
f 12 16 31
f 7 4 6
f 15 6 5
f 7 3 2
f 10 9 14
f 31 13 12
f 14 11 13
f 8 10 15
f 18 17 22
f 21 20 30
f 19 21 22
f 25 24 29
f 27 32 28
f 28 29 26
f 32 33 34
f 30 23 25
f 31 16 18
f 33 32 35
f 32 27 35
f 1 3 36
f 37 38 39
f 39 40 37
f 41 42 43
f 44 45 46
f 42 44 47
f 38 41 48
f 49 50 51
f 52 53 54
f 50 52 55
f 56 57 58
f 59 60 61
f 57 59 62
f 53 56 63
f 45 49 64
f 43 48 41
f 47 43 42
f 44 46 47
f 64 49 51
f 45 64 46
f 48 39 38
f 55 52 54
f 56 58 63
f 63 54 53
f 51 50 55
f 57 62 58
f 61 62 59
f 61 60 65
f 66 36 65
f 66 1 36
f 60 66 65
f 67 68 69
f 68 67 70
f 70 71 68
f 71 70 72
f 72 73 71
f 73 72 74
f 74 75 73
f 75 74 76
f 76 77 75
f 77 76 78
f 79 78 80
f 78 79 77
f 81 80 82
f 80 81 79
f 83 82 84
f 82 83 81
f 85 84 86
f 84 85 83
f 86 87 85
f 87 86 88
f 88 89 87
f 89 88 90
f 90 91 89
f 91 90 92
f 92 93 91
f 93 92 94
f 95 94 96
f 94 95 93
f 97 96 98
f 96 97 95
f 98 99 97
f 99 98 100
f 100 101 99
f 101 100 102
f 102 103 101
f 103 102 104
f 104 105 103
f 105 104 106
f 107 106 108
f 106 107 105
f 109 108 110
f 108 109 107
f 111 110 112
f 110 111 109
f 112 113 111
f 113 112 114
f 114 115 113
f 115 114 116
f 116 117 115
f 117 116 118
f 119 118 120
f 118 119 117
f 121 120 122
f 120 121 119
f 123 122 124
f 122 123 121
f 124 125 123
f 125 124 126
f 126 127 125
f 127 126 128
f 128 129 127
f 129 128 130
f 130 131 132
f 132 131 133
f 130 132 129
f 34 134 135
f 135 136 34
f 136 135 137
f 137 138 136
f 138 137 139
f 140 139 141
f 139 140 138
f 142 141 143
f 141 142 140
f 144 143 145
f 143 144 142
f 146 145 147
f 145 146 144
f 147 148 146
f 148 147 149
f 149 150 148
f 150 149 151
f 152 151 153
f 151 152 150
f 154 153 155
f 153 154 152
f 156 155 157
f 155 156 154
f 157 158 159
f 158 157 155
f 160 159 161
f 159 160 157
f 161 162 160
f 162 161 163
f 163 164 162
f 164 163 165
f 166 165 167
f 168 167 169
f 167 168 166
f 170 169 171
f 169 170 168
f 172 171 173
f 171 172 170
f 174 173 175
f 176 174 175
f 174 172 173
f 176 177 178
f 177 176 175
f 179 180 178
f 178 177 179
f 166 164 165
f 181 182 180
f 183 184 182
f 182 181 183
f 181 180 179
f 185 186 184
f 186 187 188
f 187 186 185
f 185 184 183
f 188 189 190
f 189 188 187
f 190 191 192
f 191 190 189
f 192 193 194
f 193 192 191
f 194 195 69
f 195 194 193
f 69 195 67
f 196 197 198
f 197 196 199
f 200 199 201
f 199 200 197
f 202 201 203
f 201 202 200
f 203 204 202
f 204 203 205
f 205 206 204
f 206 205 207
f 207 208 206
f 208 207 209
f 209 210 208
f 210 209 211
f 212 211 213
f 211 212 210
f 214 213 215
f 213 214 212
f 216 215 217
f 215 216 214
f 218 219 220
f 219 218 217
f 217 218 216
f 220 221 222
f 221 220 219
f 222 223 224
f 223 222 221
f 224 225 226
f 225 224 223
f 226 227 228
f 227 226 225
f 228 229 230
f 229 228 227
f 230 231 232
f 231 230 229
f 232 233 234
f 233 232 231
f 234 235 236
f 235 234 233
f 236 237 238
f 237 236 235
f 239 240 238
f 238 237 239
f 241 242 240
f 243 244 242
f 242 241 243
f 241 240 239
f 245 246 244
f 246 247 248
f 247 246 245
f 245 244 243
f 248 249 250
f 249 248 247
f 250 251 252
f 251 250 249
f 252 253 254
f 253 252 251
f 255 256 254
f 254 253 255
f 257 258 256
f 258 259 260
f 259 258 257
f 261 260 259
f 257 256 255
f 133 262 263
f 262 133 131
f 264 265 263
f 263 262 264
f 266 267 265
f 267 268 269
f 268 267 266
f 266 265 264
f 269 270 271
f 270 269 268
f 271 272 273
f 272 271 270
f 273 274 275
f 274 273 272
f 276 277 275
f 275 274 276
f 278 279 277
f 279 280 281
f 280 279 278
f 278 277 276
f 281 282 283
f 282 281 280
f 283 284 285
f 284 283 282
f 285 286 287
f 286 285 284
f 288 289 287
f 287 286 288
f 290 291 289
f 291 292 293
f 292 291 290
f 290 289 288
f 293 294 295
f 294 293 292
f 295 296 297
f 296 295 294
f 297 298 299
f 298 297 296
f 299 300 301
f 300 299 298
f 302 301 303
f 261 304 260
f 305 306 302
f 307 306 305
f 305 302 303
f 301 300 303
f 308 306 307
f 308 309 310
f 309 308 307
f 310 311 312
f 311 310 309
f 312 313 314
f 313 312 311
f 314 315 316
f 315 314 313
f 316 317 318
f 317 316 315
f 319 320 318
f 318 317 319
f 321 322 320
f 322 323 198
f 323 322 321
f 198 323 196
f 321 320 319
f 324 325 326
f 325 324 327
f 327 328 325
f 328 327 329
f 329 330 328
f 330 329 331
f 332 331 333
f 331 332 330
f 334 333 335
f 333 334 332
f 336 335 337
f 335 336 334
f 338 337 339
f 337 338 336
f 340 339 341
f 339 340 338
f 341 342 340
f 342 341 343
f 343 344 342
f 344 343 345
f 345 346 344
f 346 345 347
f 347 348 346
f 348 347 349
f 350 349 351
f 349 350 348
f 352 351 353
f 351 352 350
f 353 354 352
f 354 353 355
f 355 356 354
f 356 355 357
f 357 358 356
f 358 357 359
f 359 360 358
f 360 359 361
f 362 361 363
f 361 362 360
f 364 363 365
f 363 364 362
f 366 365 367
f 365 366 364
f 367 368 366
f 368 367 369
f 369 370 368
f 370 369 371
f 371 372 370
f 372 371 373
f 373 374 372
f 374 373 375
f 375 376 374
f 376 375 377
f 378 377 379
f 377 378 376
f 380 379 381
f 379 380 378
f 382 381 383
f 381 382 380
f 383 384 382
f 384 383 385
f 385 386 384
f 386 385 387
f 387 388 389
f 389 388 390
f 387 389 386
f 304 261 391
f 392 391 393
f 391 392 304
f 394 393 395
f 393 394 392
f 396 395 397
f 395 396 394
f 398 397 399
f 397 398 396
f 399 400 398
f 400 399 401
f 401 402 400
f 402 401 403
f 404 403 405
f 403 404 402
f 406 405 407
f 405 406 404
f 408 407 409
f 407 408 406
f 409 410 408
f 410 409 411
f 411 412 410
f 412 411 413
f 414 413 415
f 413 414 412
f 416 415 417
f 415 416 414
f 418 417 419
f 417 418 416
f 420 419 421
f 419 420 418
f 422 421 423
f 423 424 422
f 424 423 425
f 425 426 424
f 426 425 427
f 428 427 429
f 427 428 426
f 430 429 431
f 432 430 431
f 430 428 429
f 432 433 434
f 433 432 431
f 435 434 433
f 436 434 435
f 422 420 421
f 436 437 438
f 437 436 435
f 439 440 438
f 438 437 439
f 441 442 440
f 442 443 444
f 443 442 441
f 441 440 439
f 444 445 446
f 445 444 443
f 446 447 448
f 447 446 445
f 448 449 450
f 449 448 447
f 450 451 326
f 451 450 449
f 326 451 324
f 452 453 454
f 453 455 456
f 453 452 455
f 457 458 455
f 452 454 459
f 460 461 452
f 455 461 462
f 455 458 456
f 463 459 454
f 464 463 465
f 466 467 468
f 469 465 466
f 470 471 472
f 471 473 467
f 472 474 475
f 474 476 477
f 465 469 464
f 464 459 463
f 459 478 460
f 452 459 460
f 479 457 462
f 466 468 469
f 480 469 481
f 452 461 455
f 462 457 455
f 478 459 464
f 482 483 461
f 464 469 480
f 484 485 478
f 460 485 482
f 478 464 480
f 462 483 486
f 468 481 469
f 471 470 473
f 487 488 473
f 474 477 475
f 489 490 475
f 470 490 487
f 472 475 470
f 468 473 488
f 491 492 481
f 470 475 490
f 493 494 487
f 495 493 490
f 475 477 489
f 488 494 491
f 473 470 487
f 488 481 468
f 496 477 476
f 480 492 484
f 467 473 468
f 489 477 497
f 498 499 500
f 501 502 503
f 504 499 501
f 505 506 507
f 508 509 510
f 506 510 511
f 512 502 505
f 513 514 515
f 516 517 518
f 519 520 521
f 522 523 519
f 524 525 515
f 518 526 508
f 527 528 498
f 527 498 500
f 529 497 496
f 504 501 503
f 530 531 500
f 527 531 529
f 500 499 504
f 496 527 529
f 532 533 497
f 500 504 530
f 534 535 531
f 529 535 532
f 527 500 531
f 497 477 496
f 536 530 504
f 537 538 539
f 538 514 513
f 540 537 541
f 512 536 503
f 504 503 536
f 521 525 524
f 507 512 505
f 542 512 507
f 507 506 511
f 512 543 536
f 516 540 544
f 503 502 512
f 545 522 546
f 530 543 534
f 496 528 527
f 496 476 528
f 489 533 495
f 462 461 483
f 547 479 486
f 482 461 460
f 483 482 548
f 549 486 483
f 460 478 485
f 485 550 482
f 484 478 480
f 485 484 551
f 492 552 484
f 547 486 553
f 480 481 492
f 491 481 488
f 492 491 554
f 493 487 490
f 494 493 555
f 556 491 494
f 494 488 487
f 489 497 533
f 495 533 557
f 529 531 535
f 532 535 558
f 535 534 559
f 531 530 534
f 560 533 532
f 497 529 532
f 561 493 495
f 495 490 489
f 549 553 486
f 530 536 543
f 482 550 548
f 483 548 549
f 484 562 551
f 484 552 563
f 485 551 550
f 491 556 554
f 493 561 555
f 494 555 556
f 495 557 564
f 532 558 560
f 535 559 558
f 533 560 557
f 495 564 561
f 492 554 552
f 565 559 534
f 510 509 511
f 511 509 566
f 518 517 526
f 526 517 567
f 568 509 526
f 508 526 509
f 569 565 543
f 534 543 565
f 543 570 569
f 507 571 542
f 543 512 570
f 572 517 544
f 540 541 544
f 573 544 541
f 538 574 539
f 574 513 575
f 539 576 541
f 537 539 541
f 515 525 513
f 519 523 520
f 577 539 574
f 545 546 578
f 513 525 579
f 520 525 521
f 580 545 578
f 538 513 574
f 570 512 542
f 516 544 517
f 507 511 571
f 509 568 566
f 511 566 571
f 517 581 567
f 544 573 572
f 541 576 573
f 517 572 581
f 526 567 568
f 574 575 577
f 525 582 579
f 513 579 575
f 525 583 584
f 522 545 523
f 525 520 583
f 525 584 582
f 539 577 576
f 462 486 479
f 585 586 587
f 588 589 590
f 591 590 592
f 589 593 587
f 585 594 595
f 596 594 585
f 587 593 585
f 593 589 588
f 597 593 588
f 598 588 591
f 588 590 591
f 593 599 585
f 586 585 595
f 600 592 601
f 602 601 603
f 604 603 605
f 606 607 608
f 609 608 610
f 607 611 605
f 612 613 614
f 615 614 616
f 617 618 619
f 615 616 620
f 621 610 613
f 620 618 622
f 591 592 600
f 623 591 600
f 596 585 624
f 599 624 585
f 602 623 600
f 604 625 602
f 602 625 626
f 611 625 604
f 603 604 602
f 626 623 602
f 601 602 600
f 593 597 599
f 597 588 598
f 623 598 591
f 627 628 611
f 625 611 628
f 606 627 611
f 618 617 622
f 606 608 609
f 627 606 609
f 607 606 611
f 609 610 621
f 621 613 612
f 629 614 615
f 630 620 622
f 615 620 630
f 612 614 629
f 605 611 604
f 631 632 633
f 631 634 632
f 634 635 636
f 637 636 635
f 634 638 632
f 634 639 638
f 634 640 639
f 634 641 640
f 636 641 634
f 642 643 644
f 645 644 643
f 646 645 643
f 647 643 642
f 648 649 650
f 651 652 653
f 652 654 649
f 650 647 648
f 647 642 648
f 643 655 656
f 643 647 655
f 646 643 656
f 655 647 657
f 658 659 656
f 660 658 655
f 647 650 657
f 656 661 646
f 662 657 650
f 652 651 654
f 663 662 654
f 651 664 663
f 663 654 651
f 665 666 662
f 667 664 651
f 662 650 654
f 653 667 651
f 657 666 660
f 649 654 650
f 668 667 653
f 669 668 670
f 671 672 673
f 674 673 675
f 672 676 670
f 677 678 679
f 680 681 682
f 681 683 684
f 685 679 680
f 678 686 675
f 676 672 671
f 687 688 669
f 667 669 688
f 689 690 664
f 691 689 688
f 669 676 687
f 669 667 668
f 676 692 687
f 675 686 674
f 674 671 673
f 686 678 677
f 693 674 694
f 694 686 695
f 693 692 671
f 677 679 685
f 676 671 692
f 669 670 676
f 667 688 664
f 663 690 665
f 656 655 658
f 696 661 659
f 697 658 660
f 658 698 659
f 699 660 666
f 660 655 657
f 657 662 666
f 665 662 663
f 666 665 700
f 664 688 689
f 690 689 701
f 689 691 702
f 688 687 691
f 703 665 690
f 663 664 690
f 698 696 659
f 687 704 691
f 698 658 697
f 697 660 699
f 666 700 699
f 700 665 703
f 701 689 702
f 702 691 705
f 703 690 701
f 706 696 698
f 704 705 691
f 671 674 693
f 707 704 692
f 693 708 707
f 707 692 693
f 709 704 707
f 710 708 694
f 692 704 687
f 674 686 694
f 677 685 695
f 710 695 685
f 684 711 682
f 685 682 712
f 683 713 684
f 681 684 682
f 714 684 713
f 680 682 685
f 708 693 694
f 686 677 695
f 694 695 710
f 715 708 710
f 707 708 716
f 708 715 716
f 716 709 707
f 717 715 710
f 714 711 684
f 717 710 712
f 712 682 718
f 718 682 711
f 685 712 710
f 709 705 704
f 661 656 659
f 719 720 721
f 722 723 724
f 725 726 727
f 726 728 729
f 730 731 725
f 732 733 724
f 734 735 736
f 737 738 739
f 738 740 739
f 741 742 743
f 744 735 737
f 745 746 747
f 748 728 734
f 749 740 750
f 730 751 731
f 751 752 753
f 754 750 755
f 755 756 757
f 758 759 760
f 759 761 762
f 763 756 758
f 764 765 761
f 766 767 768
f 764 769 770
f 771 772 773
f 772 774 775
f 776 769 771
f 777 778 779
f 780 781 782
f 781 783 784
f 785 778 780
f 786 774 777
f 787 788 789
f 790 791 792
f 791 793 794
f 795 788 790
f 796 797 798
f 797 799 800
f 801 802 803
f 802 804 805
f 806 799 801
f 807 793 796
f 808 783 787
f 752 809 753
f 725 727 730
f 810 811 730
f 812 810 727
f 726 729 727
f 752 811 813
f 751 730 752
f 734 736 748
f 814 815 748
f 737 739 744
f 816 817 744
f 818 816 739
f 740 749 739
f 736 817 814
f 735 744 736
f 755 757 754
f 819 820 754
f 758 760 763
f 821 822 763
f 823 821 760
f 759 762 760
f 757 822 819
f 756 763 757
f 749 820 818
f 750 754 749
f 729 815 812
f 728 748 729
f 764 770 765
f 824 825 765
f 771 773 776
f 826 827 776
f 828 826 773
f 772 775 773
f 770 827 824
f 769 776 770
f 777 779 786
f 829 830 786
f 780 782 785
f 831 832 785
f 833 831 782
f 781 784 782
f 779 832 829
f 778 785 779
f 775 830 828
f 774 786 775
f 787 789 808
f 834 835 808
f 790 792 795
f 836 837 795
f 838 836 792
f 791 794 792
f 789 837 834
f 788 795 789
f 796 798 807
f 839 840 807
f 841 839 798
f 797 800 798
f 801 803 806
f 842 843 806
f 844 842 803
f 802 805 803
f 800 843 841
f 799 806 800
f 794 840 838
f 793 807 794
f 784 835 833
f 783 808 784
f 762 825 823
f 761 765 762
f 845 805 804
f 846 845 847
f 848 849 850
f 851 850 852
f 849 853 847
f 854 855 856
f 857 858 859
f 860 859 861
f 858 862 856
f 855 863 852
f 864 865 866
f 867 868 869
f 870 869 871
f 868 872 866
f 873 874 875
f 876 877 878
f 877 879 880
f 881 874 876
f 882 871 873
f 865 883 861
f 884 885 886
f 887 888 889
f 888 890 891
f 892 885 887
f 893 894 895
f 896 897 898
f 897 899 900
f 895 894 896
f 901 890 893
f 902 903 904
f 905 906 907
f 906 908 909
f 910 903 905
f 911 912 913
f 912 914 915
f 916 917 918
f 917 919 920
f 921 914 916
f 922 908 911
f 923 899 902
f 924 879 884
f 925 926 927
f 853 849 848
f 928 929 846
f 930 928 853
f 848 850 851
f 853 846 847
f 925 931 932
f 933 934 931
f 935 936 937
f 938 939 935
f 933 937 940
f 851 852 863
f 863 855 854
f 941 942 851
f 862 858 857
f 943 944 854
f 945 943 862
f 857 859 860
f 863 944 941
f 854 856 862
f 883 865 864
f 946 947 860
f 948 946 883
f 864 866 872
f 867 869 870
f 949 950 872
f 951 949 867
f 927 952 919
f 864 950 948
f 872 868 867
f 857 947 945
f 860 861 883
f 848 942 930
f 953 938 954
f 954 955 956
f 957 958 959
f 958 960 961
f 962 955 957
f 963 964 965
f 966 967 968
f 967 969 970
f 965 964 966
f 971 960 963
f 972 973 974
f 975 976 977
f 976 978 979
f 980 973 975
f 981 982 983
f 982 984 985
f 986 987 988
f 987 989 990
f 991 984 986
f 992 978 981
f 993 969 972
f 871 882 870
f 846 805 845
f 805 929 844
f 994 995 809
f 996 997 998
f 998 997 999
f 998 999 995
f 995 994 998
f 1000 996 998
f 811 752 730
f 1001 1002 813
f 1003 1001 811
f 810 730 727
f 994 1002 1000
f 809 813 994
f 815 729 748
f 1004 1005 812
f 817 736 744
f 1006 1007 814
f 1008 1006 817
f 816 744 739
f 815 1007 1004
f 814 748 736
f 810 1005 1003
f 812 727 729
f 739 749 818
f 873 875 882
f 1009 882 1010
f 876 878 881
f 1011 881 1012
f 1012 878 1013
f 877 880 878
f 1011 1010 875
f 874 881 875
f 884 886 924
f 1014 924 1015
f 887 889 892
f 1016 892 1017
f 1017 889 1018
f 888 891 889
f 1016 1015 886
f 885 892 886
f 1014 1013 880
f 879 924 880
f 757 763 822
f 1019 1020 818
f 760 762 823
f 1021 1022 819
f 1023 1021 822
f 762 765 825
f 820 1022 1019
f 763 760 821
f 776 827 770
f 824 765 770
f 1024 1025 823
f 773 826 776
f 808 835 784
f 1026 1027 824
f 1028 1026 827
f 891 1029 1018
f 825 1027 1024
f 828 773 775
f 821 1025 1023
f 754 757 819
f 749 754 820
f 890 901 891
f 816 1020 1008
f 752 813 809
f 830 775 786
f 1030 1031 828
f 832 779 785
f 1032 1033 829
f 1034 1032 832
f 831 785 782
f 830 1033 1030
f 829 786 779
f 834 808 789
f 1035 1036 833
f 836 795 792
f 1037 1038 834
f 1039 1037 837
f 838 792 794
f 835 1038 1035
f 837 789 795
f 831 1036 1034
f 833 782 784
f 839 807 798
f 1040 1041 838
f 843 800 806
f 1042 1043 839
f 1044 1042 841
f 842 806 803
f 840 1043 1040
f 841 798 800
f 929 805 846
f 1045 1046 842
f 930 853 848
f 1047 1048 929
f 1049 1047 928
f 942 848 851
f 844 1048 1045
f 928 846 853
f 843 1046 1044
f 844 803 805
f 836 1041 1039
f 840 794 807
f 944 863 854
f 1050 1051 942
f 945 862 857
f 1052 1053 944
f 1054 1052 943
f 947 857 860
f 941 1053 1050
f 943 854 862
f 948 883 864
f 1055 1056 947
f 949 872 867
f 1057 1058 948
f 1059 1057 950
f 951 867 870
f 946 1058 1055
f 950 864 872
f 945 1056 1054
f 946 860 883
f 870 882 1009
f 1060 1061 951
f 875 881 1011
f 1062 1063 1010
f 1064 1062 1011
f 881 878 1012
f 1009 1063 1060
f 882 875 1010
f 880 924 1014
f 1065 1066 1013
f 1067 1065 1014
f 924 886 1015
f 892 889 1017
f 1068 1069 1016
f 1070 1068 1017
f 889 891 1018
f 1015 1069 1067
f 886 892 1016
f 1012 1066 1064
f 878 880 1013
f 949 1061 1059
f 951 870 1009
f 930 1051 1049
f 941 851 863
f 826 1031 1028
f 901 1029 891
f 896 898 895
f 1071 1072 895
f 899 923 900
f 1073 1074 900
f 1075 1073 923
f 902 904 923
f 898 1074 1071
f 897 900 898
f 905 907 910
f 1076 1077 910
f 908 922 909
f 1078 1079 909
f 1080 1078 922
f 911 913 922
f 907 1079 1076
f 906 909 907
f 904 1077 1075
f 903 910 904
f 914 921 915
f 1081 1082 915
f 917 920 918
f 1083 1084 918
f 1085 1083 920
f 919 952 920
f 921 1084 1081
f 916 918 921
f 925 932 926
f 1086 1087 926
f 933 940 934
f 1088 1089 934
f 1090 1088 940
f 937 936 940
f 932 1089 1086
f 931 934 932
f 952 1087 1085
f 927 926 952
f 913 1082 1080
f 912 915 913
f 938 953 939
f 1091 1092 939
f 955 962 956
f 1093 1094 956
f 1095 1093 962
f 957 959 962
f 953 1094 1091
f 954 956 953
f 960 971 961
f 1096 1097 961
f 966 968 965
f 1098 1099 965
f 1100 1098 968
f 967 970 968
f 971 1099 1096
f 963 965 971
f 959 1097 1095
f 958 961 959
f 972 974 993
f 1101 1102 993
f 975 977 980
f 1103 1104 980
f 1105 1103 977
f 976 979 977
f 974 1104 1101
f 973 980 974
f 981 983 992
f 1106 1107 992
f 1108 1106 983
f 982 985 983
f 986 988 991
f 1109 1110 991
f 1111 1109 988
f 987 990 988
f 985 1110 1108
f 984 991 985
f 979 1107 1105
f 978 992 979
f 970 1102 1100
f 969 993 970
f 936 1092 1090
f 935 939 936
f 901 895 1072
f 1112 1113 1029
f 898 900 1074
f 1114 1115 1071
f 1116 1114 1074
f 900 923 1073
f 1072 1115 1112
f 895 898 1071
f 904 910 1077
f 1117 1118 1075
f 907 909 1079
f 1119 1120 1076
f 1121 1119 1079
f 909 922 1078
f 1077 1120 1117
f 910 907 1076
f 1073 1118 1116
f 923 904 1075
f 913 915 1082
f 1122 1123 1080
f 921 918 1084
f 1124 1125 1081
f 1126 1124 1084
f 918 920 1083
f 1082 1125 1122
f 915 921 1081
f 952 926 1087
f 1127 1128 1085
f 1129 1127 1087
f 926 932 1086
f 934 940 1088
f 1130 1131 1089
f 1132 1130 1088
f 940 936 1090
f 1086 1131 1129
f 932 934 1089
f 1083 1128 1126
f 920 952 1085
f 1078 1123 1121
f 922 913 1080
f 939 953 1091
f 1133 1134 1092
f 956 962 1093
f 1135 1136 1094
f 1137 1135 1093
f 962 959 1095
f 1091 1136 1133
f 953 956 1094
f 961 971 1096
f 1138 1139 1097
f 965 968 1098
f 1140 1141 1099
f 1142 1140 1098
f 968 970 1100
f 1096 1141 1138
f 971 965 1099
f 1095 1139 1137
f 959 961 1097
f 993 974 1101
f 1143 1144 1102
f 980 977 1103
f 1145 1146 1104
f 1147 1145 1103
f 977 979 1105
f 1101 1146 1143
f 974 980 1104
f 992 983 1106
f 1148 1149 1107
f 1150 1148 1106
f 983 985 1108
f 991 988 1109
f 1151 1152 1110
f 1153 1151 1109
f 988 990 1111
f 1108 1152 1150
f 985 991 1110
f 1105 1149 1147
f 979 992 1107
f 1100 1144 1142
f 970 993 1102
f 1090 1134 1132
f 936 939 1092
f 1072 1029 901
f 1154 990 989
f 1018 1113 1070
f 893 895 901
f 1111 990 1155
f 1156 1157 1158
f 1159 1160 1161
f 1162 1161 1163
f 1160 1164 1158
f 1165 1166 1167
f 1168 1169 1170
f 1170 1171 1172
f 1169 1173 1167
f 1166 1174 1163
f 1175 1176 1177
f 1178 1179 1180
f 1179 1181 1180
f 1182 1176 1178
f 1183 1184 1185
f 1186 1187 1188
f 1187 1189 1190
f 1191 1184 1186
f 1192 1181 1183
f 1193 1171 1175
f 1194 1195 1196
f 1197 1198 1199
f 1198 1200 1201
f 1202 1195 1197
f 1203 1204 1205
f 1206 1207 1208
f 1207 1209 1210
f 1211 1204 1206
f 1212 1200 1203
f 1213 1214 1215
f 1216 1217 1218
f 1217 1219 1220
f 1221 1214 1216
f 1222 1223 1224
f 1223 1225 1226
f 1227 1228 1229
f 1228 1230 1231
f 1232 1225 1227
f 1233 1219 1222
f 1234 1209 1213
f 1235 1189 1194
f 1236 1237 1238
f 1239 1240 1241
f 1240 1242 1243
f 1244 1237 1239
f 1245 1246 1247
f 1248 1249 1250
f 1249 1251 1252
f 1253 1246 1248
f 1254 1242 1245
f 1159 1164 1160
f 1255 1155 1154
f 1174 1162 1163
f 1256 1257 1164
f 1258 1256 1159
f 1165 1174 1166
f 1156 1257 1255
f 1162 1159 1161
f 1173 1169 1168
f 1167 1173 1165
f 1230 1236 1231
f 1259 1260 1165
f 1261 1259 1173
f 1262 1263 1251
f 1174 1260 1264
f 1265 1262 1266
f 1162 1264 1258
f 1164 1156 1158
f 1156 1154 1157
f 1266 1267 1268
f 1269 1270 1271
f 1270 1272 1273
f 1274 1267 1269
f 1275 1276 1277
f 1278 1279 1280
f 1279 1281 1282
f 1283 1276 1278
f 1284 1272 1275
f 1285 1286 1287
f 1288 1289 1290
f 1289 1291 1292
f 1293 1286 1288
f 1294 1295 1296
f 1295 1297 1296
f 1298 1299 1300
f 1299 1301 1302
f 1303 1297 1298
f 1304 1291 1294
f 1305 1281 1285
f 1306 1307 1301
f 1154 989 1157
f 1308 1306 1309
f 1310 1311 1312
f 1313 1312 1314
f 1311 1315 1309
f 1316 1317 1318
f 1319 1320 1321
f 1320 1322 1323
f 1324 1325 1319
f 1317 1326 1314
f 1327 1328 1329
f 1330 1331 1332
f 1331 1333 1334
f 1335 1328 1330
f 1336 1337 1338
f 1339 1340 1341
f 1340 1342 1343
f 1344 1337 1339
f 1345 1333 1336
f 1346 1322 1327
f 1347 1348 1349
f 1350 1351 1352
f 1351 1353 1354
f 1352 1348 1350
f 1355 1356 1357
f 1358 1359 1360
f 1359 1361 1362
f 1363 1356 1358
f 1364 1353 1355
f 1365 1366 1367
f 1368 1369 1370
f 1369 1371 1372
f 1373 1366 1368
f 1374 1375 1376
f 1375 1377 1378
f 1379 1380 1381
f 1380 1382 1383
f 1384 1377 1379
f 1385 1371 1374
f 1386 1361 1365
f 1387 1342 1347
f 1388 1389 1390
f 1391 1392 1393
f 1392 1394 1395
f 1396 1389 1391
f 1397 1398 1399
f 1400 1401 1402
f 1401 1403 1402
f 1404 1398 1400
f 1405 1394 1397
f 1406 1407 1408
f 1409 1410 1411
f 1410 1412 1413
f 1414 1407 1409
f 1415 1416 1417
f 1416 1418 1419
f 1420 1421 1422
f 1421 1423 1424
f 1425 1418 1420
f 1426 1412 1415
f 1427 1403 1406
f 1428 1429 1430
f 1431 1432 1433
f 1432 1434 1435
f 1436 1429 1431
f 1437 1438 1439
f 1440 1441 745
f 1441 1442 1443
f 1444 1438 1440
f 1445 1434 1437
f 1446 1447 733
f 722 724 1447
f 1447 724 733
f 723 722 1448
f 1442 1446 1449
f 1450 1451 721
f 720 1450 721
f 1448 1451 1450
f 1448 722 1451
f 1423 1428 1452
f 1382 1388 1453
f 1318 1325 1454
f 1170 1172 1168
f 1171 1193 1172
f 1455 1456 1172
f 1176 1182 1177
f 1457 1458 1177
f 1459 1457 1182
f 1178 1180 1182
f 1193 1458 1455
f 1175 1177 1193
f 1183 1185 1192
f 1460 1461 1192
f 1186 1188 1191
f 1462 1463 1191
f 1464 1462 1188
f 1187 1190 1188
f 1185 1463 1460
f 1184 1191 1185
f 1180 1461 1459
f 1181 1192 1180
f 1194 1196 1235
f 1465 1466 1235
f 1197 1199 1202
f 1467 1468 1202
f 1469 1467 1199
f 1198 1201 1199
f 1196 1468 1465
f 1195 1202 1196
f 1203 1205 1212
f 1470 1471 1212
f 1206 1208 1211
f 1472 1211 1473
f 1473 1208 1474
f 1207 1210 1208
f 1472 1470 1205
f 1204 1211 1205
f 1201 1471 1469
f 1200 1212 1201
f 1190 1466 1464
f 1189 1235 1190
f 1213 1215 1234
f 1475 1234 1476
f 1216 1218 1221
f 1477 1221 1478
f 1478 1218 1479
f 1217 1220 1218
f 1477 1476 1215
f 1214 1221 1215
f 1222 1224 1233
f 1480 1233 1481
f 1225 1232 1226
f 1482 1226 1483
f 1483 1232 1484
f 1227 1229 1232
f 1482 1481 1224
f 1223 1226 1224
f 1480 1479 1220
f 1219 1233 1220
f 1236 1238 1231
f 1485 1231 1486
f 1239 1241 1244
f 1487 1244 1488
f 1488 1241 1489
f 1240 1243 1241
f 1487 1486 1238
f 1237 1244 1238
f 1245 1247 1254
f 1490 1254 1491
f 1491 1247 1492
f 1246 1253 1247
f 1249 1252 1250
f 1493 1250 1494
f 1494 1252 1495
f 1251 1263 1252
f 1493 1492 1253
f 1248 1250 1253
f 1490 1489 1243
f 1242 1254 1243
f 1485 1484 1229
f 1228 1231 1229
f 1475 1474 1210
f 1209 1234 1210
f 1159 1256 1164
f 1496 1497 1155
f 1174 1264 1162
f 1498 1499 1257
f 1500 1498 1256
f 1165 1260 1174
f 1255 1499 1496
f 1162 1258 1159
f 1168 1261 1173
f 1501 1502 1264
f 1456 1168 1172
f 1503 1504 1259
f 1505 1503 1261
f 1455 1172 1193
f 1260 1504 1501
f 1456 1261 1168
f 1258 1502 1500
f 1173 1259 1165
f 1457 1177 1182
f 1506 1507 1455
f 1461 1180 1192
f 1508 1509 1457
f 1510 1508 1459
f 1460 1192 1185
f 1458 1509 1506
f 1459 1182 1180
f 1462 1191 1188
f 1511 1512 1460
f 1466 1190 1235
f 1513 1514 1462
f 1515 1513 1464
f 1465 1235 1196
f 1463 1514 1511
f 1464 1188 1190
f 1461 1512 1510
f 1463 1185 1191
f 1456 1507 1505
f 1458 1193 1177
f 1266 1268 1265
f 1516 1265 1517
f 1269 1271 1274
f 1518 1274 1519
f 1519 1271 1520
f 1270 1273 1271
f 1518 1517 1268
f 1267 1274 1268
f 1275 1277 1284
f 1521 1284 1522
f 1278 1280 1283
f 1523 1283 1524
f 1524 1280 1525
f 1279 1282 1280
f 1523 1522 1277
f 1276 1283 1277
f 1521 1520 1273
f 1272 1284 1273
f 1201 1469 1199
f 1526 1527 1465
f 1495 1263 1516
f 1528 1529 1467
f 1530 1528 1469
f 1282 1531 1525
f 1468 1529 1526
f 1212 1471 1201
f 1285 1287 1305
f 1531 1305 1532
f 1532 1287 1533
f 1286 1293 1287
f 1289 1292 1290
f 1534 1290 1535
f 1535 1292 1536
f 1291 1304 1292
f 1534 1533 1293
f 1288 1290 1293
f 1304 1537 1536
f 1199 1467 1202
f 1196 1202 1468
f 1281 1305 1282
f 1466 1527 1515
f 1164 1257 1156
f 1156 1255 1154
f 1262 1265 1263
f 1297 1303 1296
f 1538 1537 1296
f 1299 1302 1300
f 1539 1540 1300
f 1541 1539 1302
f 1301 1307 1302
f 1303 1540 1538
f 1298 1300 1303
f 1309 1315 1308
f 1542 1543 1308
f 1312 1313 1310
f 1544 1545 1310
f 1546 1544 1313
f 1314 1326 1313
f 1315 1545 1542
f 1311 1310 1315
f 1307 1543 1541
f 1306 1308 1307
f 1318 1454 1316
f 1547 1548 1316
f 1319 1321 1324
f 1549 1550 1324
f 1551 1549 1321
f 1320 1323 1321
f 1454 1550 1547
f 1325 1324 1454
f 1327 1329 1346
f 1552 1553 1346
f 1330 1332 1335
f 1554 1555 1335
f 1556 1554 1332
f 1331 1334 1332
f 1329 1555 1552
f 1328 1335 1329
f 1323 1553 1551
f 1322 1346 1323
f 1326 1548 1546
f 1317 1316 1326
f 1336 1338 1345
f 1557 1338 1558
f 1339 1341 1344
f 1559 1341 1560
f 1560 1343 1561
f 1340 1343 1341
f 1559 1558 1344
f 1337 1344 1338
f 1347 1349 1387
f 1562 1349 1563
f 1351 1354 1352
f 1564 1354 1565
f 1565 1364 1566
f 1353 1364 1354
f 1564 1563 1352
f 1348 1352 1349
f 1562 1561 1387
f 1342 1387 1343
f 1356 1363 1357
f 1567 1363 1568
f 1359 1362 1360
f 1569 1362 1570
f 1570 1386 1571
f 1361 1386 1362
f 1569 1568 1360
f 1358 1360 1363
f 1366 1373 1367
f 1572 1373 1573
f 1573 1370 1574
f 1368 1370 1373
f 1371 1385 1372
f 1575 1385 1576
f 1576 1376 1577
f 1374 1376 1385
f 1575 1574 1372
f 1369 1372 1370
f 1572 1571 1367
f 1365 1367 1386
f 1567 1566 1357
f 1355 1357 1364
f 1334 1578 1556
f 1333 1345 1334
f 1377 1384 1378
f 1579 1384 1580
f 1380 1383 1381
f 1581 1383 1582
f 1582 1453 1583
f 1382 1453 1383
f 1581 1580 1381
f 1379 1381 1384
f 1389 1396 1390
f 1584 1396 1585
f 1392 1395 1393
f 1586 1395 1587
f 1587 1405 1588
f 1394 1405 1395
f 1586 1585 1393
f 1391 1393 1396
f 1584 1583 1390
f 1388 1390 1453
f 1398 1404 1399
f 1589 1404 1590
f 1403 1427 1402
f 1591 1427 1592
f 1592 1408 1593
f 1406 1408 1427
f 1591 1590 1402
f 1400 1402 1404
f 1409 1411 1414
f 1594 1411 1595
f 1595 1413 1596
f 1410 1413 1411
f 1415 1417 1426
f 1597 1417 1598
f 1598 1419 1599
f 1416 1419 1417
f 1597 1596 1426
f 1412 1426 1413
f 1594 1593 1414
f 1407 1414 1408
f 1589 1588 1399
f 1397 1399 1405
f 1420 1422 1425
f 1600 1422 1601
f 1423 1452 1424
f 1602 1452 1603
f 1603 1430 1604
f 1428 1430 1452
f 1602 1601 1424
f 1421 1424 1422
f 1431 1433 1436
f 1605 1433 1606
f 1434 1445 1435
f 1607 1445 1608
f 1608 1439 743
f 1437 1439 1445
f 1607 1606 1435
f 1432 1435 1433
f 1605 1604 1436
f 1429 1436 1430
f 1440 745 1444
f 746 745 1609
f 1610 1609 1443
f 745 1443 1609
f 1449 1610 1443
f 1444 745 747
f 1441 1443 745
f 1446 733 1449
f 1611 1449 733
f 733 732 1611
f 1611 1610 1449
f 1442 1449 1443
f 1599 1425 1600
f 1438 1444 1439
f 1577 1378 1579
f 1418 1425 1419
f 1345 1557 1578
f 1375 1378 1376
f 1470 1212 1205
f 1294 1296 1304
f 1155 990 1154
f 1111 1497 1153
f 1612 1613 1614
f 1615 1612 1614
f 1616 1617 1618
f 1617 1616 1619
f 1612 1615 1619
f 1619 1616 1620
f 1615 1617 1619
f 997 996 1616
f 1621 1612 1619
f 1000 998 994
f 996 1000 1622
f 1001 813 811
f 1002 1001 1623
f 1001 1003 1623
f 1003 811 810
f 1624 1000 1002
f 1002 994 813
f 1004 812 815
f 1005 1004 1625
f 1006 814 817
f 1007 1006 1626
f 1006 1008 1627
f 1008 817 816
f 1628 1004 1007
f 1007 815 814
f 1629 1003 1005
f 1005 810 812
f 1630 1616 996
f 816 818 1020
f 1019 818 820
f 1020 1019 1631
f 1021 819 822
f 1022 1021 1632
f 1021 1023 1633
f 1023 822 821
f 1634 1019 1022
f 1022 820 819
f 1024 823 825
f 1025 1024 1635
f 1026 824 827
f 1027 1026 1636
f 1026 1028 1637
f 1028 827 826
f 1638 1024 1027
f 1027 825 824
f 1639 1023 1025
f 1025 821 823
f 1030 828 830
f 1031 1030 1640
f 1032 829 832
f 1033 1032 1641
f 1032 1034 1642
f 1034 832 831
f 1641 1030 1033
f 1033 830 829
f 1035 833 835
f 1036 1035 1643
f 1035 1038 1644
f 1038 835 834
f 1039 837 836
f 1037 1039 1645
f 1039 1041 1646
f 1041 836 838
f 1647 1038 1037
f 1037 834 837
f 1648 1034 1036
f 1036 831 833
f 1649 1028 1031
f 1031 826 828
f 1650 1008 1020
f 838 840 1040
f 1043 840 839
f 1040 1043 1651
f 1044 841 843
f 1042 1044 1652
f 1044 1046 1653
f 1046 843 842
f 1654 1043 1042
f 1042 839 841
f 1048 844 929
f 1045 1048 1655
f 1049 928 930
f 1047 1049 1656
f 1049 1051 1657
f 1051 930 942
f 1658 1048 1047
f 1047 929 928
f 1659 1046 1045
f 1045 842 844
f 1053 941 944
f 1050 1053 1660
f 1661 1052 1054
f 1052 1662 1053
f 1663 1054 1056
f 1054 943 945
f 1051 1050 1664
f 1052 944 943
f 1055 947 946
f 1056 1055 1665
f 1057 948 950
f 1058 1057 1666
f 1057 1059 1667
f 1059 950 949
f 1668 1055 1058
f 1058 946 948
f 1061 1669 1059
f 1056 945 947
f 1041 1040 1670
f 1050 942 941
f 1060 951 1009
f 1061 1060 1671
f 1062 1010 1011
f 1063 1062 1672
f 1062 1064 1673
f 1064 1011 1012
f 1674 1060 1063
f 1063 1009 1010
f 1065 1013 1014
f 1066 1065 1675
f 1069 1015 1016
f 1067 1069 1676
f 1069 1068 1677
f 1068 1016 1017
f 1678 1065 1067
f 1067 1014 1015
f 1679 1064 1066
f 1066 1012 1013
f 1113 1018 1029
f 1070 1113 1680
f 1072 1071 1115
f 1112 1115 1681
f 1115 1114 1682
f 1071 1074 1114
f 1683 1113 1112
f 1029 1072 1112
f 1073 1075 1118
f 1116 1118 1684
f 1118 1117 1685
f 1075 1077 1117
f 1076 1079 1119
f 1120 1119 1686
f 1119 1121 1687
f 1079 1078 1121
f 1688 1117 1120
f 1077 1076 1120
f 1689 1114 1116
f 1074 1073 1116
f 1690 1068 1070
f 1070 1017 1018
f 1123 1691 1121
f 1061 949 951
f 1078 1080 1123
f 1125 1082 1081
f 1123 1122 1692
f 1126 1084 1083
f 1125 1124 1693
f 1124 1126 1694
f 1128 1083 1085
f 1695 1122 1125
f 1124 1081 1084
f 1129 1087 1086
f 1128 1127 1696
f 1130 1089 1088
f 1129 1131 1697
f 1131 1130 1698
f 1132 1088 1090
f 1699 1127 1129
f 1131 1086 1089
f 1700 1126 1128
f 1127 1085 1087
f 1133 1092 1091
f 1132 1134 1701
f 1135 1094 1093
f 1133 1136 1702
f 1136 1135 1703
f 1137 1093 1095
f 1704 1134 1133
f 1136 1091 1094
f 1138 1097 1096
f 1137 1139 1705
f 1140 1099 1098
f 1138 1141 1706
f 1141 1140 1707
f 1142 1098 1100
f 1708 1139 1138
f 1141 1096 1099
f 1709 1135 1137
f 1139 1095 1097
f 1710 1130 1132
f 1134 1090 1092
f 1205 1211 1472
f 1711 1470 1712
f 1208 1210 1474
f 1713 1473 1714
f 1714 1474 1715
f 1210 1234 1475
f 1713 1712 1472
f 1211 1208 1473
f 1215 1221 1477
f 1716 1476 1717
f 1218 1220 1479
f 1718 1478 1719
f 1719 1479 1720
f 1220 1233 1480
f 1718 1717 1477
f 1221 1218 1478
f 1716 1715 1475
f 1234 1215 1476
f 1104 1146 1101
f 1142 1144 1721
f 1105 1147 1103
f 1143 1146 1722
f 1146 1145 1723
f 1107 1149 1105
f 1724 1144 1143
f 1103 1145 1104
f 1224 1226 1482
f 1725 1481 1726
f 1726 1482 1727
f 1226 1232 1483
f 1108 1150 1106
f 1147 1149 1728
f 1149 1148 1729
f 1480 1725 1720
f 1148 1107 1106
f 1108 1110 1152
f 1730 1145 1147
f 1101 1143 1102
f 1100 1102 1144
f 1233 1224 1481
f 1731 1140 1142
f 1082 1122 1080
f 1151 1110 1109
f 1150 1152 1732
f 1497 1111 1155
f 1151 1153 1733
f 1153 1497 1734
f 1496 1155 1255
f 1735 1152 1151
f 1153 1109 1111
f 1498 1257 1256
f 1496 1499 1736
f 1502 1258 1264
f 1498 1500 1737
f 1500 1502 1738
f 1501 1264 1260
f 1739 1499 1498
f 1500 1256 1258
f 1740 1497 1496
f 1499 1255 1257
f 1503 1259 1261
f 1501 1504 1741
f 1507 1456 1455
f 1503 1505 1742
f 1505 1507 1743
f 1506 1455 1458
f 1744 1504 1503
f 1505 1261 1456
f 1508 1457 1459
f 1506 1509 1745
f 1509 1508 1746
f 1510 1459 1461
f 1511 1460 1463
f 1510 1512 1747
f 1512 1511 1748
f 1514 1463 1462
f 1749 1508 1510
f 1512 1461 1460
f 1750 1507 1506
f 1509 1458 1457
f 1751 1502 1501
f 1504 1260 1259
f 1515 1464 1466
f 1514 1513 1752
f 1526 1465 1468
f 1515 1527 1753
f 1527 1526 1754
f 1529 1468 1467
f 1755 1513 1515
f 1527 1466 1465
f 1530 1469 1471
f 1529 1528 1756
f 1471 1470 1711
f 1530 1711 1757
f 1711 1712 1758
f 1470 1472 1712
f 1759 1528 1530
f 1530 1471 1711
f 1760 1526 1529
f 1528 1467 1469
f 1473 1474 1714
f 1713 1714 1761
f 1475 1476 1716
f 1715 1716 1762
f 1716 1717 1763
f 1476 1477 1717
f 1764 1714 1715
f 1474 1475 1715
f 1478 1479 1719
f 1718 1719 1765
f 1719 1720 1766
f 1479 1480 1720
f 1481 1482 1726
f 1725 1726 1767
f 1726 1727 1768
f 1482 1483 1727
f 1769 1720 1725
f 1480 1481 1725
f 1770 1717 1718
f 1477 1478 1718
f 1771 1712 1713
f 1472 1473 1713
f 1772 1511 1514
f 1513 1462 1464
f 1773 1148 1150
f 1774 1727 1483
f 1613 1612 1775
f 1616 1618 997
f 1776 1777 1778
f 1779 1780 1781
f 1780 1776 1781
f 1621 1619 1620
f 1616 1630 1620
f 1628 1007 1626
f 1004 1628 1625
f 1777 1782 1775
f 1006 1627 1626
f 1783 1779 1781
f 1777 1775 1778
f 1622 1630 996
f 1622 1000 1624
f 1003 1629 1623
f 1625 1629 1005
f 1623 1624 1002
f 1778 1781 1776
f 1008 1650 1627
f 1638 1784 1024
f 1632 1021 1633
f 1639 1633 1023
f 1637 1636 1026
f 1635 1639 1025
f 1020 1631 1650
f 1636 1638 1027
f 1643 1035 1644
f 1036 1643 1648
f 1640 1030 1641
f 1648 1642 1034
f 1640 1649 1031
f 1038 1647 1644
f 1028 1649 1637
f 1632 1634 1022
f 1641 1032 1642
f 1666 1057 1667
f 1668 1058 1666
f 1655 1785 1045
f 1065 1678 1675
f 1669 1667 1059
f 1067 1676 1678
f 1658 1655 1048
f 1645 1647 1037
f 1659 1045 1785
f 1621 1775 1612
f 1069 1677 1676
f 1646 1041 1670
f 1652 1654 1042
f 1039 1646 1786
f 1654 1651 1043
f 1656 1658 1047
f 1657 1656 1049
f 1657 1051 1664
f 1660 1053 1662
f 1652 1044 1653
f 1040 1651 1670
f 1024 1784 1635
f 1659 1653 1046
f 1660 1664 1050
f 1631 1019 1634
f 1671 1669 1061
f 1672 1062 1673
f 1787 1056 1665
f 1663 1056 1787
f 1679 1673 1064
f 1112 1681 1683
f 1690 1677 1068
f 1070 1680 1690
f 1689 1682 1114
f 1066 1788 1679
f 1661 1054 1663
f 1674 1671 1060
f 1674 1063 1672
f 1683 1680 1113
f 1066 1675 1788
f 1789 1689 1116
f 1055 1668 1665
f 1682 1681 1115
f 1661 1662 1052
f 1116 1684 1789
f 1710 1132 1701
f 1710 1698 1130
f 1704 1701 1134
f 1122 1695 1692
f 1135 1709 1703
f 1691 1123 1692
f 1140 1731 1707
f 1721 1731 1142
f 1728 1149 1729
f 1732 1773 1150
f 1724 1143 1722
f 1144 1724 1721
f 1706 1141 1707
f 1729 1148 1773
f 1120 1686 1688
f 1125 1693 1695
f 1685 1684 1118
f 1127 1699 1696
f 1722 1146 1790
f 1698 1697 1131
f 1697 1699 1129
f 1686 1119 1687
f 1700 1128 1696
f 1685 1117 1688
f 1742 1505 1743
f 1503 1742 1744
f 1501 1741 1751
f 1740 1791 1497
f 1743 1507 1792
f 1734 1497 1791
f 1513 1755 1752
f 1753 1527 1793
f 1770 1718 1765
f 1794 1716 1763
f 1717 1770 1763
f 1711 1758 1757
f 1515 1753 1755
f 1508 1749 1746
f 1504 1744 1741
f 1502 1751 1738
f 1740 1496 1736
f 1733 1735 1151
f 1792 1507 1750
f 1772 1514 1752
f 1771 1758 1712
f 1754 1793 1527
f 1757 1759 1530
f 1771 1713 1761
f 1766 1765 1719
f 1732 1152 1735
f 1769 1766 1720
f 1137 1705 1709
f 1704 1133 1702
f 1795 1693 1124
f 1687 1121 1691
f 1796 1136 1703
f 1153 1734 1733
f 1723 1790 1146
f 1797 1139 1708
f 1126 1700 1694
f 1796 1702 1136
f 1706 1708 1138
f 1145 1730 1723
f 1147 1728 1730
f 1795 1124 1694
f 1736 1499 1739
f 1510 1747 1749
f 1512 1748 1747
f 1745 1509 1746
f 1750 1506 1745
f 1762 1764 1715
f 1726 1768 1767
f 1529 1756 1760
f 1526 1760 1754
f 1761 1714 1764
f 1500 1738 1737
f 1794 1762 1716
f 1769 1725 1767
f 1756 1528 1759
f 1748 1511 1772
f 1739 1498 1737
f 1775 1782 1613
f 1798 1768 1727
f 1229 1231 1485
f 1799 1774 1484
f 1238 1244 1487
f 1800 1801 1486
f 1802 1800 1487
f 1244 1241 1488
f 1485 1801 1799
f 1231 1238 1486
f 1243 1254 1490
f 1803 1804 1489
f 1247 1253 1492
f 1805 1806 1491
f 1807 1805 1492
f 1253 1250 1493
f 1490 1806 1803
f 1254 1247 1491
f 1488 1804 1802
f 1241 1243 1489
f 1252 1263 1495
f 1808 1809 1494
f 1265 1268 1517
f 1810 1811 1516
f 1812 1810 1517
f 1268 1274 1518
f 1495 1811 1808
f 1263 1265 1516
f 1271 1273 1520
f 1813 1814 1519
f 1284 1277 1522
f 1815 1816 1521
f 1817 1815 1522
f 1277 1283 1523
f 1520 1816 1813
f 1273 1284 1521
f 1518 1814 1812
f 1274 1271 1519
f 1493 1809 1807
f 1250 1252 1494
f 1280 1282 1525
f 1818 1819 1524
f 1305 1287 1532
f 1820 1821 1531
f 1822 1820 1532
f 1287 1293 1533
f 1525 1821 1818
f 1282 1305 1531
f 1290 1292 1535
f 1823 1824 1534
f 1304 1296 1537
f 1825 1826 1536
f 1827 1825 1537
f 1296 1303 1538
f 1535 1826 1823
f 1292 1304 1536
f 1533 1824 1822
f 1293 1290 1534
f 1300 1302 1539
f 1828 1829 1540
f 1307 1308 1543
f 1830 1831 1541
f 1832 1830 1543
f 1308 1315 1542
f 1539 1831 1828
f 1302 1307 1541
f 1310 1313 1544
f 1833 1834 1545
f 1835 1833 1544
f 1313 1326 1546
f 1316 1454 1547
f 1836 1837 1548
f 1838 1836 1547
f 1454 1324 1550
f 1546 1837 1835
f 1326 1316 1548
f 1542 1834 1832
f 1315 1310 1545
f 1538 1829 1827
f 1303 1300 1540
f 1523 1819 1817
f 1283 1280 1524
f 1484 1485 1799
f 1839 1774 1799
f 1486 1487 1800
f 1840 1801 1800
f 1841 1800 1802
f 1487 1488 1802
f 1801 1842 1799
f 1485 1486 1801
f 1489 1490 1803
f 1843 1804 1803
f 1491 1492 1805
f 1844 1806 1805
f 1845 1805 1807
f 1492 1493 1807
f 1806 1846 1803
f 1490 1491 1806
f 1804 1847 1802
f 1488 1489 1804
f 1494 1495 1808
f 1848 1809 1808
f 1516 1517 1810
f 1849 1811 1810
f 1850 1810 1812
f 1517 1518 1812
f 1811 1851 1808
f 1495 1516 1811
f 1519 1520 1813
f 1852 1814 1813
f 1521 1522 1815
f 1853 1816 1815
f 1854 1815 1817
f 1522 1523 1817
f 1816 1855 1813
f 1520 1521 1816
f 1814 1856 1812
f 1518 1519 1814
f 1809 1857 1807
f 1493 1494 1809
f 1524 1525 1818
f 1858 1819 1818
f 1531 1532 1820
f 1859 1821 1820
f 1860 1820 1822
f 1532 1533 1822
f 1821 1861 1818
f 1525 1531 1821
f 1534 1535 1823
f 1862 1824 1823
f 1536 1537 1825
f 1863 1826 1825
f 1864 1825 1827
f 1537 1538 1827
f 1826 1865 1823
f 1535 1536 1826
f 1824 1866 1822
f 1533 1534 1824
f 1540 1539 1828
f 1867 1829 1828
f 1541 1543 1830
f 1868 1831 1830
f 1869 1830 1832
f 1543 1542 1832
f 1831 1870 1828
f 1539 1541 1831
f 1545 1544 1833
f 1871 1834 1833
f 1872 1833 1835
f 1544 1546 1835
f 1548 1547 1836
f 1873 1837 1836
f 1874 1836 1838
f 1547 1550 1838
f 1837 1875 1835
f 1546 1548 1837
f 1834 1876 1832
f 1542 1545 1834
f 1829 1877 1827
f 1538 1540 1829
f 1819 1878 1817
f 1523 1524 1819
f 1484 1774 1483
f 1879 1838 1550
f 1321 1323 1551
f 1880 1879 1549
f 1346 1329 1552
f 1881 1882 1553
f 1883 1881 1552
f 1329 1335 1555
f 1551 1882 1880
f 1323 1346 1553
f 1332 1334 1556
f 1884 1885 1554
f 1345 1338 1557
f 1886 1887 1578
f 1888 1886 1557
f 1338 1344 1558
f 1556 1887 1884
f 1334 1345 1578
f 1555 1885 1883
f 1335 1332 1554
f 1341 1343 1560
f 1889 1890 1559
f 1387 1349 1562
f 1891 1561 1892
f 1892 1562 1893
f 1349 1352 1563
f 1891 1889 1560
f 1343 1387 1561
f 1354 1364 1565
f 1894 1564 1895
f 1357 1363 1567
f 1896 1566 1897
f 1897 1567 1898
f 1363 1360 1568
f 1896 1895 1565
f 1364 1357 1566
f 1894 1893 1563
f 1352 1354 1564
f 1558 1890 1888
f 1344 1341 1559
f 1362 1386 1570
f 1899 1569 1900
f 1367 1373 1572
f 1901 1571 1902
f 1902 1572 1903
f 1373 1370 1573
f 1901 1900 1570
f 1386 1367 1571
f 1372 1385 1575
f 1904 1574 1905
f 1376 1378 1577
f 1906 1576 1907
f 1907 1577 1908
f 1378 1384 1579
f 1906 1905 1575
f 1385 1376 1576
f 1904 1903 1573
f 1370 1372 1574
f 1381 1383 1581
f 1909 1580 1910
f 1453 1390 1583
f 1911 1582 1912
f 1913 1584 1914
f 1390 1396 1584
f 1911 1910 1581
f 1383 1453 1582
f 1393 1395 1586
f 1915 1586 1916
f 1916 1587 1917
f 1395 1405 1587
f 1399 1404 1589
f 1918 1589 1919
f 1919 1590 1920
f 1404 1402 1590
f 1918 1917 1588
f 1405 1399 1588
f 1915 1914 1585
f 1396 1393 1585
f 1909 1908 1579
f 1384 1381 1580
f 1899 1898 1568
f 1360 1362 1569
f 1427 1408 1592
f 1592 1921 1922
f 1414 1411 1594
f 1594 1923 1924
f 1595 1925 1923
f 1411 1413 1595
f 1921 1593 1924
f 1408 1414 1593
f 1426 1417 1597
f 1597 1926 1927
f 1419 1425 1599
f 1599 1928 1929
f 1600 1930 1928
f 1425 1422 1600
f 1926 1598 1929
f 1417 1419 1598
f 1925 1596 1927
f 1413 1426 1596
f 1882 1551 1553
f 1931 1879 1880
f 1883 1552 1555
f 1932 1882 1881
f 1933 1881 1883
f 1885 1555 1554
f 1882 1934 1880
f 1881 1553 1552
f 1887 1556 1578
f 1935 1885 1884
f 1936 1884 1887
f 1886 1578 1557
f 1890 1558 1559
f 1937 1886 1888
f 1938 1888 1890
f 1583 1913 1912
f 1886 1939 1887
f 1888 1557 1558
f 1885 1940 1883
f 1884 1554 1556
f 1551 1880 1549
f 1922 1920 1591
f 1424 1452 1602
f 1941 1602 1942
f 1430 1436 1604
f 768 1604 766
f 1943 1944 1605
f 1436 1433 1605
f 768 1942 1603
f 1452 1430 1603
f 1435 1445 1607
f 1945 1606 1607
f 1439 1444 743
f 742 1608 743
f 743 1444 747
f 1608 1946 1607
f 1445 1439 1608
f 1606 1943 1605
f 1433 1435 1606
f 741 743 747
f 1946 1945 1607
f 1946 1608 742
f 1606 1945 1943
f 1930 1601 1941
f 1889 1559 1560
f 1422 1424 1601
f 1879 1550 1549
f 1402 1427 1591
f 1879 1947 1838
f 1324 1321 1549
f 1948 1808 1851
f 1843 1803 1846
f 1799 1949 1839
f 1804 1843 1847
f 1847 1950 1802
f 1840 1800 1841
f 1849 1851 1811
f 1866 1860 1822
f 1829 1951 1877
f 1854 1853 1815
f 1817 1878 1854
f 1824 1862 1866
f 1860 1859 1820
f 1867 1951 1829
f 1948 1848 1808
f 1833 1872 1871
f 1850 1849 1810
f 1844 1846 1806
f 1799 1842 1949
f 1834 1871 1876
f 1828 1870 1867
f 1819 1858 1878
f 1875 1837 1873
f 1823 1865 1862
f 1855 1816 1853
f 1872 1835 1875
f 1560 1561 1891
f 1952 1889 1891
f 1562 1563 1893
f 1953 1892 1893
f 1893 1894 1954
f 1563 1564 1894
f 1892 1955 1891
f 1561 1562 1892
f 1565 1566 1896
f 1896 1897 1956
f 1567 1568 1898
f 1957 1897 1898
f 1958 1898 1899
f 1568 1569 1899
f 1959 1956 1897
f 1566 1567 1897
f 1960 1894 1895
f 1564 1565 1895
f 1931 1880 1934
f 1936 1887 1939
f 1961 1937 1888
f 1889 1952 1962
f 1886 1937 1939
f 1957 1898 1958
f 1953 1955 1892
f 1895 1896 1963
f 1954 1953 1893
f 1959 1897 1957
f 1955 1952 1891
f 1881 1933 1932
f 1882 1932 1934
f 1931 1947 1879
f 1964 1958 1899
f 1805 1845 1844
f 1798 1774 1839
f 1857 1845 1807
f 1856 1850 1812
f 1809 1848 1857
f 1801 1840 1842
f 1868 1870 1831
f 1818 1965 1858
f 1861 1965 1818
f 1863 1865 1826
f 1825 1864 1863
f 1814 1852 1856
f 1852 1813 1855
f 1864 1827 1877
f 1859 1861 1821
f 1940 1933 1883
f 1961 1888 1938
f 1935 1940 1885
f 1966 1874 1838
f 1960 1954 1894
f 1960 1895 1963
f 1890 1962 1938
f 1956 1963 1896
f 1964 1899 1900
f 1836 1874 1873
f 1966 1838 1947
f 1876 1869 1832
f 1935 1884 1936
f 1962 1890 1889
f 1869 1868 1830
f 1570 1571 1901
f 1967 1900 1901
f 1572 1573 1903
f 1968 1902 1903
f 1969 1903 1904
f 1573 1574 1904
f 1902 1970 1901
f 1571 1572 1902
f 1575 1576 1906
f 1971 1905 1906
f 1577 1579 1908
f 1972 1907 1908
f 1973 1908 1909
f 1579 1580 1909
f 1907 1974 1906
f 1576 1577 1907
f 1905 1975 1904
f 1574 1575 1905
f 1581 1582 1911
f 1976 1910 1911
f 1583 1584 1913
f 1977 1912 1913
f 1978 1913 1914
f 1584 1585 1914
f 1912 1979 1911
f 1582 1583 1912
f 1586 1587 1916
f 1980 1915 1916
f 1588 1589 1918
f 1981 1917 1918
f 1982 1918 1919
f 1589 1590 1919
f 1917 1983 1916
f 1587 1588 1917
f 1915 1984 1914
f 1585 1586 1915
f 1910 1985 1909
f 1580 1581 1910
f 1591 1592 1922
f 1986 1920 1922
f 1593 1594 1924
f 1987 1921 1924
f 1988 1924 1923
f 1594 1595 1923
f 1921 1989 1922
f 1592 1593 1921
f 1596 1597 1927
f 1990 1925 1927
f 1598 1599 1929
f 1991 1926 1929
f 1992 1929 1928
f 1599 1600 1928
f 1926 1993 1927
f 1597 1598 1926
f 1925 1994 1923
f 1595 1596 1925
f 1601 1602 1941
f 1995 1930 1941
f 1603 1604 768
f 1996 1942 768
f 1944 766 1605
f 766 1604 1605
f 1942 1995 1941
f 1602 1603 1942
f 1930 1997 1928
f 1600 1601 1930
f 1920 1998 1919
f 1590 1591 1920
f 1975 1905 1971
f 1972 1974 1907
f 1971 1906 1974
f 1985 1973 1909
f 1919 1998 1982
f 1999 1918 1982
f 1915 1980 1984
f 1979 1976 1911
f 1979 1912 1977
f 1983 1980 1916
f 1972 1908 2000
f 1910 1976 1985
f 2000 1908 1973
f 1968 1970 1902
f 1969 1968 1903
f 1983 1917 1981
f 1999 1981 1918
f 1978 1914 1984
f 1978 1977 1913
f 1969 1904 1975
f 1942 1996 1995
f 1930 1995 1997
f 1992 1928 1997
f 1996 768 767
f 1994 1925 1990
f 1994 1988 1923
f 1987 1924 1988
f 1921 1987 1989
f 1991 1993 1926
f 1990 1927 1993
f 2001 1991 1929
f 1992 2001 1929
f 1989 1986 1922
f 1920 1986 1998
f 1967 1901 1970
f 1967 2002 1900
f 1569 1570 1900
f 1774 1798 1727
f 1232 1229 1484
f 2003 2004 2005
f 2006 2007 2008
f 2007 2003 2005
f 2009 2010 2011
f 2012 2011 2004
f 2009 2013 2010
f 2014 2010 2015
f 2004 2003 2012
f 2016 2017 2012
f 2018 2016 2003
f 2007 2006 2003
f 2009 2017 2013
f 2011 2012 2009
f 2019 2006 2008
f 2020 2021 2022
f 2023 2024 2025
f 2026 2027 2028
f 2029 2030 2031
f 2032 2033 2034
f 2030 2035 2036
f 2037 2038 2039
f 2040 2041 2042
f 2043 2044 2025
f 2024 2045 2033
f 2046 2047 2048
f 2038 2049 2050
f 2051 2052 2053
f 2054 2055 2056
f 2057 2058 2059
f 2060 2061 2062
f 2063 2061 2060
f 2064 2065 2066
f 2067 2068 2056
f 2044 2043 2029
f 2019 2008 2069
f 2032 2034 2070
f 2019 2069 2070
f 2019 2071 2072
f 2034 2033 2045
f 2073 2074 2034
f 2023 2025 2044
f 2075 2076 2023
f 2077 2075 2044
f 2044 2029 2031
f 2045 2076 2073
f 2045 2024 2023
f 2070 2074 2071
f 2030 2036 2031
f 2078 2079 2037
f 2080 2081 2068
f 2082 2062 2083
f 2084 2079 2085
f 2049 2086 2087
f 2088 2089 2036
f 2090 2054 2091
f 2063 2092 2093
f 2082 2094 2091
f 2081 2087 2086
f 2095 2096 2092
f 2097 2035 2084
f 2035 2097 2036
f 2098 2095 2099
f 2031 2089 2077
f 2032 2070 2069
f 2084 2085 2097
f 2006 2072 2018
f 2100 2101 2102
f 2103 2102 2104
f 2105 2101 2106
f 2107 2105 2108
f 2109 2107 2110
f 2108 2111 2107
f 2112 2113 2110
f 2101 2100 2106
f 2114 2115 2106
f 2104 2015 2103
f 2116 2117 2103
f 2118 2116 2015
f 2015 2010 2013
f 2100 2117 2114
f 2102 2103 2100
f 2016 2012 2003
f 2119 2120 2017
f 2072 2006 2019
f 2121 2122 2018
f 2123 2121 2072
f 2071 2019 2070
f 2016 2122 2119
f 2018 2003 2006
f 2013 2120 2118
f 2017 2009 2012
f 2108 2115 2111
f 2105 2106 2108
f 2074 2070 2034
f 2079 2078 2085
f 2124 2085 2125
f 2038 2050 2039
f 2126 2039 2127
f 2126 2125 2078
f 2037 2039 2078
f 2044 2075 2023
f 2128 2129 2074
f 2130 2131 2087
f 2127 2050 2131
f 2132 2130 2080
f 2081 2080 2087
f 2073 2133 2128
f 2023 2076 2045
f 2034 2045 2073
f 2049 2087 2050
f 2056 2055 2067
f 2132 2067 2134
f 2091 2094 2090
f 2135 2090 2136
f 2135 2134 2055
f 2054 2090 2055
f 2062 2061 2083
f 2137 2083 2138
f 2092 2096 2093
f 2139 2093 2140
f 2140 2096 2141
f 2095 2098 2096
f 2139 2138 2061
f 2063 2093 2061
f 2137 2136 2094
f 2082 2083 2094
f 2031 2077 2044
f 2068 2067 2080
f 2089 2031 2036
f 2142 2143 2075
f 2088 2097 2124
f 2144 2145 2089
f 2077 2145 2142
f 2088 2036 2097
f 2085 2078 2125
f 2146 2147 2124
f 2039 2050 2127
f 2148 2149 2126
f 2150 2148 2127
f 2050 2087 2131
f 2125 2149 2146
f 2078 2039 2126
f 2088 2147 2144
f 2097 2085 2124
f 2080 2067 2132
f 2151 2152 2130
f 2055 2090 2135
f 2153 2154 2134
f 2155 2153 2135
f 2090 2094 2136
f 2132 2154 2151
f 2067 2055 2134
f 2083 2061 2138
f 2156 2157 2137
f 2093 2096 2140
f 2158 2159 2139
f 2160 2158 2140
f 2096 2098 2141
f 2138 2159 2156
f 2061 2093 2139
f 2136 2157 2155
f 2094 2083 2137
f 2131 2152 2150
f 2087 2080 2130
f 2076 2143 2133
f 2161 2098 2099
f 2071 2129 2123
f 2015 2162 2014
f 2141 2098 2163
f 2164 2165 2166
f 2167 2168 2169
f 2170 2171 2172
f 2173 2174 2175
f 2176 2177 2178
f 2179 2180 2181
f 2182 2183 2184
f 2185 2186 2187
f 2186 2188 2189
f 2183 2182 2112
f 2190 2191 2192
f 2014 2162 2010
f 2192 2191 2193
f 2104 2162 2015
f 2194 2195 2196
f 2197 2198 2199
f 2200 2201 2202
f 2196 2195 2197
f 2203 2204 2194
f 2205 2206 2207
f 2109 2113 2107
f 2208 2174 2209
f 2210 2180 2211
f 2212 2179 2213
f 2214 2209 2212
f 2215 2173 2216
f 2217 2218 2169
f 2219 2163 2161
f 2211 2220 2221
f 2222 2220 2223
f 2215 2216 2217
f 2224 2222 2223
f 2161 2168 2167
f 2185 2225 2224
f 2226 2204 2227
f 2226 2228 2229
f 2230 2190 2231
f 2232 2233 2230
f 2234 2229 2235
f 2236 2198 2201
f 2237 2238 2202
f 2239 2234 2240
f 2239 2241 2193
f 2233 2242 2188
f 2243 2237 2244
f 2161 2099 2168
f 2245 2246 2247
f 2248 2249 2250
f 2251 2252 2253
f 2254 2255 2256
f 2257 2258 2259
f 2260 2261 2262
f 2263 2264 2265
f 2266 2267 2268
f 2269 2270 2271
f 2272 2273 2274
f 2275 2267 2270
f 2276 2277 2278
f 2279 2278 2261
f 2247 2280 2281
f 2282 2248 2283
f 2282 2281 2280
f 2284 2263 2285
f 2286 2257 2287
f 2288 2253 2289
f 2289 2277 2290
f 2291 2287 2255
f 2256 2252 2254
f 2259 2292 2249
f 2293 2284 2294
f 2295 2296 2297
f 2298 2299 2300
f 2266 2301 2302
f 2303 2304 2302
f 2269 2271 2272
f 2305 2298 2306
f 2294 2262 2293
f 2273 2296 2307
f 2304 2308 2264
f 2305 2309 2310
f 2310 2311 2297
f 2246 2312 2244
f 2167 2169 2218
f 2217 2216 2218
f 2313 2314 2218
f 2174 2208 2175
f 2315 2316 2175
f 2216 2316 2313
f 2173 2175 2216
f 2212 2213 2214
f 2317 2318 2214
f 2180 2210 2181
f 2319 2320 2181
f 2321 2319 2210
f 2211 2221 2210
f 2213 2320 2317
f 2179 2181 2213
f 2208 2318 2315
f 2209 2214 2208
f 2224 2225 2222
f 2322 2323 2222
f 2186 2189 2187
f 2324 2187 2325
f 2225 2324 2322
f 2185 2187 2225
f 2233 2232 2242
f 2326 2242 2327
f 2190 2192 2231
f 2328 2231 2329
f 2329 2192 2330
f 2193 2241 2192
f 2328 2327 2232
f 2230 2231 2232
f 2326 2325 2189
f 2188 2242 2189
f 2221 2323 2321
f 2220 2222 2221
f 2314 2167 2218
f 2331 2332 2163
f 2316 2216 2175
f 2333 2334 2314
f 2219 2334 2331
f 2313 2218 2216
f 2318 2208 2214
f 2335 2336 2316
f 2320 2213 2181
f 2337 2338 2318
f 2339 2337 2317
f 2319 2181 2210
f 2315 2338 2335
f 2317 2214 2213
f 2313 2336 2333
f 2315 2175 2208
f 2234 2235 2240
f 2340 2240 2341
f 2226 2227 2228
f 2342 2228 2343
f 2343 2227 2344
f 2204 2203 2227
f 2342 2341 2235
f 2229 2228 2235
f 2225 2322 2222
f 2345 2346 2319
f 2347 2344 2203
f 2340 2330 2241
f 2348 2349 2323
f 2350 2347 2196
f 2321 2349 2345
f 2222 2323 2221
f 2210 2221 2321
f 2194 2196 2203
f 2320 2346 2339
f 2314 2219 2167
f 2167 2219 2161
f 2239 2240 2241
f 2198 2236 2199
f 2350 2199 2351
f 2202 2238 2200
f 2352 2200 2353
f 2352 2351 2236
f 2201 2200 2236
f 2244 2312 2243
f 2354 2243 2355
f 2247 2281 2245
f 2356 2245 2357
f 2357 2281 2358
f 2282 2283 2281
f 2356 2355 2312
f 2246 2245 2312
f 2354 2353 2238
f 2237 2243 2238
f 2249 2292 2250
f 2359 2250 2360
f 2257 2286 2258
f 2361 2258 2362
f 2361 2360 2292
f 2259 2258 2292
f 2255 2254 2291
f 2363 2291 2364
f 2253 2288 2251
f 2365 2251 2366
f 2366 2288 2367
f 2289 2290 2288
f 2365 2364 2254
f 2252 2251 2254
f 2363 2362 2286
f 2287 2291 2286
f 2359 2358 2283
f 2248 2250 2283
f 2278 2279 2276
f 2368 2276 2369
f 2262 2294 2260
f 2370 2260 2371
f 2370 2369 2279
f 2261 2260 2279
f 2263 2265 2285
f 2372 2285 2373
f 2304 2303 2308
f 2374 2308 2375
f 2375 2303 2376
f 2302 2301 2303
f 2374 2373 2265
f 2264 2308 2265
f 2372 2371 2294
f 2284 2285 2294
f 2267 2275 2268
f 2377 2268 2378
f 2272 2274 2269
f 2379 2269 2380
f 2380 2274 2381
f 2273 2307 2274
f 2379 2378 2275
f 2270 2269 2275
f 2297 2311 2295
f 2382 2295 2383
f 2305 2306 2309
f 2384 2309 2385
f 2385 2306 2386
f 2298 2300 2306
f 2384 2383 2311
f 2310 2309 2311
f 2382 2381 2307
f 2296 2295 2307
f 2377 2376 2301
f 2266 2268 2301
f 2368 2367 2290
f 2277 2276 2290
f 2187 2324 2225
f 2197 2199 2196
f 2163 2098 2161
f 2387 2300 2299
f 2141 2332 2160
f 2388 2389 2184
f 2389 2390 2391
f 2391 2392 2178
f 2178 2392 2176
f 2393 2394 2176
f 2177 2176 2171
f 2389 2388 2390
f 2395 2396 2390
f 2112 2110 2183
f 2397 2398 2183
f 2399 2397 2110
f 2110 2107 2111
f 2388 2398 2395
f 2184 2183 2388
f 2392 2396 2393
f 2391 2390 2392
f 2114 2106 2100
f 2400 2401 2115
f 2116 2103 2015
f 2402 2403 2117
f 2114 2403 2400
f 2117 2100 2103
f 2120 2013 2017
f 2404 2405 2118
f 2122 2016 2018
f 2406 2407 2119
f 2408 2406 2122
f 2121 2018 2072
f 2120 2407 2404
f 2119 2017 2016
f 2116 2405 2402
f 2118 2015 2013
f 2111 2401 2399
f 2115 2108 2106
f 2072 2071 2123
f 2073 2128 2074
f 2409 2410 2123
f 2075 2143 2076
f 2411 2412 2128
f 2129 2412 2409
f 2076 2133 2073
f 2089 2145 2077
f 2413 2414 2143
f 2124 2147 2088
f 2415 2416 2145
f 2417 2415 2144
f 2125 2146 2124
f 2142 2416 2413
f 2088 2144 2089
f 2133 2414 2411
f 2077 2142 2075
f 2127 2148 2126
f 2418 2419 2146
f 2152 2131 2130
f 2127 2131 2150
f 2149 2420 2418
f 2125 2126 2149
f 2151 2130 2132
f 2421 2422 2150
f 2153 2134 2135
f 2423 2424 2151
f 2425 2423 2154
f 2155 2135 2136
f 2152 2424 2421
f 2154 2132 2134
f 2148 2422 2420
f 2136 2137 2157
f 2147 2419 2417
f 2074 2129 2071
f 2156 2137 2138
f 2426 2427 2155
f 2158 2139 2140
f 2428 2429 2156
f 2157 2429 2426
f 2159 2138 2139
f 2332 2141 2163
f 2430 2431 2158
f 2334 2219 2314
f 2432 2433 2332
f 2434 2432 2331
f 2333 2314 2313
f 2160 2433 2430
f 2331 2163 2219
f 2159 2431 2428
f 2160 2140 2141
f 2335 2316 2315
f 2435 2436 2333
f 2337 2318 2317
f 2437 2438 2335
f 2439 2437 2338
f 2339 2317 2320
f 2336 2438 2435
f 2338 2315 2318
f 2345 2319 2321
f 2440 2441 2339
f 2348 2323 2322
f 2442 2443 2345
f 2444 2442 2349
f 2348 2322 2445
f 2346 2443 2440
f 2349 2321 2323
f 2337 2441 2439
f 2346 2320 2319
f 2334 2436 2434
f 2336 2313 2316
f 2153 2427 2425
f 2324 2445 2322
f 2121 2410 2408
f 2113 2109 2110
f 2446 2447 2448
f 2447 2170 2172
f 2449 2165 2446
f 2165 2449 2166
f 2066 2065 2166
f 2450 2451 2166
f 2066 2451 2452
f 2164 2166 2065
f 2064 2066 2058
f 2446 2448 2449
f 2447 2172 2448
f 2453 2454 2448
f 2393 2176 2392
f 2455 2456 2394
f 2172 2456 2453
f 2171 2394 2172
f 2395 2390 2388
f 2457 2458 2396
f 2397 2183 2110
f 2459 2460 2398
f 2461 2459 2397
f 2399 2110 2111
f 2395 2460 2457
f 2398 2388 2183
f 2393 2458 2455
f 2396 2392 2390
f 2400 2115 2114
f 2462 2463 2401
f 2402 2117 2116
f 2464 2465 2403
f 2466 2464 2402
f 2405 2116 2118
f 2400 2465 2462
f 2403 2114 2117
f 2407 2120 2119
f 2467 2468 2404
f 2408 2122 2121
f 2469 2470 2406
f 2471 2469 2408
f 2410 2121 2123
f 2407 2470 2467
f 2406 2119 2122
f 2405 2468 2466
f 2404 2118 2120
f 2399 2463 2461
f 2401 2111 2115
f 2449 2454 2450
f 2123 2129 2409
f 2133 2411 2128
f 2472 2473 2409
f 2142 2413 2143
f 2474 2475 2411
f 2412 2475 2472
f 2143 2414 2133
f 2144 2415 2145
f 2476 2477 2413
f 2146 2419 2147
f 2478 2479 2415
f 2480 2478 2417
f 2149 2418 2146
f 2416 2479 2476
f 2147 2417 2144
f 2414 2477 2474
f 2145 2416 2142
f 2422 2148 2150
f 2481 2482 2418
f 2152 2151 2424
f 2152 2421 2150
f 2420 2483 2481
f 2149 2148 2420
f 2423 2151 2154
f 2484 2485 2421
f 2427 2153 2155
f 2486 2487 2423
f 2488 2486 2425
f 2426 2155 2157
f 2424 2487 2484
f 2425 2154 2153
f 2422 2485 2483
f 2157 2156 2429
f 2419 2482 2480
f 2128 2412 2129
f 2428 2156 2159
f 2489 2490 2426
f 2430 2158 2160
f 2491 2492 2428
f 2429 2492 2489
f 2431 2159 2158
f 2432 2332 2331
f 2493 2494 2430
f 2436 2334 2333
f 2495 2496 2432
f 2497 2495 2434
f 2435 2333 2336
f 2433 2496 2493
f 2434 2331 2334
f 2431 2494 2491
f 2433 2160 2332
f 2437 2335 2338
f 2498 2499 2435
f 2441 2337 2339
f 2500 2501 2437
f 2502 2500 2439
f 2440 2339 2346
f 2438 2501 2498
f 2439 2338 2337
f 2442 2345 2349
f 2503 2504 2440
f 2444 2348 2505
f 2506 2507 2442
f 2508 2506 2444
f 2348 2445 2505
f 2443 2507 2503
f 2444 2349 2348
f 2441 2504 2502
f 2443 2346 2345
f 2436 2499 2497
f 2438 2336 2335
f 2427 2490 2488
f 2509 2505 2445
f 2410 2473 2471
f 2176 2394 2171
f 2510 2445 2324
f 2189 2242 2326
f 2511 2510 2325
f 2232 2231 2328
f 2512 2513 2327
f 2326 2513 2511
f 2242 2232 2327
f 2192 2241 2330
f 2514 2515 2329
f 2240 2235 2341
f 2516 2517 2340
f 2518 2516 2341
f 2235 2228 2342
f 2330 2517 2514
f 2241 2240 2340
f 2328 2515 2512
f 2231 2192 2329
f 2227 2203 2344
f 2519 2520 2343
f 2196 2199 2350
f 2521 2522 2347
f 2344 2522 2519
f 2203 2196 2347
f 2236 2200 2352
f 2523 2524 2351
f 2238 2243 2354
f 2525 2526 2353
f 2527 2525 2354
f 2243 2312 2355
f 2352 2526 2523
f 2200 2238 2353
f 2350 2524 2521
f 2199 2236 2351
f 2342 2520 2518
f 2228 2227 2343
f 2325 2326 2511
f 2528 2509 2510
f 2327 2328 2512
f 2529 2530 2513
f 2511 2530 2528
f 2326 2327 2513
f 2329 2330 2514
f 2531 2532 2515
f 2340 2341 2516
f 2533 2534 2517
f 2535 2533 2516
f 2341 2342 2518
f 2514 2534 2531
f 2330 2340 2517
f 2512 2532 2529
f 2328 2329 2515
f 2343 2344 2519
f 2536 2537 2520
f 2347 2350 2521
f 2538 2539 2522
f 2519 2539 2536
f 2344 2347 2522
f 2351 2352 2523
f 2540 2541 2524
f 2353 2354 2525
f 2542 2543 2526
f 2544 2542 2525
f 2354 2355 2527
f 2523 2543 2540
f 2352 2353 2526
f 2521 2541 2538
f 2350 2351 2524
f 2518 2537 2535
f 2342 2343 2520
f 2510 2324 2325
f 2545 2527 2355
f 2245 2281 2357
f 2546 2545 2356
f 2283 2250 2359
f 2547 2548 2358
f 2357 2548 2546
f 2281 2283 2358
f 2292 2258 2361
f 2549 2550 2360
f 2286 2291 2363
f 2551 2362 2552
f 2552 2363 2553
f 2291 2254 2364
f 2361 2551 2549
f 2258 2286 2362
f 2359 2550 2547
f 2250 2292 2360
f 2251 2288 2366
f 2554 2365 2555
f 2290 2276 2368
f 2556 2367 2557
f 2556 2555 2366
f 2288 2290 2367
f 2279 2260 2370
f 2558 2369 2559
f 2294 2285 2372
f 2560 2371 2561
f 2561 2372 2562
f 2285 2265 2373
f 2560 2559 2370
f 2260 2294 2371
f 2558 2557 2368
f 2276 2279 2369
f 2554 2553 2364
f 2254 2251 2365
f 2563 2374 2564
f 2546 2356 2357
f 2303 2301 2376
f 2375 2565 2564
f 2358 2548 2357
f 2308 2303 2375
f 2547 2358 2359
f 2566 2567 2546
f 2549 2360 2361
f 2568 2569 2547
f 2570 2568 2550
f 2373 2563 2562
f 2548 2569 2566
f 2550 2359 2360
f 2545 2567 2571
f 2572 2565 2376
f 2268 2275 2378
f 2572 2377 2573
f 2269 2274 2380
f 2574 2379 2575
f 2575 2380 2576
f 2274 2307 2381
f 2574 2573 2378
f 2275 2269 2379
f 2295 2311 2383
f 2577 2382 2578
f 2309 2306 2385
f 2579 2384 2580
f 2580 2385 2581
f 2306 2300 2386
f 2579 2578 2383
f 2311 2309 2384
f 2577 2576 2381
f 2307 2295 2382
f 2361 2362 2551
f 2301 2268 2377
f 2545 2355 2356
f 2265 2308 2374
f 2527 2571 2544
f 2312 2245 2356
f 2530 2511 2513
f 2582 2583 2509
f 2532 2512 2515
f 2584 2585 2530
f 2528 2585 2582
f 2529 2513 2512
f 2534 2514 2517
f 2586 2587 2532
f 2535 2516 2518
f 2588 2589 2534
f 2590 2588 2533
f 2537 2518 2520
f 2531 2589 2586
f 2533 2517 2516
f 2529 2587 2584
f 2531 2515 2514
f 2362 2363 2552
f 2591 2551 2592
f 2364 2365 2554
f 2593 2553 2594
f 2593 2592 2552
f 2363 2364 2553
f 2554 2595 2594
f 2596 2597 2537
f 2366 2367 2556
f 2595 2555 2598
f 2598 2556 2599
f 2367 2368 2557
f 2538 2522 2521
f 2522 2539 2519
f 2520 2519 2536
f 2365 2366 2555
f 2535 2597 2590
f 2528 2510 2511
f 2541 2521 2524
f 2600 2601 2539
f 2543 2523 2526
f 2602 2603 2541
f 2538 2603 2600
f 2540 2524 2523
f 2544 2525 2527
f 2604 2605 2543
f 2567 2545 2546
f 2606 2607 2544
f 2608 2606 2571
f 2566 2546 2548
f 2542 2607 2604
f 2571 2527 2545
f 2540 2605 2602
f 2542 2526 2525
f 2568 2547 2550
f 2609 2610 2566
f 2570 2549 2591
f 2611 2612 2568
f 2613 2611 2570
f 2549 2551 2591
f 2569 2612 2609
f 2570 2550 2549
f 2552 2553 2593
f 2614 2615 2592
f 2554 2555 2595
f 2616 2617 2594
f 2618 2616 2595
f 2555 2556 2598
f 2593 2617 2614
f 2553 2554 2594
f 2591 2615 2613
f 2551 2552 2592
f 2567 2610 2608
f 2569 2548 2547
f 2536 2601 2596
f 2557 2599 2556
f 2369 2370 2559
f 2619 2620 2558
f 2371 2372 2561
f 2621 2622 2560
f 2559 2622 2619
f 2370 2371 2560
f 2373 2374 2563
f 2623 2624 2562
f 2375 2376 2565
f 2625 2626 2564
f 2627 2625 2565
f 2376 2377 2572
f 2563 2626 2623
f 2374 2375 2564
f 2561 2624 2621
f 2372 2373 2562
f 2378 2379 2574
f 2628 2629 2573
f 2380 2381 2576
f 2630 2631 2575
f 2574 2631 2628
f 2379 2380 2575
f 2382 2383 2578
f 2632 2633 2577
f 2384 2385 2580
f 2634 2635 2579
f 2636 2634 2580
f 2385 2386 2581
f 2578 2635 2632
f 2383 2384 2579
f 2576 2633 2630
f 2381 2382 2577
f 2572 2629 2627
f 2377 2378 2573
f 2557 2558 2620
f 2637 2638 2599
f 2559 2560 2622
f 2639 2640 2619
f 2620 2640 2637
f 2558 2559 2619
f 2561 2562 2624
f 2641 2642 2621
f 2563 2564 2626
f 2643 2644 2623
f 2645 2643 2626
f 2564 2565 2625
f 2624 2644 2641
f 2562 2563 2623
f 2622 2642 2639
f 2560 2561 2621
f 2572 2573 2629
f 2646 2647 2627
f 2574 2575 2631
f 2648 2649 2628
f 2650 2648 2631
f 2575 2576 2630
f 2629 2649 2646
f 2573 2574 2628
f 2577 2578 2632
f 2651 2652 2633
f 2579 2580 2634
f 2653 2654 2635
f 2655 2653 2634
f 2580 2581 2636
f 2632 2654 2651
f 2578 2579 2635
f 2630 2652 2650
f 2576 2577 2633
f 2625 2647 2645
f 2565 2572 2627
f 2620 2599 2557
f 2656 2636 2581
f 2598 2638 2618
f 2368 2369 2558
f 2509 2445 2510
f 2657 2581 2386
f 2505 2583 2508
f 2187 2189 2325
f 2658 2386 2300
f 2659 2660 2661
f 2662 2663 2659
f 2664 2665 2666
f 2667 2668 2669
f 2670 2671 2672
f 2673 2674 2675
f 2676 2677 2678
f 2679 2680 2681
f 2682 2683 2684
f 2685 2686 2687
f 2688 2689 2690
f 2665 2672 2691
f 2690 2692 2693
f 2694 2695 2696
f 2670 2697 2698
f 2699 2664 2700
f 2668 2689 2701
f 2702 2697 2703
f 2704 2705 2706
f 2660 2705 2707
f 2703 2708 2709
f 2710 2711 2683
f 2712 2687 2713
f 2710 2694 2714
f 2680 2686 2715
f 2692 2716 2717
f 2682 2712 2713
f 2718 2719 2695
f 2720 2716 2677
f 2674 2673 2678
f 2721 2718 2722
f 2699 2704 2706
f 2667 2669 2708
f 2723 2724 2725
f 2726 2727 2728
f 2729 2730 2731
f 2732 2733 2734
f 2735 2736 2737
f 2738 2739 2740
f 2733 2741 2742
f 2743 2744 2745
f 2746 2747 2748
f 2749 2750 2751
f 2752 2753 2754
f 2755 2746 2756
f 2757 2737 2758
f 2759 2724 2760
f 2761 2742 2741
f 2730 2732 2762
f 2735 2727 2736
f 2763 2764 2761
f 2740 2765 2766
f 2767 2768 2760
f 2765 2723 2769
f 2770 2728 2771
f 2772 2773 2774
f 2775 2751 2776
f 2743 2755 2756
f 2777 2778 2752
f 2779 2763 2773
f 2780 2781 2745
f 2782 2783 2777
f 2775 2784 2785
f 2754 2753 2749
f 2757 2786 2767
f 2781 2787 2774
f 2788 2771 2729
f 2722 2739 2738
f 2789 2790 2663
f 2791 2792 2793
f 2387 2793 2792
f 2791 2790 2789
f 2794 2795 2791
f 2792 2795 2658
f 2663 2662 2789
f 2662 2659 2661
f 2796 2797 2662
f 2707 2705 2704
f 2798 2799 2707
f 2800 2798 2704
f 2704 2699 2700
f 2661 2799 2796
f 2661 2660 2707
f 2789 2797 2794
f 2664 2666 2700
f 2671 2691 2672
f 2801 2802 2666
f 2803 2804 2805
f 2671 2670 2698
f 2691 2666 2665
f 2702 2698 2697
f 2806 2807 2671
f 2709 2708 2669
f 2808 2809 2702
f 2810 2808 2709
f 2669 2668 2701
f 2698 2809 2806
f 2709 2702 2703
f 2691 2807 2801
f 2688 2701 2689
f 2700 2802 2800
f 2811 2803 2679
f 2688 2690 2693
f 2812 2813 2701
f 2717 2716 2720
f 2814 2815 2693
f 2688 2815 2812
f 2693 2692 2717
f 2676 2678 2673
f 2816 2817 2720
f 2675 2805 2818
f 2819 2820 2673
f 2821 2819 2818
f 2805 2804 2818
f 2676 2820 2816
f 2673 2675 2818
f 2717 2817 2814
f 2720 2677 2676
f 2811 2679 2681
f 2822 2823 2811
f 2715 2686 2685
f 2824 2825 2715
f 2826 2824 2685
f 2685 2687 2712
f 2681 2825 2822
f 2681 2680 2715
f 2684 2683 2711
f 2827 2828 2684
f 2714 2694 2696
f 2829 2830 2714
f 2831 2829 2696
f 2696 2695 2719
f 2711 2830 2827
f 2711 2710 2714
f 2712 2828 2826
f 2712 2682 2684
f 2804 2823 2821
f 2803 2811 2804
f 2669 2813 2810
f 2718 2721 2719
f 2766 2738 2740
f 2832 2833 2721
f 2725 2769 2723
f 2834 2835 2766
f 2738 2835 2832
f 2769 2766 2765
f 2768 2759 2760
f 2836 2837 2725
f 2758 2786 2757
f 2838 2839 2768
f 2840 2838 2786
f 2736 2758 2737
f 2759 2839 2836
f 2786 2768 2767
f 2769 2837 2834
f 2759 2725 2724
f 2726 2728 2770
f 2841 2842 2736
f 2843 2844 2845
f 2771 2788 2770
f 2726 2736 2727
f 2788 2729 2731
f 2846 2847 2770
f 2762 2732 2734
f 2848 2849 2731
f 2850 2848 2762
f 2734 2733 2742
f 2788 2849 2846
f 2731 2730 2762
f 2726 2847 2841
f 2764 2742 2761
f 2758 2842 2840
f 2738 2721 2722
f 2764 2763 2779
f 2851 2852 2742
f 2772 2774 2787
f 2853 2854 2779
f 2764 2854 2851
f 2779 2773 2772
f 2780 2745 2744
f 2855 2856 2787
f 2756 2746 2748
f 2857 2858 2744
f 2859 2857 2756
f 2748 2747 2860
f 2780 2858 2855
f 2744 2743 2756
f 2772 2856 2853
f 2787 2781 2780
f 2845 2844 2860
f 2861 2862 2860
f 2863 2785 2784
f 2864 2865 2863
f 2866 2864 2784
f 2784 2775 2776
f 2844 2865 2861
f 2843 2863 2844
f 2750 2749 2753
f 2867 2868 2750
f 2778 2777 2783
f 2869 2870 2778
f 2871 2869 2783
f 2783 2782 2872
f 2753 2870 2867
f 2753 2752 2778
f 2776 2868 2866
f 2776 2751 2750
f 2748 2862 2859
f 2747 2845 2860
f 2734 2852 2850
f 2843 2785 2863
f 2719 2833 2831
f 2791 2793 2790
f 2387 2792 2300
f 2873 2872 2782
f 2874 2875 2876
f 2877 2878 2879
f 2880 2881 2882
f 2883 2884 2885
f 2886 2887 2888
f 2889 2890 2891
f 2891 2892 2889
f 2893 2894 2895
f 2896 2897 2898
f 2899 2900 2894
f 2901 2890 2902
f 2903 2904 2905
f 2906 2876 2907
f 2908 2909 2910
f 2905 2910 2911
f 2912 2886 2913
f 2888 2914 2878
f 2882 2915 2916
f 2913 2884 2917
f 2915 2904 2918
f 2906 2907 2877
f 2885 2881 2880
f 2873 2919 2920
f 2921 2922 2923
f 2924 2925 2926
f 2924 2922 2925
f 2927 2892 2928
f 2929 2930 2931
f 2896 2932 2933
f 2897 2934 2935
f 2936 2902 2893
f 2937 2919 2875
f 2938 2939 2940
f 2941 2942 2943
f 2944 2945 2946
f 2947 2948 2949
f 2950 2951 2952
f 2953 2954 2955
f 2956 2957 2958
f 2959 2960 2961
f 2962 2963 2964
f 2965 2966 2967
f 2968 2945 2969
f 2970 2971 2972
f 2973 2974 2975
f 2944 2976 2977
f 2978 2949 2979
f 2973 2948 2980
f 2981 2982 2975
f 2950 2967 2951
f 2940 2970 2983
f 2981 2969 2982
f 2984 2985 2986
f 2987 2988 2989
f 2985 2990 2986
f 2989 2991 2992
f 2993 2954 2964
f 2952 2994 2995
f 2959 2961 2957
f 2962 2996 2997
f 2998 2996 2960
f 2999 2994 2953
f 2958 2992 3000
f 2966 3001 2979
f 2972 2971 2942
f 2930 2939 3002
f 3003 2908 2927
f 2937 2875 2874
f 3004 3005 2920
f 2906 2877 2879
f 3006 3007 2874
f 2937 3007 3004
f 2874 2876 2906
f 2914 2888 2887
f 3008 3009 2879
f 2912 2913 2917
f 3010 3011 2887
f 3012 3010 2912
f 2917 2884 2883
f 2914 3011 3008
f 2887 2886 2912
f 2906 3009 3006
f 2879 2878 2914
f 2932 3013 2933
f 3014 3013 3015
f 3016 3017 3018
f 2897 2935 2898
f 3019 3017 2921
f 2880 2882 2916
f 3020 3021 2883
f 2918 2904 2903
f 3022 3023 2916
f 3024 3022 2918
f 2903 2905 2911
f 2880 3023 3020
f 2916 2915 2918
f 2885 2880 2883
f 2910 2909 2911
f 2917 3021 3012
f 2920 2919 2937
f 2909 2908 3003
f 3025 3026 2911
f 2928 2892 2891
f 3027 3028 3003
f 2909 3028 3025
f 3003 2927 2928
f 2901 2902 2936
f 3029 3030 2891
f 2895 2894 2900
f 3031 3032 2936
f 3033 3031 2895
f 2900 2899 3034
f 2901 3032 3029
f 2936 2893 2895
f 2928 3030 3027
f 2891 2890 2901
f 3014 3015 3034
f 3035 3036 3034
f 2932 2896 2898
f 3037 3038 2932
f 3039 3037 2898
f 2935 2934 3040
f 3015 3038 3035
f 3013 2932 3015
f 3016 3018 3040
f 3041 3042 3040
f 3019 2921 2923
f 3043 3044 3019
f 3045 3043 2923
f 2923 2922 2924
f 3018 3044 3041
f 3017 3019 3018
f 2935 3042 3039
f 2934 3016 3040
f 2900 3036 3033
f 2899 3014 3034
f 2903 3026 3024
f 2924 2926 3046
f 3047 3046 3048
f 3046 2926 3048
f 3049 3047 3050
f 3048 3050 3047
f 3046 3051 3052
f 3049 2929 2931
f 3053 3054 3049
f 3002 2939 2938
f 3055 3056 3002
f 3057 3055 2938
f 2938 2940 2983
f 2931 3056 3053
f 2931 2930 3002
f 3047 3054 3051
f 2983 2970 2972
f 2999 2953 2955
f 2941 2972 2942
f 3058 2990 2985
f 2943 3059 2941
f 3060 3061 2977
f 2943 3061 3059
f 3062 3063 2941
f 3060 2977 2976
f 3064 3065 3060
f 3066 3064 2976
f 2976 2944 2946
f 3059 3065 3062
f 3061 3060 3059
f 2972 3063 3067
f 2946 2945 2968
f 2983 3067 3057
f 2929 3049 3050
f 2968 2969 2981
f 3068 3069 2968
f 2974 2973 2980
f 3070 3071 2974
f 2981 3071 3068
f 2981 2975 2974
f 2947 2949 2978
f 3072 3073 2947
f 3001 2966 2965
f 3074 3075 3001
f 3076 3074 2965
f 2965 2967 2950
f 2978 3075 3072
f 2978 2979 3001
f 2980 3073 3070
f 2980 2948 2947
f 2995 2994 2999
f 3077 3078 2995
f 2993 2964 2963
f 3079 3080 2955
f 3081 3079 2993
f 2963 2962 2997
f 2999 3080 3077
f 2955 2954 2993
f 2998 2960 2959
f 3082 3083 2997
f 2956 2958 3000
f 3084 3085 2959
f 3086 3084 2956
f 2984 3087 2987
f 2998 3085 3082
f 2959 2957 2956
f 2963 3083 3081
f 2997 2996 2998
f 2950 3078 3076
f 2950 2952 2995
f 2946 3069 3066
f 2991 3000 2992
f 2924 3052 3045
f 2920 2872 2873
f 2872 3005 2871
f 2794 2791 2789
f 3088 2657 2658
f 2796 2662 2661
f 3089 3090 2794
f 2795 3090 3088
f 2797 2789 2662
f 2798 2707 2704
f 3091 3092 2796
f 2802 2700 2666
f 3093 2798 3094
f 3094 2800 3095
f 2801 2666 2691
f 3093 3091 2799
f 2800 2704 2700
f 2797 3092 3089
f 2799 2661 2707
f 2806 2671 2698
f 3096 2801 3097
f 2808 2702 2709
f 3098 2806 3099
f 3098 3097 2807
f 2809 2698 2702
f 2813 2669 2701
f 3100 2808 3101
f 2815 2688 2693
f 3102 2813 3103
f 3103 2812 3104
f 2814 2693 2717
f 3102 3101 2810
f 2812 2701 2688
f 3100 3099 2809
f 2810 2709 2669
f 3096 3095 2802
f 2807 2691 2671
f 2816 2720 2676
f 3105 2814 3106
f 2819 2673 2818
f 3107 2816 3108
f 3107 3106 2817
f 2820 2676 2673
f 3090 2795 2794
f 3109 2656 2657
f 3092 2797 2796
f 3110 3111 3090
f 3112 3110 3089
f 2815 3105 3104
f 3088 3111 3109
f 3089 2794 2797
f 2795 3088 2658
f 3113 3108 2820
f 2823 2804 2811
f 3113 2819 3114
f 2825 2681 2715
f 3115 2823 3116
f 3115 3114 2821
f 2822 2811 2681
f 2826 2685 2712
f 3117 2825 3118
f 2827 2684 2711
f 3119 2826 3120
f 3120 2828 3121
f 2830 2711 2714
f 3119 3118 2824
f 2828 2712 2684
f 3117 3116 2822
f 2824 2715 2685
f 2827 3122 3121
f 2821 2818 2804
f 2792 2658 2300
f 2817 2717 2720
f 2831 2696 2719
f 3122 2830 3123
f 2832 2721 2738
f 3124 2831 3125
f 3124 3123 2829
f 2833 2719 2721
f 2834 2766 2769
f 3126 2832 3127
f 2836 2725 2759
f 3128 2834 3129
f 3129 2837 3130
f 2839 2759 2768
f 3128 3127 2835
f 2837 2769 2725
f 3126 3125 2833
f 2835 2738 2766
f 2840 2786 2758
f 3131 2839 3132
f 2841 2736 2726
f 3133 2840 3134
f 3133 3132 2838
f 2842 2758 2736
f 2846 2770 2788
f 3135 2841 3136
f 2848 2731 2762
f 3137 2846 3138
f 3138 2849 3139
f 2850 2762 2734
f 3137 3136 2847
f 2849 2788 2731
f 3135 3134 2842
f 2847 2726 2770
f 3131 3130 2836
f 2838 2768 2786
f 2851 2742 2764
f 3140 2850 3141
f 2853 2779 2772
f 3142 2851 3143
f 3142 3141 2852
f 2854 2764 2779
f 2855 2787 2780
f 3144 2853 3145
f 2857 2744 2756
f 3146 2855 3147
f 3147 2858 3148
f 2859 2756 2748
f 3146 3145 2856
f 2858 2780 2744
f 3144 3143 2854
f 2856 2772 2787
f 2861 2860 2844
f 3149 2859 3150
f 2864 2863 2784
f 3151 2861 3152
f 3152 2865 3153
f 2866 2784 2776
f 3151 3150 2862
f 2865 2844 2863
f 2867 2750 2753
f 3154 2866 3155
f 2869 2778 2783
f 3156 2867 3157
f 3157 2870 3158
f 2871 2783 2872
f 3156 3155 2868
f 2870 2753 2778
f 3154 3153 2864
f 2868 2776 2750
f 3149 3148 2857
f 2862 2748 2860
f 3140 3139 2848
f 2852 2734 2742
f 3091 2796 2799
f 2829 2714 2696
f 2799 2798 3093
f 3159 3160 3091
f 2800 2802 3095
f 3161 3162 3094
f 3093 3162 3159
f 2798 2800 3094
f 2801 2807 3097
f 3163 3164 3096
f 2806 2809 3099
f 3165 3098 3166
f 3166 3099 3167
f 2809 2808 3100
f 3097 3165 3163
f 2807 2806 3098
f 3095 3164 3161
f 2802 2801 3096
f 2810 2813 3102
f 3168 3101 3169
f 2812 2815 3104
f 3170 3103 3171
f 3170 3169 3102
f 2813 2812 3103
f 2814 2817 3106
f 3172 3105 3173
f 2816 2820 3108
f 3174 3107 3175
f 3175 3108 3176
f 2820 2819 3113
f 3174 3173 3106
f 2817 2816 3107
f 3172 3171 3104
f 2815 2814 3105
f 3168 3167 3100
f 2808 2810 3101
f 3089 3110 3090
f 3177 3178 2656
f 3160 3112 3092
f 3179 3180 3111
f 3109 3180 3177
f 3092 3112 3089
f 3159 3091 3093
f 3181 3182 3112
f 3161 3094 3095
f 3183 3184 3159
f 3185 3183 3162
f 3164 3095 3096
f 3160 3184 3181
f 3162 3093 3094
f 3110 3182 3179
f 3160 3092 3091
f 2821 2823 3115
f 3186 3114 3187
f 2822 2825 3117
f 3188 3116 3189
f 3189 3117 3190
f 2825 2824 3118
f 3188 3187 3115
f 2823 2822 3116
f 3118 3191 3190
f 3192 3193 3164
f 2826 2828 3120
f 3191 3119 3194
f 3194 3120 3195
f 2828 2827 3121
f 3121 3196 3195
f 3176 3113 3186
f 3096 3097 3163
f 2824 2826 3119
f 3161 3193 3185
f 3090 3111 3088
f 3088 3109 2657
f 2819 2821 3114
f 2830 2829 3123
f 3196 3122 3197
f 2831 2833 3125
f 3198 3124 3199
f 3198 3197 3123
f 2829 2831 3124
f 2832 2835 3127
f 3200 3126 3201
f 2834 2837 3129
f 3202 3128 3203
f 3203 3129 3204
f 2837 2836 3130
f 3202 3201 3127
f 2835 2834 3128
f 3200 3199 3125
f 2833 2832 3126
f 2839 2838 3132
f 3205 3131 3206
f 2840 2842 3134
f 3207 3133 3208
f 3207 3206 3132
f 2838 2840 3133
f 2841 2847 3136
f 3209 3135 3210
f 2846 2849 3138
f 3211 3137 3212
f 3212 3138 3213
f 2849 2848 3139
f 3211 3210 3136
f 2847 2846 3137
f 3209 3208 3134
f 2842 2841 3135
f 3205 3204 3130
f 2836 2839 3131
f 2850 2852 3141
f 3214 3140 3215
f 2851 2854 3143
f 3216 3142 3217
f 3216 3215 3141
f 2852 2851 3142
f 2853 2856 3145
f 3218 3144 3219
f 2855 2858 3147
f 3220 3146 3221
f 3221 3147 3222
f 2858 2857 3148
f 3220 3219 3145
f 2856 2855 3146
f 3218 3217 3143
f 2854 2853 3144
f 2859 2862 3150
f 3223 3149 3224
f 2861 2865 3152
f 3225 3151 3226
f 3226 3152 3227
f 2865 2864 3153
f 3225 3224 3150
f 2862 2861 3151
f 2866 2868 3155
f 3228 3154 3229
f 2867 2870 3157
f 3230 3156 3231
f 3231 3157 3232
f 2870 2869 3158
f 3230 3229 3155
f 2868 2867 3156
f 3228 3227 3153
f 2864 2866 3154
f 3223 3222 3148
f 2857 2859 3149
f 3214 3213 3139
f 2848 2850 3140
f 3158 3233 3232
f 2827 2830 3122
f 2658 2657 2386
f 3234 3158 2869
f 3004 2920 2937
f 3235 3234 2871
f 3006 2874 2906
f 3236 3237 3004
f 3005 3237 3235
f 3007 2937 2874
f 3008 2879 2914
f 3238 3239 3006
f 3010 2887 2912
f 3240 3241 3008
f 3242 3240 3011
f 3012 2912 2917
f 3009 3241 3238
f 3011 2914 2887
f 3007 3239 3236
f 3009 2906 2879
f 3020 2883 2880
f 3243 3244 3012
f 3022 2916 2918
f 3245 3246 3020
f 3021 3246 3243
f 3023 2880 2916
f 3026 2903 2911
f 3247 3248 3022
f 3028 2909 3003
f 3249 3250 3026
f 3251 3249 3025
f 3027 3003 2928
f 3024 3250 3247
f 3025 2911 2909
f 3023 3248 3245
f 3024 2918 2903
f 3010 3244 3242
f 3021 2917 2883
f 3029 2891 2901
f 3252 3253 3027
f 3031 2936 2895
f 3254 3255 3029
f 3030 3255 3252
f 3032 2901 2936
f 3036 2900 3034
f 3256 3257 3031
f 3038 3015 2932
f 3258 3259 3036
f 3260 3258 3035
f 3037 2932 2898
f 3033 3259 3256
f 3035 3034 3015
f 3032 3257 3254
f 3033 2895 2900
f 3042 2935 3040
f 3261 3262 3037
f 3044 3018 3019
f 3263 3264 3042
f 3265 3263 3041
f 3043 3019 2923
f 3039 3264 3261
f 3041 3040 3018
f 3052 2924 3046
f 3266 3267 3043
f 3054 3047 3049
f 3268 3269 3052
f 3270 3268 3051
f 3053 3049 2931
f 3045 3269 3266
f 3051 3046 3047
f 3044 3267 3265
f 3045 2923 2924
f 3038 3262 3260
f 3039 2898 2935
f 3028 3253 3251
f 3030 2928 2891
f 3055 3002 2938
f 3271 3272 3053
f 3067 2983 2972
f 3273 3274 3055
f 3056 3274 3271
f 3057 2938 2983
f 3062 2941 3059
f 3275 3276 3067
f 3064 3060 2976
f 3277 3278 3062
f 3279 3277 3065
f 3066 2976 2946
f 3063 3278 3275
f 3065 3059 3060
f 3057 3276 3273
f 3063 2972 2941
f 2989 2988 2991
f 3280 2988 3281
f 2984 2986 3087
f 2986 3282 3283
f 3283 3281 3087
f 2987 3087 2988
f 2974 3071 2981
f 3284 3285 3066
f 3286 2991 3280
f 2974 2980 3070
f 3287 3288 3068
f 2947 3073 2980
f 3069 3288 3284
f 2981 3068 2968
f 2946 2968 3069
f 2990 3282 2986
f 3064 3285 3279
f 3002 3056 2931
f 3072 2947 2978
f 3289 3290 3070
f 3074 3001 2965
f 3291 3292 3072
f 3073 3292 3289
f 3075 2978 3001
f 3078 2950 2995
f 3293 3294 3074
f 3080 2999 2955
f 3295 3296 3078
f 3297 3295 3077
f 3079 2955 2993
f 3076 3296 3293
f 3077 2995 2999
f 3075 3294 3291
f 3076 2965 2950
f 3083 2963 2997
f 3298 3299 3079
f 3085 2998 2959
f 3300 3301 3083
f 3302 3300 3082
f 3084 2959 2956
f 3081 3301 3298
f 3082 2997 2998
f 3086 3000 3286
f 3303 3304 3084
f 2991 2988 3280
f 3305 3306 3286
f 3307 3305 3280
f 2988 3087 3281
f 3086 3306 3303
f 3000 2991 3286
f 3085 3304 3302
f 3086 2956 3000
f 3080 3299 3297
f 3081 2993 2963
f 3071 3290 3287
f 3283 3087 2986
f 3054 3272 3270
f 2920 3005 2872
f 3237 3005 3004
f 3308 3233 3234
f 3239 3007 3006
f 3309 3310 3237
f 3235 3310 3308
f 3236 3004 3007
f 3241 3009 3008
f 3311 3312 3239
f 3242 3011 3010
f 3313 3240 3314
f 3314 3242 3315
f 3244 3010 3012
f 3238 3316 3311
f 3240 3008 3011
f 3236 3312 3309
f 3238 3006 3009
f 3246 3021 3020
f 3317 3243 3318
f 3248 3023 3022
f 3319 3245 3320
f 3319 3318 3246
f 3245 3020 3023
f 3250 3024 3026
f 3321 3247 3322
f 3251 3025 3028
f 3323 3249 3324
f 3324 3251 3325
f 3253 3028 3027
f 3323 3322 3250
f 3249 3026 3025
f 3321 3320 3248
f 3247 3022 3024
f 3317 3315 3244
f 3243 3012 3021
f 3255 3030 3029
f 3326 3252 3327
f 3257 3032 3031
f 3328 3254 3329
f 3328 3327 3255
f 3254 3029 3032
f 3259 3033 3036
f 3330 3256 3331
f 3260 3035 3038
f 3332 3258 3333
f 3333 3260 3334
f 3262 3038 3037
f 3332 3331 3259
f 3258 3036 3035
f 3330 3329 3257
f 3256 3031 3033
f 3264 3039 3042
f 3335 3261 3336
f 3265 3041 3044
f 3337 3263 3338
f 3338 3265 3339
f 3267 3044 3043
f 3337 3336 3264
f 3263 3042 3041
f 3269 3045 3052
f 3340 3266 3341
f 3270 3051 3054
f 3342 3268 3343
f 3343 3270 3344
f 3272 3054 3053
f 3342 3341 3269
f 3268 3052 3051
f 3340 3339 3267
f 3266 3043 3045
f 3335 3334 3262
f 3261 3037 3039
f 3326 3325 3253
f 3252 3027 3030
f 3274 3056 3055
f 3345 3271 3346
f 3276 3057 3067
f 3347 3273 3348
f 3347 3346 3274
f 3273 3055 3057
f 3278 3063 3062
f 3349 3275 3350
f 3279 3065 3064
f 3351 3277 3352
f 3352 3279 3353
f 3285 3064 3066
f 3351 3350 3278
f 3277 3062 3065
f 3349 3348 3276
f 3275 3067 3063
f 3288 3069 3068
f 3354 3284 3355
f 3282 3356 3283
f 3356 3357 3283
f 3068 3071 3287
f 3069 3284 3066
f 3290 3071 3070
f 3358 3287 3359
f 3292 3073 3072
f 3360 3289 3361
f 3361 3292 3362
f 3291 3072 3075
f 3360 3359 3290
f 3289 3070 3073
f 3358 3355 3288
f 3074 3294 3075
f 3354 3353 3285
f 3056 3271 3053
f 3293 3074 3076
f 3363 3294 3364
f 3295 3078 3077
f 3365 3296 3366
f 3365 3364 3293
f 3296 3076 3078
f 3299 3080 3079
f 3367 3297 3368
f 3301 3081 3083
f 3369 3298 3370
f 3370 3301 3371
f 3300 3083 3082
f 3369 3368 3299
f 3298 3079 3081
f 3367 3366 3295
f 3297 3077 3080
f 3304 3085 3084
f 3372 3302 3373
f 3306 3086 3286
f 3374 3303 3375
f 3375 3306 3376
f 3305 3286 3280
f 3374 3373 3304
f 3303 3084 3086
f 3307 3281 3357
f 3377 3307 3378
f 3379 3378 3357
f 3356 3379 3357
f 3376 3305 3377
f 3281 3283 3357
f 3371 3300 3372
f 3307 3280 3281
f 3362 3291 3363
f 3302 3082 3085
f 3344 3272 3345
f 3316 3241 3313
f 3235 2871 3005
f 3234 2869 2871
f 3098 3165 3097
f 2795 2792 2791
f 2657 2656 2581
f 2636 3178 2655
f 2052 2051 3380
f 3381 2048 2051
f 2052 3382 2053
f 3383 2053 3382
f 3384 3385 3383
f 2053 3383 3385
f 2057 2059 3384
f 2059 3385 3384
f 2058 2452 2059
f 3386 3387 2059
f 2450 2166 2449
f 3388 3389 2451
f 3390 3388 2450
f 2454 2449 2448
f 2452 3389 3386
f 2451 2066 2166
f 3385 3387 3391
f 2448 2172 2453
f 2053 3391 3381
f 2456 2172 2394
f 3392 3393 2453
f 2458 2393 2396
f 3394 3395 2455
f 2456 3395 3392
f 2455 2394 2393
f 2460 2395 2398
f 3396 3397 2457
f 2461 2397 2399
f 3398 3399 2459
f 3400 3398 2461
f 2463 2399 2401
f 2460 3399 3396
f 2459 2398 2397
f 2458 3397 3394
f 2457 2396 2395
f 2465 2400 2403
f 3401 3402 2462
f 2466 2402 2405
f 3403 3404 2464
f 2465 3404 3401
f 2464 2403 2402
f 2467 2404 2407
f 3405 3406 2468
f 2469 2406 2408
f 3407 3408 2470
f 3409 3407 2469
f 2471 2408 2410
f 2467 3408 3405
f 2470 2407 2406
f 2466 3406 3403
f 2468 2405 2404
f 2463 3402 3400
f 2462 2401 2400
f 2454 3393 3390
f 2410 2409 2473
f 2472 2409 2412
f 3410 3411 2473
f 2474 2411 2414
f 3412 3413 2475
f 2472 3413 3410
f 2475 2412 2411
f 2476 2413 2416
f 3414 3415 2477
f 2478 2415 2417
f 3416 3417 2479
f 3418 3416 2478
f 2480 2417 2419
f 2476 3417 3414
f 2479 2416 2415
f 2474 3415 3412
f 2477 2414 2413
f 2481 2418 2420
f 3419 3420 2482
f 2485 2422 2421
f 3421 3422 2483
f 2481 3422 3419
f 2483 2420 2422
f 2487 2424 2423
f 3423 3424 2484
f 2488 2425 2427
f 3425 3426 2486
f 3427 3425 2488
f 2490 2427 2426
f 2487 3426 3423
f 2486 2423 2425
f 2485 3424 3421
f 2484 2421 2424
f 2480 3420 3418
f 2482 2419 2418
f 2492 2429 2428
f 3428 3429 2489
f 2494 2431 2430
f 3430 3431 2491
f 2492 3431 3428
f 2491 2428 2431
f 2496 2433 2432
f 3432 3433 2493
f 2497 2434 2436
f 3434 3435 2495
f 3436 3434 2497
f 2499 2436 2435
f 2496 3435 3432
f 2495 2432 2434
f 2494 3433 3430
f 2493 2430 2433
f 2501 2438 2437
f 3437 3438 2498
f 2502 2439 2441
f 3439 3440 2500
f 3441 3439 2502
f 2504 2441 2440
f 2501 3440 3437
f 2500 2437 2439
f 2507 2443 2442
f 3442 3443 2503
f 2508 2444 2505
f 3444 3445 2506
f 3446 3444 2508
f 2583 2505 2509
f 2507 3445 3442
f 2506 2442 2444
f 2504 3443 3441
f 2503 2440 2443
f 2499 3438 3436
f 2498 2435 2438
f 2490 3429 3427
f 2489 2426 2429
f 2471 3411 3409
f 2509 2528 2582
f 3447 2041 2040
f 3448 3449 2042
f 2046 3449 2047
f 2041 3448 2042
f 3450 2028 2040
f 3451 3450 2042
f 3449 2046 2042
f 3447 2040 2027
f 2051 2053 3381
f 2048 2047 3380
f 3391 2053 3385
f 3452 3453 3381
f 2048 3453 3454
f 3385 2059 3387
f 3386 2059 2452
f 3455 3456 3387
f 3388 2451 2450
f 3457 3458 3389
f 3459 3457 3388
f 3390 2450 2454
f 3386 3458 3455
f 3389 2452 2451
f 3391 3456 3452
f 2454 2453 3393
f 2046 3454 3451
f 3392 2453 2456
f 3460 3461 3393
f 3394 2455 2458
f 3462 3463 3395
f 3392 3463 3460
f 3395 2456 2455
f 3396 2457 2460
f 3464 3465 3397
f 3398 2459 2461
f 3466 3467 3399
f 3468 3466 3398
f 3400 2461 2463
f 3396 3467 3464
f 3399 2460 2459
f 3394 3465 3462
f 3397 2458 2457
f 3401 2462 2465
f 3469 3470 3402
f 3403 2464 2466
f 3471 3472 3404
f 3473 3471 3403
f 3406 2466 2468
f 3401 3472 3469
f 3404 2465 2464
f 3408 2467 2470
f 3474 3475 3405
f 3409 2469 2471
f 3476 3477 3407
f 3478 3476 3409
f 3411 2471 2473
f 3408 3477 3474
f 3407 2470 2469
f 3406 3475 3473
f 3405 2468 2467
f 3400 3470 3468
f 3402 2463 2462
f 3390 3461 3459
f 2473 2472 3410
f 2474 3412 2475
f 3479 3480 3410
f 2476 3414 2477
f 3481 3482 3412
f 3413 3482 3479
f 2477 3415 2474
f 3416 2479 2478
f 3483 3484 3414
f 3420 2480 2482
f 3485 3486 3416
f 3487 3485 3418
f 3419 2482 2481
f 3417 3486 3483
f 3418 2478 2480
f 3415 3484 3481
f 2479 3417 2476
f 3421 2483 2485
f 3488 3489 3419
f 2484 2487 3423
f 2484 3424 2485
f 3422 3490 3488
f 2483 3422 2481
f 3426 2487 2486
f 3491 3492 3424
f 3427 2488 2490
f 3493 3494 3426
f 3495 3493 3425
f 3429 2490 2489
f 3423 3494 3491
f 3425 2486 2488
f 3421 3492 3490
f 2489 2492 3428
f 3420 3489 3487
f 2475 3413 2472
f 3431 2492 2491
f 3496 3497 3429
f 3433 2494 2493
f 3498 3499 3431
f 3428 3499 3496
f 3430 2491 2494
f 3435 2496 2495
f 3500 3501 3433
f 3436 2497 2499
f 3502 3503 3435
f 3504 3502 3434
f 3438 2499 2498
f 3432 3503 3500
f 3434 2495 2497
f 3430 3501 3498
f 3432 2493 2496
f 3440 2501 2500
f 3505 3506 3438
f 3441 2502 2504
f 3507 3508 3440
f 3509 3507 3439
f 3443 2504 2503
f 3437 3508 3505
f 3439 2500 2502
f 3445 2507 2506
f 3510 3511 3443
f 3446 2508 2583
f 3512 3513 3445
f 3514 3512 3444
f 3446 2583 3515
f 3442 3513 3510
f 3444 2506 2508
f 3441 3511 3509
f 3442 2503 2507
f 3436 3506 3504
f 3437 2498 2501
f 3427 3497 3495
f 2582 3515 2583
f 3411 3480 3478
f 2048 3380 2051
f 2528 2530 2585
f 2587 2529 2532
f 3516 3517 2585
f 2589 2531 2534
f 3518 3519 2587
f 2584 3519 3516
f 2586 2532 2531
f 2590 2533 2535
f 3520 3521 2589
f 2596 2537 2536
f 3522 3523 2590
f 3524 3522 2597
f 2601 2536 2539
f 2588 3523 3520
f 2597 2535 2537
f 2586 3521 3518
f 2588 2534 2533
f 2603 2538 2541
f 3525 3526 2601
f 2605 2540 2543
f 3527 3528 2603
f 2600 3528 3525
f 2602 2541 2540
f 2607 2542 2544
f 3529 3530 2605
f 2608 2571 2567
f 3531 3532 2607
f 3533 3531 2606
f 2610 2567 2566
f 2604 3532 3529
f 2606 2544 2571
f 2602 3530 3527
f 2604 2543 2542
f 2596 3526 3524
f 2600 2539 2538
f 2612 2569 2568
f 3534 3535 2610
f 2613 2570 2591
f 3536 3537 2612
f 2609 3537 3534
f 2611 2568 2570
f 2614 2592 2593
f 3538 3539 2613
f 2616 2594 2595
f 3540 3541 2614
f 3542 3540 2617
f 2618 2595 2598
f 2615 3541 3538
f 2617 2593 2594
f 2611 3539 3536
f 2615 2591 2592
f 2637 2599 2620
f 3543 3544 2618
f 2639 2619 2622
f 3545 3546 2637
f 2638 3546 3543
f 2640 2620 2619
f 2641 2621 2624
f 3547 3548 2639
f 2643 2623 2626
f 3549 3550 2641
f 3551 3549 2644
f 2645 2626 2625
f 2642 3550 3547
f 2644 2624 2623
f 2640 3548 3545
f 2642 2622 2621
f 2616 3544 3542
f 2638 2598 2599
f 2608 3535 3533
f 2609 2566 2569
f 3552 3165 3553
f 2627 2647 2625
f 3099 3100 3167
f 3166 3554 3553
f 2629 2646 2627
f 3098 3099 3166
f 2649 2629 2628
f 3555 3556 2647
f 2650 2631 2630
f 3557 3558 2649
f 3559 3557 2648
f 2652 2630 2633
f 2646 3558 3555
f 2648 2628 2631
f 2645 3556 3560
f 3561 3554 3167
f 3101 3102 3169
f 3168 3562 3561
f 3103 3104 3171
f 3170 3563 3564
f 3562 3169 3564
f 3102 3103 3170
f 3105 3106 3173
f 3172 3565 3566
f 3107 3108 3175
f 3174 3567 3568
f 3175 3569 3567
f 3108 3113 3176
f 3565 3173 3568
f 3106 3107 3174
f 3563 3171 3566
f 3104 3105 3172
f 2632 2651 2633
f 3100 3101 3168
f 2654 2632 2635
f 3570 3571 2652
f 2655 2634 2636
f 3572 3573 2654
f 2651 3573 3570
f 2653 2635 2634
f 3177 2656 3109
f 3574 3575 2655
f 3179 3111 3110
f 3576 3577 3177
f 3578 3576 3180
f 3182 3110 3112
f 3178 3577 3574
f 3180 3109 3111
f 2653 3575 3572
f 3178 2636 2656
f 3184 3160 3159
f 3579 3580 3182
f 3185 3162 3161
f 3581 3582 3184
f 3583 3581 3183
f 3193 3161 3164
f 3181 3582 3579
f 3183 3159 3162
f 3192 3163 3552
f 3584 3585 3193
f 3165 3166 3553
f 3586 3587 3552
f 3588 3586 3553
f 3166 3167 3554
f 3192 3587 3584
f 3163 3165 3552
f 3185 3585 3583
f 3192 3164 3163
f 3179 3580 3578
f 3181 3112 3160
f 2650 3571 3559
f 3167 3168 3561
f 2643 3560 3551
f 2529 2584 2530
f 3516 2585 2584
f 3589 3590 3515
f 3518 2587 2586
f 3591 3592 3516
f 3517 3592 3589
f 3519 2584 2587
f 3520 2589 2588
f 3593 3594 3518
f 3522 2590 2597
f 3595 3596 3520
f 3597 3595 3523
f 3524 2597 2596
f 3521 3596 3593
f 3523 2588 2590
f 3519 3594 3591
f 3521 2586 2589
f 3525 2601 2600
f 3598 3599 3524
f 3527 2603 2602
f 3600 3601 3525
f 3526 3601 3598
f 3528 2600 2603
f 3529 2605 2604
f 3602 3603 3527
f 3531 2607 2606
f 3604 3605 3529
f 3606 3604 3532
f 3533 2606 2608
f 3530 3605 3602
f 3532 2604 2607
f 3528 3603 3600
f 3530 2602 2605
f 3522 3599 3597
f 3526 2596 2601
f 3534 2610 2609
f 3607 3608 3533
f 3536 2612 2611
f 3609 3610 3534
f 3535 3610 3607
f 3537 2609 2612
f 3538 2613 2615
f 3611 3612 3536
f 3540 2614 2617
f 3613 3614 3538
f 3615 3613 3541
f 3542 2617 2616
f 3539 3614 3611
f 3541 2615 2614
f 3537 3612 3609
f 3539 2611 2613
f 3543 2618 2638
f 3616 3617 3542
f 3545 2637 2640
f 3618 3619 3543
f 3620 3618 3546
f 3548 2640 2639
f 3544 3619 3616
f 3546 2638 2637
f 3550 2642 2641
f 3621 3622 3548
f 3551 2644 2643
f 3623 3624 3550
f 3625 3623 3549
f 3560 2643 2645
f 3547 3624 3621
f 3549 2641 2644
f 3545 3622 3620
f 3547 2639 2642
f 3540 3617 3615
f 3544 2616 2618
f 3531 3608 3606
f 3535 2608 2610
f 3555 2647 2646
f 3626 3627 3560
f 3557 2649 2648
f 3628 3629 3555
f 3556 3629 3626
f 3558 2646 2649
f 3571 2650 2652
f 3630 3631 3557
f 3573 2651 2654
f 3632 3633 3571
f 3634 3632 3570
f 3572 2654 2653
f 3559 3633 3630
f 3570 2652 2651
f 3558 3631 3628
f 3559 2648 2650
f 3168 3169 3562
f 3635 3561 3636
f 3170 3171 3563
f 3637 3564 3638
f 3637 3636 3562
f 3169 3170 3564
f 3639 3566 3640
f 3563 3639 3638
f 3173 3174 3568
f 3565 3641 3640
f 3568 3642 3641
f 3174 3175 3567
f 2655 3178 3574
f 3172 3173 3565
f 2653 2655 3575
f 3171 3172 3566
f 3573 3643 3634
f 2647 3556 2645
f 3577 3178 3177
f 3644 3645 3575
f 3578 3180 3179
f 3646 3647 3577
f 3574 3647 3644
f 3576 3177 3180
f 3579 3182 3181
f 3648 3649 3578
f 3581 3184 3183
f 3650 3651 3579
f 3652 3650 3582
f 3583 3183 3185
f 3580 3651 3648
f 3582 3181 3184
f 3576 3649 3646
f 3580 3179 3182
f 3584 3193 3192
f 3653 3654 3583
f 3586 3552 3553
f 3655 3656 3584
f 3657 3655 3587
f 3588 3553 3554
f 3585 3656 3653
f 3587 3192 3552
f 3554 3561 3635
f 3658 3659 3588
f 3562 3564 3637
f 3660 3661 3636
f 3662 3660 3637
f 3564 3563 3638
f 3635 3661 3658
f 3561 3562 3636
f 3586 3659 3657
f 3588 3554 3635
f 3581 3654 3652
f 3585 3185 3193
f 3572 3645 3643
f 3566 3639 3563
f 3551 3627 3625
f 3517 2582 2585
f 3517 3515 2582
f 3569 3175 3176
f 3446 3590 3514
f 2452 2058 2066
f 2026 2022 3663
f 2021 3663 2022
f 3664 2020 3665
f 2040 2028 2027
f 2026 2028 3666
f 3451 2042 2046
f 3450 3451 3667
f 3451 3454 3668
f 3454 2046 2048
f 3669 2028 3450
f 3450 2040 2042
f 3670 2022 2026
f 2048 3381 3453
f 3452 3381 3391
f 3453 3452 3671
f 3455 3387 3386
f 3455 3458 3672
f 3673 3456 3455
f 3456 3391 3387
f 3457 3389 3388
f 3457 3459 3674
f 3461 3390 3393
f 3461 3460 3675
f 3460 3463 3676
f 3460 3393 3392
f 3677 3459 3461
f 3459 3388 3390
f 3678 3458 3457
f 3458 3386 3389
f 3679 3454 3453
f 3392 3395 3463
f 3462 3395 3394
f 3465 3680 3462
f 3464 3397 3396
f 3467 3681 3464
f 3465 3464 3682
f 3465 3394 3397
f 3466 3468 3683
f 3684 3467 3466
f 3468 3398 3400
f 3470 3685 3468
f 3469 3686 3470
f 3470 3400 3402
f 3687 3463 3462
f 3466 3399 3398
f 3452 3456 3688
f 3467 3396 3399
f 3472 3401 3404
f 3472 3471 3689
f 3473 3403 3406
f 3473 3475 3690
f 3691 3471 3473
f 3471 3404 3403
f 3474 3405 3408
f 3692 3474 3693
f 3694 3477 3476
f 3474 3477 3693
f 3695 3476 3478
f 3476 3407 3409
f 3475 3474 3692
f 3477 3408 3407
f 3469 3472 3696
f 3475 3406 3405
f 3665 2020 2022
f 3469 3402 3401
f 3409 3411 3478
f 3480 3411 3410
f 3478 3480 3697
f 3482 3413 3412
f 3479 3482 3698
f 3699 3480 3479
f 3479 3410 3413
f 3484 3415 3414
f 3481 3484 3700
f 3486 3417 3416
f 3483 3486 3701
f 3486 3485 3702
f 3485 3416 3418
f 3703 3484 3483
f 3483 3414 3417
f 3704 3482 3481
f 3481 3412 3415
f 3489 3420 3419
f 3487 3489 3705
f 3490 3422 3421
f 3488 3490 3706
f 3707 3489 3488
f 3488 3419 3422
f 3491 3424 3423
f 3492 3491 3708
f 3493 3426 3425
f 3494 3493 3709
f 3493 3495 3710
f 3495 3425 3427
f 3711 3491 3494
f 3494 3423 3426
f 3712 3490 3492
f 3492 3421 3424
f 3713 3485 3487
f 3487 3418 3420
f 3496 3429 3428
f 3497 3496 3714
f 3498 3431 3430
f 3499 3498 3715
f 3716 3496 3499
f 3499 3428 3431
f 3500 3433 3432
f 3501 3500 3717
f 3502 3435 3434
f 3503 3502 3718
f 3502 3504 3719
f 3504 3434 3436
f 3720 3500 3503
f 3503 3432 3435
f 3721 3498 3501
f 3501 3430 3433
f 3505 3438 3437
f 3506 3505 3722
f 3507 3440 3439
f 3508 3507 3723
f 3507 3509 3724
f 3509 3439 3441
f 3725 3505 3508
f 3508 3437 3440
f 3510 3443 3442
f 3511 3510 3726
f 3445 3444 3512
f 3513 3512 3727
f 3512 3514 3728
f 3444 3446 3514
f 3729 3510 3513
f 3442 3445 3513
f 3730 3509 3511
f 3511 3441 3443
f 3731 3504 3506
f 3506 3436 3438
f 3732 3495 3497
f 3497 3427 3429
f 3693 3477 3694
f 3446 3515 3590
f 3672 3458 3678
f 3673 3688 3456
f 3676 3675 3460
f 3457 3674 3678
f 3733 3664 3734
f 3679 3668 3454
f 3665 3734 3664
f 3671 3452 3688
f 3669 3666 2028
f 3670 2026 3666
f 3676 3463 3687
f 3683 3684 3466
f 3684 3735 3467
f 3692 3690 3475
f 3689 3696 3472
f 3462 3680 3687
f 3467 3735 3681
f 3686 3685 3470
f 3685 3683 3468
f 3689 3471 3691
f 3682 3680 3465
f 3476 3695 3694
f 3677 3674 3459
f 3679 3453 3671
f 3670 3665 2022
f 3450 3667 3669
f 3675 3677 3461
f 3673 3455 3672
f 3667 3451 3668
f 3681 3682 3464
f 3686 3469 3696
f 3690 3691 3473
f 3480 3699 3697
f 3697 3695 3478
f 3698 3699 3479
f 3736 3713 3487
f 3698 3482 3704
f 3736 3487 3705
f 3481 3700 3704
f 3701 3486 3702
f 3711 3708 3491
f 3701 3703 3483
f 3703 3700 3484
f 3706 3707 3488
f 3719 3718 3502
f 3718 3720 3503
f 3511 3726 3730
f 3725 3508 3723
f 3722 3731 3506
f 3499 3715 3716
f 3714 3496 3716
f 3512 3728 3727
f 3737 3724 3509
f 3709 3493 3710
f 3717 3721 3501
f 3711 3494 3709
f 3729 3726 3510
f 3712 3706 3490
f 3705 3489 3707
f 3495 3732 3710
f 3712 3492 3708
f 3702 3485 3713
f 3732 3497 3714
f 3500 3720 3717
f 3722 3505 3725
f 3507 3724 3723
f 3504 3731 3719
f 3728 3514 3738
f 3730 3737 3509
f 3727 3729 3513
f 3498 3721 3715
f 3590 3738 3514
f 3592 3517 3516
f 3739 3590 3589
f 3594 3519 3518
f 3740 3592 3591
f 3592 3741 3589
f 3591 3516 3519
f 3596 3521 3520
f 3742 3594 3593
f 3597 3523 3522
f 3743 3596 3595
f 3744 3595 3597
f 3599 3522 3524
f 3596 3745 3593
f 3595 3520 3523
f 3594 3746 3591
f 3593 3518 3521
f 3601 3526 3525
f 3747 3599 3598
f 3603 3528 3527
f 3748 3601 3600
f 3601 3749 3598
f 3600 3525 3528
f 3605 3530 3529
f 3750 3603 3602
f 3606 3532 3531
f 3751 3605 3604
f 3752 3604 3606
f 3608 3531 3533
f 3605 3753 3602
f 3604 3529 3532
f 3603 3754 3600
f 3602 3527 3530
f 3599 3755 3597
f 3598 3524 3526
f 3610 3535 3534
f 3756 3608 3607
f 3612 3537 3536
f 3757 3610 3609
f 3610 3758 3607
f 3609 3534 3537
f 3614 3539 3538
f 3759 3612 3611
f 3615 3541 3540
f 3760 3614 3613
f 3761 3613 3615
f 3617 3540 3542
f 3614 3762 3611
f 3613 3538 3541
f 3612 3763 3609
f 3611 3536 3539
f 3619 3544 3543
f 3764 3617 3616
f 3620 3546 3545
f 3765 3619 3618
f 3619 3766 3616
f 3618 3543 3546
f 3621 3548 3547
f 3767 3620 3622
f 3623 3550 3549
f 3768 3621 3624
f 3769 3624 3623
f 3625 3549 3551
f 3621 3770 3622
f 3624 3547 3550
f 3620 3771 3618
f 3622 3545 3548
f 3617 3772 3615
f 3616 3542 3544
f 3608 3773 3606
f 3607 3533 3535
f 3626 3560 3556
f 3774 3625 3627
f 3628 3555 3558
f 3775 3626 3629
f 3626 3776 3627
f 3629 3556 3555
f 3630 3557 3559
f 3777 3628 3631
f 3632 3571 3570
f 3778 3630 3633
f 3779 3633 3632
f 3634 3570 3573
f 3630 3780 3631
f 3633 3559 3571
f 3628 3781 3629
f 3631 3558 3557
f 3566 3565 3640
f 3782 3639 3783
f 3568 3567 3642
f 3784 3641 3785
f 3784 3783 3640
f 3565 3568 3641
f 3645 3572 3575
f 3786 3634 3643
f 3647 3574 3577
f 3787 3645 3644
f 3788 3644 3647
f 3646 3577 3576
f 3645 3789 3643
f 3644 3575 3574
f 3573 3572 3643
f 3576 3578 3649
f 3634 3790 3632
f 3560 3627 3551
f 3648 3578 3580
f 3791 3646 3649
f 3650 3579 3582
f 3792 3648 3651
f 3648 3793 3649
f 3651 3580 3579
f 3654 3581 3583
f 3794 3650 3652
f 3656 3585 3584
f 3795 3654 3653
f 3796 3653 3656
f 3655 3584 3587
f 3654 3797 3652
f 3653 3583 3585
f 3650 3798 3651
f 3652 3582 3581
f 3659 3586 3588
f 3799 3655 3657
f 3661 3635 3636
f 3800 3659 3658
f 3801 3658 3661
f 3660 3636 3637
f 3659 3802 3657
f 3658 3588 3635
f 3662 3638 3782
f 3803 3660 3662
f 3639 3640 3783
f 3804 3782 3783
f 3805 3783 3784
f 3640 3641 3784
f 3782 3806 3662
f 3638 3639 3782
f 3660 3807 3661
f 3662 3637 3638
f 3655 3808 3656
f 3657 3587 3586
f 3646 3809 3647
f 3642 3785 3641
f 3625 3810 3623
f 3517 3589 3515
f 3745 3596 3743
f 3753 3750 3602
f 3598 3749 3747
f 3742 3593 3745
f 3755 3599 3747
f 3743 3595 3744
f 3749 3601 3748
f 3740 3741 3592
f 3746 3740 3591
f 3811 3753 3605
f 3763 3757 3609
f 3610 3757 3758
f 3764 3616 3766
f 3763 3612 3759
f 3605 3751 3811
f 3772 3761 3615
f 3768 3770 3621
f 3765 3766 3619
f 3760 3762 3614
f 3608 3756 3773
f 3812 3810 3625
f 3600 3754 3748
f 3617 3764 3772
f 3597 3755 3744
f 3746 3594 3742
f 3754 3603 3750
f 3751 3604 3752
f 3607 3758 3756
f 3622 3770 3767
f 3760 3613 3761
f 3618 3771 3765
f 3611 3762 3759
f 3769 3623 3810
f 3767 3771 3620
f 3769 3768 3624
f 3606 3773 3752
f 3790 3779 3632
f 3809 3646 3791
f 3789 3786 3643
f 3793 3791 3649
f 3644 3788 3787
f 3798 3792 3651
f 3792 3793 3648
f 3775 3776 3626
f 3790 3634 3786
f 3795 3653 3813
f 3801 3800 3658
f 3808 3796 3656
f 3660 3803 3807
f 3807 3801 3661
f 3796 3813 3653
f 3805 3784 3814
f 3808 3655 3799
f 3814 3784 3785
f 3785 3815 3814
f 3662 3806 3803
f 3816 3785 3642
f 3627 3776 3774
f 3625 3774 3812
f 3777 3631 3780
f 3630 3778 3780
f 3628 3777 3781
f 3629 3781 3775
f 3809 3788 3647
f 3778 3633 3779
f 3794 3798 3650
f 3795 3797 3654
f 3657 3802 3799
f 3652 3797 3794
f 3805 3804 3783
f 3800 3802 3659
f 3804 3806 3782
f 3645 3787 3789
f 3589 3741 3739
f 3739 3738 3590
f 3642 3567 3817
f 3663 2027 2026
f 3785 3816 3815
f 3114 3115 3187
f 3818 3819 3186
f 3116 3117 3189
f 3820 3821 3188
f 3187 3821 3818
f 3115 3116 3188
f 3118 3119 3191
f 3822 3823 3190
f 3120 3121 3195
f 3824 3825 3194
f 3826 3824 3195
f 3121 3122 3196
f 3191 3825 3822
f 3119 3120 3194
f 3189 3823 3820
f 3117 3118 3190
f 3123 3124 3198
f 3827 3828 3197
f 3125 3126 3200
f 3829 3830 3199
f 3198 3830 3827
f 3124 3125 3199
f 3127 3128 3202
f 3831 3832 3201
f 3129 3130 3204
f 3833 3834 3203
f 3835 3833 3204
f 3130 3131 3205
f 3202 3834 3831
f 3128 3129 3203
f 3200 3832 3829
f 3126 3127 3201
f 3196 3828 3826
f 3122 3123 3197
f 3176 3186 3819
f 3836 3817 3569
f 3187 3188 3821
f 3837 3838 3818
f 3819 3838 3836
f 3186 3187 3818
f 3189 3190 3823
f 3839 3840 3820
f 3191 3194 3825
f 3841 3842 3822
f 3843 3841 3825
f 3194 3195 3824
f 3823 3842 3839
f 3190 3191 3822
f 3821 3840 3837
f 3188 3189 3820
f 3196 3197 3828
f 3844 3845 3826
f 3198 3199 3830
f 3846 3847 3827
f 3828 3847 3844
f 3197 3198 3827
f 3200 3201 3832
f 3848 3849 3829
f 3202 3203 3834
f 3850 3851 3831
f 3852 3850 3834
f 3203 3204 3833
f 3832 3851 3848
f 3201 3202 3831
f 3830 3849 3846
f 3199 3200 3829
f 3824 3845 3843
f 3195 3196 3826
f 3819 3569 3176
f 3205 3835 3204
f 3132 3133 3207
f 3853 3854 3206
f 3134 3135 3209
f 3855 3856 3208
f 3207 3856 3853
f 3133 3134 3208
f 3136 3137 3211
f 3857 3858 3210
f 3138 3139 3213
f 3859 3212 3860
f 3860 3213 3861
f 3139 3140 3214
f 3859 3857 3211
f 3137 3138 3212
f 3209 3858 3855
f 3135 3136 3210
f 3141 3142 3216
f 3862 3215 3863
f 3143 3144 3218
f 3864 3217 3865
f 3864 3863 3216
f 3142 3143 3217
f 3145 3146 3220
f 3866 3219 3867
f 3147 3148 3222
f 3868 3221 3869
f 3869 3222 3870
f 3148 3149 3223
f 3868 3867 3220
f 3146 3147 3221
f 3866 3865 3218
f 3144 3145 3219
f 3862 3861 3214
f 3140 3141 3215
f 3871 3224 3872
f 3854 3205 3206
f 3151 3152 3226
f 3225 3873 3872
f 3207 3853 3206
f 3150 3151 3225
f 3856 3207 3208
f 3874 3875 3854
f 3858 3209 3210
f 3876 3877 3856
f 3878 3876 3855
f 3223 3871 3870
f 3853 3877 3874
f 3855 3208 3209
f 3835 3875 3879
f 3880 3873 3226
f 3153 3154 3228
f 3880 3227 3881
f 3155 3156 3230
f 3882 3229 3883
f 3883 3230 3884
f 3156 3157 3231
f 3882 3881 3228
f 3154 3155 3229
f 3158 3234 3233
f 3885 3232 3886
f 3235 3237 3310
f 3887 3308 3888
f 3888 3310 3889
f 3237 3236 3309
f 3887 3886 3233
f 3234 3235 3308
f 3885 3884 3231
f 3157 3158 3232
f 3211 3857 3210
f 3152 3153 3227
f 3854 3835 3205
f 3149 3150 3224
f 3833 3879 3852
f 3131 3132 3206
f 3838 3819 3818
f 3890 3816 3817
f 3840 3821 3820
f 3891 3892 3838
f 3836 3892 3890
f 3837 3818 3821
f 3842 3823 3822
f 3893 3894 3840
f 3843 3825 3824
f 3895 3896 3842
f 3897 3895 3841
f 3845 3824 3826
f 3839 3896 3893
f 3841 3822 3825
f 3837 3894 3891
f 3839 3820 3823
f 3211 3212 3859
f 3898 3857 3899
f 3213 3214 3861
f 3900 3860 3901
f 3900 3899 3859
f 3212 3213 3860
f 3861 3902 3901
f 3903 3904 3845
f 3215 3216 3863
f 3902 3862 3905
f 3905 3863 3906
f 3216 3217 3864
f 3846 3827 3830
f 3827 3847 3828
f 3826 3828 3844
f 3214 3215 3862
f 3843 3904 3897
f 3836 3569 3819
f 3849 3830 3829
f 3907 3908 3847
f 3851 3832 3831
f 3909 3910 3849
f 3846 3910 3907
f 3848 3829 3832
f 3852 3834 3833
f 3911 3912 3851
f 3875 3835 3854
f 3913 3914 3852
f 3915 3913 3879
f 3874 3854 3853
f 3850 3914 3911
f 3879 3833 3835
f 3848 3912 3909
f 3850 3831 3834
f 3876 3856 3855
f 3916 3917 3874
f 3878 3858 3898
f 3918 3919 3876
f 3920 3918 3878
f 3858 3857 3898
f 3877 3919 3916
f 3878 3855 3858
f 3859 3860 3900
f 3921 3922 3899
f 3861 3862 3902
f 3923 3924 3901
f 3925 3923 3902
f 3862 3863 3905
f 3900 3924 3921
f 3860 3861 3901
f 3898 3922 3920
f 3857 3859 3899
f 3875 3917 3915
f 3877 3853 3856
f 3844 3908 3903
f 3864 3906 3863
f 3218 3219 3866
f 3926 3927 3865
f 3220 3221 3868
f 3928 3929 3867
f 3866 3929 3926
f 3219 3220 3867
f 3222 3223 3870
f 3930 3931 3869
f 3224 3225 3872
f 3932 3933 3871
f 3934 3932 3872
f 3225 3226 3873
f 3870 3933 3930
f 3223 3224 3871
f 3868 3931 3928
f 3221 3222 3869
f 3227 3228 3881
f 3935 3936 3880
f 3229 3230 3883
f 3937 3938 3882
f 3881 3938 3935
f 3228 3229 3882
f 3231 3232 3885
f 3939 3940 3884
f 3233 3308 3887
f 3941 3942 3886
f 3943 3941 3887
f 3308 3310 3888
f 3885 3942 3939
f 3232 3233 3886
f 3883 3940 3937
f 3230 3231 3884
f 3873 3936 3934
f 3226 3227 3880
f 3864 3865 3927
f 3944 3945 3906
f 3866 3867 3929
f 3946 3947 3926
f 3927 3947 3944
f 3865 3866 3926
f 3868 3869 3931
f 3948 3949 3928
f 3870 3871 3933
f 3950 3951 3930
f 3952 3950 3933
f 3871 3872 3932
f 3931 3951 3948
f 3869 3870 3930
f 3929 3949 3946
f 3867 3868 3928
f 3873 3880 3936
f 3953 3954 3934
f 3881 3882 3938
f 3955 3956 3935
f 3957 3955 3938
f 3882 3883 3937
f 3936 3956 3953
f 3880 3881 3935
f 3884 3885 3939
f 3958 3959 3940
f 3886 3887 3941
f 3960 3961 3942
f 3962 3960 3941
f 3887 3888 3943
f 3939 3961 3958
f 3885 3886 3942
f 3937 3959 3957
f 3883 3884 3940
f 3932 3954 3952
f 3872 3873 3934
f 3927 3906 3864
f 3309 3889 3310
f 3905 3945 3925
f 3217 3218 3865
f 3817 3567 3569
f 3943 3888 3963
f 3239 3238 3311
f 3964 3965 3312
f 3241 3240 3313
f 3966 3316 3967
f 3311 3966 3964
f 3238 3241 3316
f 3242 3244 3315
f 3968 3314 3969
f 3243 3246 3318
f 3970 3317 3971
f 3971 3318 3972
f 3246 3245 3319
f 3970 3969 3315
f 3244 3243 3317
f 3968 3967 3313
f 3240 3242 3314
f 3248 3247 3321
f 3973 3320 3974
f 3250 3249 3323
f 3975 3322 3976
f 3975 3974 3321
f 3247 3250 3322
f 3251 3253 3325
f 3977 3324 3978
f 3252 3255 3327
f 3979 3326 3980
f 3980 3327 3981
f 3255 3254 3328
f 3979 3978 3325
f 3253 3252 3326
f 3977 3976 3323
f 3249 3251 3324
f 3973 3972 3319
f 3245 3248 3320
f 3257 3256 3330
f 3982 3329 3983
f 3259 3258 3332
f 3984 3331 3985
f 3984 3983 3330
f 3256 3259 3331
f 3981 3328 3982
f 3986 3963 3889
f 3987 3988 3333
f 3985 3332 3988
f 3989 3987 3334
f 3260 3262 3334
f 3965 3990 3986
f 3311 3964 3312
f 3312 3965 3309
f 3258 3260 3333
f 3261 3264 3336
f 3989 3335 3991
f 3263 3265 3338
f 3992 3337 3993
f 3992 3991 3336
f 3264 3263 3337
f 3267 3266 3340
f 3994 3339 3995
f 3269 3268 3342
f 3996 3341 3997
f 3997 3342 3998
f 3268 3270 3343
f 3996 3995 3340
f 3266 3269 3341
f 3994 3993 3338
f 3265 3267 3339
f 3343 3999 3998
f 3262 3261 3335
f 3965 3889 3309
f 3254 3257 3329
f 3272 3271 3345
f 4000 3999 3344
f 3274 3273 3347
f 4001 3347 4002
f 4001 4003 3346
f 3271 3274 3346
f 3276 3275 3349
f 4004 3349 4005
f 3278 3277 3351
f 4006 3351 4007
f 4007 3352 4008
f 3277 3279 3352
f 4006 4005 3350
f 3275 3278 3350
f 4004 4002 3348
f 3273 3276 3348
f 3285 3284 3354
f 4009 3354 4010
f 3288 3287 3358
f 4011 3358 4012
f 4011 4010 3355
f 3284 3288 3355
f 3290 3289 3360
f 4013 3360 4014
f 3292 3291 3362
f 4015 3362 4016
f 4016 3363 4017
f 3291 3294 3363
f 4015 4014 3361
f 3289 3292 3361
f 4013 4012 3359
f 3287 3290 3359
f 4009 4008 3353
f 3279 3285 3353
f 3293 3296 3365
f 4018 3365 4019
f 3295 3297 3367
f 4020 3367 4021
f 4020 4019 3366
f 3296 3295 3366
f 3299 3298 3369
f 4022 3369 4023
f 3301 3300 3371
f 4024 3371 4025
f 4025 3372 4026
f 3300 3302 3372
f 4024 4023 3370
f 3298 3301 3370
f 4022 4021 3368
f 3297 3299 3368
f 3304 3303 3374
f 4027 3374 4028
f 3306 3305 3376
f 4029 3376 4030
f 4031 3376 3377
f 3305 3307 3377
f 4029 3375 3376
f 3303 3306 3375
f 4031 3377 4032
f 4033 4032 3378
f 4032 3377 3378
f 3379 4033 3378
f 4030 3376 4031
f 4026 3373 4027
f 3307 3357 3378
f 4017 3364 4018
f 3302 3304 3373
f 4003 4000 3345
f 3294 3293 3364
f 3311 3316 3966
f 3270 3272 3344
f 3316 3313 3967
f 4034 4035 3966
f 3314 3315 3969
f 4036 3968 4037
f 3967 4036 4034
f 3313 3314 3968
f 3317 3318 3971
f 4038 3970 4039
f 3319 3320 3973
f 4040 3972 4041
f 4041 3973 4042
f 3320 3321 3974
f 4040 4039 3971
f 3318 3319 3972
f 4038 4037 3969
f 3315 3317 3970
f 3322 3323 3976
f 4043 3975 4044
f 3324 3325 3978
f 4045 3977 4046
f 4045 4044 3976
f 3323 3324 3977
f 3326 3327 3980
f 4047 3979 4048
f 3328 3329 3982
f 4049 3981 4050
f 4050 3982 4051
f 3329 3330 3983
f 4049 4048 3980
f 3327 3328 3981
f 4047 4046 3978
f 3325 3326 3979
f 4043 4042 3974
f 3321 3322 3975
f 3331 3332 3985
f 4052 3984 4053
f 3333 3334 3987
f 4054 3988 4055
f 4054 4053 3985
f 3332 3333 3988
f 4035 3990 3964
f 4056 4057 3963
f 4034 3966 3967
f 4058 4059 3990
f 4060 4058 4035
f 3983 4052 4051
f 3986 4059 4056
f 4035 3964 3966
f 3965 3964 3990
f 4061 4055 3987
f 3335 3336 3991
f 4061 3989 4062
f 3337 3338 3993
f 4063 3992 4064
f 4064 3993 4065
f 3338 3339 3994
f 4063 4062 3991
f 3336 3337 3992
f 3340 3341 3996
f 4066 3995 4067
f 3342 3343 3998
f 4068 3997 4069
f 3999 4070 4071
f 3343 3344 3999
f 4068 4067 3996
f 3341 3342 3997
f 4066 4065 3994
f 3339 3340 3995
f 4069 3998 4071
f 3334 3335 3989
f 3965 3986 3889
f 3330 3331 3984
f 3345 3346 4003
f 4072 4003 4073
f 3347 3348 4002
f 4074 4002 4075
f 4074 4073 4001
f 3346 3347 4001
f 3349 3350 4005
f 4076 4005 4077
f 3351 3352 4007
f 4078 4007 4079
f 4079 4008 4080
f 3352 3353 4008
f 4078 4077 4006
f 3350 3351 4006
f 4076 4075 4004
f 3348 3349 4004
f 3354 3355 4010
f 4081 4010 4082
f 3358 3359 4012
f 4083 4012 4084
f 4083 4082 4011
f 3355 3358 4011
f 3360 3361 4014
f 4085 4014 4086
f 3362 3363 4016
f 4087 4016 4088
f 4088 4017 4089
f 3363 3364 4017
f 4087 4086 4015
f 3361 3362 4015
f 4085 4084 4013
f 3359 3360 4013
f 4081 4080 4009
f 3353 3354 4009
f 3365 3366 4019
f 4090 4019 4091
f 3367 3368 4021
f 4092 4021 4093
f 4092 4091 4020
f 3366 3367 4020
f 3369 3370 4023
f 4094 4023 4095
f 4096 4097 4025
f 4024 4097 4095
f 4026 4096 4025
f 3371 3372 4025
f 4093 4022 4094
f 3370 3371 4024
f 4089 4018 4090
f 3368 3369 4022
f 3373 3374 4027
f 4098 4026 4027
f 4028 3375 4029
f 4028 4099 4027
f 3374 3375 4028
f 4027 4100 4098
f 4028 4029 4099
f 4027 4099 4100
f 4098 4096 4026
f 3372 3373 4026
f 4070 4000 4072
f 3364 3365 4018
f 4036 3967 3968
f 3344 3345 4000
f 3963 3888 3889
f 3943 4057 3962
f 3236 3239 3312
f 3892 3836 3838
f 4101 3816 3890
f 3894 3837 3840
f 4102 3892 3891
f 3892 4103 3890
f 3891 3838 3837
f 3896 3839 3842
f 4104 3894 3893
f 3897 3841 3843
f 4105 3896 3895
f 4106 3895 3897
f 3904 3843 3845
f 3896 4107 3893
f 3895 3842 3841
f 3894 4108 3891
f 3893 3840 3839
f 3908 3844 3847
f 4109 3904 3903
f 3910 3846 3849
f 4110 3908 3907
f 3908 4111 3903
f 3907 3847 3846
f 3912 3848 3851
f 4112 3910 3909
f 3914 3850 3852
f 4113 3912 3911
f 4114 3911 3914
f 3913 3852 3879
f 3912 4115 3909
f 3911 3851 3850
f 3910 4116 3907
f 3909 3849 3848
f 3904 4117 3897
f 3903 3845 3844
f 3917 3875 3874
f 4118 3913 3915
f 3919 3877 3876
f 4119 3917 3916
f 3917 4120 3915
f 3916 3874 3877
f 3920 3878 3898
f 4121 3919 3918
f 3921 3899 3900
f 4122 3920 3922
f 4123 3922 3921
f 3924 3900 3901
f 3920 4124 3918
f 3922 3898 3899
f 3919 4125 3916
f 3918 3876 3878
f 3925 3902 3905
f 4126 3924 3923
f 3944 3906 3927
f 4127 3925 3945
f 3925 4128 3923
f 3945 3905 3906
f 3946 3926 3929
f 4129 3944 3947
f 3948 3928 3931
f 4130 3946 3949
f 4131 3949 3948
f 3951 3931 3930
f 3946 4132 3947
f 3949 3929 3928
f 3944 4133 3945
f 3947 3927 3926
f 3924 4134 3921
f 3923 3901 3902
f 3913 4135 3914
f 3915 3879 3875
f 4136 4036 4137
f 3933 3950 3930
f 3969 3970 4038
f 4037 4138 4137
f 3932 3952 3933
f 3968 3969 4037
f 3954 3932 3934
f 4139 3950 3952
f 3956 3936 3935
f 4140 3954 3953
f 4141 3953 3956
f 3955 3935 3938
f 3954 4142 3952
f 3953 3934 3936
f 3950 4143 3951
f 4144 4138 4038
f 3971 3972 4040
f 4144 4039 4145
f 3973 3974 4042
f 4146 4041 4147
f 4146 4145 4040
f 3972 3973 4041
f 3975 3976 4044
f 4043 4148 4149
f 3977 3978 4046
f 4045 4150 4151
f 4046 4152 4150
f 3978 3979 4047
f 4148 4044 4151
f 3976 3977 4045
f 4149 4147 4042
f 3974 3975 4043
f 3937 3957 3938
f 3970 3971 4039
f 3959 3937 3940
f 4153 3955 3957
f 3961 3939 3942
f 4154 3959 3958
f 3959 4155 3957
f 3958 3940 3939
f 3962 3941 3943
f 4156 3961 3960
f 4056 3963 3986
f 4157 3962 4057
f 4158 4057 4056
f 4059 3986 3990
f 3962 4159 3960
f 4057 3943 3963
f 3961 4160 3958
f 3960 3942 3941
f 4060 4035 4034
f 4161 4059 4058
f 4034 4036 4136
f 4162 4060 4136
f 4163 4136 4137
f 4036 4037 4137
f 4060 4164 4058
f 4060 4034 4136
f 4038 4039 4144
f 4165 4138 4144
f 4040 4041 4146
f 4166 4145 4146
f 4167 4146 4147
f 4041 4042 4147
f 4145 4168 4144
f 4039 4040 4145
f 4138 4169 4137
f 4037 4038 4138
f 4059 4170 4056
f 4058 3990 4035
f 3955 4171 3956
f 4149 4042 4043
f 3951 4172 3948
f 3890 3817 3836
f 3903 4111 4109
f 4105 3895 4106
f 3913 4118 4135
f 4114 3914 4135
f 4110 4111 3908
f 4114 4113 3911
f 4115 4112 3909
f 4116 4110 3907
f 3897 4117 4173
f 4107 4104 3893
f 4174 4128 3925
f 4124 4121 3918
f 3947 4132 4129
f 4174 3925 4127
f 4131 3948 4172
f 4134 3924 4126
f 4119 3916 4125
f 4131 4130 3949
f 3945 4133 4127
f 3922 4123 4122
f 4120 4118 3915
f 4124 3920 4122
f 3897 4173 4106
f 4102 3891 4108
f 4116 3910 4112
f 4108 3894 4104
f 4117 3904 4109
f 4115 3912 4113
f 4121 4125 3919
f 4123 3921 4134
f 4120 3917 4119
f 3946 4130 4132
f 4128 4126 3923
f 3944 4129 4133
f 3892 4102 4103
f 3896 4105 4107
f 4141 3956 4171
f 4139 4143 3950
f 4163 4162 4136
f 3962 4157 4159
f 4171 3955 4153
f 3960 4159 4156
f 4057 4158 4157
f 4164 4060 4162
f 3952 4142 4139
f 4155 3959 4154
f 4163 4137 4169
f 4043 4044 4148
f 4149 4148 4175
f 4045 4046 4150
f 4176 4150 4177
f 4176 4151 4150
f 4044 4045 4151
f 4151 4178 4148
f 4179 4177 4152
f 4177 4150 4152
f 4180 4152 4047
f 4147 4149 4181
f 4181 4167 4147
f 4167 4166 4146
f 4046 4047 4152
f 4158 4056 4170
f 4143 4172 3951
f 4170 4059 4182
f 4141 4140 3953
f 3958 4160 4154
f 4153 3957 4155
f 4156 4160 3961
f 4161 4182 4059
f 4138 4165 4169
f 4164 4161 4058
f 4181 4149 4175
f 4168 4165 4144
f 4148 4178 4175
f 4151 4176 4178
f 4166 4168 4145
f 3954 4140 4142
f 3890 4103 4101
f 4101 3815 3816
f 4179 4152 4180
f 3980 3981 4049
f 4183 4180 4048
f 3982 3983 4051
f 4184 4185 4050
f 4049 4185 4183
f 3981 3982 4050
f 3984 3985 4053
f 4186 4187 4052
f 3988 3987 4055
f 4188 4189 4054
f 4190 4188 4055
f 3987 3989 4061
f 4053 4189 4186
f 3985 3988 4054
f 4051 4187 4184
f 3983 3984 4052
f 3991 3992 4063
f 4191 4192 4062
f 3993 3994 4065
f 4193 4194 4064
f 4063 4194 4191
f 3992 3993 4064
f 3995 3996 4067
f 4195 4196 4066
f 3997 3998 4069
f 4197 4198 4068
f 4199 4197 4069
f 3998 3999 4071
f 4067 4198 4195
f 3996 3997 4068
f 4065 4196 4193
f 3994 3995 4066
f 4061 4192 4190
f 3989 3991 4062
f 4185 4049 4050
f 4200 4180 4183
f 4187 4051 4052
f 4201 4185 4184
f 4185 4202 4183
f 4184 4050 4051
f 4189 4053 4054
f 4203 4187 4186
f 4190 4055 4061
f 4204 4189 4188
f 4205 4188 4190
f 4192 4061 4062
f 4189 4206 4186
f 4188 4054 4055
f 4187 4207 4184
f 4186 4052 4053
f 4194 4063 4064
f 4208 4192 4191
f 4065 4066 4196
f 4065 4193 4064
f 4209 4194 4193
f 4066 4067 4195
f 4194 4210 4191
f 4063 4191 4062
f 4198 4067 4068
f 4211 4196 4195
f 4199 4069 4071
f 4212 4198 4197
f 4213 4197 4199
f 4199 4071 4214
f 4198 4215 4195
f 4197 4068 4069
f 4196 4216 4193
f 4070 4214 4071
f 4192 4217 4190
f 4183 4048 4049
f 4180 4047 4048
f 3999 4000 4070
f 4003 4001 4073
f 4218 4219 4072
f 4002 4004 4075
f 4220 4074 4221
f 4220 4218 4073
f 4001 4002 4074
f 4005 4006 4077
f 4222 4076 4223
f 4007 4008 4079
f 4224 4078 4225
f 4225 4079 4226
f 4008 4009 4080
f 4224 4223 4077
f 4006 4007 4078
f 4222 4221 4075
f 4004 4005 4076
f 4010 4011 4082
f 4227 4081 4228
f 4012 4013 4084
f 4229 4084 4230
f 4231 4228 4082
f 4011 4012 4083
f 4014 4015 4086
f 4232 4086 4233
f 4016 4017 4088
f 4234 4088 4235
f 4235 4089 4236
f 4017 4018 4089
f 4234 4233 4087
f 4015 4016 4087
f 4232 4230 4085
f 4013 4014 4085
f 4227 4226 4080
f 4009 4010 4081
f 4019 4020 4091
f 4237 4091 4238
f 4021 4022 4093
f 2205 2207 4093
f 2207 4238 4092
f 4020 4021 4092
f 4236 4090 4237
f 4239 4214 4219
f 4240 4241 4094
f 4094 2205 4093
f 4095 4240 4094
f 4218 4072 4073
f 4231 4083 4229
f 4072 4219 4070
f 4022 4023 4094
f 4024 4025 4097
f 4242 4095 4097
f 4097 4096 4243
f 4097 4243 4242
f 4242 4240 4095
f 4023 4024 4095
f 4219 4214 4070
f 4018 4019 4090
f 4214 4244 4199
f 4000 4003 4072
f 4191 4210 4208
f 4201 4202 4185
f 4073 4074 4220
f 4245 4220 4221
f 4215 4211 4195
f 4200 4183 4202
f 4210 4194 4209
f 4207 4201 4184
f 4212 4197 4213
f 4239 4219 4246
f 4212 4215 4198
f 4246 4219 4218
f 4208 4217 4192
f 4220 4247 4218
f 4075 4076 4222
f 4248 4221 4222
f 4077 4078 4224
f 4223 4224 4249
f 4223 4250 4222
f 4076 4077 4223
f 4223 4249 4250
f 4225 4251 4224
f 4252 4253 4226
f 4225 4226 4253
f 4254 4252 4226
f 4079 4080 4226
f 4248 4222 4250
f 4245 4221 4248
f 4078 4079 4225
f 4074 4075 4221
f 4203 4207 4187
f 4188 4205 4204
f 4203 4186 4206
f 4209 4193 4216
f 4206 4189 4255
f 4217 4205 4190
f 4216 4196 4211
f 4214 4239 4244
f 4218 4247 4246
f 4213 4199 4244
f 4253 4251 4225
f 4245 4247 4220
f 4251 4249 4224
f 4189 4204 4255
f 4081 4082 4228
f 4256 4227 4228
f 4083 4084 4229
f 4257 4231 4229
f 4231 4258 4228
f 4082 4083 4231
f 4085 4086 4232
f 4259 4230 4232
f 4087 4088 4234
f 4260 4233 4234
f 4261 4234 4235
f 4088 4089 4235
f 4233 4262 4232
f 4086 4087 4233
f 4230 4263 4229
f 4084 4085 4230
f 4090 4091 4237
f 4264 4236 4237
f 4092 4093 2207
f 4265 4238 2207
f 4238 4266 4237
f 4091 4092 4238
f 4241 2205 4094
f 4236 4267 4235
f 4089 4090 4236
f 4258 4231 4257
f 4267 4261 4235
f 4233 4260 4262
f 4258 4256 4228
f 4259 4263 4230
f 4234 4261 4260
f 4262 4259 4232
f 4257 4229 4263
f 4264 4237 4268
f 4265 4266 4238
f 2207 2206 4265
f 4267 4236 4264
f 4254 4227 4256
f 4254 4226 4227
f 4080 4081 4227
f 4200 4179 4180
f 3979 3980 4048
f 3816 3642 3817
f 3113 3114 3186
f 4269 4270 4271
f 4272 4273 4274
f 4275 4274 4276
f 4277 4278 4279
f 4280 4281 4278
f 4282 4280 4273
f 4269 4277 4283
f 4275 4276 4284
f 4272 4274 4285
f 4285 4274 4275
f 4276 4286 4284
f 4276 4287 4286
f 4272 4288 4273
f 4289 4287 4290
f 4291 4290 4292
f 4293 4292 4294
f 4295 4294 4292
f 4296 4287 4297
f 4297 4287 4289
f 4290 4291 4298
f 4298 4289 4290
f 4291 4292 4293
f 4299 4300 4301
f 4295 4300 4302
f 4301 4303 4304
f 4287 4296 4286
f 4283 4277 4305
f 4279 4306 4277
f 4307 4308 4278
f 4281 4307 4278
f 4279 4278 4308
f 4270 4309 4271
f 4310 4271 4309
f 4311 4312 4269
f 4313 4269 4312
f 4270 4269 4313
f 4311 4269 4283
f 4305 4277 4306
f 4282 4314 4280
f 4288 4282 4273
f 4315 4294 4295
f 4302 4315 4295
f 4299 4316 4300
f 4317 4299 4301
f 4318 4304 4303
f 4319 4320 4303
f 4318 4303 4320
f 4317 4301 4304
f 4302 4300 4316
f 4281 4280 4314
f 4303 4321 4319
f 4271 4310 4322
f 4323 4321 4324
f 4325 4324 4321
f 4321 4323 4319
f 4326 4325 4327
f 4328 4327 4329
f 4330 4329 4331
f 4332 4324 4325
f 4333 4332 4325
f 4328 4326 4327
f 4330 4334 4329
f 4328 4329 4334
f 4333 4325 4326
f 4331 4335 4330
f 4336 4337 4338
f 4339 4340 4341
f 4342 4341 4343
f 4344 4338 4340
f 4345 4335 4346
f 4346 4335 4331
f 4347 4348 4346
f 4349 4350 4351
f 4347 4352 4353
f 4354 4352 4355
f 4356 4355 4337
f 4357 4343 4349
f 4358 4350 4359
f 4355 4356 4360
f 4352 4354 4353
f 4347 4353 4361
f 4354 4355 4360
f 4348 4347 4361
f 4338 4362 4336
f 4363 4356 4337
f 4362 4338 4344
f 4344 4340 4339
f 4341 4364 4339
f 4363 4337 4336
f 4345 4346 4348
f 4350 4358 4365
f 4365 4366 4350
f 4367 4368 4359
f 4369 4359 4368
f 4369 4358 4359
f 4351 4350 4366
f 631 633 4343
f 4342 4343 633
f 4370 4349 4371
f 4343 4357 631
f 4370 4357 4349
f 4351 4371 4349
f 4342 4364 4341
f 4271 4322 4367
f 4367 4359 4271
f 4372 4373 4374
f 4375 4376 4377
f 4378 4377 4373
f 4379 4380 4381
f 4382 4383 4384
f 4385 4384 4380
f 4386 4381 4376
f 4387 4388 4389
f 4390 4391 4392
f 4393 4392 4388
f 4394 4395 4396
f 4397 4398 4399
f 4400 4399 4395
f 4401 4396 4391
f 4402 4389 4383
f 4403 4404 4405
f 4406 4407 4408
f 4409 4408 4404
f 4410 4411 4412
f 4413 4414 4415
f 4416 4415 4411
f 4417 4412 4407
f 4418 4419 4420
f 4421 4422 4423
f 4424 4423 4419
f 4425 4426 4427
f 4428 4429 4430
f 4431 4430 4426
f 4432 4427 4422
f 4433 4420 4414
f 4434 4405 4398
f 4374 4435 4372
f 4377 4378 4375
f 4378 4373 4372
f 4381 4386 4379
f 4384 4385 4382
f 4385 4380 4379
f 4386 4376 4375
f 4389 4402 4387
f 4392 4393 4390
f 4393 4388 4387
f 4396 4401 4394
f 4399 4400 4397
f 4400 4395 4394
f 4401 4391 4390
f 4402 4383 4382
f 4405 4434 4403
f 4408 4409 4406
f 4409 4404 4403
f 4412 4417 4410
f 4415 4416 4413
f 4416 4411 4410
f 4417 4407 4406
f 4420 4433 4418
f 4423 4424 4421
f 4424 4419 4418
f 4427 4432 4425
f 4430 4431 4428
f 4431 4426 4425
f 4432 4422 4421
f 4433 4414 4413
f 4434 4398 4397
f 4429 4436 4437
f 4438 4435 4374
f 4439 4440 4437
f 4441 4442 4443
f 4444 4443 4440
f 4445 4446 4447
f 4448 4449 4450
f 4451 4450 4446
f 4452 4447 4442
f 4453 4454 4455
f 4456 4457 4458
f 4459 4458 4454
f 4460 4461 4462
f 4463 4464 4465
f 4466 4465 4461
f 4467 4462 4457
f 4468 4455 4449
f 4469 4470 4471
f 4472 4473 4474
f 4475 4474 4470
f 4476 4477 4478
f 4479 4480 4481
f 4482 4481 4477
f 4483 4478 4473
f 4484 4485 4486
f 4487 4488 4489
f 4490 4489 4485
f 4491 4492 4493
f 4438 4494 4495
f 4496 4495 4492
f 4497 4493 4488
f 4498 4486 4480
f 4499 4471 4464
f 4437 4436 4439
f 4443 4444 4441
f 4444 4440 4439
f 4447 4452 4445
f 4450 4451 4448
f 4451 4446 4445
f 4452 4442 4441
f 4455 4468 4453
f 4458 4459 4456
f 4459 4454 4453
f 4462 4467 4460
f 4465 4466 4463
f 4466 4461 4460
f 4467 4457 4456
f 4468 4449 4448
f 4471 4499 4469
f 4474 4475 4472
f 4475 4470 4469
f 4478 4483 4476
f 4481 4482 4479
f 4482 4477 4476
f 4483 4473 4472
f 4486 4498 4484
f 4489 4490 4487
f 4490 4485 4484
f 4493 4497 4491
f 4495 4496 4438
f 4496 4492 4491
f 4497 4488 4487
f 4498 4480 4479
f 4499 4464 4463
f 4438 4374 4494
f 4429 4428 4436
f 4500 4501 4502
f 4503 4504 4502
f 4500 4502 4504
f 4505 4506 4507
f 4500 4504 4507
f 4508 4505 4507
f 4509 4507 4504
f 4510 4511 4512
f 4510 4512 4513
f 4512 4514 4504
f 4515 4516 4513
f 4517 4510 4513
f 4512 4504 4513
f 4515 4513 4504
f 4514 4518 4504
f 4519 4520 4521
f 4521 4520 4505
f 4507 4509 4508
f 4522 4508 4523
f 4523 4508 4509
f 4509 4524 4525
f 4521 4505 4508
f 4526 4509 4518
f 4518 4527 4526
f 4524 4509 4526
f 4528 4518 4529
f 4530 4531 4529
f 4529 4532 4530
f 4504 4518 4509
f 4529 4518 4532
f 4518 4514 4533
f 4514 4534 4535
f 4536 4537 4534
f 4538 4534 4537
f 4535 4539 4514
f 4540 4541 4535
f 4535 4534 4538
f 4542 4535 4541
f 4539 4543 4514
f 4544 4545 4539
f 4543 4539 4545
f 4546 4547 4543
f 4548 4543 4547
f 4546 4543 4545
f 4539 4535 4542
f 4514 4543 4533
f 4549 4550 4533
f 4550 4551 4533
f 4533 4552 4553
f 4554 4532 4555
f 4553 4555 4532
f 4518 4553 4532
f 4518 4533 4553
f 4556 4543 4557
f 4558 4559 4557
f 4556 4560 4543
f 4550 4549 4561
f 4549 4533 4562
f 4533 4543 4562
f 4562 4543 4560
f 4557 4543 4558
f 4534 4514 4563
f 4564 4565 4566
f 4567 4565 4564
f 4568 4569 4570
f 4571 4570 4572
f 4569 4573 4574
f 4575 4576 4577
f 4578 4579 4580
f 4581 4582 4583
f 4584 4583 4585
f 4586 4587 4588
f 4582 4589 4580
f 4590 4591 4586
f 4579 4592 4572
f 4576 4575 4593
f 4594 4595 4596
f 4597 4598 4599
f 4600 4601 4602
f 4603 4604 4605
f 4606 4605 4607
f 4604 4608 4599
f 4609 4610 4611
f 4612 4613 4614
f 4615 4614 4616
f 4617 4618 4619
f 4613 4620 4611
f 4621 4619 4618
f 4610 4622 4607
f 4623 4624 4621
f 4598 4625 4585
f 4626 4627 4628
f 4629 4630 4631
f 4632 4631 4633
f 4630 4634 4628
f 4635 4636 4637
f 4638 4639 4640
f 4641 4642 4643
f 4644 4643 4645
f 4642 4646 4640
f 4639 4647 4633
f 4648 4649 4650
f 4651 4652 4653
f 4654 4653 4655
f 4652 4656 4650
f 4657 4658 4659
f 4660 4661 4662
f 4663 4662 4664
f 4661 4665 4659
f 4658 4666 4655
f 4649 4667 4645
f 4627 4668 4616
f 4569 4568 4573
f 4669 4574 4670
f 4568 4570 4571
f 4671 4672 4568
f 4673 4671 4571
f 4571 4572 4592
f 4573 4672 4674
f 4579 4578 4592
f 4578 4580 4589
f 4675 4676 4578
f 4581 4583 4584
f 4677 4678 4581
f 4679 4677 4584
f 4584 4585 4625
f 4589 4678 4675
f 4589 4582 4581
f 4592 4676 4673
f 4598 4597 4625
f 4597 4599 4608
f 4680 4681 4597
f 4603 4605 4606
f 4682 4683 4603
f 4684 4682 4606
f 4606 4607 4622
f 4608 4683 4680
f 4608 4604 4603
f 4609 4611 4620
f 4685 4686 4609
f 4612 4614 4615
f 4687 4688 4612
f 4689 4687 4615
f 4615 4616 4668
f 4620 4688 4685
f 4620 4613 4612
f 4622 4686 4684
f 4622 4610 4609
f 4625 4681 4679
f 4627 4626 4668
f 4634 4630 4629
f 4690 4691 4626
f 4632 4633 4647
f 4692 4693 4629
f 4694 4692 4632
f 4647 4639 4638
f 4634 4693 4690
f 4629 4631 4632
f 4642 4641 4646
f 4646 4638 4640
f 4641 4643 4644
f 4695 4696 4646
f 4697 4695 4641
f 4644 4645 4667
f 4638 4696 4698
f 4649 4648 4667
f 4647 4698 4694
f 4634 4626 4628
f 4648 4650 4656
f 4699 4700 4667
f 4651 4653 4654
f 4701 4702 4656
f 4703 4701 4651
f 4654 4655 4666
f 4648 4702 4699
f 4656 4652 4651
f 4657 4659 4665
f 4704 4705 4666
f 4706 4704 4657
f 4665 4661 4660
f 4663 4664 4707
f 4708 4709 4660
f 4710 4708 4663
f 4664 4711 4707
f 4665 4709 4706
f 4660 4662 4663
f 4654 4705 4703
f 4666 4658 4657
f 4644 4700 4697
f 4712 4707 4711
f 4668 4691 4689
f 4670 4574 4573
f 4713 4714 4715
f 4716 4717 4718
f 4719 4718 4720
f 4717 4721 4715
f 4722 4723 4724
f 4725 4726 4727
f 4728 4727 4729
f 4726 4730 4724
f 4723 4731 4720
f 4732 4733 4734
f 4735 4736 4737
f 4737 4738 4739
f 4736 4740 4734
f 4741 4742 4743
f 4744 4745 4746
f 4745 4747 4748
f 4749 4742 4744
f 4750 4738 4741
f 4733 4751 4729
f 4752 4753 4754
f 4755 4756 4757
f 4756 4758 4759
f 4760 4753 4755
f 4761 4762 4763
f 4764 4765 4766
f 4765 4767 4768
f 4769 4762 4764
f 4770 4758 4761
f 4771 4772 4773
f 4774 4775 4776
f 4775 4777 4778
f 4779 4772 4774
f 4780 4781 4782
f 4783 4784 4785
f 4784 4786 4787
f 4788 4781 4783
f 4789 4777 4780
f 4790 4767 4771
f 4791 4747 4752
f 4715 4721 4713
f 4712 4714 4713
f 4721 4717 4716
f 4792 4793 4713
f 4794 4792 4721
f 4716 4718 4719
f 4712 4793 4795
f 4796 4797 4798
f 4799 4800 4797
f 4801 4802 4803
f 4804 4805 4801
f 4799 4803 4806
f 4731 4719 4720
f 4731 4723 4722
f 4807 4808 4719
f 4730 4726 4725
f 4809 4810 4722
f 4811 4809 4730
f 4725 4727 4728
f 4731 4810 4807
f 4722 4724 4730
f 4751 4733 4732
f 4812 4813 4728
f 4740 4736 4735
f 4814 4815 4732
f 4816 4814 4740
f 4796 4817 4786
f 4751 4815 4812
f 4732 4734 4740
f 4725 4813 4811
f 4728 4729 4751
f 4716 4808 4794
f 4818 4804 4819
f 4819 4820 4821
f 4822 4823 4824
f 4823 4825 4826
f 4827 4820 4822
f 4828 4829 4830
f 4831 4832 4833
f 4832 4834 4835
f 4836 4829 4831
f 4837 4825 4828
f 4838 4839 4840
f 4841 4842 4843
f 4842 4844 4845
f 4846 4839 4841
f 4847 4848 4849
f 4848 4850 4851
f 4852 4853 4854
f 4853 4855 4856
f 4857 4850 4852
f 4858 4844 4847
f 4859 4834 4838
f 4735 4737 4739
f 4712 4711 4714
f 4707 4795 4710
f 4573 4568 4672
f 4670 4573 4860
f 4671 4568 4571
f 4861 4862 4672
f 4863 4861 4671
f 4673 4571 4592
f 4674 4862 4864
f 4592 4578 4676
f 4675 4578 4589
f 4865 4866 4676
f 4677 4581 4584
f 4867 4868 4678
f 4869 4867 4677
f 4679 4584 4625
f 4675 4868 4865
f 4678 4589 4581
f 4673 4866 4863
f 4625 4597 4681
f 4680 4597 4608
f 4870 4871 4681
f 4682 4603 4606
f 4872 4873 4683
f 4874 4872 4682
f 4684 4606 4622
f 4680 4873 4870
f 4683 4608 4603
f 4685 4609 4620
f 4875 4876 4686
f 4687 4612 4615
f 4877 4878 4688
f 4879 4877 4687
f 4689 4615 4668
f 4685 4878 4875
f 4688 4620 4612
f 4684 4876 4874
f 4686 4622 4609
f 4679 4871 4869
f 4668 4626 4691
f 4738 4750 4739
f 4880 4739 4881
f 4742 4749 4743
f 4882 4743 4883
f 4883 4749 4884
f 4744 4746 4749
f 4882 4881 4750
f 4741 4743 4750
f 4747 4791 4748
f 4885 4748 4886
f 4753 4760 4754
f 4887 4754 4888
f 4888 4760 4889
f 4755 4757 4760
f 4887 4886 4791
f 4752 4754 4791
f 4885 4884 4746
f 4745 4748 4746
f 4629 4632 4692
f 4890 4891 4691
f 4647 4638 4698
f 4892 4893 4693
f 4894 4892 4692
f 4644 4697 4641
f 4690 4893 4890
f 4632 4647 4694
f 4758 4770 4759
f 4895 4759 4896
f 4897 4898 4763
f 4770 4898 4896
f 4696 4638 4646
f 4762 4769 4763
f 4895 4889 4757
f 4761 4763 4770
f 4694 4899 4894
f 4634 4629 4693
f 4626 4634 4690
f 4756 4759 4757
f 4689 4891 4879
f 4674 4860 4573
f 4695 4646 4641
f 4900 4901 4696
f 4699 4667 4648
f 4902 4903 4697
f 4904 4902 4700
f 4702 4648 4656
f 4695 4903 4900
f 4700 4644 4667
f 4703 4651 4654
f 4905 4906 4702
f 4704 4666 4657
f 4907 4908 4703
f 4909 4907 4705
f 4706 4657 4665
f 4701 4908 4905
f 4705 4654 4666
f 4699 4906 4904
f 4701 4656 4651
f 4708 4660 4663
f 4910 4911 4706
f 4795 4707 4712
f 4912 4913 4708
f 4914 4912 4710
f 4793 4712 4713
f 4709 4913 4910
f 4710 4663 4707
f 4794 4721 4716
f 4915 4916 4793
f 4807 4719 4731
f 4917 4918 4794
f 4919 4917 4808
f 4810 4731 4722
f 4792 4918 4915
f 4808 4716 4719
f 4795 4916 4914
f 4792 4713 4721
f 4704 4911 4909
f 4709 4665 4660
f 4811 4730 4725
f 4920 4921 4810
f 4812 4728 4751
f 4922 4923 4811
f 4924 4922 4813
f 4815 4751 4732
f 4809 4923 4920
f 4813 4725 4728
f 4816 4740 4735
f 4925 4926 4815
f 4735 4739 4880
f 4927 4928 4816
f 4929 4927 4880
f 4739 4750 4881
f 4814 4928 4925
f 4816 4735 4880
f 4812 4926 4924
f 4814 4732 4740
f 4743 4749 4883
f 4930 4931 4882
f 4746 4748 4885
f 4932 4933 4884
f 4934 4932 4885
f 4748 4791 4886
f 4883 4933 4930
f 4749 4746 4884
f 4754 4760 4888
f 4935 4936 4887
f 4937 4935 4888
f 4760 4757 4889
f 4759 4770 4896
f 4938 4939 4895
f 4940 4938 4896
f 4770 4763 4898
f 4889 4939 4937
f 4757 4759 4895
f 4886 4936 4934
f 4791 4754 4887
f 4881 4931 4929
f 4750 4743 4882
f 4807 4921 4919
f 4809 4722 4730
f 4698 4901 4899
f 4769 4897 4763
f 4765 4768 4766
f 4941 4942 4766
f 4771 4773 4790
f 4943 4944 4790
f 4945 4943 4773
f 4772 4779 4773
f 4768 4944 4941
f 4767 4790 4768
f 4775 4778 4776
f 4946 4947 4776
f 4780 4782 4789
f 4948 4949 4789
f 4950 4948 4782
f 4781 4788 4782
f 4778 4949 4946
f 4777 4789 4778
f 4779 4947 4945
f 4774 4776 4779
f 4784 4787 4785
f 4951 4952 4785
f 4796 4798 4817
f 4953 4954 4817
f 4955 4953 4798
f 4797 4800 4798
f 4787 4954 4951
f 4786 4817 4787
f 4803 4802 4806
f 4956 4957 4806
f 4804 4818 4805
f 4958 4959 4805
f 4960 4958 4818
f 4819 4821 4818
f 4802 4959 4956
f 4801 4805 4802
f 4800 4957 4955
f 4799 4806 4800
f 4788 4952 4950
f 4783 4785 4788
f 4822 4824 4827
f 4961 4962 4827
f 4825 4837 4826
f 4963 4964 4826
f 4965 4963 4837
f 4828 4830 4837
f 4824 4964 4961
f 4823 4826 4824
f 4831 4833 4836
f 4966 4967 4836
f 4834 4859 4835
f 4968 4969 4835
f 4970 4968 4859
f 4838 4840 4859
f 4833 4969 4966
f 4832 4835 4833
f 4830 4967 4965
f 4829 4836 4830
f 4841 4843 4846
f 4971 4972 4846
f 4844 4858 4845
f 4973 4974 4845
f 4975 4973 4858
f 4847 4849 4858
f 4843 4974 4971
f 4842 4845 4843
f 4850 4857 4851
f 4976 4977 4851
f 4853 4856 4854
f 4978 4979 4854
f 4980 4978 4856
f 4855 4981 4856
f 4857 4979 4976
f 4852 4854 4857
f 4849 4977 4975
f 4848 4851 4849
f 4840 4972 4970
f 4839 4846 4840
f 4821 4962 4960
f 4820 4827 4821
f 4769 4766 4942
f 4982 4983 4897
f 4768 4790 4944
f 4984 4985 4941
f 4986 4984 4944
f 4790 4773 4943
f 4942 4985 4982
f 4766 4768 4941
f 4779 4776 4947
f 4987 4988 4945
f 4778 4789 4949
f 4989 4990 4946
f 4991 4989 4949
f 4789 4782 4948
f 4947 4990 4987
f 4776 4778 4946
f 4943 4988 4986
f 4773 4779 4945
f 4788 4785 4952
f 4992 4993 4950
f 4787 4817 4954
f 4994 4995 4951
f 4996 4994 4954
f 4817 4798 4953
f 4952 4995 4992
f 4785 4787 4951
f 4800 4806 4957
f 4997 4998 4955
f 4802 4805 4959
f 4999 5000 4956
f 5001 4999 4959
f 4805 4818 4958
f 4957 5000 4997
f 4806 4802 4956
f 4953 4998 4996
f 4798 4800 4955
f 4948 4993 4991
f 4782 4788 4950
f 4821 4827 4962
f 5002 5003 4960
f 4824 4826 4964
f 5004 5005 4961
f 5006 5004 4964
f 4826 4837 4963
f 4962 5005 5002
f 4827 4824 4961
f 4830 4836 4967
f 5007 5008 4965
f 4833 4835 4969
f 5009 5010 4966
f 5011 5009 4969
f 4835 4859 4968
f 4967 5010 5007
f 4836 4833 4966
f 4963 5008 5006
f 4837 4830 4965
f 4840 4846 4972
f 5012 5013 4970
f 4843 4845 4974
f 5014 5015 4971
f 5016 5014 4974
f 4845 4858 4973
f 4972 5015 5012
f 4846 4843 4971
f 4849 4851 4977
f 5017 5018 4975
f 5019 5017 4977
f 4851 4857 4976
f 4854 4856 4978
f 5020 5021 4979
f 5022 5020 4978
f 4856 4981 4980
f 4976 5021 5019
f 4857 4854 4979
f 4973 5018 5016
f 4858 4849 4975
f 4968 5013 5011
f 4859 4840 4970
f 4958 5003 5001
f 4818 4821 4960
f 4942 4897 4769
f 5023 4980 4981
f 4898 4983 4940
f 4764 4766 4769
f 5024 4981 4855
f 5025 5024 5026
f 5027 5028 5029
f 5030 5029 5031
f 5028 5032 5026
f 5033 5034 5035
f 5036 5037 5038
f 5039 5038 5040
f 5037 5041 5035
f 5034 5042 5031
f 5043 5044 5045
f 5046 5047 5048
f 5047 5049 5050
f 5051 5044 5046
f 5052 5053 5054
f 5055 5056 5057
f 5056 5058 5059
f 5060 5053 5055
f 5061 5049 5052
f 5062 5040 5043
f 5063 5064 5065
f 5066 5067 5068
f 5067 5069 5070
f 5071 5064 5066
f 5072 5073 5074
f 5075 5076 5077
f 5076 5078 5079
f 5080 5073 5075
f 5081 5069 5072
f 5082 5083 5084
f 5085 5086 5087
f 5086 5088 5089
f 5090 5083 5085
f 5091 5092 5093
f 5094 5095 5096
f 5095 5097 5098
f 5099 5092 5094
f 5100 5088 5091
f 5101 5078 5082
f 5102 5058 5063
f 5103 5104 5105
f 5106 5107 5108
f 5107 5109 5110
f 5111 5104 5106
f 5112 5113 5114
f 5115 5116 5117
f 5116 5118 5119
f 5120 5113 5115
f 5121 5109 5112
f 5030 5027 5029
f 5122 5023 5025
f 5033 5042 5034
f 5123 5124 5027
f 5125 5123 5030
f 5041 5033 5035
f 5032 5124 5122
f 5042 5030 5031
f 5036 5038 5039
f 5037 5036 5041
f 5097 5103 5126
f 5127 5128 5041
f 5129 5127 5036
f 5130 5131 5118
f 5033 5128 5132
f 5133 5130 5134
f 5042 5132 5125
f 5027 5032 5028
f 5032 5025 5026
f 5134 5135 5136
f 5137 5138 5139
f 5138 5140 5141
f 5142 5135 5137
f 5143 5144 5145
f 5146 5147 5148
f 5147 5149 5150
f 5151 5144 5146
f 5152 5140 5143
f 5153 5154 5155
f 5156 5157 5158
f 5157 5159 5160
f 5161 5154 5156
f 5162 5163 5164
f 5163 5165 5166
f 5167 5168 5169
f 5168 5170 5171
f 5172 5165 5167
f 5173 5159 5162
f 5174 5149 5153
f 5175 5176 5170
f 5024 5025 4981
f 5177 5175 5178
f 5179 5180 5181
f 5182 5181 5183
f 5180 5184 5178
f 5185 5186 5187
f 5188 5189 5190
f 5191 5190 5192
f 5189 5193 5187
f 5186 5194 5183
f 5195 5196 5197
f 5198 5199 5200
f 5199 5201 5202
f 5203 5196 5198
f 5204 5205 5206
f 5207 5208 5209
f 5208 5210 5211
f 5212 5205 5207
f 5213 5201 5204
f 5214 5215 5195
f 5216 5217 5218
f 5219 5220 5221
f 5220 5222 5223
f 5224 5217 5219
f 5225 5226 5227
f 5228 5229 5230
f 5229 5231 5232
f 5233 5226 5228
f 5234 5222 5225
f 5235 5236 5237
f 5238 5239 5240
f 5239 5241 5242
f 5243 5236 5238
f 5244 5245 5246
f 5247 5248 5249
f 5248 5250 5251
f 5252 5245 5247
f 5253 5241 5244
f 5254 5231 5235
f 5255 5210 5216
f 5256 5257 5258
f 5259 5260 5261
f 5260 5262 5263
f 5264 5257 5259
f 5265 5266 5267
f 5268 5269 5270
f 5269 5271 5272
f 5273 5266 5268
f 5274 5262 5265
f 5275 5276 5277
f 5278 5279 5280
f 5279 5281 5282
f 5283 5276 5278
f 5284 5285 5286
f 5287 5288 5289
f 5288 5290 5291
f 5292 5285 5287
f 5293 5281 5284
f 5294 5271 5275
f 5295 5296 5297
f 5298 5299 5300
f 5299 5301 5302
f 5303 5296 5298
f 5304 5305 4621
f 5306 5307 4600
f 5307 5308 5309
f 4623 5305 5306
f 5310 5301 5304
f 4587 4594 4588
f 4586 4591 5311
f 4587 4586 5311
f 4577 4591 4590
f 5308 4588 4596
f 4593 4575 4564
f 4566 4593 4564
f 4577 4590 4575
f 5290 5295 5312
f 5250 5256 5313
f 5192 5215 5314
f 5062 5039 5040
f 5043 5045 5062
f 5315 5316 5062
f 5046 5048 5051
f 5317 5318 5051
f 5319 5317 5048
f 5047 5050 5048
f 5045 5318 5315
f 5044 5051 5045
f 5052 5054 5061
f 5320 5321 5061
f 5055 5057 5060
f 5322 5323 5060
f 5324 5322 5057
f 5056 5059 5057
f 5054 5323 5320
f 5053 5060 5054
f 5050 5321 5319
f 5049 5061 5050
f 5063 5065 5102
f 5325 5102 5326
f 5066 5068 5071
f 5327 5071 5328
f 5328 5068 5329
f 5067 5070 5068
f 5327 5326 5065
f 5064 5071 5065
f 5072 5074 5081
f 5330 5081 5331
f 5075 5077 5080
f 5332 5080 5333
f 5333 5077 5334
f 5076 5079 5077
f 5332 5331 5074
f 5073 5080 5074
f 5330 5329 5070
f 5069 5081 5070
f 5325 5324 5059
f 5058 5102 5059
f 5082 5084 5101
f 5335 5101 5336
f 5085 5087 5090
f 5337 5090 5338
f 5338 5087 5339
f 5086 5089 5087
f 5337 5336 5084
f 5083 5090 5084
f 5091 5093 5100
f 5340 5100 5341
f 5094 5096 5099
f 5342 5099 5343
f 5343 5096 5344
f 5095 5098 5096
f 5342 5341 5093
f 5092 5099 5093
f 5340 5339 5089
f 5088 5100 5089
f 5103 5105 5126
f 5345 5126 5346
f 5106 5108 5111
f 5347 5111 5348
f 5348 5108 5349
f 5107 5110 5108
f 5347 5346 5105
f 5104 5111 5105
f 5112 5114 5121
f 5350 5121 5351
f 5115 5117 5120
f 5352 5120 5353
f 5353 5117 5354
f 5116 5119 5117
f 5352 5351 5114
f 5113 5120 5114
f 5350 5349 5110
f 5109 5121 5110
f 5345 5344 5098
f 5097 5126 5098
f 5335 5334 5079
f 5078 5101 5079
f 5030 5123 5027
f 5355 5356 5023
f 5033 5132 5042
f 5357 5358 5124
f 5359 5357 5123
f 5041 5128 5033
f 5122 5358 5355
f 5042 5125 5030
f 5130 5133 5131
f 5131 5360 5361
f 5039 5129 5036
f 5362 5363 5132
f 5364 5362 5128
f 5316 5129 5039
f 5127 5041 5036
f 5062 5316 5039
f 5125 5363 5359
f 5027 5124 5032
f 5315 5062 5045
f 5365 5366 5129
f 5317 5051 5048
f 5367 5368 5315
f 5369 5367 5318
f 5319 5048 5050
f 5316 5368 5365
f 5318 5045 5051
f 5320 5061 5054
f 5370 5371 5319
f 5322 5060 5057
f 5372 5373 5320
f 5374 5372 5323
f 5119 5361 5354
f 5321 5373 5370
f 5323 5054 5060
f 5317 5371 5369
f 5321 5050 5061
f 5127 5366 5364
f 5375 5360 5133
f 5135 5142 5136
f 5375 5136 5376
f 5138 5141 5139
f 5377 5139 5378
f 5378 5141 5379
f 5140 5152 5141
f 5377 5376 5142
f 5137 5139 5142
f 5144 5151 5145
f 5380 5145 5381
f 5147 5150 5148
f 5382 5148 5383
f 5383 5150 5384
f 5149 5174 5150
f 5382 5381 5151
f 5146 5148 5151
f 5380 5379 5152
f 5143 5145 5152
f 5154 5161 5155
f 5385 5155 5386
f 5157 5160 5158
f 5387 5158 5388
f 5388 5160 5389
f 5159 5173 5160
f 5387 5386 5161
f 5156 5158 5161
f 5163 5166 5164
f 5390 5164 5391
f 5391 5166 5392
f 5165 5172 5166
f 5168 5171 5169
f 5393 5169 5394
f 5394 5171 5395
f 5170 5176 5171
f 5393 5392 5172
f 5167 5169 5172
f 5390 5389 5173
f 5162 5164 5173
f 5385 5384 5174
f 5153 5155 5174
f 5176 5396 5395
f 5134 5136 5133
f 5032 5122 5025
f 5118 5131 5119
f 5178 5184 5177
f 5397 5396 5177
f 5181 5182 5179
f 5398 5399 5179
f 5400 5398 5182
f 5183 5194 5182
f 5184 5399 5397
f 5180 5179 5184
f 5187 5193 5185
f 5401 5402 5185
f 5190 5191 5188
f 5403 5191 5404
f 5404 5314 5405
f 5192 5314 5191
f 5403 5406 5188
f 5189 5188 5193
f 5194 5402 5400
f 5186 5185 5194
f 5195 5197 5214
f 5407 5197 5408
f 5198 5200 5203
f 5409 5200 5410
f 5410 5202 5411
f 5199 5202 5200
f 5409 5408 5203
f 5196 5203 5197
f 5204 5206 5213
f 5412 5206 5413
f 5207 5209 5212
f 5414 5209 5415
f 5415 5211 5416
f 5208 5211 5209
f 5414 5413 5212
f 5205 5212 5206
f 5412 5411 5213
f 5201 5213 5202
f 5407 5405 5214
f 5215 5214 5314
f 5216 5218 5255
f 5417 5218 5418
f 5219 5221 5224
f 5419 5221 5420
f 5420 5223 5421
f 5220 5223 5221
f 5419 5418 5224
f 5217 5224 5218
f 5225 5227 5234
f 5422 5227 5423
f 5228 5230 5233
f 5424 5230 5425
f 5425 5232 5426
f 5229 5232 5230
f 5424 5423 5233
f 5226 5233 5227
f 5422 5421 5234
f 5222 5234 5223
f 5235 5237 5254
f 5427 5237 5428
f 5238 5240 5243
f 5429 5240 5430
f 5430 5242 5431
f 5239 5242 5240
f 5429 5428 5243
f 5236 5243 5237
f 5244 5246 5253
f 5432 5246 5433
f 5247 5249 5252
f 5434 5249 5435
f 5435 5251 5436
f 5248 5251 5249
f 5434 5433 5252
f 5245 5252 5246
f 5432 5431 5253
f 5241 5253 5242
f 5427 5426 5254
f 5231 5254 5232
f 5417 5416 5255
f 5210 5255 5211
f 5256 5258 5313
f 5437 5258 5438
f 5259 5261 5264
f 5439 5261 5440
f 5440 5263 5441
f 5260 5263 5261
f 5439 5438 5264
f 5257 5264 5258
f 5265 5267 5274
f 5442 5267 5443
f 5268 5270 5273
f 5444 5270 5445
f 5445 5272 5446
f 5269 5272 5270
f 5444 5443 5273
f 5266 5273 5267
f 5442 5441 5274
f 5262 5274 5263
f 5275 5277 5294
f 5447 5277 5448
f 5278 5280 5283
f 5449 5280 5450
f 5450 5282 5451
f 5279 5282 5280
f 5449 5448 5283
f 5276 5283 5277
f 5284 5286 5293
f 5452 5286 5453
f 5287 5289 5292
f 5454 5289 5455
f 5455 5291 5456
f 5288 5291 5289
f 5454 5453 5292
f 5285 5292 5286
f 5452 5451 5293
f 5281 5293 5282
f 5447 5446 5294
f 5271 5294 5272
f 5295 5297 5312
f 5457 5297 4636
f 5298 5300 5303
f 5458 5300 5459
f 5459 5302 5460
f 5299 5302 5300
f 5458 4636 5303
f 5296 5303 5297
f 5304 4621 5310
f 4619 4621 5461
f 5306 4600 4623
f 4602 4623 4600
f 5462 4600 5309
f 5307 5309 4600
f 4621 4624 5461
f 5305 4623 4621
f 4618 5460 5310
f 5301 5310 5302
f 4596 4595 5463
f 5463 5309 4596
f 5309 5463 5462
f 4601 4600 5462
f 4602 4624 4623
f 5464 4594 4587
f 5464 4595 4594
f 4588 4594 4596
f 5456 5312 5457
f 5308 4596 5309
f 5436 5313 5437
f 5290 5312 5291
f 5401 5193 5406
f 5250 5313 5251
f 5059 5324 5057
f 5175 5177 5176
f 5025 5023 4981
f 4980 5356 5022
f 4674 4672 4862
f 4864 5465 4674
f 4861 4672 4671
f 5466 4862 4861
f 5467 4861 4863
f 4863 4671 4673
f 4862 5468 4864
f 4673 4676 4866
f 4865 4676 4675
f 5469 4866 4865
f 4867 4678 4677
f 5470 4868 4867
f 5471 4867 4869
f 4869 4677 4679
f 4868 5472 4865
f 4868 4675 4678
f 4866 5473 4863
f 4679 4681 4871
f 4870 4681 4680
f 5474 4871 4870
f 4872 4683 4682
f 5475 4873 4872
f 5476 4872 4874
f 4874 4682 4684
f 4873 5477 4870
f 4873 4680 4683
f 4875 4686 4685
f 5478 4876 4875
f 4877 4688 4687
f 5479 4878 4877
f 5480 4877 4879
f 4879 4687 4689
f 4878 5481 4875
f 4878 4685 4688
f 4876 5482 4874
f 4876 4684 4686
f 4871 5483 4869
f 4689 4691 4891
f 4890 4691 4690
f 5484 4891 4890
f 4892 4693 4692
f 5485 4893 4892
f 5486 4892 4894
f 4894 4692 4694
f 4893 5487 4890
f 4893 4690 4693
f 4901 4698 4696
f 5488 4899 4901
f 4903 4695 4697
f 5489 4900 4903
f 5490 4903 4902
f 4902 4697 4700
f 4900 5491 4901
f 4900 4696 4695
f 4899 5492 4894
f 4899 4694 4698
f 4906 4699 4702
f 5493 4904 4906
f 4908 4701 4703
f 5494 4905 4908
f 5495 4908 4907
f 4907 4703 4705
f 4905 5496 4906
f 4905 4702 4701
f 4911 4704 4706
f 5497 4909 4911
f 4913 4709 4708
f 5498 4910 4913
f 5499 4913 4912
f 4912 4708 4710
f 4910 5500 4911
f 4910 4706 4709
f 4909 5501 4907
f 4909 4705 4704
f 4904 5502 4902
f 4904 4700 4699
f 4891 5503 4879
f 4710 4795 4914
f 4916 4795 4793
f 5504 4914 4916
f 4918 4792 4794
f 5505 4915 4918
f 5505 4918 4917
f 4917 4794 4808
f 4915 5506 4916
f 4915 4793 4792
f 4921 4807 4810
f 5507 4919 4921
f 4923 4809 4811
f 5508 4920 4923
f 5509 4923 4922
f 4922 4811 4813
f 4920 5510 4921
f 4920 4810 4809
f 4919 5511 4917
f 4919 4808 4807
f 4926 4812 4815
f 5512 4924 4926
f 4928 4814 4816
f 5513 4925 4928
f 5514 4928 4927
f 4927 4816 4880
f 4925 5515 4926
f 4925 4815 4814
f 4931 4881 4882
f 5516 4929 4931
f 4933 4883 4884
f 5517 4930 4933
f 5518 4933 4932
f 4932 4884 4885
f 4930 5519 4931
f 4930 4882 4883
f 4929 5520 4927
f 4929 4880 4881
f 4924 5521 4922
f 4924 4813 4812
f 4936 4886 4887
f 5522 4934 4936
f 4937 4888 4889
f 5523 4935 4937
f 5524 4937 4939
f 4939 4889 4895
f 4935 5525 4936
f 4935 4887 4888
f 4896 4898 4940
f 5526 4938 4940
f 4897 4942 4982
f 5527 4983 4982
f 5528 4982 4985
f 4942 4941 4985
f 4983 5529 4940
f 4898 4897 4983
f 4938 5530 4939
f 4895 4896 4938
f 4944 4943 4986
f 5531 4984 4986
f 4945 4947 4987
f 5532 4988 4987
f 5533 4987 4990
f 4947 4946 4990
f 4988 5534 4986
f 4943 4945 4988
f 4949 4948 4991
f 5535 4989 4991
f 5536 4991 4993
f 4948 4950 4993
f 4952 4951 4995
f 5537 4992 4995
f 5538 4995 4994
f 4951 4954 4994
f 4992 5539 4993
f 4950 4952 4992
f 4989 5540 4990
f 4946 4949 4989
f 4984 5541 4985
f 4941 4944 4984
f 4934 5542 4932
f 4934 4885 4886
f 4914 5543 4912
f 4954 4953 4996
f 4997 4955 4957
f 5544 4996 4998
f 4999 4956 4959
f 5545 4997 5000
f 5546 5000 4999
f 5001 4959 4958
f 4997 5547 4998
f 5000 4957 4956
f 5059 5102 5325
f 5324 5548 5549
f 5550 5326 5551
f 5550 5548 5325
f 4960 4962 5002
f 5065 5071 5327
f 4958 4960 5003
f 5102 5065 5326
f 5001 5552 4999
f 4955 4998 4953
f 5005 4962 4961
f 5553 5003 5002
f 5006 4964 4963
f 5554 5005 5004
f 5555 5004 5006
f 5008 4963 4965
f 5005 5556 5002
f 5004 4961 4964
f 5010 4967 4966
f 5557 5008 5007
f 5011 4969 4968
f 5558 5010 5009
f 5559 5009 5011
f 5013 4968 4970
f 5010 5557 5007
f 5009 4966 4969
f 5008 5560 5006
f 5007 4965 4967
f 5003 5561 5001
f 5562 5551 5327
f 5068 5070 5329
f 5562 5328 5563
f 5081 5074 5331
f 5564 5330 5565
f 5565 5331 5566
f 5074 5080 5332
f 5564 5563 5329
f 5070 5081 5330
f 5077 5079 5334
f 5567 5333 5568
f 5101 5084 5336
f 5569 5335 5570
f 5336 5571 5570
f 5084 5090 5337
f 5569 5568 5334
f 5079 5101 5335
f 5567 5566 5332
f 5080 5077 5333
f 5087 5089 5339
f 5338 5572 5573
f 5100 5093 5341
f 5340 5574 5575
f 5341 5576 5574
f 5093 5099 5342
f 5572 5339 5575
f 5089 5100 5340
f 5096 5098 5344
f 5343 5577 5578
f 5126 5105 5346
f 5345 5579 5580
f 5346 5581 5579
f 5105 5111 5347
f 5577 5344 5580
f 5098 5126 5345
f 5576 5342 5578
f 5099 5096 5343
f 5571 5337 5573
f 5090 5087 5338
f 4972 5012 4970
f 5071 5068 5328
f 5015 4972 4971
f 5582 5013 5012
f 5016 4974 4973
f 5583 5015 5014
f 5584 5014 5016
f 5018 4973 4975
f 5015 5585 5012
f 5014 4971 4974
f 5019 4977 4976
f 5586 5018 5017
f 5020 4979 4978
f 5587 5019 5021
f 5588 5021 5020
f 5022 4978 4980
f 5019 5589 5017
f 5021 4976 4979
f 5018 5590 5016
f 5017 4975 4977
f 5355 5023 5122
f 5591 5022 5356
f 5357 5124 5123
f 5592 5355 5358
f 5593 5358 5357
f 5359 5123 5125
f 5355 5594 5356
f 5358 5122 5124
f 5362 5132 5128
f 5595 5359 5363
f 5366 5127 5129
f 5596 5362 5364
f 5597 5364 5366
f 5365 5129 5316
f 5362 5598 5363
f 5364 5128 5127
f 5359 5599 5357
f 5363 5125 5132
f 5022 5600 5020
f 5356 4980 5023
f 5367 5315 5318
f 5601 5365 5368
f 5371 5317 5319
f 5602 5367 5369
f 5603 5369 5371
f 5370 5319 5321
f 5367 5604 5368
f 5369 5318 5317
f 5372 5320 5323
f 5605 5370 5373
f 5374 5322 5549
f 5606 5372 5374
f 5607 5374 5549
f 5322 5324 5549
f 5372 5608 5373
f 5374 5323 5322
f 5370 5609 5371
f 5373 5321 5320
f 5325 5326 5550
f 5610 5548 5550
f 5327 5328 5562
f 5611 5551 5562
f 5612 5562 5563
f 5328 5329 5563
f 5551 5613 5550
f 5326 5327 5551
f 5330 5331 5565
f 5614 5564 5565
f 5615 5565 5566
f 5331 5332 5566
f 5333 5334 5568
f 5616 5567 5568
f 5617 5568 5569
f 5334 5335 5569
f 5567 5618 5566
f 5332 5333 5567
f 5564 5619 5563
f 5329 5330 5564
f 5548 5620 5549
f 5324 5325 5548
f 5365 5621 5366
f 5368 5316 5315
f 5013 5622 5011
f 5335 5336 5570
f 4996 5623 4994
f 4860 4674 5465
f 5473 4866 5469
f 5472 5469 4865
f 4864 5468 5624
f 5476 5475 4872
f 4874 5482 5476
f 5496 5493 4906
f 4892 5486 5485
f 4905 5494 5496
f 4876 5478 5482
f 4900 5489 5491
f 5487 4893 5485
f 5500 5497 4911
f 4910 5498 5500
f 4879 5503 5480
f 5483 4871 5474
f 4868 5470 5472
f 5478 4875 5481
f 4877 5480 5479
f 4904 5493 5502
f 5489 4903 5490
f 5484 5503 4891
f 5502 5490 4902
f 4894 5492 5486
f 5483 5471 4869
f 4908 5495 5494
f 5507 5511 4919
f 4926 5515 5512
f 5520 5514 4927
f 5512 5521 4924
f 4922 5521 5509
f 5516 5520 4929
f 5534 5531 4986
f 5524 4939 5530
f 5532 4987 5533
f 5523 4937 5524
f 5516 4931 5519
f 5533 4990 5540
f 4917 5511 5505
f 4913 5499 5498
f 4921 5510 5507
f 5505 5506 4915
f 5519 4930 5517
f 5528 4985 5541
f 5534 4988 5532
f 5531 5541 4984
f 4992 5537 5539
f 5529 5526 4940
f 5540 4989 5535
f 5515 4925 5513
f 5506 5504 4916
f 4938 5625 5530
f 5468 4862 5466
f 4995 5538 5537
f 4873 5475 5477
f 5479 5481 4878
f 5487 5484 4890
f 5488 5492 4899
f 4909 5497 5501
f 4907 5501 5495
f 5474 4870 5477
f 5473 5467 4863
f 4867 5471 5470
f 5488 4901 5491
f 5466 4861 5467
f 4912 5543 5499
f 5525 4935 5523
f 4934 5522 5542
f 5517 4933 5518
f 5542 5518 4932
f 4936 5525 5522
f 5535 4991 5536
f 4983 5527 5529
f 5527 4982 5528
f 4923 5509 5508
f 5504 5543 4914
f 4928 5514 5513
f 4993 5539 5536
f 5510 4920 5508
f 5008 5557 5560
f 5623 4996 5544
f 4997 5545 5547
f 5006 5560 5555
f 5010 5558 5557
f 5599 5593 5357
f 5584 5016 5590
f 5586 5590 5018
f 5372 5606 5608
f 5608 5605 5373
f 5613 5551 5611
f 5612 5611 5562
f 5595 5599 5359
f 5358 5593 5592
f 5000 5546 5545
f 5019 5587 5589
f 5589 5586 5017
f 5364 5597 5596
f 5602 5369 5603
f 5607 5606 5374
f 5605 5609 5370
f 5609 5603 5371
f 5621 5597 5366
f 5558 5009 5559
f 5544 4998 5547
f 5619 5626 5563
f 5336 5337 5571
f 5571 5573 5627
f 5338 5339 5572
f 5628 5573 5572
f 5629 5572 5575
f 5339 5340 5575
f 5628 5627 5573
f 5337 5338 5573
f 5341 5342 5576
f 5574 5576 5630
f 5343 5344 5577
f 5631 5577 5632
f 5632 5577 5580
f 5344 5345 5580
f 5631 5578 5577
f 5342 5343 5578
f 5574 5629 5575
f 5340 5341 5574
f 5617 5616 5568
f 5569 5633 5617
f 5578 5634 5576
f 5571 5635 5570
f 5572 5629 5628
f 5346 5347 5581
f 5636 5579 5581
f 5580 5579 5637
f 5579 5636 5637
f 5580 5637 5632
f 5638 5636 5581
f 5574 5630 5629
f 5616 5618 5567
f 5618 5615 5566
f 5345 5346 5579
f 5623 5538 4994
f 5559 5011 5622
f 5005 5554 5556
f 5556 5553 5002
f 5003 5553 5561
f 5588 5587 5021
f 5594 5591 5356
f 5022 5591 5600
f 5594 5355 5592
f 5588 5020 5600
f 5363 5598 5595
f 5001 5561 5552
f 5582 5012 5585
f 5014 5584 5583
f 5582 5622 5013
f 5585 5015 5583
f 5004 5555 5554
f 4999 5552 5546
f 5365 5601 5621
f 5368 5604 5601
f 5620 5548 5610
f 5362 5596 5598
f 5607 5549 5620
f 5634 5630 5576
f 5614 5619 5564
f 5631 5634 5578
f 5633 5569 5570
f 5613 5610 5550
f 5565 5615 5614
f 5635 5571 5627
f 5570 5635 5633
f 5604 5367 5602
f 5624 5465 4864
f 5639 5581 5347
f 5108 5110 5349
f 5640 5639 5348
f 5121 5114 5351
f 5641 5642 5350
f 5643 5641 5351
f 5114 5120 5352
f 5349 5642 5640
f 5110 5121 5350
f 5117 5119 5354
f 5644 5645 5353
f 5131 5133 5360
f 5646 5647 5361
f 5648 5646 5360
f 5133 5136 5375
f 5354 5647 5644
f 5119 5131 5361
f 5352 5645 5643
f 5120 5117 5353
f 5142 5139 5377
f 5649 5650 5376
f 5141 5152 5379
f 5651 5652 5378
f 5653 5651 5379
f 5152 5145 5380
f 5377 5652 5649
f 5139 5141 5378
f 5151 5148 5382
f 5654 5655 5381
f 5150 5174 5384
f 5656 5657 5383
f 5658 5656 5384
f 5174 5155 5385
f 5382 5657 5654
f 5148 5150 5383
f 5380 5655 5653
f 5145 5151 5381
f 5375 5650 5648
f 5136 5142 5376
f 5161 5158 5387
f 5659 5660 5386
f 5160 5173 5389
f 5661 5662 5388
f 5663 5661 5389
f 5173 5164 5390
f 5387 5662 5659
f 5158 5160 5388
f 5166 5172 5392
f 5664 5665 5391
f 5169 5171 5394
f 5666 5667 5393
f 5668 5666 5394
f 5171 5176 5395
f 5392 5667 5664
f 5172 5169 5393
f 5390 5665 5663
f 5164 5166 5391
f 5177 5184 5397
f 5669 5670 5396
f 5179 5182 5398
f 5671 5672 5399
f 5673 5671 5398
f 5182 5194 5400
f 5397 5672 5669
f 5184 5179 5399
f 5185 5193 5401
f 5674 5675 5402
f 5188 5191 5403
f 5676 5677 5406
f 5678 5676 5403
f 5191 5314 5404
f 5401 5677 5674
f 5193 5188 5406
f 5400 5675 5673
f 5194 5185 5402
f 5395 5670 5668
f 5176 5177 5396
f 5385 5660 5658
f 5155 5161 5386
f 5642 5349 5350
f 5679 5639 5640
f 5643 5351 5352
f 5680 5642 5641
f 5681 5641 5643
f 5645 5352 5353
f 5642 5682 5640
f 5641 5350 5351
f 5647 5354 5361
f 5683 5645 5644
f 5648 5360 5375
f 5684 5647 5646
f 5685 5646 5648
f 5650 5375 5376
f 5647 5686 5644
f 5646 5361 5360
f 5645 5687 5643
f 5644 5353 5354
f 5652 5377 5378
f 5688 5650 5649
f 5653 5379 5380
f 5689 5652 5651
f 5690 5651 5653
f 5655 5380 5381
f 5652 5691 5649
f 5651 5378 5379
f 5657 5382 5383
f 5692 5655 5654
f 5658 5384 5385
f 5693 5657 5656
f 5694 5656 5658
f 5660 5385 5386
f 5657 5695 5654
f 5656 5383 5384
f 5655 5696 5653
f 5654 5381 5382
f 5650 5697 5648
f 5649 5376 5377
f 5662 5387 5388
f 5698 5660 5659
f 5663 5389 5390
f 5699 5662 5661
f 5700 5661 5663
f 5665 5390 5391
f 5662 5701 5659
f 5661 5388 5389
f 5392 5393 5667
f 5392 5664 5391
f 5666 5393 5394
f 5702 5664 5667
f 5703 5667 5666
f 5668 5394 5395
f 5664 5704 5665
f 5395 5396 5670
f 5665 5705 5663
f 5387 5659 5386
f 5669 5396 5397
f 5706 5668 5670
f 5671 5399 5398
f 5707 5669 5672
f 5708 5672 5671
f 5673 5398 5400
f 5669 5709 5670
f 5672 5397 5399
f 5674 5402 5401
f 5710 5673 5675
f 5711 5675 5674
f 5677 5401 5406
f 5678 5403 5404
f 5712 5677 5676
f 5713 5676 5678
f 5678 5404 5714
f 5677 5715 5674
f 5676 5406 5403
f 5673 5716 5671
f 5675 5400 5402
f 5668 5717 5666
f 5405 5714 5404
f 5660 5718 5658
f 5640 5348 5349
f 5348 5639 5347
f 5314 5214 5405
f 5197 5203 5408
f 5719 5720 5407
f 5200 5202 5410
f 5721 5722 5409
f 5723 5721 5410
f 5202 5213 5411
f 5408 5722 5719
f 5203 5200 5409
f 5206 5212 5413
f 5724 5725 5412
f 5209 5211 5415
f 5726 5727 5414
f 5728 5726 5415
f 5211 5255 5416
f 5413 5727 5724
f 5212 5209 5414
f 5411 5725 5723
f 5213 5206 5412
f 5218 5224 5418
f 5729 5730 5417
f 5221 5223 5420
f 5731 5419 5732
f 5732 5420 5733
f 5223 5234 5421
f 5731 5729 5418
f 5224 5221 5419
f 5227 5233 5423
f 5734 5422 5735
f 5230 5232 5425
f 5736 5424 5737
f 5737 5425 5738
f 5232 5254 5426
f 5736 5735 5423
f 5233 5230 5424
f 5734 5733 5421
f 5234 5227 5422
f 5416 5730 5728
f 5255 5218 5417
f 5237 5243 5428
f 5739 5427 5740
f 5240 5242 5430
f 5741 5429 5742
f 5742 5430 5743
f 5242 5253 5431
f 5741 5740 5428
f 5243 5240 5429
f 5246 5252 5433
f 5744 5432 5745
f 5249 5251 5435
f 5746 5434 5747
f 5747 5435 5748
f 5251 5313 5436
f 5746 5745 5433
f 5252 5249 5434
f 5744 5743 5431
f 5253 5246 5432
f 5258 5264 5438
f 5749 5438 5750
f 5261 5263 5440
f 5751 5440 5752
f 5752 5441 5753
f 5263 5274 5441
f 5751 5750 5439
f 5264 5261 5439
f 5267 5273 5443
f 5754 5443 5755
f 5270 5272 5445
f 5756 5445 5757
f 5757 5446 5758
f 5272 5294 5446
f 5756 5755 5444
f 5273 5270 5444
f 5754 5753 5442
f 5274 5267 5442
f 5759 5748 5436
f 5313 5258 5437
f 5739 5738 5426
f 5254 5237 5427
f 5277 5283 5448
f 5760 5761 5448
f 5449 5762 5760
f 5408 5719 5407
f 5763 5714 5720
f 5450 5764 5762
f 5407 5720 5405
f 5283 5280 5449
f 5282 5293 5451
f 5765 5764 5451
f 5286 5292 5453
f 5766 5767 5453
f 5768 5766 5454
f 5292 5289 5454
f 5452 5767 5765
f 5293 5286 5452
f 5408 5409 5722
f 5280 5282 5450
f 5721 5409 5410
f 5769 5719 5722
f 5725 5411 5412
f 5770 5721 5723
f 5771 5723 5725
f 5724 5412 5413
f 5721 5772 5722
f 5723 5410 5411
f 5726 5414 5415
f 5773 5724 5727
f 5730 5416 5417
f 5774 5726 5728
f 5775 5728 5730
f 5437 5749 5759
f 5726 5776 5727
f 5728 5415 5416
f 5724 5777 5725
f 5727 5413 5414
f 5719 5769 5720
f 5758 5447 5761
f 5291 5312 5456
f 5778 5456 5779
f 5297 5303 4636
f 5780 5457 4636
f 4637 4636 5458
f 5303 5300 5458
f 5780 5779 5457
f 5312 5297 5457
f 5302 5310 5460
f 5781 5459 5460
f 4617 4619 5461
f 5460 4618 5781
f 4618 5310 4621
f 5459 5782 5458
f 5300 5302 5459
f 5458 5782 4637
f 4636 4635 5780
f 5782 5459 5781
f 5768 5455 5778
f 5729 5417 5418
f 5289 5291 5455
f 5720 5714 5405
f 5294 5277 5447
f 5714 5783 5678
f 5214 5197 5407
f 5648 5697 5685
f 5650 5688 5697
f 5645 5683 5687
f 5687 5681 5643
f 5649 5691 5688
f 5695 5692 5654
f 5692 5696 5655
f 5693 5695 5657
f 5704 5705 5665
f 5671 5716 5708
f 5677 5712 5715
f 5663 5705 5700
f 5699 5661 5700
f 5667 5703 5702
f 5656 5694 5693
f 5702 5704 5664
f 5683 5644 5686
f 5703 5666 5717
f 5673 5710 5716
f 5709 5669 5707
f 5706 5670 5709
f 5717 5668 5706
f 5675 5711 5710
f 5691 5652 5689
f 5418 5419 5731
f 5784 5729 5731
f 5420 5421 5733
f 5732 5733 5785
f 5733 5734 5786
f 5421 5422 5734
f 5732 5787 5731
f 5419 5420 5732
f 5423 5424 5736
f 5788 5736 5789
f 5425 5426 5738
f 5790 5737 5738
f 5790 5738 5739
f 5426 5427 5739
f 5737 5789 5736
f 5424 5425 5737
f 5791 5735 5736
f 5422 5423 5735
f 5721 5770 5772
f 5729 5784 5792
f 5793 5771 5725
f 5770 5723 5771
f 5783 5713 5678
f 5777 5794 5725
f 5737 5790 5789
f 5734 5735 5795
f 5796 5739 5740
f 5787 5732 5785
f 5731 5787 5784
f 5790 5739 5796
f 5769 5722 5772
f 5676 5713 5712
f 5427 5428 5740
f 5711 5674 5715
f 5681 5680 5641
f 5699 5701 5662
f 5718 5694 5658
f 5686 5647 5684
f 5689 5651 5690
f 5672 5708 5707
f 5659 5701 5698
f 5642 5680 5682
f 5685 5684 5646
f 5698 5718 5660
f 5696 5690 5653
f 5682 5679 5640
f 5763 5720 5769
f 5773 5727 5797
f 5724 5773 5777
f 5776 5797 5727
f 5774 5776 5726
f 5791 5798 5735
f 5786 5785 5733
f 5735 5798 5795
f 5729 5792 5730
f 5799 5774 5728
f 5788 5791 5736
f 5800 5775 5730
f 5800 5730 5792
f 5796 5740 5801
f 5734 5795 5786
f 5740 5802 5801
f 5775 5799 5728
f 5763 5783 5714
f 5679 5638 5639
f 5741 5802 5740
f 5429 5430 5742
f 5803 5741 5742
f 5431 5432 5744
f 5804 5743 5744
f 5805 5744 5745
f 5432 5433 5745
f 5743 5806 5742
f 5430 5431 5743
f 5434 5435 5747
f 5807 5746 5747
f 5436 5437 5759
f 5808 5748 5759
f 5809 5759 5749
f 5437 5438 5749
f 5748 5810 5747
f 5435 5436 5748
f 5746 5811 5745
f 5433 5434 5746
f 5439 5440 5751
f 5812 5750 5751
f 5441 5442 5753
f 5813 5752 5753
f 5814 5753 5754
f 5442 5443 5754
f 5752 5815 5751
f 5440 5441 5752
f 5444 5445 5756
f 5816 5755 5756
f 5446 5447 5758
f 5817 5757 5758
f 5818 5758 5761
f 5447 5448 5761
f 5757 5819 5756
f 5445 5446 5757
f 5755 5820 5754
f 5443 5444 5755
f 5750 5821 5749
f 5438 5439 5750
f 5449 5450 5762
f 5822 5760 5762
f 5451 5452 5765
f 5823 5764 5765
f 5824 5765 5767
f 5452 5453 5767
f 5764 5825 5762
f 5450 5451 5764
f 5454 5455 5768
f 5826 5766 5768
f 5456 5457 5779
f 5827 5778 5779
f 5779 5780 5827
f 5778 5826 5768
f 5455 5456 5778
f 5766 5828 5767
f 5453 5454 5766
f 5760 5829 5761
f 5448 5449 5760
f 5805 5745 5811
f 5830 5747 5810
f 5747 5830 5807
f 5743 5804 5806
f 5806 5831 5742
f 5808 5810 5748
f 5814 5832 5753
f 5813 5753 5832
f 5809 5833 5759
f 5813 5815 5752
f 5833 5808 5759
f 5820 5814 5754
f 5749 5821 5809
f 5746 5807 5811
f 5834 5812 5751
f 5751 5815 5834
f 5812 5821 5750
f 5744 5805 5804
f 5755 5835 5820
f 5824 5767 5828
f 5765 5824 5836
f 5829 5818 5761
f 5825 5764 5837
f 5822 5762 5825
f 5826 5828 5766
f 5826 5778 5827
f 5818 5817 5758
f 5816 5756 5838
f 5757 5817 5819
f 5839 5829 5760
f 5822 5839 5760
f 5765 5836 5823
f 5764 5823 5837
f 5756 5819 5838
f 5755 5816 5835
f 5803 5742 5831
f 5803 5802 5741
f 5428 5429 5741
f 5639 5638 5581
f 5111 5108 5348
f 5840 5841 5842
f 5843 5842 5841
f 5844 5845 5840
f 5841 5840 5845
f 5842 5846 5847
f 5842 5843 5848
f 5842 5848 5849
f 5842 5849 5846
f 5850 5851 5852
f 5850 5853 5854
f 5855 5851 5856
f 5855 5852 5851
f 5857 5856 5858
f 5859 5850 5852
f 5855 5856 5857
f 5853 5850 5859
f 5860 5861 5862
f 5861 5863 5864
f 5860 5863 5861
f 5862 5865 5866
f 5867 5865 5854
f 5866 5860 5862
f 5867 5866 5865
f 5854 5853 5867
f 5868 5869 5870
f 5869 5871 5872
f 5873 5874 5870
f 5875 5876 5877
f 5878 5877 5876
f 5878 5879 5880
f 5873 5875 5881
f 5881 5875 5877
f 5868 5871 5869
f 5857 5858 5882
f 5871 5882 5872
f 5874 5883 5870
f 5881 5874 5873
f 5868 5870 5883
f 5878 5876 5879
f 5882 5858 5872
f 5864 5884 5885
f 5884 5864 5863
f 5886 5887 5885
f 5885 5884 5886
f 5886 5888 5887
f 5889 5888 5890
f 5887 5888 5889
f 5891 5890 5892
f 5893 5891 5892
f 5894 5895 5893
f 5889 5890 5891
f 5896 5897 5895
f 5898 5899 5897
f 5897 5896 5898
f 5896 5895 5894
f 5894 5893 5892
f 5900 5901 5899
f 5902 5903 5904
f 5900 5902 5901
f 5905 5906 5907
f 5908 5909 5910
f 5906 5908 5911
f 5903 5905 5912
f 5912 5904 5903
f 5907 5912 5905
f 5901 5902 5904
f 5908 5910 5911
f 5911 5907 5906
f 5910 5909 5913
f 5913 5914 5915
f 5913 5909 5914
f 5900 5899 5898
f 5916 5917 5880
f 5918 5919 5917
f 5917 5916 5918
f 5918 5920 5921
f 5920 5922 5923
f 5918 5921 5919
f 5924 5922 5925
f 5921 5920 5923
f 5926 5924 5927
f 5922 5924 5923
f 5928 5929 5926
f 5930 5931 5929
f 5929 5928 5930
f 5928 5926 5927
f 5927 5924 5925
f 5932 5931 5933
f 5934 5935 5936
f 5931 5932 5936
f 5933 5931 5930
f 5937 5935 5934
f 5937 5938 5935
f 5934 5936 5932
f 5938 5937 5939
f 5938 5939 5940
f 5941 5942 5943
f 5940 5944 5942
f 5943 5942 5944
f 5945 5941 5943
f 5944 5940 5946
f 5939 5946 5940
f 5941 5945 5947
f 5948 5949 5950
f 5951 5952 5953
f 5948 5954 5952
f 5955 5956 5957
f 5958 5949 5959
f 5959 5956 5960
f 5950 5949 5958
f 5961 5962 5963
f 5963 5915 5961
f 5962 5964 5963
f 5961 5915 5914
f 5951 5953 5964
f 5962 5951 5964
f 5952 5954 5953
f 5948 5950 5954
f 5957 5965 5966
f 5967 5947 5968
f 5969 5970 5971
f 5967 5968 5970
f 5968 5972 5973
f 5971 5970 5973
f 5973 5970 5968
f 5947 5945 5968
f 5969 5971 5974
f 5956 5955 5960
f 5958 5959 5960
f 5975 5976 5977
f 5978 5965 5975
f 5978 5975 5977
f 5966 5955 5957
f 5978 5966 5965
f 5977 5976 5974
f 5976 5969 5974
f 5880 5879 5916
f 5979 5980 5981
f 5980 5979 5982
f 5982 5983 5984
f 5983 5982 5979
f 5982 5984 5985
f 5985 5986 5987
f 5986 5985 5984
f 5985 5987 5988
f 5988 5989 5990
f 5989 5988 5987
f 5988 5990 5991
f 5991 5992 5993
f 5992 5991 5990
f 5993 5992 5994
f 5993 5995 5996
f 5995 5993 5994
f 5996 5995 5997
f 5996 5998 5999
f 5998 5996 5997
f 5999 5998 6000
f 5999 6001 6002
f 6000 6001 5999
f 6002 6001 6003
f 6003 6004 6002
f 6004 6003 6005
f 6006 6004 6007
f 6007 6004 6005
f 6006 6007 6008
f 6009 6006 6010
f 6010 6006 6008
f 6009 6010 6011
f 6009 6012 6013
f 6012 6009 6011
f 6013 6012 6014
f 6014 6015 6016
f 6016 6015 6017
f 6014 6016 6013
f 6018 6017 6019
f 6016 6017 6018
f 6018 6019 6020
f 6020 6021 6018
f 6021 6020 6022
f 6021 6022 6023
f 6023 6024 635
f 635 6024 637
f 6023 635 6021
f 390 388 6025
f 6025 6026 6027
f 6027 6026 6028
f 6025 6027 390
f 6028 6029 6030
f 6030 6029 6031
f 6028 6030 6027
f 6031 6032 6033
f 6033 6032 6034
f 6031 6033 6030
f 6034 6035 6036
f 6036 6035 6037
f 6034 6036 6033
f 6037 6038 6039
f 6039 6038 6040
f 6037 6039 6036
f 6040 6041 6042
f 6041 6040 6038
f 6042 6041 6043
f 6042 6044 6045
f 6044 6042 6043
f 6045 6044 6046
f 6045 6047 6048
f 6047 6045 6046
f 6048 6047 6049
f 6048 6050 6051
f 6049 6050 6048
f 6051 6050 6052
f 6051 6052 6053
f 6054 6055 6056
f 6055 6054 6057
f 6057 6054 6053
f 6052 6057 6053
f 6058 6059 6056
f 6059 6058 6060
f 6058 6056 6055
f 6059 6061 6062
f 6061 6059 6060
f 6062 6061 6063
f 6062 6064 6065
f 6064 6062 6063
f 6065 6064 6066
f 6067 5979 5981
f 5979 6067 6066
f 6066 6067 6065
f 6068 6069 6070
f 6069 6071 6070
f 6070 6072 6073
f 6074 6075 6076
f 6077 6070 6074
f 6073 6074 6070
f 6075 6078 6076
f 6079 6068 6080
f 6081 6080 6070
f 6068 6070 6080
f 6082 6077 6076
f 6070 6077 6081
f 6076 6077 6074
f 6076 6078 6083
f 6075 6084 6085
f 6078 6085 6086
f 6078 6086 6087
f 6078 6087 6088
f 6089 6090 6078
f 6091 6078 6090
f 6089 6078 6088
f 6078 6092 6083
f 6093 6094 6078
f 6092 6078 6094
f 6095 6093 6078
f 6096 6097 6078
f 6095 6078 6098
f 6097 6098 6078
f 6099 6096 6078
f 6078 6075 6085
