mtllib tn__Corpo11_j7m1J_Mesh.mtl
v 0.01573092460632324 3.5704116910795483e-19 -0.0015784294605255124
v 0.015906982421874997 3.6782159565567675e-19 -0.0024999999999999996
v 0.015641000747680663 0.0015405040979385367 -0.0015432914495468136
v 0.015192532539367672 3.2407414387500506e-19 -0.0007501966357231139
v 0.015101678848266598 0.0014873855113983145 -0.0007322330474853514
v 0.015414690017700192 0.0030661723613738994 -0.0015432914495468136
v 0.014883171081542966 0.002960446834564207 -0.0007322330474853514
v 0.0143753547668457 2.7403646660934534e-19 -0.00019516719877719875
v 0.015829876899719236 0.0015591068267822256 -0.002550550460815429
v 0.015600832939147945 0.003103198528289793 -0.002550550460815429
v 0.014019639968872068 0.0058071250915527305 -0.0007322330474853514
v 0.015039926528930662 0.004562311649322507 -0.0015432914495468136
v 0.014520319938659666 0.006014513492584225 -0.0015432914495468136
v 0.015221544265747067 0.004617404937744138 -0.002550550460815429
v 0.014695663452148434 0.0060871429443359335 -0.002550550460815429
v 0.013860875129699704 0.0074087924957275345 -0.0015432914495468136
v 0.013382934570312498 0.007153327465057369 -0.0007322330474853514
v 0.01452132987976074 0.004404997348785398 -0.0007322330474853514
v 0.013067942619323729 0.00873171997070312 -0.0015432914495468136
v 0.01322574710845947 0.00883716201782226 -0.002550550460815429
v 0.012617342948913571 0.008430639266967768 -0.0007322330474853514
v 0.013745195388793943 0.004169559478759763 -0.00019030116498470302
v 0.014294526100158689 0.0014078879356384268 -0.00019030116498470302
v 0.014087697029113767 0.002802217006683348 -0.00019030116498470302
v 0.013342424392700192 0.0013141140937805167 -1.6904957522798771e-16
v 0.013406982421874998 2.1474074569997575e-19 -1.6875389974302377e-16
v 0.01266764450073242 0.006770997047424312 -0.00019030116498470302
v 0.013270319938659665 0.005496746540069577 -0.00019030116498470302
v 0.012386436462402341 0.005130630016326901 -1.5741443250890522e-16
v 0.011823903083801266 0.006320007801055905 -1.505679261826209e-16
v 0.011942972183227537 0.007980039119720454 -0.00019030116498470302
v 0.01314937114715576 0.0026155724525451646 -1.6669996004241292e-16
v 0.0121491584777832 0.009970557212829584 -0.0015432914495468136
v 0.011113371849060057 0.011113371849060052 -0.0015432914495468136
v 0.01073016834259033 0.010730168342590326 -0.0007322330474853514
v 0.009970557212829589 0.012149158477783195 -0.0015432914495468136
v 0.008731719970703123 0.013067942619323722 -0.0015432914495468136
v 0.008430639266967771 0.012617342948913566 -0.0007322330474853514
v 0.01124757385253906 0.011247573852539055 -0.002550550460815429
v 0.010090958595275878 0.012295868873596183 -0.002550550460815429
v 0.007408792495727538 0.013860875129699699 -0.0015432914495468136
v 0.007153327465057372 0.01338293457031249 -0.0007322330474853514
v 0.012295868873596188 0.010090958595275873 -0.002550550460815429
v 0.009626759529113767 0.011730239868164054 -0.0007322330474853514
v 0.006014513492584228 0.014520319938659659 -0.0015432914495468136
v 0.004562311649322509 0.015039926528930655 -0.0015432914495468136
v 0.0044049973487854 0.014521329879760733 -0.0007322330474853514
v 0.007498258590698241 0.014028255462646475 -0.002550550460815429
v 0.0030661723613739007 0.015414690017700185 -0.0015432914495468136
v 0.0015405040979385373 0.015641000747680656 -0.0015432914495468136
v 0.0014873855113983151 0.015101678848266593 -0.0007322330474853514
v 0.0031031985282897944 0.01560083293914794 -0.002550550460815429
v 0.0015591068267822262 0.01582987689971923 -0.002550550460815429
v -2.0211237468804179e-16 0.015716681480407706 -0.0015432914495468136
v -1.9224112048337596e-16 0.015174749374389639 -0.0007322330474853514
v 0.006087142944335936 0.014695663452148428 -0.002550550460815429
v 0.0029604468345642084 0.014883171081542959 -0.0007322330474853514
v 0.008837162017822264 0.013225747108459465 -0.002550550460815429
v 0.005807125091552733 0.014019639968872061 -0.0007322330474853514
v 0.01173023986816406 0.009626759529113764 -0.0007322330474853514
v 0.011103282928466796 0.009112229347228998 -0.00019030116498470302
v 0.010156662940979002 0.010156662940978998 -0.00019030116498470302
v 0.009112229347229002 0.01110328292846679 -0.00019030116498470302
v 0.007980039119720457 0.011942972183227532 -0.00019030116498470302
v 0.006770997047424315 0.012667644500732414 -0.00019030116498470302
v 0.004169559478759765 0.013745195388793936 -0.00019030116498470302
v 0.0028022170066833493 0.014087697029113761 -0.00019030116498470302
v 0.005496746540069579 0.01327031993865966 -0.00019030116498470302
v 0.0014078879356384274 0.014294526100158682 -0.00019030116498470302
v -1.856453765670604e-16 0.014363691329956046 -0.00019030116498470302
v 0.012829682350158689 0.003891841650009153 -1.6280909725854133e-16
v 0.011147498130798338 0.007448520183563228 -1.42335538429357e-16
v 0.00948016834259033 0.009480168342590327 -1.2204275675990747e-16
v 0.01036373710632324 0.008505299568176264 -1.327965244279222e-16
v 0.008505299568176267 0.010363737106323236 -1.1017781061410309e-16
v 0.014028255462646482 0.0074982585906982376 -0.002550550460815429
v 0.007448520183563231 0.011147498130798333 -9.731594057069829e-17
v 0.006320007801055907 0.011823903083801261 -8.358101672789954e-17
v 0.005130630016326903 0.012386436462402336 -6.910531175075007e-17
v 0.0038918416500091546 0.012829682350158684 -5.4028240486104344e-17
v 0.0026155724525451654 0.013149371147155753 -3.849500132178072e-17
v 0.0013141140937805173 0.013342424392700187 -2.2655183664396083e-17
v 0.00461740493774414 0.015221544265747062 -0.002550550460815429
v -1.8835085401069924e-16 0.013406982421874991 -6.661338147750938e-18
v -2.125374122573589e-16 0.015906471252441396 -0.002550550460815429
v -0.0015405040979385373 0.015641000747680656 -0.0015432914495468136
v -0.0030661723613739007 0.015414690017700185 -0.0015432914495468136
v -0.0029604468345642084 0.014883171081542959 -0.0007322330474853514
v -0.0015591068267822262 0.01582987689971923 -0.002550550460815429
v -0.0014873855113983151 0.015101678848266593 -0.0007322330474853514
v -0.0014078879356384274 0.014294526100158682 -0.00019030116498470302
v -0.0028022170066833493 0.014087697029113761 -0.00019030116498470302
v -0.004562311649322509 0.015039926528930655 -0.0015432914495468136
v -0.0044049973487854 0.014521329879760733 -0.0007322330474853514
v -0.00461740493774414 0.015221544265747062 -0.002550550460815429
v -0.006014513492584228 0.014520319938659659 -0.0015432914495468136
v -0.007153327465057372 0.01338293457031249 -0.0007322330474853514
v -0.007408792495727538 0.013860875129699699 -0.0015432914495468136
v -0.007498258590698241 0.014028255462646475 -0.002550550460815429
v -0.008731719970703123 0.013067942619323722 -0.0015432914495468136
v -0.008837162017822264 0.013225747108459465 -0.002550550460815429
v -0.009970557212829589 0.012149158477783195 -0.0015432914495468136
v -0.008430639266967771 0.012617342948913566 -0.0007322330474853514
v -0.006087142944335936 0.014695663452148428 -0.002550550460815429
v -0.005807125091552733 0.014019639968872061 -0.0007322330474853514
v -0.0031031985282897944 0.01560083293914794 -0.002550550460815429
v -0.009626759529113767 0.011730239868164054 -0.0007322330474853514
v -0.004169559478759765 0.013745195388793936 -0.00019030116498470302
v -0.0013141140937805173 0.013342424392700187 9.332507368894208e-18
v -0.0026155724525451654 0.013149371147155753 2.517232333221295e-17
v -0.005496746540069579 0.01327031993865966 -0.00019030116498470302
v -0.006770997047424315 0.012667644500732414 -0.00019030116498470302
v -0.007980039119720457 0.011942972183227532 -0.00019030116498470302
v -0.005130630016326903 0.012386436462402336 5.578263545524819e-17
v -0.006320007801055907 0.011823903083801261 7.025834043239766e-17
v -0.009112229347229002 0.01110328292846679 -0.00019030116498470302
v -0.011113371849060057 0.011113371849060052 -0.0015432914495468136
v -0.0121491584777832 0.009970557212829584 -0.0015432914495468136
v -0.01173023986816406 0.009626759529113764 -0.0007322330474853514
v -0.01124757385253906 0.011247573852539055 -0.002550550460815429
v -0.013067942619323729 0.00873171997070312 -0.0015432914495468136
v -0.013860875129699704 0.0074087924957275345 -0.0015432914495468136
v -0.013382934570312498 0.007153327465057369 -0.0007322330474853514
v -0.01322574710845947 0.00883716201782226 -0.002550550460815429
v -0.014028255462646482 0.0074982585906982376 -0.002550550460815429
v -0.014520319938659666 0.006014513492584225 -0.0015432914495468136
v -0.014019639968872068 0.0058071250915527305 -0.0007322330474853514
v -0.012295868873596188 0.010090958595275873 -0.002550550460815429
v -0.012617342948913571 0.008430639266967768 -0.0007322330474853514
v -0.015906982421874997 3.6782159565567675e-19 -0.0024999999999999996
v -0.01573092460632324 -1.5694415134626009e-18 -0.0015784294605255124
v -0.015641000747680663 0.0015405040979385367 -0.0015432914495468136
v -0.015039926528930662 0.004562311649322507 -0.0015432914495468136
v -0.015414690017700192 0.0030661723613738994 -0.0015432914495468136
v -0.014883171081542966 0.002960446834564207 -0.0007322330474853514
v -0.015600832939147945 0.003103198528289793 -0.002550550460815429
v -0.015101678848266598 0.0014873855113983145 -0.0007322330474853514
v -0.015192532539367672 -1.5364744617598715e-18 -0.0007501966357231139
v -0.014695663452148434 0.0060871429443359335 -0.002550550460815429
v -0.010090958595275878 0.012295868873596183 -0.002550550460815429
v -0.01452132987976074 0.004404997348785398 -0.0007322330474853514
v -0.01073016834259033 0.010730168342590326 -0.0007322330474853514
v -0.010156662940979002 0.010156662940978998 -0.00019030116498470302
v -0.011942972183227537 0.007980039119720454 -0.00019030116498470302
v -0.01266764450073242 0.006770997047424312 -0.00019030116498470302
v -0.011103282928466796 0.009112229347228998 -0.00019030116498470302
v -0.013745195388793943 0.004169559478759763 -0.00019030116498470302
v -0.014294526100158689 0.0014078879356384268 -0.00019030116498470302
v -0.0143753547668457 -1.486436837433771e-18 -0.00019516719877719875
v -0.014087697029113767 0.002802217006683348 -0.00019030116498470302
v -0.013270319938659665 0.005496746540069577 -0.00019030116498470302
v -0.0038918416500091546 0.012829682350158684 4.070556419060247e-17
v -0.007448520183563231 0.011147498130798333 8.399326427519641e-17
v -0.008505299568176267 0.010363737106323236 9.685513431860121e-17
v -0.00948016834259033 0.009480168342590327 1.087200804644056e-16
v -0.01036373710632324 0.008505299568176264 1.1947384813242032e-16
v -0.011147498130798338 0.007448520183563228 1.2901286213385512e-16
v -0.011823903083801266 0.006320007801055905 1.3724524988711904e-16
v -0.012386436462402341 0.005130630016326901 1.4409175621340333e-16
v -0.012829682350158689 0.003891841650009153 1.4948642096303946e-16
v -0.01314937114715576 0.0026155724525451646 1.5337728374691103e-16
v -0.013406982421874998 2.1474074569997575e-19 1.5543122344752188e-16
v -0.013342424392700192 0.0013141140937805167 1.5572689893248585e-16
v -0.015829876899719236 0.0015591068267822256 -0.002550550460815429
v -0.015906471252441403 3.677902819064079e-19 -0.002550550460815429
v -0.015221544265747067 0.004617404937744138 -0.002550550460815429
v 0.02625383377075195 1.0013835260677146e-18 -0.05818451309204101
v 0.025997373580932612 9.856798528629752e-19 -0.041034141540527334
v 0.02561230850219726 9.621014202267307e-19 -0.06001297378540038
v 0.02484361839294433 9.15032752259875e-19 -0.061791717529296866
v 0.024479930877685543 8.927633031644938e-19 -0.03747071456909179
v 0.023951578140258785 8.604109856232343e-19 -0.0635119171142578
v 0.02530146408081054 9.43067636989861e-19 -0.039225681304931634
v 0.0235368537902832 8.350165143480767e-19 -0.03577795791625976
v 0.022940616607666012 7.985074355577258e-19 -0.06516503143310545
v 0.027465368270874018 1.0755685774123775e-18 -0.0486203155517578
v 0.02738680458068847 1.0707578537884467e-18 -0.05249258804321288
v 0.02749434089660644 1.0773426879204017e-18 -0.05055783462524413
v 0.027300027847290034 1.0654444161103205e-18 -0.04668964767456054
v 0.026765005111694332 1.0326838286884843e-18 -0.05631541442871093
v 0.027143289566040035 1.0558468975432188e-18 -0.05441495895385741
v 0.02699914169311523 1.0470204965954738e-18 -0.044775413513183586
v 0.026564203262329097 1.0203881925470225e-18 -0.04288711929321288
v 0.021815753936767573 7.296294691440847e-19 -0.06674284362792968
v 0.022476915359497068 7.701139911932552e-19 -0.03415581512451171
v 0.011285340309143065 8.482763651510895e-20 -0.07507769775390624
v 0.013023281097412107 1.9124578551370538e-19 -0.07422074127197265
v 0.021305377960205076 6.983779767969006e-19 -0.03261233520507812
v 0.009491367340087889 -2.502151373493085e-20 -0.07581015014648436
v 0.005771187782287596 -2.5281683544274705e-19 -0.07688760375976561
v 0.007650269985198973 -1.377562504646374e-19 -0.07641445159912108
v 0.019984619140624996 6.175048591798361e-19 -0.02900396537780761
v 0.0038634517192840567 -3.6963196976175517e-19 -0.07722726440429686
v 0.01924720191955566 5.723510150693671e-19 -0.06964167022705077
v 0.02058257484436035 6.541190229952057e-19 -0.06823753356933593
v 0.017816265106201167 4.847314388460997e-19 -0.07094828796386718
v 0.014696559906005857 2.937045981143698e-19 -0.07324351501464842
v 0.0162968692779541 3.91695298683378e-19 -0.07215089416503905
v 0.0019365333318710324 -4.876216740808091e-19 -0.07743173217773436
v 0.018843948364257807 5.476588929261609e-19 -0.02533468627929687
v -0.017886156082153316 4.890109669329837e-19 -0.021613481521606442
v 0.017886156082153316 4.890109669329837e-19 -0.021613481521606442
v 0.009899999618530272 -1.183291357831517e-32 -1.265654248072678e-16
v 0.017113586425781247 4.417047326942027e-19 -0.017849458694458004
v 0.016528129577636715 4.0585594255601618e-19 -0.014051829338073727
v 0.016131221771240233 3.8155234383780374e-19 -0.010229892730712889
v 0.013406982421874998 2.1474074569997575e-19 -1.6875389974302377e-16
v 0.015923833847045897 3.688534406041101e-19 -0.0063930025100708
v 0.015906982421874997 3.6782159565567675e-19 -0.0024999999999999996
v 0.01573092460632324 3.5704116910795483e-19 -0.0015784294605255124
v 0.015192532539367672 3.2407414387500506e-19 -0.0007501966357231139
v 0.0143753547668457 2.7403646660934534e-19 -0.00019516719877719875
v 0.009899999618530272 -7.395570986446981e-34 0.014999999999999998
v -0.009899999618530272 6.162975822039151e-34 0.014999999999999998
v -0.017113586425781247 4.417047326942027e-19 -0.017849458694458004
v -1.129629376150909e-15 -6.062001457075434e-19 -0.07749999999999999
v -0.0019365333318710324 -7.247786173342778e-19 -0.07743173217773436
v -0.018843948364257807 5.476588929261609e-19 -0.02533468627929687
v -0.0038634517192840567 -8.427683481231112e-19 -0.07722726440429686
v -0.019984619140624996 6.175048591798361e-19 -0.02900396537780761
v -0.007650269985198973 -1.0746440409504494e-18 -0.07641445159912108
v -0.005771187782287596 -9.59583508911899e-19 -0.07688760375976561
v -0.009491367340087889 -1.1873788322740764e-18 -0.07581015014648436
v -0.021305377960205076 6.983779767969006e-19 -0.03261233520507812
v -0.013023281097412107 -1.4036461431032411e-18 -0.07422074127197265
v -0.011285340309143065 -1.2972279941046448e-18 -0.07507769775390624
v -0.014696559906005857 -1.5061049424690158e-18 -0.07324351501464842
v -0.0162968692779541 -1.604095643038024e-18 -0.07215089416503905
v -0.017816265106201167 -1.6971317302611865e-18 -0.07094828796386718
v -0.01924720191955566 -1.784751359424013e-18 -0.06964167022705077
v -0.021815753936767573 -1.9420297076196125e-18 -0.06674284362792968
v -0.02058257484436035 -1.866519261470733e-18 -0.06823753356933593
v -0.022476915359497068 -1.982514282608342e-18 -0.03415581512451171
v -0.022940616607666012 -2.01090788579149e-18 -0.06516503143310545
v -0.023951578140258785 -2.0728113829174393e-18 -0.0635119171142578
v -0.024479930877685543 -2.1051635945795806e-18 -0.03747071456909179
v -0.02484361839294433 -2.12743314955408e-18 -0.061791717529296866
v -0.0235368537902832 -2.047416911642282e-18 -0.03577795791625976
v -0.02530146408081054 -2.1554680342840664e-18 -0.039225681304931634
v -0.02561230850219726 -2.1745017116418178e-18 -0.06001297378540038
v -0.02625383377075195 -2.21378392336192e-18 -0.05818451309204101
v -0.026564203262329097 -2.2327885898412276e-18 -0.04288711929321288
v -0.026765005111694332 -2.245084120103571e-18 -0.05631541442871093
v -0.02699914169311523 -2.2594207880105605e-18 -0.044775413513183586
v -0.027143289566040035 -2.268247294837424e-18 -0.05441495895385741
v -0.027465368270874018 -2.2879689747065827e-18 -0.0486203155517578
v -0.02749434089660644 -2.289743085214607e-18 -0.05055783462524413
v -0.02738680458068847 -2.2831582510826518e-18 -0.05249258804321288
v -0.027300027847290034 -2.277844813404526e-18 -0.04668964767456054
v -0.025997373580932612 -2.198080144278062e-18 -0.041034141540527334
v -0.013406982421874998 2.1474074569997575e-19 1.5543122344752188e-16
v -0.015906982421874997 3.6782159565567675e-19 -0.0024999999999999996
v -0.015923833847045897 3.688534406041101e-19 -0.0063930025100708
v -0.009899999618530272 -1.0353799381025774e-32 1.1324274851176594e-16
v -0.016131221771240233 3.8155234383780374e-19 -0.010229892730712889
v -0.016528129577636715 4.0585594255601618e-19 -0.014051829338073727
v -0.0143753547668457 -1.486436837433771e-18 -0.00019516719877719875
v -0.015192532539367672 -1.5364744617598715e-18 -0.0007501966357231139
v -0.01573092460632324 -1.5694415134626009e-18 -0.0015784294605255124
v -0.012829682350158689 0.003891841650009153 1.4948642096303946e-16
v -0.01314937114715576 0.0026155724525451646 1.5337728374691103e-16
v -0.009146407127380369 0.003788565874099729 1.0421385163248556e-16
v -0.013342424392700192 0.0013141140937805167 1.5572689893248585e-16
v -0.009709774017333982 0.0019313942193984973 1.1107048847281904e-16
v -0.012386436462402341 0.005130630016326901 1.4409175621340333e-16
v -0.008231549263000487 0.005500145435333248 9.307927828017605e-17
v -0.011823903083801266 0.006320007801055905 1.3724524988711904e-16
v -0.013406982421874998 2.1474074569997575e-19 1.5543122344752188e-16
v -0.009899999618530272 -1.0353799381025774e-32 1.1324274851176594e-16
v -0.011147498130798338 0.007448520183563228 1.2901286213385512e-16
v -0.0070003571510314925 0.00700035715103149 7.809465557952545e-17
v -0.01036373710632324 0.008505299568176264 1.1947384813242032e-16
v -0.005500145435333251 0.008231549263000484 5.983585073818588e-17
v -0.00948016834259033 0.009480168342590327 1.087200804644056e-16
v -0.008505299568176267 0.010363737106323236 9.685513431860121e-17
v -0.0037885658740997308 0.009146407127380365 3.900452552087207e-17
v -0.007448520183563231 0.011147498130798333 8.399326427519641e-17
v -0.006320007801055907 0.011823903083801261 7.025834043239766e-17
v -0.0019313942193984982 0.009709774017333979 1.640122431856121e-17
v -0.005130630016326903 0.012386436462402336 5.578263545524819e-17
v -0.0038918416500091546 0.012829682350158684 4.070556419060247e-17
v -0.0026155724525451654 0.013149371147155753 2.517232333221295e-17
v -1.8330093844685921e-16 0.009899999618530267 -7.105427357601e-18
v -0.0013141140937805173 0.013342424392700187 9.332507368894208e-18
v -1.8835085401069924e-16 0.013406982421874991 -6.661338147750938e-18
v 0.01314937114715576 0.0026155724525451646 -1.6669996004241292e-16
v 0.009146407127380369 0.003788565874099729 -1.1842470634768758e-16
v 0.009709774017333982 0.0019313942193984973 -1.2528133641175745e-16
v 0.012386436462402341 0.005130630016326901 -1.5741443250890522e-16
v 0.008231549263000487 0.005500145435333248 -1.0729013299537805e-16
v 0.0070003571510314925 0.00700035715103149 -9.230551029472745e-17
v 0.011147498130798338 0.007448520183563228 -1.42335538429357e-16
v 0.011823903083801266 0.006320007801055905 -1.505679261826209e-16
v 0.01036373710632324 0.008505299568176264 -1.327965244279222e-16
v 0.009899999618530272 -1.183291357831517e-32 -1.265654248072678e-16
v 0.013342424392700192 0.0013141140937805167 -1.6904957522798771e-16
v 0.012829682350158689 0.003891841650009153 -1.6280909725854133e-16
v 0.013406982421874998 2.1474074569997575e-19 -1.6875389974302377e-16
v 0.0038918416500091546 0.012829682350158684 -5.4028240486104344e-17
v 0.0019313942193984982 0.009709774017333979 -3.061207903376321e-17
v 0.005130630016326903 0.012386436462402336 -6.910531175075007e-17
v 0.0026155724525451654 0.013149371147155753 -3.849500132178072e-17
v 0.0013141140937805173 0.013342424392700187 -2.2655183664396083e-17
v 0.0037885658740997308 0.009146407127380365 -5.3215380236074075e-17
v 0.006320007801055907 0.011823903083801261 -8.358101672789954e-17
v 0.005500145435333251 0.008231549263000484 -7.404670545338789e-17
v 0.00948016834259033 0.009480168342590327 -1.2204275675990747e-16
v 0.008505299568176267 0.010363737106323236 -1.1017781061410309e-16
v 0.007448520183563231 0.011147498130798333 -9.731594057069829e-17
v 0.019639635086059565 0.010523794174194329 -0.0338821678161621
v 0.018789665222167965 0.010043285369873041 -0.03261233520507812
v 0.01968360328674316 0.00815321540832519 -0.03261233520507812
v 0.02038797569274902 0.006184624671936032 -0.03261233520507812
v 0.020342433929443356 0.007982828617095943 -0.0333053970336914
v 0.02120278739929199 0.0020882923603057846 -0.03261233520507812
v 0.021305377960205076 6.983779767969006e-19 -0.03261233520507812
v 0.022476915359497068 7.701139911932552e-19 -0.03415581512451171
v 0.02275531196594238 0.00269547128677368 -0.0347953872680664
v 0.0235368537902832 8.350165143480767e-19 -0.03577795791625976
v 0.024136051177978513 0.00269547128677368 -0.03709901046752929
v 0.024479930877685543 8.927633031644938e-19 -0.03747071456909179
v 0.02115542602539062 0.00269547128677368 -0.03263819122314453
v 0.02104939460754394 0.0031223826408386213 -0.03261233520507812
v 0.021126091003417963 0.0026053376197814923 -0.03261233520507812
v 0.023786823272705072 0.00536498403549194 -0.037285678863525386
v 0.02242606163024902 0.00536498403549194 -0.03501538467407226
v 0.020896001815795893 0.004156473159790036 -0.03261233520507812
v 0.025284347534179682 0.00269547128677368 -0.039526882171630855
v 0.02530146408081054 9.43067636989861e-19 -0.039225681304931634
v 0.025997373580932612 9.856798528629752e-19 -0.041034141540527334
v 0.026564203262329097 1.0203881925470225e-18 -0.04288711929321288
v 0.026189140319824212 0.00269547128677368 -0.042055610656738275
v 0.025810207366943356 0.00536498403549194 -0.04217055892944335
v 0.02684171867370605 0.00269547128677368 -0.04466085052490233
v 0.02699914169311523 1.0470204965954738e-18 -0.044775413513183586
v 0.027300027847290034 1.0654444161103205e-18 -0.04668964767456054
v 0.027465368270874018 1.0755685774123775e-18 -0.0486203155517578
v 0.02723579788208007 0.00269547128677368 -0.04731750869750976
v 0.024918504714965817 0.00536498403549194 -0.039678417205810536
v 0.020849325180053706 0.00536498403549194 -0.03288940048217773
v 0.0218808364868164 0.007982828617095943 -0.035379692077636714
v 0.024312683105468746 0.007982828617095943 -0.039929355621337884
v 0.023208515167236324 0.007982828617095943 -0.03759479141235351
v 0.022406698226928708 0.010523794174194329 -0.03802336883544921
v 0.02112488746643066 0.010523794174194329 -0.035884799957275386
v 0.02518270683288574 0.007982828617095943 -0.04236090850830077
v 0.026453344345092767 0.00536498403549194 -0.044738101959228505
v 0.02684171867370605 0.00536498403549194 -0.04735632324218749
v 0.027367580413818354 0.00269547128677368 -0.04999999999999999
v 0.02697159576416015 0.00536498403549194 -0.04999999999999999
v 0.025810207366943356 0.007982828617095943 -0.044866031646728505
v 0.026189140319824212 0.007982828617095943 -0.04742059326171874
v 0.02631585884094238 0.007982828617095943 -0.04999999999999999
v 0.024918504714965817 0.010523794174194329 -0.04504339981079101
v 0.024312683105468746 0.010523794174194329 -0.042624828338623036
v 0.025406686782836908 0.010523794174194329 -0.04999999999999999
v 0.02347271919250488 0.010523794174194329 -0.040277282714843744
v 0.02749434089660644 1.0773426879204017e-18 -0.05055783462524413
v 0.025284347534179682 0.010523794174194329 -0.04750970840454101
v 0.014290583610534665 0.015767229080200184 -0.03261233520507812
v 0.015031525611877438 0.01744581604003905 -0.03496847534179687
v 0.013485797882080075 0.01744581604003905 -0.03356750869750976
v 0.011836633682250974 0.01771477508544921 -0.03261233520507812
v 0.013515989303588865 0.016469280242919913 -0.03261233520507812
v 0.015065177917480466 0.015065177917480459 -0.03261233520507812
v 0.01646928024291992 0.013515989303588858 -0.03261233520507812
v 0.01616828918457031 0.015278181076049795 -0.03383171081542968
v 0.017714775085449216 0.011836633682250968 -0.03261233520507812
v 0.021389091491699215 0.012963410377502434 -0.038567291259765615
v 0.02016549491882324 0.012963410377502434 -0.036525848388671865
v 0.017149343490600582 0.012963410377502434 -0.03285065460205078
v 0.018747694015502928 0.012963410377502434 -0.03461416625976562
v 0.017092027664184568 0.012676311492919914 -0.03261233520507812
v 0.01901189804077148 0.015278181076049795 -0.03729665756225585
v 0.017675205230712886 0.015278181076049795 -0.03549433517456054
v 0.023208515167236324 0.012963410377502434 -0.042959774017333974
v 0.024136051177978513 0.012963410377502434 -0.04762280654907226
v 0.023786823272705072 0.012963410377502434 -0.04526850509643554
v 0.022406698226928708 0.012963410377502434 -0.040718841552734364
v 0.02112488746643066 0.015278181076049795 -0.04124978637695312
v 0.02242606163024902 0.015278181076049795 -0.04553918075561523
v 0.0218808364868164 0.015278181076049795 -0.043362522125244135
v 0.02016549491882324 0.015278181076049795 -0.03922131729125976
v 0.01643249130249023 0.01744581604003905 -0.03651420211791991
v 0.018747694015502928 0.01744581604003905 -0.039979148864746086
v 0.017675205230712886 0.01744581604003905 -0.038189807891845694
v 0.015031525611877438 0.01944543647766112 -0.03766394424438476
v 0.017149343490600582 0.01944543647766112 -0.0408334846496582
v 0.01616828918457031 0.01944543647766112 -0.03919669342041015
v 0.019639635086059565 0.01744581604003905 -0.04186499786376952
v 0.020342433929443356 0.01744581604003905 -0.0438291893005371
v 0.02275531196594238 0.015278181076049795 -0.04775879669189452
v 0.020849325180053706 0.01744581604003905 -0.04585280990600585
v 0.018608121871948238 0.01944543647766112 -0.04435528945922851
v 0.02115542602539062 0.01744581604003905 -0.04791637420654296
v 0.02125778770446777 0.01744581604003905 -0.04999999999999999
v 0.02286541366577148 0.015278181076049795 -0.04999999999999999
v 0.019351800918579097 0.01944543647766112 -0.04809401321411132
v 0.019071798324584957 0.01944543647766112 -0.04620638275146483
v 0.024252834320068355 0.012963410377502434 -0.04999999999999999
v 0.01796524047851562 0.01944543647766112 -0.04255855178833007
v 0.013749999999999997 0.01944543647766112 -0.03624999999999999
v 0.02738680458068847 1.0707578537884467e-18 -0.05249258804321288
v 0.02723579788208007 0.00269547128677368 -0.052682491302490225
v 0.027143289566040035 1.0558468975432188e-18 -0.05441495895385741
v 0.02684171867370605 0.00269547128677368 -0.055339149475097646
v 0.026453344345092767 0.00536498403549194 -0.05526189804077147
v 0.026765005111694332 1.0326838286884843e-18 -0.05631541442871093
v 0.026189140319824212 0.00269547128677368 -0.05794438934326171
v 0.02625383377075195 1.0013835260677146e-18 -0.05818451309204101
v 0.025810207366943356 0.00536498403549194 -0.05782944107055663
v 0.02561230850219726 9.621014202267307e-19 -0.06001297378540038
v 0.02684171867370605 0.00536498403549194 -0.05264367675781249
v 0.022940616607666012 7.985074355577258e-19 -0.06516503143310545
v 0.021815753936767573 7.296294691440847e-19 -0.06674284362792968
v 0.02275531196594238 0.00269547128677368 -0.06520461273193358
v 0.023951578140258785 8.604109856232343e-19 -0.0635119171142578
v 0.025284347534179682 0.00269547128677368 -0.06047311782836913
v 0.02484361839294433 9.15032752259875e-19 -0.061791717529296866
v 0.024136051177978513 0.00269547128677368 -0.0629009895324707
v 0.02242606163024902 0.00536498403549194 -0.06498461914062499
v 0.023786823272705072 0.00536498403549194 -0.0627143211364746
v 0.02115542602539062 0.00269547128677368 -0.06736180877685545
v 0.024918504714965817 0.00536498403549194 -0.06032158279418944
v 0.026189140319824212 0.007982828617095943 -0.05257940673828124
v 0.02518270683288574 0.007982828617095943 -0.057639091491699206
v 0.025810207366943356 0.007982828617095943 -0.05513396835327147
v 0.025284347534179682 0.010523794174194329 -0.052490291595458975
v 0.024312683105468746 0.010523794174194329 -0.05737517166137694
v 0.024918504714965817 0.010523794174194329 -0.054956600189208976
v 0.024312683105468746 0.007982828617095943 -0.060070644378662094
v 0.023208515167236324 0.007982828617095943 -0.06240520858764647
v 0.020849325180053706 0.00536498403549194 -0.06711059570312498
v 0.0218808364868164 0.007982828617095943 -0.06462030792236327
v 0.022406698226928708 0.010523794174194329 -0.061976631164550766
v 0.020342433929443356 0.007982828617095943 -0.06669460296630858
v 0.019071798324584957 0.00536498403549194 -0.06907180023193359
v 0.018608121871948238 0.007982828617095943 -0.06860812377929686
v 0.019639635086059565 0.010523794174194329 -0.06611782836914061
v 0.02112488746643066 0.010523794174194329 -0.06411519622802733
v 0.019351800918579097 0.00269547128677368 -0.06935179901123045
v 0.02347271919250488 0.010523794174194329 -0.05972271728515624
v 0.02058257484436035 6.541190229952057e-19 -0.06823753356933593
v 0.01924720191955566 5.723510150693671e-19 -0.06964167022705077
v 0.017816265106201167 4.847314388460997e-19 -0.07094828796386718
v 0.0162968692779541 3.91695298683378e-19 -0.07215089416503905
v 0.017361808776855465 0.00269547128677368 -0.07115542602539061
v 0.014696559906005857 2.937045981143698e-19 -0.07324351501464842
v 0.015204612731933591 0.00269547128677368 -0.07275531005859373
v 0.01498461532592773 0.00536498403549194 -0.07242606353759765
v 0.01711059951782226 0.00536498403549194 -0.07084932708740233
v 0.012900987625122068 0.00269547128677368 -0.07413604736328124
v 0.007944389343261717 0.00269547128677368 -0.0761891403198242
v 0.009491367340087889 -2.502151373493085e-20 -0.07581015014648436
v 0.007650269985198973 -1.377562504646374e-19 -0.07641445159912108
v 0.005339149951934814 0.00269547128677368 -0.07684172058105468
v 0.005771187782287596 -2.5281683544274705e-19 -0.07688760375976561
v 0.0038634517192840567 -3.6963196976175517e-19 -0.07722726440429686
v 0.013023281097412107 1.9124578551370538e-19 -0.07422074127197265
v 0.011285340309143065 8.482763651510895e-20 -0.07507769775390624
v 0.010473119735717771 0.00269547128677368 -0.07528434753417967
v 0.0019365333318710324 -4.876216740808091e-19 -0.07743173217773436
v 0.0026824920177459712 0.00269547128677368 -0.0772357940673828
v 0.012714322090148923 0.00536498403549194 -0.07378682708740233
v 0.016694604873657225 0.007982828617095943 -0.07034243774414062
v 0.012405210494995114 0.007982828617095943 -0.07320851898193358
v 0.014620307922363279 0.007982828617095943 -0.0718808364868164
v 0.016117832183837888 0.010523794174194329 -0.06963963317871093
v 0.011976629257202146 0.010523794174194329 -0.07240670013427733
v 0.01411519908905029 0.010523794174194329 -0.07112488555908202
v 0.010321582794189451 0.00536498403549194 -0.07491850280761718
v 0.01007064342498779 0.007982828617095943 -0.07431268310546874
v 0.007829440593719482 0.00536498403549194 -0.07581021118164061
v 0.0026436786651611323 0.00536498403549194 -0.07684172058105468
v 0.005261897087097167 0.00536498403549194 -0.07645334625244139
v 0.007639090538024901 0.007982828617095943 -0.07518270874023436
v 0.0051339693069458 0.007982828617095943 -0.07581021118164061
v 0.002579405307769775 0.007982828617095943 -0.0761891403198242
v -1.1281665705797914e-15 0.00269547128677368 -0.07736757659912108
v 0.009722718238830565 0.010523794174194329 -0.07347271728515624
v -1.1234621089331596e-15 0.00536498403549194 -0.07697159576416014
v 0.01796524047851562 0.010523794174194329 -0.06796524047851561
v 0.024136051177978513 0.012963410377502434 -0.05237719345092772
v 0.023208515167236324 0.012963410377502434 -0.057040225982666004
v 0.023786823272705072 0.012963410377502434 -0.054731494903564444
v 0.02275531196594238 0.015278181076049795 -0.05224120330810546
v 0.0218808364868164 0.015278181076049795 -0.05663747787475585
v 0.02242606163024902 0.015278181076049795 -0.054460819244384756
v 0.022406698226928708 0.012963410377502434 -0.059281158447265614
v 0.021389091491699215 0.012963410377502434 -0.06143270874023436
v 0.018747694015502928 0.012963410377502434 -0.06538583374023436
v 0.02016549491882324 0.012963410377502434 -0.0634741516113281
v 0.02016549491882324 0.015278181076049795 -0.06077868270874022
v 0.017149343490600582 0.012963410377502434 -0.0671493453979492
v 0.01901189804077148 0.015278181076049795 -0.06270334243774413
v 0.02112488746643066 0.015278181076049795 -0.05875021362304687
v 0.02115542602539062 0.01744581604003905 -0.052083625793457024
v 0.020342433929443356 0.01744581604003905 -0.05617081069946288
v 0.020849325180053706 0.01744581604003905 -0.05414719009399413
v 0.019351800918579097 0.01944543647766112 -0.05190598678588866
v 0.018608121871948238 0.01944543647766112 -0.055644710540771476
v 0.019071798324584957 0.01944543647766112 -0.053793617248535146
v 0.019639635086059565 0.01744581604003905 -0.058135002136230456
v 0.018747694015502928 0.01744581604003905 -0.06002085113525389
v 0.017675205230712886 0.015278181076049795 -0.06450566864013671
v 0.017675205230712886 0.01744581604003905 -0.061810192108154284
v 0.017149343490600582 0.01944543647766112 -0.059166515350341786
v 0.01643249130249023 0.01744581604003905 -0.06348579788208007
v 0.015031525611877438 0.01744581604003905 -0.06503152465820311
v 0.01616828918457031 0.015278181076049795 -0.0661682891845703
v 0.015031525611877438 0.01944543647766112 -0.062336055755615224
v 0.01616828918457031 0.01944543647766112 -0.06080330657958983
v 0.01796524047851562 0.01944543647766112 -0.05744144821166991
v 0.013474153518676755 0.012963410377502434 -0.07016549682617186
v 0.009281158447265623 0.012963410377502434 -0.07240670013427733
v 0.01143270683288574 0.012963410377502434 -0.07138909149169921
v 0.015385835647583005 0.012963410377502434 -0.06874769592285154
v 0.014505664825439451 0.015278181076049795 -0.06767520141601562
v 0.010778681755065916 0.015278181076049795 -0.07016549682617186
v 0.012703343391418454 0.015278181076049795 -0.0690118942260742
v 0.007040226459503173 0.012963410377502434 -0.07320851898193358
v 0.00737517213821411 0.010523794174194329 -0.07431268310546874
v 0.004956598758697509 0.010523794174194329 -0.07491850280761718
v 0.0024902908802032467 0.010523794174194329 -0.07528434753417967
v 0.006637479305267333 0.015278181076049795 -0.0718808364868164
v 0.004731493473052978 0.012963410377502434 -0.07378682708740233
v 0.002377193450927734 0.012963410377502434 -0.07413604736328124
v -1.1045400705178562e-15 0.010523794174194329 -0.07540668487548827
v 0.008750215530395506 0.015278181076049795 -0.07112488555908202
v 0.013485797882080075 0.01744581604003905 -0.06643249511718749
v 0.010020852088928221 0.01744581604003905 -0.06874769592285154
v 0.011810194015502927 0.01744581604003905 -0.06767520141601562
v 0.012336053848266599 0.01944543647766112 -0.06503152465820311
v 0.009166515350341796 0.01944543647766112 -0.0671493453979492
v 0.010803305625915525 0.01944543647766112 -0.0661682891845703
v 0.008135003089904783 0.01744581604003905 -0.06963963317871093
v 0.006170809745788573 0.01744581604003905 -0.07034243774414062
v 0.004460821151733398 0.015278181076049795 -0.07242606353759765
v 0.002241202592849731 0.015278181076049795 -0.07275531005859373
v 0.005644712448120116 0.01944543647766112 -0.06860812377929686
v 0.0020836274623870846 0.01744581604003905 -0.07115542602539061
v 0.004147188663482665 0.01744581604003905 -0.07084932708740233
v 0.003793616533279418 0.01944543647766112 -0.06907180023193359
v -1.090504856554597e-15 0.012963410377502434 -0.07425283813476562
v 0.007441446304321288 0.01944543647766112 -0.06796524047851561
v 0.013749999999999997 0.01944543647766112 -0.06374999999999999
v -1.0539604128681488e-15 0.01744581604003905 -0.07125778961181639
v 0.01944543647766113 0.01944543647766112 -0.04999999999999999
v 0.003403509616851806 0.02125778770446776 -0.03288940048217773
v 0.0031223826408386226 0.02104939460754393 -0.03261233520507812
v 0.004156473159790038 0.020896001815795887 -0.03261233520507812
v 0.0017099889516830442 0.02125778770446776 -0.03263819122314453
v 0.002088292360305786 0.02120278739929198 -0.03261233520507812
v 0.0014975236654281613 0.02286541366577147 -0.0347953872680664
v 0.0015662192106246945 0.02122843551635741 -0.03261233520507812
v 0.002980625391006469 0.02286541366577147 -0.03501538467407226
v 0.005064252853393554 0.02125778770446776 -0.0333053970336914
v 0.009166515350341796 0.01944543647766112 -0.03285065460205078
v 0.00909825038909912 0.019236633300781236 -0.03261233520507812
v 0.010043285369873044 0.018789665222167958 -0.03261233520507812
v 0.010803305625915525 0.01944543647766112 -0.03383171081542968
v 0.006676224708557128 0.02125778770446776 -0.0338821678161621
v 0.006184624671936034 0.02038797569274901 -0.03261233520507812
v 0.005170548915863036 0.020641988754272447 -0.03261233520507812
v 0.007168920040130614 0.020035789489746082 -0.03261233520507812
v 0.008153215408325193 0.01968360328674315 -0.03261233520507812
v 0.008223900794982909 0.02125778770446776 -0.03461416625976562
v 0.009692376136779783 0.02125778770446776 -0.03549433517456054
v 0.004435021877288818 0.02286541366577147 -0.035379692077636714
v -6.070161734372802e-16 0.02286541366577147 -0.034721817016601556
v -0.0014975236654281613 0.02286541366577147 -0.0347953872680664
v -0.001044146180152893 0.021254081726074205 -0.03261233520507812
v -5.85505277074516e-16 0.021305377960205065 -0.03261233520507812
v 0.001044146180152893 0.021254081726074205 -0.03261233520507812
v 0.0025290358066558834 0.024252834320068344 -0.037285678863525386
v 0.001270636439323425 0.024252834320068344 -0.03709901046752929
v -6.352737888688786e-16 0.024252834320068344 -0.03703659057617187
v 0.0010315122604370114 0.025406686782836897 -0.039526882171630855
v 0.0037630794048309317 0.024252834320068344 -0.03759479141235351
v 0.002053090333938598 0.025406686782836897 -0.039678417205810536
v -0.001270636439323425 0.024252834320068344 -0.03709901046752929
v 0.004960882186889648 0.024252834320068344 -0.03802336883544921
v 0.005846706867218016 0.02286541366577147 -0.035884799957275386
v 0.007202085018157957 0.02286541366577147 -0.036525848388671865
v 0.00848810291290283 0.02286541366577147 -0.03729665756225585
v 0.004027281761169433 0.025406686782836897 -0.040277282714843744
v 0.007202085018157957 0.024252834320068344 -0.03922131729125976
v 0.0061109094619750965 0.024252834320068344 -0.038567291259765615
v 0.004960882186889648 0.025406686782836897 -0.040718841552734364
v 0.011067507743835447 0.02125778770446776 -0.03651420211791991
v 0.009692376136779783 0.02286541366577147 -0.038189807891845694
v 0.0030548963546752923 0.025406686782836897 -0.039929355621337884
v 0.012336053848266599 0.01944543647766112 -0.03496847534179687
v 0.013485797882080075 0.02125778770446776 -0.03893249130249023
v 0.012336053848266599 0.02125778770446776 -0.03766394424438476
v 0.010803305625915525 0.02286541366577147 -0.03919669342041015
v 0.014505664825439451 0.02125778770446776 -0.040307624816894524
v 0.011810194015502927 0.02286541366577147 -0.040307624816894524
v 0.016117832183837888 0.02125778770446776 -0.04332377624511718
v 0.016694604873657225 0.02125778770446776 -0.0449357452392578
v 0.015385835647583005 0.02125778770446776 -0.0417761001586914
v 0.013474153518676755 0.02286541366577147 -0.042797916412353504
v 0.017361808776855465 0.02125778770446776 -0.04829001235961913
v 0.01711059951782226 0.02125778770446776 -0.04659648895263671
v 0.01411519908905029 0.02286541366577147 -0.04415329360961913
v 0.012703343391418454 0.02286541366577147 -0.041511898040771475
v 0.009166515350341796 0.024252834320068344 -0.0408334846496582
v 0.010778681755065916 0.024252834320068344 -0.042797916412353504
v 0.010020852088928221 0.024252834320068344 -0.0417761001586914
v 0.008223900794982909 0.024252834320068344 -0.039979148864746086
v 0.006676224708557128 0.025406686782836897 -0.04186499786376952
v 0.008135003089904783 0.025406686782836897 -0.04332377624511718
v 0.007441446304321288 0.025406686782836897 -0.04255855178833007
v 0.01498461532592773 0.02286541366577147 -0.0470193748474121
v 0.015204612731933591 0.02286541366577147 -0.04850247573852538
v 0.011976629257202146 0.024252834320068344 -0.04503911590576171
v 0.01143270683288574 0.024252834320068344 -0.04388909149169921
v 0.012405210494995114 0.024252834320068344 -0.046236919403076164
v 0.014620307922363279 0.02286541366577147 -0.04556497955322265
v 0.012714322090148923 0.024252834320068344 -0.04747096252441405
v 0.012900987625122068 0.024252834320068344 -0.04872936248779296
v 0.01744581604003906 0.02125778770446776 -0.04999999999999999
v 0.015278181076049802 0.02286541366577147 -0.04999999999999999
v 0.008750215530395506 0.025406686782836897 -0.04415329360961913
v 0.005846706867218016 0.025406686782836897 -0.04124978637695312
v -6.650366021765385e-16 0.025406686782836897 -0.03947620391845702
v 0.0007824540138244628 0.026315858840942365 -0.042055610656738275
v 0.0023172929286956784 0.026315858840942365 -0.04236090850830077
v 0.0015573725700378416 0.026315858840942365 -0.04217055892944335
v -6.960178960957462e-16 0.026315858840942365 -0.04201716995239257
v 0.0005258603692054747 0.02697159576416014 -0.04466085052490233
v 0.0015573725700378416 0.02697159576416014 -0.044866031646728505
v 0.0010466563701629636 0.02697159576416014 -0.044738101959228505
v 0.0030548963546752923 0.026315858840942365 -0.042624828338623036
v -0.0007824540138244628 0.026315858840942365 -0.042055610656738275
v 0.0037630794048309317 0.026315858840942365 -0.042959774017333974
v 0.005064252853393554 0.026315858840942365 -0.0438291893005371
v 0.004435021877288818 0.026315858840942365 -0.043362522125244135
v 0.0025290358066558834 0.02697159576416014 -0.04526850509643554
v 0.005644712448120116 0.026315858840942365 -0.04435528945922851
v 0.002980625391006469 0.02697159576416014 -0.04553918075561523
v 0.002053090333938598 0.02697159576416014 -0.04504339981079101
v -7.279193523987424e-16 0.02697159576416014 -0.04463501739501952
v 0.0002642023861408233 0.027367580413818343 -0.04731750869750976
v 0.0007824540138244628 0.027367580413818343 -0.04742059326171874
v 0.0005258603692054747 0.027367580413818343 -0.04735632324218749
v -7.604337623999533e-16 0.027367580413818343 -0.04730452728271484
v -7.932479543018565e-16 0.027499999999999983 -0.04999999999999999
v 0.0010315122604370114 0.027367580413818343 -0.04750970840454101
v -0.0002642023861408233 0.027367580413818343 -0.04731750869750976
v 0.001270636439323425 0.027367580413818343 -0.04762280654907226
v 0.003403509616851806 0.02697159576416014 -0.04585280990600585
v 0.0014975236654281613 0.027367580413818343 -0.04775879669189452
v 0.0017099889516830442 0.027367580413818343 -0.04791637420654296
v 0.001905986070632934 0.027367580413818343 -0.04809401321411132
v 0.003793616533279418 0.02697159576416014 -0.04620638275146483
v -0.0005258603692054747 0.02697159576416014 -0.04466085052490233
v 0.006637479305267333 0.026315858840942365 -0.04556497955322265
v 0.009281158447265623 0.025406686782836897 -0.04503911590576171
v 0.009722718238830565 0.025406686782836897 -0.04597271728515624
v 0.007040226459503173 0.026315858840942365 -0.046236919403076164
v 0.006170809745788573 0.026315858840942365 -0.0449357452392578
v 0.004147188663482665 0.02697159576416014 -0.04659648895263671
v 0.004731493473052978 0.02697159576416014 -0.04747096252441405
v 0.004460821151733398 0.02697159576416014 -0.0470193748474121
v 0.00737517213821411 0.026315858840942365 -0.04694510269165038
v 0.01007064342498779 0.025406686782836897 -0.04694510269165038
v 0.010473119735717771 0.025406686782836897 -0.048968486785888665
v 0.010321582794189451 0.025406686782836897 -0.047946910858154286
v 0.007829440593719482 0.026315858840942365 -0.04844262695312499
v 0.007639090538024901 0.026315858840942365 -0.047682708740234364
v 0.012963410377502439 0.024252834320068344 -0.04999999999999999
v 0.010523794174194334 0.025406686782836897 -0.04999999999999999
v 0.007944389343261717 0.026315858840942365 -0.04921754455566405
v 0.0020836274623870846 0.027367580413818343 -0.04829001235961913
v 0.002377193450927734 0.027367580413818343 -0.04872936248779296
v 0.002241202592849731 0.027367580413818343 -0.04850247573852538
v 0.004956598758697509 0.02697159576416014 -0.047946910858154286
v 0.0024902908802032467 0.027367580413818343 -0.048968486785888665
v 0.0051339693069458 0.02697159576416014 -0.04844262695312499
v 0.005261897087097167 0.02697159576416014 -0.04895334243774413
v 0.002579405307769775 0.027367580413818343 -0.04921754455566405
v 0.0026436786651611323 0.027367580413818343 -0.04947414016723632
v 0.0026824920177459712 0.027367580413818343 -0.04973579788208007
v 0.005339149951934814 0.02697159576416014 -0.04947414016723632
v -0.0010315122604370114 0.025406686782836897 -0.039526882171630855
v 0.017361808776855465 0.02125778770446776 -0.05170998764038085
v 0.016694604873657225 0.02125778770446776 -0.05506425476074218
v 0.01711059951782226 0.02125778770446776 -0.053403511047363274
v 0.015204612731933591 0.02286541366577147 -0.0514975242614746
v 0.014620307922363279 0.02286541366577147 -0.05443502044677733
v 0.01498461532592773 0.02286541366577147 -0.05298062515258788
v 0.016117832183837888 0.02125778770446776 -0.0566762237548828
v 0.015385835647583005 0.02125778770446776 -0.05822389984130858
v 0.013485797882080075 0.02125778770446776 -0.06106750869750975
v 0.014505664825439451 0.02125778770446776 -0.05969237518310546
v 0.013474153518676755 0.02286541366577147 -0.057202083587646474
v 0.011810194015502927 0.02286541366577147 -0.05969237518310546
v 0.012703343391418454 0.02286541366577147 -0.0584881019592285
v 0.012336053848266599 0.02125778770446776 -0.062336055755615224
v 0.01411519908905029 0.02286541366577147 -0.05584670639038085
v 0.012900987625122068 0.024252834320068344 -0.05127063751220702
v 0.012405210494995114 0.024252834320068344 -0.05376308059692382
v 0.012714322090148923 0.024252834320068344 -0.052529037475585925
v 0.007982828617095946 0.026315858840942365 -0.04999999999999999
v 0.010473119735717771 0.025406686782836897 -0.05103151321411132
v 0.010321582794189451 0.025406686782836897 -0.05205308914184569
v 0.01143270683288574 0.024252834320068344 -0.05611090850830077
v 0.010020852088928221 0.024252834320068344 -0.05822389984130858
v 0.010778681755065916 0.024252834320068344 -0.057202083587646474
v 0.01007064342498779 0.025406686782836897 -0.0530548973083496
v 0.011976629257202146 0.024252834320068344 -0.05496088409423827
v 0.009281158447265623 0.025406686782836897 -0.05496088409423827
v 0.008750215530395506 0.025406686782836897 -0.05584670639038085
v 0.009722718238830565 0.025406686782836897 -0.05402728271484374
v 0.010803305625915525 0.02286541366577147 -0.06080330657958983
v 0.009166515350341796 0.024252834320068344 -0.059166515350341786
v 0.008135003089904783 0.025406686782836897 -0.0566762237548828
v 0.011067507743835447 0.02125778770446776 -0.06348579788208007
v 0.008223900794982909 0.02125778770446776 -0.06538583374023436
v 0.009692376136779783 0.02125778770446776 -0.06450566864013671
v 0.009692376136779783 0.02286541366577147 -0.061810192108154284
v 0.007202085018157957 0.02286541366577147 -0.0634741516113281
v 0.00848810291290283 0.02286541366577147 -0.06270334243774413
v 0.006676224708557128 0.02125778770446776 -0.06611782836914061
v 0.005064252853393554 0.02125778770446776 -0.06669460296630858
v 0.001905986070632934 0.01944543647766112 -0.06935179901123045
v 0.003403509616851806 0.02125778770446776 -0.06711059570312498
v 0.004435021877288818 0.02286541366577147 -0.06462030792236327
v 0.0017099889516830442 0.02125778770446776 -0.06736180877685545
v 0.002980625391006469 0.02286541366577147 -0.06498461914062499
v -1.0318030067499315e-15 0.01944543647766112 -0.06944543457031249
v 0.005846706867218016 0.02286541366577147 -0.06411519622802733
v 0.008223900794982909 0.024252834320068344 -0.06002085113525389
v 0.0061109094619750965 0.024252834320068344 -0.06143270874023436
v 0.007202085018157957 0.024252834320068344 -0.06077868270874022
v 0.007441446304321288 0.025406686782836897 -0.05744144821166991
v 0.005846706867218016 0.025406686782836897 -0.05875021362304687
v 0.006676224708557128 0.025406686782836897 -0.058135002136230456
v 0.004960882186889648 0.024252834320068344 -0.061976631164550766
v 0.0037630794048309317 0.024252834320068344 -0.06240520858764647
v 0.0014975236654281613 0.02286541366577147 -0.06520461273193358
v 0.0025290358066558834 0.024252834320068344 -0.0627143211364746
v 0.004027281761169433 0.025406686782836897 -0.05972271728515624
v 0.001270636439323425 0.024252834320068344 -0.0629009895324707
v -9.807832714384123e-16 0.02286541366577147 -0.06527818298339842
v 0.002053090333938598 0.025406686782836897 -0.06032158279418944
v 0.0030548963546752923 0.025406686782836897 -0.060070644378662094
v -1.0073321300360647e-15 0.02125778770446776 -0.06744581604003905
v 0.004960882186889648 0.025406686782836897 -0.059281158447265614
v 0.0010315122604370114 0.025406686782836897 -0.06047311782836913
v 0.007944389343261717 0.026315858840942365 -0.050782455444335926
v 0.007829440593719482 0.026315858840942365 -0.05155737304687499
v 0.007639090538024901 0.026315858840942365 -0.052317291259765614
v 0.005339149951934814 0.02697159576416014 -0.05052585983276366
v 0.0051339693069458 0.02697159576416014 -0.05155737304687499
v 0.005261897087097167 0.02697159576416014 -0.05104665756225585
v 0.00737517213821411 0.026315858840942365 -0.0530548973083496
v 0.0053649840354919424 0.02697159576416014 -0.04999999999999999
v 0.007040226459503173 0.026315858840942365 -0.05376308059692382
v 0.006170809745788573 0.026315858840942365 -0.05506425476074218
v 0.006637479305267333 0.026315858840942365 -0.05443502044677733
v 0.004731493473052978 0.02697159576416014 -0.052529037475585925
v 0.004147188663482665 0.02697159576416014 -0.053403511047363274
v 0.004460821151733398 0.02697159576416014 -0.05298062515258788
v 0.005644712448120116 0.026315858840942365 -0.055644710540771476
v 0.004956598758697509 0.02697159576416014 -0.05205308914184569
v 0.0026954712867736813 0.027367580413818343 -0.04999999999999999
v 0.0026436786651611323 0.027367580413818343 -0.05052585983276366
v 0.0026824920177459712 0.027367580413818343 -0.05026420211791991
v 0.002579405307769775 0.027367580413818343 -0.050782455444335926
v 0.0024902908802032467 0.027367580413818343 -0.05103151321411132
v 0.002241202592849731 0.027367580413818343 -0.0514975242614746
v 0.002377193450927734 0.027367580413818343 -0.05127063751220702
v 0.0020836274623870846 0.027367580413818343 -0.05170998764038085
v 0.003793616533279418 0.02697159576416014 -0.053793617248535146
v 0.005064252853393554 0.026315858840942365 -0.05617081069946288
v 0.0037630794048309317 0.026315858840942365 -0.057040225982666004
v 0.004435021877288818 0.026315858840942365 -0.05663747787475585
v 0.003403509616851806 0.02697159576416014 -0.05414719009399413
v 0.0025290358066558834 0.02697159576416014 -0.054731494903564444
v 0.002980625391006469 0.02697159576416014 -0.054460819244384756
v 0.0030548963546752923 0.026315858840942365 -0.05737517166137694
v 0.0023172929286956784 0.026315858840942365 -0.057639091491699206
v 0.0007824540138244628 0.026315858840942365 -0.05794438934326171
v 0.0015573725700378416 0.026315858840942365 -0.05782944107055663
v 0.0015573725700378416 0.02697159576416014 -0.05513396835327147
v 0.0005258603692054747 0.02697159576416014 -0.055339149475097646
v 0.0010466563701629636 0.02697159576416014 -0.05526189804077147
v -9.224917921560326e-16 0.025406686782836897 -0.06052379608154296
v 0.002053090333938598 0.02697159576416014 -0.054956600189208976
v 0.0017099889516830442 0.027367580413818343 -0.052083625793457024
v 0.001270636439323425 0.027367580413818343 -0.05237719345092772
v 0.0014975236654281613 0.027367580413818343 -0.05224120330810546
v 0.001905986070632934 0.027367580413818343 -0.05190598678588866
v 0.0007824540138244628 0.027367580413818343 -0.05257940673828124
v 0.0002642023861408233 0.027367580413818343 -0.052682491302490225
v 0.0005258603692054747 0.027367580413818343 -0.05264367675781249
v 0.0010315122604370114 0.027367580413818343 -0.052490291595458975
v -8.59168910061908e-16 0.02697159576416014 -0.055364982604980455
v -8.91310625566327e-16 0.026315858840942365 -0.05798283004760741
v -9.52412085829246e-16 0.024252834320068344 -0.06296340942382811
v -0.005339149951934814 0.00269547128677368 -0.07684172058105468
v -0.005771187782287596 -9.59583508911899e-19 -0.07688760375976561
v -0.007944389343261717 0.00269547128677368 -0.0761891403198242
v -0.0038634517192840567 -8.427683481231112e-19 -0.07722726440429686
v -0.0019365333318710324 -7.247786173342778e-19 -0.07743173217773436
v -0.0026824920177459712 0.00269547128677368 -0.0772357940673828
v -1.129629376150909e-15 -6.062001457075434e-19 -0.07749999999999999
v -0.005261897087097167 0.00536498403549194 -0.07645334625244139
v -0.0026436786651611323 0.00536498403549194 -0.07684172058105468
v -0.007650269985198973 -1.0746440409504494e-18 -0.07641445159912108
v -0.011285340309143065 -1.2972279941046448e-18 -0.07507769775390624
v -0.013023281097412107 -1.4036461431032411e-18 -0.07422074127197265
v -0.012900987625122068 0.00269547128677368 -0.07413604736328124
v -0.014696559906005857 -1.5061049424690158e-18 -0.07324351501464842
v -0.015204612731933591 0.00269547128677368 -0.07275531005859373
v -0.009491367340087889 -1.1873788322740764e-18 -0.07581015014648436
v -0.010473119735717771 0.00269547128677368 -0.07528434753417967
v -0.012714322090148923 0.00536498403549194 -0.07378682708740233
v -0.010321582794189451 0.00536498403549194 -0.07491850280761718
v -0.0162968692779541 -1.604095643038024e-18 -0.07215089416503905
v -0.007829440593719482 0.00536498403549194 -0.07581021118164061
v -0.0051339693069458 0.007982828617095943 -0.07581021118164061
v -0.01007064342498779 0.007982828617095943 -0.07431268310546874
v -0.007639090538024901 0.007982828617095943 -0.07518270874023436
v -0.002579405307769775 0.007982828617095943 -0.0761891403198242
v -1.1155612024416059e-15 0.007982828617095943 -0.07631585693359373
v -0.00737517213821411 0.010523794174194329 -0.07431268310546874
v -0.004956598758697509 0.010523794174194329 -0.07491850280761718
v -0.01498461532592773 0.00536498403549194 -0.07242606353759765
v -0.01711059951782226 0.00536498403549194 -0.07084932708740233
v -0.017361808776855465 0.00269547128677368 -0.07115542602539061
v -0.014620307922363279 0.007982828617095943 -0.0718808364868164
v -0.012405210494995114 0.007982828617095943 -0.07320851898193358
v -0.011976629257202146 0.010523794174194329 -0.07240670013427733
v -0.016694604873657225 0.007982828617095943 -0.07034243774414062
v -0.019071798324584957 0.00536498403549194 -0.06907180023193359
v -0.018608121871948238 0.007982828617095943 -0.06860812377929686
v -0.016117832183837888 0.010523794174194329 -0.06963963317871093
v -0.01411519908905029 0.010523794174194329 -0.07112488555908202
v -0.019351800918579097 0.00269547128677368 -0.06935179901123045
v -0.009722718238830565 0.010523794174194329 -0.07347271728515624
v -0.017816265106201167 -1.6971317302611865e-18 -0.07094828796386718
v -0.01924720191955566 -1.784751359424013e-18 -0.06964167022705077
v -0.02058257484436035 -1.866519261470733e-18 -0.06823753356933593
v -0.021815753936767573 -1.9420297076196125e-18 -0.06674284362792968
v -0.02115542602539062 0.00269547128677368 -0.06736180877685545
v -0.022940616607666012 -2.01090788579149e-18 -0.06516503143310545
v -0.02275531196594238 0.00269547128677368 -0.06520461273193358
v -0.02242606163024902 0.00536498403549194 -0.06498461914062499
v -0.020849325180053706 0.00536498403549194 -0.06711059570312498
v -0.023951578140258785 -2.0728113829174393e-18 -0.0635119171142578
v -0.02484361839294433 -2.12743314955408e-18 -0.061791717529296866
v -0.024136051177978513 0.00269547128677368 -0.0629009895324707
v -0.026765005111694332 -2.245084120103571e-18 -0.05631541442871093
v -0.026189140319824212 0.00269547128677368 -0.05794438934326171
v -0.02625383377075195 -2.21378392336192e-18 -0.05818451309204101
v -0.025284347534179682 0.00269547128677368 -0.06047311782836913
v -0.024918504714965817 0.00536498403549194 -0.06032158279418944
v -0.02561230850219726 -2.1745017116418178e-18 -0.06001297378540038
v -0.027143289566040035 -2.268247294837424e-18 -0.05441495895385741
v -0.02684171867370605 0.00269547128677368 -0.055339149475097646
v -0.023786823272705072 0.00536498403549194 -0.0627143211364746
v -0.020342433929443356 0.007982828617095943 -0.06669460296630858
v -0.023208515167236324 0.007982828617095943 -0.06240520858764647
v -0.0218808364868164 0.007982828617095943 -0.06462030792236327
v -0.019639635086059565 0.010523794174194329 -0.06611782836914061
v -0.022406698226928708 0.010523794174194329 -0.061976631164550766
v -0.02112488746643066 0.010523794174194329 -0.06411519622802733
v -0.024312683105468746 0.007982828617095943 -0.060070644378662094
v -0.025810207366943356 0.00536498403549194 -0.05782944107055663
v -0.026453344345092767 0.00536498403549194 -0.05526189804077147
v -0.02723579788208007 0.00269547128677368 -0.052682491302490225
v -0.02684171867370605 0.00536498403549194 -0.05264367675781249
v -0.02518270683288574 0.007982828617095943 -0.057639091491699206
v -0.025810207366943356 0.007982828617095943 -0.05513396835327147
v -0.026189140319824212 0.007982828617095943 -0.05257940673828124
v -0.024312683105468746 0.010523794174194329 -0.05737517166137694
v -0.027367580413818354 0.00269547128677368 -0.04999999999999999
v -0.02697159576416015 0.00536498403549194 -0.04999999999999999
v -0.02347271919250488 0.010523794174194329 -0.05972271728515624
v -0.02738680458068847 -2.2831582510826518e-18 -0.05249258804321288
v -0.01796524047851562 0.010523794174194329 -0.06796524047851561
v -0.0024902908802032467 0.010523794174194329 -0.07528434753417967
v -0.004731493473052978 0.012963410377502434 -0.07378682708740233
v -0.002377193450927734 0.012963410377502434 -0.07413604736328124
v -0.004460821151733398 0.015278181076049795 -0.07242606353759765
v -0.007040226459503173 0.012963410377502434 -0.07320851898193358
v -0.009281158447265623 0.012963410377502434 -0.07240670013427733
v -0.006637479305267333 0.015278181076049795 -0.0718808364868164
v -0.01143270683288574 0.012963410377502434 -0.07138909149169921
v -0.015385835647583005 0.012963410377502434 -0.06874769592285154
v -0.013474153518676755 0.012963410377502434 -0.07016549682617186
v -0.010778681755065916 0.015278181076049795 -0.07016549682617186
v -0.014505664825439451 0.015278181076049795 -0.06767520141601562
v -0.012703343391418454 0.015278181076049795 -0.0690118942260742
v -0.017149343490600582 0.012963410377502434 -0.0671493453979492
v -0.008750215530395506 0.015278181076049795 -0.07112488555908202
v -1.0735906521425196e-15 0.015278181076049795 -0.07286541748046874
v -0.002241202592849731 0.015278181076049795 -0.07275531005859373
v -0.004147188663482665 0.01744581604003905 -0.07084932708740233
v -0.0020836274623870846 0.01744581604003905 -0.07115542602539061
v -0.006170809745788573 0.01744581604003905 -0.07034243774414062
v -0.003793616533279418 0.01944543647766112 -0.06907180023193359
v -0.010020852088928221 0.01744581604003905 -0.06874769592285154
v -0.013485797882080075 0.01744581604003905 -0.06643249511718749
v -0.011810194015502927 0.01744581604003905 -0.06767520141601562
v -0.008135003089904783 0.01744581604003905 -0.06963963317871093
v -0.007441446304321288 0.01944543647766112 -0.06796524047851561
v -0.010803305625915525 0.01944543647766112 -0.0661682891845703
v -0.012336053848266599 0.01944543647766112 -0.06503152465820311
v -0.009166515350341796 0.01944543647766112 -0.0671493453979492
v -0.01616828918457031 0.015278181076049795 -0.0661682891845703
v -0.015031525611877438 0.01744581604003905 -0.06503152465820311
v -0.005644712448120116 0.01944543647766112 -0.06860812377929686
v -0.018747694015502928 0.012963410377502434 -0.06538583374023436
v -0.021389091491699215 0.012963410377502434 -0.06143270874023436
v -0.02016549491882324 0.012963410377502434 -0.0634741516113281
v -0.017675205230712886 0.015278181076049795 -0.06450566864013671
v -0.02016549491882324 0.015278181076049795 -0.06077868270874022
v -0.01901189804077148 0.015278181076049795 -0.06270334243774413
v -0.022406698226928708 0.012963410377502434 -0.059281158447265614
v -0.023208515167236324 0.012963410377502434 -0.057040225982666004
v -0.024918504714965817 0.010523794174194329 -0.054956600189208976
v -0.025284347534179682 0.010523794174194329 -0.052490291595458975
v -0.0218808364868164 0.015278181076049795 -0.05663747787475585
v -0.023786823272705072 0.012963410377502434 -0.054731494903564444
v -0.024136051177978513 0.012963410377502434 -0.05237719345092772
v -0.02631585884094238 0.007982828617095943 -0.04999999999999999
v -0.025406686782836908 0.010523794174194329 -0.04999999999999999
v -0.02112488746643066 0.015278181076049795 -0.05875021362304687
v -0.01643249130249023 0.01744581604003905 -0.06348579788208007
v -0.018747694015502928 0.01744581604003905 -0.06002085113525389
v -0.017675205230712886 0.01744581604003905 -0.061810192108154284
v -0.015031525611877438 0.01944543647766112 -0.062336055755615224
v -0.017149343490600582 0.01944543647766112 -0.059166515350341786
v -0.01616828918457031 0.01944543647766112 -0.06080330657958983
v -0.019639635086059565 0.01744581604003905 -0.058135002136230456
v -0.020342433929443356 0.01744581604003905 -0.05617081069946288
v -0.02242606163024902 0.015278181076049795 -0.054460819244384756
v -0.02275531196594238 0.015278181076049795 -0.05224120330810546
v -0.018608121871948238 0.01944543647766112 -0.055644710540771476
v -0.02115542602539062 0.01744581604003905 -0.052083625793457024
v -0.020849325180053706 0.01744581604003905 -0.05414719009399413
v -0.019071798324584957 0.01944543647766112 -0.053793617248535146
v -0.024252834320068355 0.012963410377502434 -0.04999999999999999
v -0.02286541366577148 0.015278181076049795 -0.04999999999999999
v -0.01796524047851562 0.01944543647766112 -0.05744144821166991
v -0.013749999999999997 0.01944543647766112 -0.06374999999999999
v -0.02749434089660644 -2.289743085214607e-18 -0.05055783462524413
v -0.027300027847290034 -2.277844813404526e-18 -0.04668964767456054
v -0.02699914169311523 -2.2594207880105605e-18 -0.044775413513183586
v -0.02684171867370605 0.00269547128677368 -0.04466085052490233
v -0.027465368270874018 -2.2879689747065827e-18 -0.0486203155517578
v -0.02723579788208007 0.00269547128677368 -0.04731750869750976
v -0.026453344345092767 0.00536498403549194 -0.044738101959228505
v -0.02684171867370605 0.00536498403549194 -0.04735632324218749
v -0.026564203262329097 -2.2327885898412276e-18 -0.04288711929321288
v -0.025284347534179682 0.00269547128677368 -0.039526882171630855
v -0.024479930877685543 -2.1051635945795806e-18 -0.03747071456909179
v -0.024136051177978513 0.00269547128677368 -0.03709901046752929
v -0.02530146408081054 -2.1554680342840664e-18 -0.039225681304931634
v -0.026189140319824212 0.00269547128677368 -0.042055610656738275
v -0.025997373580932612 -2.198080144278062e-18 -0.041034141540527334
v -0.02275531196594238 0.00269547128677368 -0.0347953872680664
v -0.0235368537902832 -2.047416911642282e-18 -0.03577795791625976
v -0.022476915359497068 -1.982514282608342e-18 -0.03415581512451171
v -0.024918504714965817 0.00536498403549194 -0.039678417205810536
v -0.025810207366943356 0.00536498403549194 -0.04217055892944335
v -0.026189140319824212 0.007982828617095943 -0.04742059326171874
v -0.02518270683288574 0.007982828617095943 -0.04236090850830077
v -0.025810207366943356 0.007982828617095943 -0.044866031646728505
v -0.025284347534179682 0.010523794174194329 -0.04750970840454101
v -0.024918504714965817 0.010523794174194329 -0.04504339981079101
v -0.023786823272705072 0.00536498403549194 -0.037285678863525386
v -0.02242606163024902 0.00536498403549194 -0.03501538467407226
v -0.023208515167236324 0.007982828617095943 -0.03759479141235351
v -0.024312683105468746 0.010523794174194329 -0.042624828338623036
v -0.024312683105468746 0.007982828617095943 -0.039929355621337884
v -0.0218808364868164 0.007982828617095943 -0.035379692077636714
v -0.020342433929443356 0.007982828617095943 -0.0333053970336914
v -0.020849325180053706 0.00536498403549194 -0.03288940048217773
v -0.022406698226928708 0.010523794174194329 -0.03802336883544921
v -0.02347271919250488 0.010523794174194329 -0.040277282714843744
v -0.020896001815795893 0.004156473159790036 -0.03261233520507812
v -0.02112488746643066 0.010523794174194329 -0.035884799957275386
v -0.02120278739929199 0.0020882923603057846 -0.03261233520507812
v -0.02115542602539062 0.00269547128677368 -0.03263819122314453
v -0.021126091003417963 0.0026053376197814923 -0.03261233520507812
v -0.02104939460754394 0.0031223826408386213 -0.03261233520507812
v -0.020641988754272457 0.0051705489158630335 -0.03261233520507812
v -0.02038797569274902 0.006184624671936032 -0.03261233520507812
v -0.01968360328674316 0.00815321540832519 -0.03261233520507812
v -0.019639635086059565 0.010523794174194329 -0.0338821678161621
v -0.021305377960205076 6.983779767969006e-19 -0.03261233520507812
v -0.018789665222167965 0.010043285369873041 -0.03261233520507812
v -0.023786823272705072 0.012963410377502434 -0.04526850509643554
v -0.022406698226928708 0.012963410377502434 -0.040718841552734364
v -0.023208515167236324 0.012963410377502434 -0.042959774017333974
v -0.024136051177978513 0.012963410377502434 -0.04762280654907226
v -0.02275531196594238 0.015278181076049795 -0.04775879669189452
v -0.0218808364868164 0.015278181076049795 -0.043362522125244135
v -0.02242606163024902 0.015278181076049795 -0.04553918075561523
v -0.02016549491882324 0.012963410377502434 -0.036525848388671865
v -0.018747694015502928 0.012963410377502434 -0.03461416625976562
v -0.017714775085449216 0.011836633682250968 -0.03261233520507812
v -0.021389091491699215 0.012963410377502434 -0.038567291259765615
v -0.02016549491882324 0.015278181076049795 -0.03922131729125976
v -0.017675205230712886 0.015278181076049795 -0.03549433517456054
v -0.01901189804077148 0.015278181076049795 -0.03729665756225585
v -0.017149343490600582 0.012963410377502434 -0.03285065460205078
v -0.01616828918457031 0.015278181076049795 -0.03383171081542968
v -0.02112488746643066 0.015278181076049795 -0.04124978637695312
v -0.02115542602539062 0.01744581604003905 -0.04791637420654296
v -0.020342433929443356 0.01744581604003905 -0.0438291893005371
v -0.020849325180053706 0.01744581604003905 -0.04585280990600585
v -0.02125778770446777 0.01744581604003905 -0.04999999999999999
v -0.01944543647766113 0.01944543647766112 -0.04999999999999999
v -0.019071798324584957 0.01944543647766112 -0.04620638275146483
v -0.019351800918579097 0.01944543647766112 -0.04809401321411132
v -0.018747694015502928 0.01744581604003905 -0.039979148864746086
v -0.01643249130249023 0.01744581604003905 -0.03651420211791991
v -0.017675205230712886 0.01744581604003905 -0.038189807891845694
v -0.019639635086059565 0.01744581604003905 -0.04186499786376952
v -0.01796524047851562 0.01944543647766112 -0.04255855178833007
v -0.01616828918457031 0.01944543647766112 -0.03919669342041015
v -0.015031525611877438 0.01944543647766112 -0.03766394424438476
v -0.017149343490600582 0.01944543647766112 -0.0408334846496582
v -0.015031525611877438 0.01744581604003905 -0.03496847534179687
v -0.018608121871948238 0.01944543647766112 -0.04435528945922851
v -0.017092027664184568 0.012676311492919914 -0.03261233520507812
v -0.01646928024291992 0.013515989303588858 -0.03261233520507812
v -0.015065177917480466 0.015065177917480459 -0.03261233520507812
v -0.014290583610534665 0.015767229080200184 -0.03261233520507812
v -0.013485797882080075 0.01744581604003905 -0.03356750869750976
v -0.012336053848266599 0.01944543647766112 -0.03496847534179687
v -0.011836633682250974 0.01771477508544921 -0.03261233520507812
v -0.013515989303588865 0.016469280242919913 -0.03261233520507812
v -0.013749999999999997 0.01944543647766112 -0.03624999999999999
v -0.019351800918579097 0.01944543647766112 -0.05190598678588866
v -0.001905986070632934 0.01944543647766112 -0.06935179901123045
v -0.003403509616851806 0.02125778770446776 -0.06711059570312498
v -0.006676224708557128 0.02125778770446776 -0.06611782836914061
v -0.005064252853393554 0.02125778770446776 -0.06669460296630858
v -0.0017099889516830442 0.02125778770446776 -0.06736180877685545
v -0.004435021877288818 0.02286541366577147 -0.06462030792236327
v -0.002980625391006469 0.02286541366577147 -0.06498461914062499
v -0.009692376136779783 0.02125778770446776 -0.06450566864013671
v -0.012336053848266599 0.02125778770446776 -0.062336055755615224
v -0.011067507743835447 0.02125778770446776 -0.06348579788208007
v -0.008223900794982909 0.02125778770446776 -0.06538583374023436
v -0.007202085018157957 0.02286541366577147 -0.0634741516113281
v -0.009692376136779783 0.02286541366577147 -0.061810192108154284
v -0.00848810291290283 0.02286541366577147 -0.06270334243774413
v -0.005846706867218016 0.02286541366577147 -0.06411519622802733
v -0.0014975236654281613 0.02286541366577147 -0.06520461273193358
v -0.0037630794048309317 0.024252834320068344 -0.06240520858764647
v -0.0025290358066558834 0.024252834320068344 -0.0627143211364746
v -0.001270636439323425 0.024252834320068344 -0.0629009895324707
v -0.0030548963546752923 0.025406686782836897 -0.060070644378662094
v -0.002053090333938598 0.025406686782836897 -0.06032158279418944
v -0.004960882186889648 0.024252834320068344 -0.061976631164550766
v -0.0061109094619750965 0.024252834320068344 -0.06143270874023436
v -0.007202085018157957 0.024252834320068344 -0.06077868270874022
v -0.004960882186889648 0.025406686782836897 -0.059281158447265614
v -0.008223900794982909 0.024252834320068344 -0.06002085113525389
v -0.009166515350341796 0.024252834320068344 -0.059166515350341786
v -0.010803305625915525 0.02286541366577147 -0.06080330657958983
v -0.006676224708557128 0.025406686782836897 -0.058135002136230456
v -0.005846706867218016 0.025406686782836897 -0.05875021362304687
v -0.004027281761169433 0.025406686782836897 -0.05972271728515624
v -0.013485797882080075 0.02125778770446776 -0.06106750869750975
v -0.014505664825439451 0.02125778770446776 -0.05969237518310546
v -0.016117832183837888 0.02125778770446776 -0.0566762237548828
v -0.015385835647583005 0.02125778770446776 -0.05822389984130858
v -0.012703343391418454 0.02286541366577147 -0.0584881019592285
v -0.01411519908905029 0.02286541366577147 -0.05584670639038085
v -0.013474153518676755 0.02286541366577147 -0.057202083587646474
v -0.016694604873657225 0.02125778770446776 -0.05506425476074218
v -0.011810194015502927 0.02286541366577147 -0.05969237518310546
v -0.01711059951782226 0.02125778770446776 -0.053403511047363274
v -0.01744581604003906 0.02125778770446776 -0.04999999999999999
v -0.017361808776855465 0.02125778770446776 -0.05170998764038085
v -0.01498461532592773 0.02286541366577147 -0.05298062515258788
v -0.015278181076049802 0.02286541366577147 -0.04999999999999999
v -0.015204612731933591 0.02286541366577147 -0.0514975242614746
v -0.017361808776855465 0.02125778770446776 -0.04829001235961913
v -0.014620307922363279 0.02286541366577147 -0.05443502044677733
v -0.010020852088928221 0.024252834320068344 -0.05822389984130858
v -0.01143270683288574 0.024252834320068344 -0.05611090850830077
v -0.010778681755065916 0.024252834320068344 -0.057202083587646474
v -0.008135003089904783 0.025406686782836897 -0.0566762237548828
v -0.009281158447265623 0.025406686782836897 -0.05496088409423827
v -0.008750215530395506 0.025406686782836897 -0.05584670639038085
v -0.011976629257202146 0.024252834320068344 -0.05496088409423827
v -0.012405210494995114 0.024252834320068344 -0.05376308059692382
v -0.012900987625122068 0.024252834320068344 -0.05127063751220702
v -0.012714322090148923 0.024252834320068344 -0.052529037475585925
v -0.01007064342498779 0.025406686782836897 -0.0530548973083496
v -0.012963410377502439 0.024252834320068344 -0.04999999999999999
v -0.010523794174194334 0.025406686782836897 -0.04999999999999999
v -0.010473119735717771 0.025406686782836897 -0.05103151321411132
v -0.010321582794189451 0.025406686782836897 -0.05205308914184569
v -0.009722718238830565 0.025406686782836897 -0.05402728271484374
v -0.015204612731933591 0.02286541366577147 -0.04850247573852538
v -0.007441446304321288 0.025406686782836897 -0.05744144821166991
v -0.0010315122604370114 0.025406686782836897 -0.06047311782836913
v -0.0015573725700378416 0.026315858840942365 -0.05782944107055663
v -0.0007824540138244628 0.026315858840942365 -0.05794438934326171
v -0.0010466563701629636 0.02697159576416014 -0.05526189804077147
v -0.0023172929286956784 0.026315858840942365 -0.057639091491699206
v -0.0030548963546752923 0.026315858840942365 -0.05737517166137694
v -0.0015573725700378416 0.02697159576416014 -0.05513396835327147
v -0.0037630794048309317 0.026315858840942365 -0.057040225982666004
v -0.005064252853393554 0.026315858840942365 -0.05617081069946288
v -0.004435021877288818 0.026315858840942365 -0.05663747787475585
v -0.0025290358066558834 0.02697159576416014 -0.054731494903564444
v -0.003403509616851806 0.02697159576416014 -0.05414719009399413
v -0.002980625391006469 0.02697159576416014 -0.054460819244384756
v -0.005644712448120116 0.026315858840942365 -0.055644710540771476
v -0.002053090333938598 0.02697159576416014 -0.054956600189208976
v -0.0005258603692054747 0.02697159576416014 -0.055339149475097646
v -0.0002642023861408233 0.027367580413818343 -0.052682491302490225
v -0.0005258603692054747 0.027367580413818343 -0.05264367675781249
v -8.263760769428028e-16 0.027367580413818343 -0.05269547271728515
v -0.0007824540138244628 0.027367580413818343 -0.05257940673828124
v -0.0010315122604370114 0.027367580413818343 -0.052490291595458975
v -0.0014975236654281613 0.027367580413818343 -0.05224120330810546
v -0.001270636439323425 0.027367580413818343 -0.05237719345092772
v -0.0017099889516830442 0.027367580413818343 -0.052083625793457024
v -0.003793616533279418 0.02697159576416014 -0.053793617248535146
v -0.006170809745788573 0.026315858840942365 -0.05506425476074218
v -0.007040226459503173 0.026315858840942365 -0.05376308059692382
v -0.006637479305267333 0.026315858840942365 -0.05443502044677733
v -0.004147188663482665 0.02697159576416014 -0.053403511047363274
v -0.004731493473052978 0.02697159576416014 -0.052529037475585925
v -0.004460821151733398 0.02697159576416014 -0.05298062515258788
v -0.00737517213821411 0.026315858840942365 -0.0530548973083496
v -0.007639090538024901 0.026315858840942365 -0.052317291259765614
v -0.007944389343261717 0.026315858840942365 -0.050782455444335926
v -0.007829440593719482 0.026315858840942365 -0.05155737304687499
v -0.0051339693069458 0.02697159576416014 -0.05155737304687499
v -0.005339149951934814 0.02697159576416014 -0.05052585983276366
v -0.005261897087097167 0.02697159576416014 -0.05104665756225585
v -0.007982828617095946 0.026315858840942365 -0.04999999999999999
v -0.004956598758697509 0.02697159576416014 -0.05205308914184569
v -0.0020836274623870846 0.027367580413818343 -0.05170998764038085
v -0.002377193450927734 0.027367580413818343 -0.05127063751220702
v -0.002241202592849731 0.027367580413818343 -0.0514975242614746
v -0.001905986070632934 0.027367580413818343 -0.05190598678588866
v -0.002579405307769775 0.027367580413818343 -0.050782455444335926
v -0.0026824920177459712 0.027367580413818343 -0.05026420211791991
v -0.0026436786651611323 0.027367580413818343 -0.05052585983276366
v -0.0024902908802032467 0.027367580413818343 -0.05103151321411132
v -0.0053649840354919424 0.02697159576416014 -0.04999999999999999
v -0.0026954712867736813 0.027367580413818343 -0.04999999999999999
v -0.01711059951782226 0.02125778770446776 -0.04659648895263671
v -0.016117832183837888 0.02125778770446776 -0.04332377624511718
v -0.016694604873657225 0.02125778770446776 -0.0449357452392578
v -0.01498461532592773 0.02286541366577147 -0.0470193748474121
v -0.01411519908905029 0.02286541366577147 -0.04415329360961913
v -0.014620307922363279 0.02286541366577147 -0.04556497955322265
v -0.015385835647583005 0.02125778770446776 -0.0417761001586914
v -0.014505664825439451 0.02125778770446776 -0.040307624816894524
v -0.012336053848266599 0.02125778770446776 -0.03766394424438476
v -0.013485797882080075 0.02125778770446776 -0.03893249130249023
v -0.012703343391418454 0.02286541366577147 -0.041511898040771475
v -0.010803305625915525 0.02286541366577147 -0.03919669342041015
v -0.011810194015502927 0.02286541366577147 -0.040307624816894524
v -0.011067507743835447 0.02125778770446776 -0.03651420211791991
v -0.013474153518676755 0.02286541366577147 -0.042797916412353504
v -0.012714322090148923 0.024252834320068344 -0.04747096252441405
v -0.011976629257202146 0.024252834320068344 -0.04503911590576171
v -0.012405210494995114 0.024252834320068344 -0.046236919403076164
v -0.012900987625122068 0.024252834320068344 -0.04872936248779296
v -0.010473119735717771 0.025406686782836897 -0.048968486785888665
v -0.01007064342498779 0.025406686782836897 -0.04694510269165038
v -0.010321582794189451 0.025406686782836897 -0.047946910858154286
v -0.010778681755065916 0.024252834320068344 -0.042797916412353504
v -0.009166515350341796 0.024252834320068344 -0.0408334846496582
v -0.010020852088928221 0.024252834320068344 -0.0417761001586914
v -0.01143270683288574 0.024252834320068344 -0.04388909149169921
v -0.009281158447265623 0.025406686782836897 -0.04503911590576171
v -0.008135003089904783 0.025406686782836897 -0.04332377624511718
v -0.007441446304321288 0.025406686782836897 -0.04255855178833007
v -0.008750215530395506 0.025406686782836897 -0.04415329360961913
v -0.009692376136779783 0.02286541366577147 -0.038189807891845694
v -0.008223900794982909 0.024252834320068344 -0.039979148864746086
v -0.009722718238830565 0.025406686782836897 -0.04597271728515624
v -0.010803305625915525 0.01944543647766112 -0.03383171081542968
v -0.010043285369873044 0.018789665222167958 -0.03261233520507812
v -0.009166515350341796 0.01944543647766112 -0.03285065460205078
v -0.009692376136779783 0.02125778770446776 -0.03549433517456054
v -0.008223900794982909 0.02125778770446776 -0.03461416625976562
v -0.008153215408325193 0.01968360328674315 -0.03261233520507812
v -0.00909825038909912 0.019236633300781236 -0.03261233520507812
v -0.006184624671936034 0.02038797569274901 -0.03261233520507812
v -0.006676224708557128 0.02125778770446776 -0.0338821678161621
v -0.007168920040130614 0.020035789489746082 -0.03261233520507812
v -0.004156473159790038 0.020896001815795887 -0.03261233520507812
v -0.005064252853393554 0.02125778770446776 -0.0333053970336914
v -0.005170548915863036 0.020641988754272447 -0.03261233520507812
v -0.002088292360305786 0.02120278739929198 -0.03261233520507812
v -0.003403509616851806 0.02125778770446776 -0.03288940048217773
v -0.0031223826408386226 0.02104939460754393 -0.03261233520507812
v -0.00848810291290283 0.02286541366577147 -0.03729665756225585
v -0.007202085018157957 0.02286541366577147 -0.036525848388671865
v -0.007202085018157957 0.024252834320068344 -0.03922131729125976
v -0.005846706867218016 0.025406686782836897 -0.04124978637695312
v -0.0061109094619750965 0.024252834320068344 -0.038567291259765615
v -0.005846706867218016 0.02286541366577147 -0.035884799957275386
v -0.004960882186889648 0.024252834320068344 -0.03802336883544921
v -0.004960882186889648 0.025406686782836897 -0.040718841552734364
v -0.004435021877288818 0.02286541366577147 -0.035379692077636714
v -0.002980625391006469 0.02286541366577147 -0.03501538467407226
v -0.0017099889516830442 0.02125778770446776 -0.03263819122314453
v -0.0037630794048309317 0.024252834320068344 -0.03759479141235351
v -0.0025290358066558834 0.024252834320068344 -0.037285678863525386
v -0.0015662193298339841 0.02122843551635741 -0.03261233520507812
v -0.004027281761169433 0.025406686782836897 -0.040277282714843744
v -0.006676224708557128 0.025406686782836897 -0.04186499786376952
v -0.007944389343261717 0.026315858840942365 -0.04921754455566405
v -0.007639090538024901 0.026315858840942365 -0.047682708740234364
v -0.007829440593719482 0.026315858840942365 -0.04844262695312499
v -0.005339149951934814 0.02697159576416014 -0.04947414016723632
v -0.0051339693069458 0.02697159576416014 -0.04844262695312499
v -0.005261897087097167 0.02697159576416014 -0.04895334243774413
v -0.00737517213821411 0.026315858840942365 -0.04694510269165038
v -0.007040226459503173 0.026315858840942365 -0.046236919403076164
v -0.006170809745788573 0.026315858840942365 -0.0449357452392578
v -0.006637479305267333 0.026315858840942365 -0.04556497955322265
v -0.004731493473052978 0.02697159576416014 -0.04747096252441405
v -0.005644712448120116 0.026315858840942365 -0.04435528945922851
v -0.004460821151733398 0.02697159576416014 -0.0470193748474121
v -0.004956598758697509 0.02697159576416014 -0.047946910858154286
v -0.0026824920177459712 0.027367580413818343 -0.04973579788208007
v -0.002579405307769775 0.027367580413818343 -0.04921754455566405
v -0.0026436786651611323 0.027367580413818343 -0.04947414016723632
v -0.0024902908802032467 0.027367580413818343 -0.048968486785888665
v -0.002377193450927734 0.027367580413818343 -0.04872936248779296
v -0.004147188663482665 0.02697159576416014 -0.04659648895263671
v -0.002241202592849731 0.027367580413818343 -0.04850247573852538
v -0.0020836274623870846 0.027367580413818343 -0.04829001235961913
v -0.001905986070632934 0.027367580413818343 -0.04809401321411132
v -0.003793616533279418 0.02697159576416014 -0.04620638275146483
v -0.004435021877288818 0.026315858840942365 -0.043362522125244135
v -0.0030548963546752923 0.026315858840942365 -0.042624828338623036
v -0.0037630794048309317 0.026315858840942365 -0.042959774017333974
v -0.005064252853393554 0.026315858840942365 -0.0438291893005371
v -0.003403509616851806 0.02697159576416014 -0.04585280990600585
v -0.0025290358066558834 0.02697159576416014 -0.04526850509643554
v -0.002980625391006469 0.02697159576416014 -0.04553918075561523
v -0.0023172929286956784 0.026315858840942365 -0.04236090850830077
v -0.0030548963546752923 0.025406686782836897 -0.039929355621337884
v -0.002053090333938598 0.025406686782836897 -0.039678417205810536
v -0.0015573725700378416 0.02697159576416014 -0.044866031646728505
v -0.0015573725700378416 0.026315858840942365 -0.04217055892944335
v -0.0010466563701629636 0.02697159576416014 -0.044738101959228505
v -0.002053090333938598 0.02697159576416014 -0.04504339981079101
v -0.0017099889516830442 0.027367580413818343 -0.04791637420654296
v -0.001270636439323425 0.027367580413818343 -0.04762280654907226
v -0.0014975236654281613 0.027367580413818343 -0.04775879669189452
v -0.0010315122604370114 0.027367580413818343 -0.04750970840454101
v -0.0007824540138244628 0.027367580413818343 -0.04742059326171874
v -0.0005258603692054747 0.027367580413818343 -0.04735632324218749
v 0.020641988754272457 0.0051705489158630335 -0.03261233520507812
v 0.015904652595520017 0.0007813454866409297 -0.0063930025100708
v 0.015906982421874997 3.6782159565567675e-19 -0.0024999999999999996
v 0.016131221771240233 3.8155234383780374e-19 -0.010229892730712889
v 0.015923833847045897 3.688534406041101e-19 -0.0063930025100708
v 0.0158471565246582 0.0015608086585998525 -0.0063930025100708
v 0.015617861747741697 0.0031065857410430887 -0.0063930025100708
v 0.015751482009887692 0.002336511611938475 -0.0063930025100708
v 0.01595662689208984 0.002366941928863524 -0.010229892730712889
v 0.015446616172790525 0.0038691759109497044 -0.0063930025100708
v 0.016053546905517576 0.0015811363458633414 -0.010229892730712889
v 0.016528129577636715 4.0585594255601618e-19 -0.014051829338073727
v 0.016111791610717772 0.000791521549224853 -0.010229892730712889
v 0.016349239349365233 0.0024251804351806626 -0.014051829338073727
v 0.01644854354858398 0.0016200400590896597 -0.014051829338073727
v 0.015647789955139157 0.003919567346572873 -0.010229892730712889
v 0.016032802581787107 0.0040160079002380345 -0.014051829338073727
v 0.015821265220642085 0.003147045373916624 -0.010229892730712889
v 0.015436617851257321 0.004682646751403806 -0.010229892730712889
v 0.015238159179687497 0.004622445106506345 -0.0063930025100708
v 0.01621054649353027 0.003224478244781492 -0.014051829338073727
v 0.014992991447448728 0.005364577770233151 -0.0063930025100708
v 0.01490330600738525 0.0061731514930725056 -0.010229892730712889
v 0.014711704254150387 0.006093787193298336 -0.0063930025100708
v 0.014394974708557126 0.006808316230773922 -0.0063930025100708
v 0.015188257217407224 0.005434445381164547 -0.010229892730712889
v 0.013658328056335446 0.008186486244201655 -0.0063930025100708
v 0.014043567657470701 0.007506443023681636 -0.0063930025100708
v 0.014226468086242674 0.007604205608367915 -0.010229892730712889
v 0.01458245277404785 0.006896986484527584 -0.010229892730712889
v 0.01556196308135986 0.0055681595802307094 -0.014051829338073727
v 0.014941252708435056 0.0070666861534118604 -0.014051829338073727
v 0.015270001411437984 0.0063250417709350545 -0.014051829338073727
v 0.013836211204528806 0.008293106079101557 -0.010229892730712889
v 0.013240183830261229 0.00884680843353271 -0.0063930025100708
v 0.012790143013000486 0.0094858169555664 -0.0063930025100708
v 0.012956719398498533 0.0096093578338623 -0.010229892730712889
v 0.012309289932250974 0.010101973533630364 -0.0063930025100708
v 0.013412621498107907 0.008962027549743647 -0.010229892730712889
v 0.012469603538513181 0.010233539581298821 -0.010229892730712889
v 0.01581643486022949 0.004797863006591794 -0.014051829338073727
v 0.017113586425781247 4.417047326942027e-19 -0.017849458694458004
v 0.01650822257995605 0.0008109969496726985 -0.014051829338073727
v 0.016928356170654295 0.002511084556579588 -0.017849458694458004
v 0.017031179428100583 0.0016774247884750355 -0.017849458694458004
v 0.016600713729858396 0.0041582622528076145 -0.017849458694458004
v 0.01611319541931152 0.005765393257141109 -0.017849458694458004
v 0.016376680374145504 0.004967811584472653 -0.017849458694458004
v 0.016784753799438473 0.0033386950492858866 -0.017849458694458004
v 0.017886156082153316 4.890109669329837e-19 -0.021613481521606442
v 0.017092971801757808 0.0008397238254547114 -0.017849458694458004
v 0.017692564010620113 0.0026244440078735335 -0.021613481521606442
v 0.017800027847290036 0.0017531498670577991 -0.021613481521606442
v 0.017350130081176755 0.004345981121063229 -0.021613481521606442
v 0.016840602874755858 0.0060256643295288044 -0.021613481521606442
v 0.01711598396301269 0.00519207668304443 -0.021613481521606442
v 0.017542478561401363 0.0034894158840179422 -0.021613481521606442
v 0.015810892105102534 0.006549085617065425 -0.017849458694458004
v 0.015092835426330563 0.008067288398742671 -0.017849458694458004
v 0.014576509475708006 0.007791306972503657 -0.014051829338073727
v 0.014176650047302243 0.008497157096862787 -0.014051829338073727
v 0.01547049808502197 0.007317000865936275 -0.017849458694458004
v 0.013275519371032713 0.009845795631408685 -0.014051829338073727
v 0.013742638587951658 0.009182537078857416 -0.014051829338073727
v 0.012776417732238768 0.010485335350036614 -0.014051829338073727
v 0.014678812026977536 0.008798141479492183 -0.017849458694458004
v 0.015774180412292477 0.008431475639343256 -0.021613481521606442
v 0.016168893814086913 0.007647316932678218 -0.021613481521606442
v 0.013745760917663571 0.010194551467895501 -0.017849458694458004
v 0.014871794700622555 0.009937015533447259 -0.021613481521606442
v 0.014229426383972165 0.009507799148559565 -0.017849458694458004
v 0.01436629486083984 0.010654769897460932 -0.021613481521606442
v 0.013228981018066403 0.01085674381256103 -0.017849458694458004
v 0.015341466903686521 0.009195322036743158 -0.021613481521606442
v 0.016524652481079097 0.006844735145568844 -0.021613481521606442
v 0.01195244789123535 0.01083306694030761 -0.010229892730712889
v 0.01179878234863281 0.010693793296813959 -0.0063930025100708
v 0.011406497001647947 0.011406497001647942 -0.010229892730712889
v 0.011259850502014158 0.011259850502014153 -0.0063930025100708
v 0.010693793296813962 0.011798782348632806 -0.0063930025100708
v 0.01010197353363037 0.012309289932250968 -0.0063930025100708
v 0.008186486244201659 0.01365832805633544 -0.0063930025100708
v 0.009485816955566405 0.01279014301300048 -0.0063930025100708
v 0.010833066940307615 0.011952447891235344 -0.010229892730712889
v 0.010233539581298827 0.012469603538513176 -0.010229892730712889
v 0.01109961414337158 0.012246537208557121 -0.014051829338073727
v 0.011687152862548825 0.011687152862548822 -0.014051829338073727
v 0.009609357833862303 0.012956719398498528 -0.010229892730712889
v 0.008846808433532713 0.013240183830261222 -0.0063930025100708
v 0.00829310607910156 0.0138362112045288 -0.010229892730712889
v 0.00896202754974365 0.013412621498107902 -0.010229892730712889
v 0.01048533535003662 0.012776417732238761 -0.014051829338073727
v 0.007506443023681639 0.014043567657470694 -0.0063930025100708
v 0.012246537208557126 0.011099614143371576 -0.014051829338073727
v 0.006808316230773924 0.01439497470855712 -0.0063930025100708
v 0.006896986484527586 0.014582452774047842 -0.010229892730712889
v 0.006093787193298339 0.014711704254150382 -0.0063930025100708
v 0.005364577770233153 0.014992991447448721 -0.0063930025100708
v 0.007604205608367919 0.014226468086242667 -0.010229892730712889
v 0.002336511611938476 0.015751482009887685 -0.0063930025100708
v 0.003869175910949706 0.015446616172790518 -0.0063930025100708
v 0.00078134548664093 0.01590465259552001 -0.0063930025100708
v 0.00543444538116455 0.015188257217407217 -0.010229892730712889
v 0.0046224451065063465 0.01523815917968749 -0.0063930025100708
v 0.003919567346572875 0.01564778995513915 -0.010229892730712889
v 0.0031065857410430904 0.01561786174774169 -0.0063930025100708
v 0.004682646751403808 0.015436617851257314 -0.010229892730712889
v 0.0023669419288635247 0.015956626892089834 -0.010229892730712889
v 0.0015608086585998532 0.015847156524658193 -0.0063930025100708
v 0.0007915215492248533 0.016111791610717765 -0.010229892730712889
v -2.6113733029263503e-16 0.01592383384704589 -0.0063930025100708
v 0.001581136345863342 0.01605354690551757 -0.010229892730712889
v 0.0031470453739166253 0.01582126522064208 -0.010229892730712889
v -0.00078134548664093 0.01590465259552001 -0.0063930025100708
v 0.006173151493072508 0.014903306007385245 -0.010229892730712889
v -3.078354357446272e-16 0.016131221771240226 -0.010229892730712889
v 0.00918253707885742 0.01374263858795165 -0.014051829338073727
v 0.00984579563140869 0.013275519371032706 -0.014051829338073727
v 0.008497157096862792 0.014176650047302237 -0.014051829338073727
v 0.007066686153411864 0.014941252708435049 -0.014051829338073727
v 0.0077913069725036605 0.014576509475707999 -0.014051829338073727
v 0.006325041770935057 0.01527000141143798 -0.014051829338073727
v 0.012101132392883298 0.012101132392883292 -0.017849458694458004
v 0.010856743812561033 0.013228981018066398 -0.017849458694458004
v 0.01149278163909912 0.01268033027648925 -0.017849458694458004
v 0.009507799148559568 0.01422942638397216 -0.017849458694458004
v 0.008067288398742675 0.015092835426330557 -0.017849458694458004
v 0.008798141479492186 0.014678812026977529 -0.017849458694458004
v 0.010194551467895507 0.013745760917663566 -0.017849458694458004
v 0.012680330276489255 0.011492781639099114 -0.017849458694458004
v 0.004797863006591796 0.015816434860229482 -0.014051829338073727
v 0.0032244782447814935 0.016210546493530265 -0.014051829338073727
v 0.004016007900238036 0.0160328025817871 -0.014051829338073727
v 0.0016200400590896604 0.016448543548583973 -0.014051829338073727
v -3.543515307569133e-16 0.01652812957763671 -0.014051829338073727
v 0.0008109969496726988 0.016508222579956044 -0.014051829338073727
v 0.0024251804351806635 0.016349239349365226 -0.014051829338073727
v 0.006549085617065429 0.015810892105102527 -0.017849458694458004
v 0.005568159580230712 0.015561963081359853 -0.014051829338073727
v 0.004967811584472655 0.016376680374145497 -0.017849458694458004
v 0.005765393257141112 0.016113195419311513 -0.017849458694458004
v 0.003338695049285888 0.016784753799438466 -0.017849458694458004
v 0.0016774247884750362 0.017031179428100576 -0.017849458694458004
v 0.0008397238254547118 0.0170929718017578 -0.017849458694458004
v 0.0025110845565795895 0.016928356170654288 -0.017849458694458004
v 0.004158262252807616 0.01660071372985839 -0.017849458694458004
v -0.0008109969496726988 0.016508222579956044 -0.014051829338073727
v -0.0007915215492248533 0.016111791610717765 -0.010229892730712889
v 0.007317000865936278 0.015470498085021963 -0.017849458694458004
v -4.0057180120643677e-16 0.01711358642578124 -0.017849458694458004
v 0.018843948364257807 5.476588929261609e-19 -0.02533468627929687
v 0.017864610671997065 0.0008776320219039911 -0.021613481521606442
v 0.018639991760253903 0.0027649815082550033 -0.02533468627929687
v 0.01875321006774902 0.0018470299243926991 -0.02533468627929687
v 0.018279218673706053 0.004578705787658689 -0.02533468627929687
v 0.01774240684509277 0.006348334789276119 -0.02533468627929687
v 0.01803253364562988 0.0054701094627380336 -0.02533468627929687
v 0.018481866836547848 0.003676271915435789 -0.02533468627929687
v 0.019984619140624996 6.175048591798361e-19 -0.02900396537780761
v 0.01882125091552734 0.0009246287345886225 -0.02533468627929687
v 0.019768316268920894 0.0029323527812957747 -0.02900396537780761
v 0.019888387680053708 0.001958835244178771 -0.02900396537780761
v 0.019385705947875972 0.004855866432189939 -0.02900396537780761
v 0.018816400527954098 0.006732615470886226 -0.02900396537780761
v 0.019124088287353513 0.005801229000091549 -0.02900396537780761
v 0.019600620269775385 0.0038988058567047093 -0.02900396537780761
v 0.017409538269042964 0.007211266994476314 -0.02533468627929687
v 0.017034727096557616 0.008056825637817377 -0.02533468627929687
v 0.0166188793182373 0.0088829755783081 -0.02533468627929687
v 0.012647421836853025 0.01264742183685302 -0.021613481521606442
v 0.013252766609191892 0.012011608123779289 -0.021613481521606442
v 0.012011608123779294 0.013252766609191885 -0.021613481521606442
v 0.015668169975280758 0.010469137191772454 -0.02533468627929687
v 0.018065881729125974 0.008544526100158685 -0.02900396537780761
v 0.01513560104370117 0.01122532653808593 -0.02533468627929687
v 0.016162994384765622 0.009687726020812982 -0.02533468627929687
v 0.013826185226440427 0.011346857070922844 -0.021613481521606442
v 0.014566569328308103 0.011954474449157707 -0.02533468627929687
v 0.013324683189392087 0.013324683189392082 -0.02533468627929687
v 0.01396244430541992 0.012654822349548333 -0.02533468627929687
v 0.012654822349548338 0.013962444305419913 -0.02533468627929687
v 0.01134685707092285 0.013826185226440421 -0.021613481521606442
v 0.01846338081359863 0.007647782802581782 -0.02900396537780761
v 0.021305377960205076 6.983779767969006e-19 -0.03261233520507812
v 0.0199605484008789 0.0009805988073348993 -0.02900396537780761
v 0.02120278739929199 0.0020882923603057846 -0.03261233520507812
v 0.02038797569274902 0.006184624671936032 -0.03261233520507812
v 0.020896001815795893 0.004156473159790036 -0.03261233520507812
v 0.017624860763549802 0.00942068481445312 -0.02900396537780761
v 0.01968360328674316 0.00815321540832519 -0.03261233520507812
v 0.018789665222167965 0.010043285369873041 -0.03261233520507812
v 0.016616603851318357 0.011102860450744621 -0.02900396537780761
v 0.01714138031005859 0.010274147987365716 -0.02900396537780761
v 0.016051797866821284 0.011904824256896965 -0.02900396537780761
v 0.014807626724243161 0.013420850753784172 -0.02900396537780761
v 0.015448320388793943 0.01267810916900634 -0.02900396537780761
v 0.014131259918212888 0.014131259918212881 -0.02900396537780761
v 0.017714775085449216 0.011836633682250968 -0.03261233520507812
v 0.01646928024291992 0.013515989303588858 -0.03261233520507812
v 0.015065177917480466 0.015065177917480459 -0.03261233520507812
v 0.013420850753784177 0.014807626724243154 -0.02900396537780761
v 0.010654769897460935 0.014366294860839835 -0.021613481521606442
v 0.011225326538085936 0.015135601043701163 -0.02533468627929687
v 0.009937015533447264 0.014871794700622549 -0.021613481521606442
v 0.011954474449157712 0.014566569328308096 -0.02533468627929687
v 0.00843147563934326 0.01577418041229247 -0.021613481521606442
v 0.009195322036743163 0.015341466903686514 -0.021613481521606442
v 0.0076473169326782215 0.016168893814086902 -0.021613481521606442
v 0.010469137191772459 0.01566816997528075 -0.02533468627929687
v 0.01190482425689697 0.016051797866821278 -0.02900396537780761
v 0.012678109169006345 0.015448320388793936 -0.02900396537780761
v 0.009687726020812986 0.016162994384765615 -0.02533468627929687
v 0.00805682563781738 0.017034727096557605 -0.02533468627929687
v 0.008882975578308104 0.016618879318237294 -0.02533468627929687
v 0.011102860450744627 0.01661660385131835 -0.02900396537780761
v 0.006844735145568846 0.01652465248107909 -0.021613481521606442
v 0.006025664329528807 0.016840602874755847 -0.021613481521606442
v 0.004345981121063232 0.017350130081176748 -0.021613481521606442
v 0.005192076683044433 0.017115983963012685 -0.021613481521606442
v 0.002624444007873535 0.017692564010620106 -0.021613481521606442
v 0.0008776320219039916 0.017864610671997058 -0.021613481521606442
v 0.0017531498670578 0.01780002784729003 -0.021613481521606442
v 0.0034894158840179435 0.017542478561401356 -0.021613481521606442
v 0.007211266994476317 0.017409538269042957 -0.02533468627929687
v 0.005470109462738036 0.018032533645629872 -0.02533468627929687
v 0.006348334789276122 0.017742406845092762 -0.02533468627929687
v 0.00367627191543579 0.01848186683654784 -0.02533468627929687
v 0.0018470299243926998 0.01875321006774901 -0.02533468627929687
v 0.002764981508255004 0.018639991760253896 -0.02533468627929687
v 0.004578705787658691 0.018279218673706042 -0.02533468627929687
v -4.463830563863901e-16 0.01788615608215331 -0.021613481521606442
v 0.0009246287345886228 0.018821250915527332 -0.02533468627929687
v 0.013515989303588865 0.016469280242919913 -0.03261233520507812
v 0.011836633682250974 0.01771477508544921 -0.03261233520507812
v 0.010274147987365721 0.017141380310058584 -0.02900396537780761
v 0.00854452610015869 0.018065881729125967 -0.02900396537780761
v 0.009420684814453123 0.017624860763549792 -0.02900396537780761
v 0.007647782802581785 0.01846338081359862 -0.02900396537780761
v 0.010043285369873044 0.018789665222167958 -0.03261233520507812
v 0.008153215408325193 0.01968360328674315 -0.03261233520507812
v 0.006732615470886229 0.01881640052795409 -0.02900396537780761
v 0.0058012290000915515 0.019124088287353503 -0.02900396537780761
v 0.0048558664321899404 0.019385705947875965 -0.02900396537780761
v 0.003898805856704711 0.01960062026977538 -0.02900396537780761
v 0.0019588352441787717 0.019888387680053698 -0.02900396537780761
v 0.002932352781295776 0.019768316268920887 -0.02900396537780761
v 0.0009805988073348997 0.019960548400878894 -0.02900396537780761
v 0.006184624671936034 0.02038797569274901 -0.03261233520507812
v 0.004156473159790038 0.020896001815795887 -0.03261233520507812
v 0.002088292360305786 0.02120278739929198 -0.03261233520507812
v -5.85505277074516e-16 0.021305377960205065 -0.03261233520507812
v -5.36331287541436e-16 0.019984619140624986 -0.02900396537780761
v -4.91673162687084e-16 0.0188439483642578 -0.02533468627929687
v -0.0015608086585998532 0.015847156524658193 -0.0063930025100708
v -0.0023669419288635247 0.015956626892089834 -0.010229892730712889
v -0.002336511611938476 0.015751482009887685 -0.0063930025100708
v -0.001581136345863342 0.01605354690551757 -0.010229892730712889
v -0.003869175910949706 0.015446616172790518 -0.0063930025100708
v -0.003919567346572875 0.01564778995513915 -0.010229892730712889
v -0.0031065857410430904 0.01561786174774169 -0.0063930025100708
v -0.0046224451065063465 0.01523815917968749 -0.0063930025100708
v -0.0031470453739166253 0.01582126522064208 -0.010229892730712889
v -0.0016200400590896604 0.016448543548583973 -0.014051829338073727
v -0.0032244782447814935 0.016210546493530265 -0.014051829338073727
v -0.0024251804351806635 0.016349239349365226 -0.014051829338073727
v -0.00543444538116455 0.015188257217407217 -0.010229892730712889
v -0.005364577770233153 0.014992991447448721 -0.0063930025100708
v -0.004797863006591796 0.015816434860229482 -0.014051829338073727
v -0.004682646751403808 0.015436617851257314 -0.010229892730712889
v -0.004016007900238036 0.0160328025817871 -0.014051829338073727
v -0.006808316230773924 0.01439497470855712 -0.0063930025100708
v -0.006896986484527586 0.014582452774047842 -0.010229892730712889
v -0.006093787193298339 0.014711704254150382 -0.0063930025100708
v -0.007506443023681639 0.014043567657470694 -0.0063930025100708
v -0.006173151493072508 0.014903306007385245 -0.010229892730712889
v -0.008846808433532713 0.013240183830261222 -0.0063930025100708
v -0.008186486244201659 0.01365832805633544 -0.0063930025100708
v -0.00829310607910156 0.0138362112045288 -0.010229892730712889
v -0.009485816955566405 0.01279014301300048 -0.0063930025100708
v -0.007604205608367919 0.014226468086242667 -0.010229892730712889
v -0.006325041770935057 0.01527000141143798 -0.014051829338073727
v -0.0077913069725036605 0.014576509475707999 -0.014051829338073727
v -0.007066686153411864 0.014941252708435049 -0.014051829338073727
v -0.00896202754974365 0.013412621498107902 -0.010229892730712889
v -0.01010197353363037 0.012309289932250968 -0.0063930025100708
v -0.010233539581298827 0.012469603538513176 -0.010229892730712889
v -0.010693793296813962 0.011798782348632806 -0.0063930025100708
v -0.009609357833862303 0.012956719398498528 -0.010229892730712889
v -0.010833066940307615 0.011952447891235344 -0.010229892730712889
v -0.005568159580230712 0.015561963081359853 -0.014051829338073727
v -0.0016774247884750362 0.017031179428100576 -0.017849458694458004
v -0.003338695049285888 0.016784753799438466 -0.017849458694458004
v -0.0025110845565795895 0.016928356170654288 -0.017849458694458004
v -0.004967811584472655 0.016376680374145497 -0.017849458694458004
v -0.006549085617065429 0.015810892105102527 -0.017849458694458004
v -0.005765393257141112 0.016113195419311513 -0.017849458694458004
v -0.004158262252807616 0.01660071372985839 -0.017849458694458004
v -0.0008776320219039916 0.017864610671997058 -0.021613481521606442
v -0.0008397238254547118 0.0170929718017578 -0.017849458694458004
v -0.002624444007873535 0.017692564010620106 -0.021613481521606442
v -0.0017531498670578 0.01780002784729003 -0.021613481521606442
v -0.004345981121063232 0.017350130081176748 -0.021613481521606442
v -0.006025664329528807 0.016840602874755847 -0.021613481521606442
v -0.005192076683044433 0.017115983963012685 -0.021613481521606442
v -0.0034894158840179435 0.017542478561401356 -0.021613481521606442
v -0.008798141479492186 0.014678812026977529 -0.017849458694458004
v -0.008497157096862792 0.014176650047302237 -0.014051829338073727
v -0.00918253707885742 0.01374263858795165 -0.014051829338073727
v -0.008067288398742675 0.015092835426330557 -0.017849458694458004
v -0.00984579563140869 0.013275519371032706 -0.014051829338073727
v -0.01048533535003662 0.012776417732238761 -0.014051829338073727
v -0.009507799148559568 0.01422942638397216 -0.017849458694458004
v -0.0076473169326782215 0.016168893814086902 -0.021613481521606442
v -0.007317000865936278 0.015470498085021963 -0.017849458694458004
v -0.009195322036743163 0.015341466903686514 -0.021613481521606442
v -0.00843147563934326 0.01577418041229247 -0.021613481521606442
v -0.010856743812561033 0.013228981018066398 -0.017849458694458004
v -0.010654769897460935 0.014366294860839835 -0.021613481521606442
v -0.010194551467895507 0.013745760917663566 -0.017849458694458004
v -0.01134685707092285 0.013826185226440421 -0.021613481521606442
v -0.01149278163909912 0.01268033027648925 -0.017849458694458004
v -0.01109961414337158 0.012246537208557121 -0.014051829338073727
v -0.009937015533447264 0.014871794700622549 -0.021613481521606442
v -0.006844735145568846 0.01652465248107909 -0.021613481521606442
v -0.011259850502014158 0.011259850502014153 -0.0063930025100708
v -0.011406497001647947 0.011406497001647942 -0.010229892730712889
v -0.01179878234863281 0.010693793296813959 -0.0063930025100708
v -0.012469603538513181 0.010233539581298821 -0.010229892730712889
v -0.012309289932250974 0.010101973533630364 -0.0063930025100708
v -0.01195244789123535 0.01083306694030761 -0.010229892730712889
v -0.012790143013000486 0.0094858169555664 -0.0063930025100708
v -0.013658328056335446 0.008186486244201655 -0.0063930025100708
v -0.013240183830261229 0.00884680843353271 -0.0063930025100708
v -0.012956719398498533 0.0096093578338623 -0.010229892730712889
v -0.011687152862548825 0.011687152862548822 -0.014051829338073727
v -0.012776417732238768 0.010485335350036614 -0.014051829338073727
v -0.012246537208557126 0.011099614143371576 -0.014051829338073727
v -0.013836211204528806 0.008293106079101557 -0.010229892730712889
v -0.013742638587951658 0.009182537078857416 -0.014051829338073727
v -0.013412621498107907 0.008962027549743647 -0.010229892730712889
v -0.013275519371032713 0.009845795631408685 -0.014051829338073727
v -0.014043567657470701 0.007506443023681636 -0.0063930025100708
v -0.014394974708557126 0.006808316230773922 -0.0063930025100708
v -0.01458245277404785 0.006896986484527584 -0.010229892730712889
v -0.014711704254150387 0.006093787193298336 -0.0063930025100708
v -0.014992991447448728 0.005364577770233151 -0.0063930025100708
v -0.014226468086242674 0.007604205608367915 -0.010229892730712889
v -0.015751482009887692 0.002336511611938475 -0.0063930025100708
v -0.015446616172790525 0.0038691759109497044 -0.0063930025100708
v -0.015904652595520017 0.0007813454866409297 -0.0063930025100708
v -0.015188257217407224 0.005434445381164547 -0.010229892730712889
v -0.015238159179687497 0.004622445106506345 -0.0063930025100708
v -0.015647789955139157 0.003919567346572873 -0.010229892730712889
v -0.015617861747741697 0.0031065857410430887 -0.0063930025100708
v -0.015436617851257321 0.004682646751403806 -0.010229892730712889
v -0.01595662689208984 0.002366941928863524 -0.010229892730712889
v -0.0158471565246582 0.0015608086585998525 -0.0063930025100708
v -0.016111791610717772 0.000791521549224853 -0.010229892730712889
v -0.015923833847045897 3.688534406041101e-19 -0.0063930025100708
v -0.016053546905517576 0.0015811363458633414 -0.010229892730712889
v -0.015821265220642085 0.003147045373916624 -0.010229892730712889
v -0.01490330600738525 0.0061731514930725056 -0.010229892730712889
v -0.016131221771240233 3.8155234383780374e-19 -0.010229892730712889
v -0.012101132392883298 0.012101132392883292 -0.017849458694458004
v -0.012680330276489255 0.011492781639099114 -0.017849458694458004
v -0.014941252708435056 0.0070666861534118604 -0.014051829338073727
v -0.014576509475708006 0.007791306972503657 -0.014051829338073727
v -0.014176650047302243 0.008497157096862787 -0.014051829338073727
v -0.015270001411437984 0.0063250417709350545 -0.014051829338073727
v -0.013745760917663571 0.010194551467895501 -0.017849458694458004
v -0.012647421836853025 0.01264742183685302 -0.021613481521606442
v -0.014229426383972165 0.009507799148559565 -0.017849458694458004
v -0.013228981018066403 0.01085674381256103 -0.017849458694458004
v -0.014678812026977536 0.008798141479492183 -0.017849458694458004
v -0.01547049808502197 0.007317000865936275 -0.017849458694458004
v -0.015092835426330563 0.008067288398742671 -0.017849458694458004
v -0.015810892105102534 0.006549085617065425 -0.017849458694458004
v -0.01556196308135986 0.0055681595802307094 -0.014051829338073727
v -0.01581643486022949 0.004797863006591794 -0.014051829338073727
v -0.01621054649353027 0.003224478244781492 -0.014051829338073727
v -0.016032802581787107 0.0040160079002380345 -0.014051829338073727
v -0.01644854354858398 0.0016200400590896597 -0.014051829338073727
v -0.01650822257995605 0.0008109969496726985 -0.014051829338073727
v -0.016349239349365233 0.0024251804351806626 -0.014051829338073727
v -0.016376680374145504 0.004967811584472653 -0.017849458694458004
v -0.016784753799438473 0.0033386950492858866 -0.017849458694458004
v -0.016600713729858396 0.0041582622528076145 -0.017849458694458004
v -0.017031179428100583 0.0016774247884750355 -0.017849458694458004
v -0.017113586425781247 4.417047326942027e-19 -0.017849458694458004
v -0.016528129577636715 4.0585594255601618e-19 -0.014051829338073727
v -0.017092971801757808 0.0008397238254547114 -0.017849458694458004
v -0.016928356170654295 0.002511084556579588 -0.017849458694458004
v -0.01611319541931152 0.005765393257141109 -0.017849458694458004
v -0.012011608123779294 0.013252766609191885 -0.021613481521606442
v -0.0009246287345886228 0.018821250915527332 -0.02533468627929687
v -0.002764981508255004 0.018639991760253896 -0.02533468627929687
v -0.0018470299243926998 0.01875321006774901 -0.02533468627929687
v -0.004578705787658691 0.018279218673706042 -0.02533468627929687
v -0.006348334789276122 0.017742406845092762 -0.02533468627929687
v -0.005470109462738036 0.018032533645629872 -0.02533468627929687
v -0.00367627191543579 0.01848186683654784 -0.02533468627929687
v -0.0009805988073348997 0.019960548400878894 -0.02900396537780761
v -0.002932352781295776 0.019768316268920887 -0.02900396537780761
v -0.0019588352441787717 0.019888387680053698 -0.02900396537780761
v -0.0048558664321899404 0.019385705947875965 -0.02900396537780761
v -0.006732615470886229 0.01881640052795409 -0.02900396537780761
v -0.0058012290000915515 0.019124088287353503 -0.02900396537780761
v -0.003898805856704711 0.01960062026977538 -0.02900396537780761
v -0.007211266994476317 0.017409538269042957 -0.02533468627929687
v -0.00805682563781738 0.017034727096557605 -0.02533468627929687
v -0.009687726020812986 0.016162994384765615 -0.02533468627929687
v -0.008882975578308104 0.016618879318237294 -0.02533468627929687
v -0.010469137191772459 0.01566816997528075 -0.02533468627929687
v -0.011225326538085936 0.015135601043701163 -0.02533468627929687
v -0.00854452610015869 0.018065881729125967 -0.02900396537780761
v -0.010274147987365721 0.017141380310058584 -0.02900396537780761
v -0.009420684814453123 0.017624860763549792 -0.02900396537780761
v -0.012654822349548338 0.013962444305419913 -0.02533468627929687
v -0.013252766609191892 0.012011608123779289 -0.021613481521606442
v -0.01396244430541992 0.012654822349548333 -0.02533468627929687
v -0.013324683189392087 0.013324683189392082 -0.02533468627929687
v -0.011954474449157712 0.014566569328308096 -0.02533468627929687
v -0.011102860450744627 0.01661660385131835 -0.02900396537780761
v -0.014566569328308103 0.011954474449157707 -0.02533468627929687
v -0.013826185226440427 0.011346857070922844 -0.021613481521606442
v -0.007647782802581785 0.01846338081359862 -0.02900396537780761
v -0.002088292360305786 0.02120278739929198 -0.03261233520507812
v -0.004156473159790038 0.020896001815795887 -0.03261233520507812
v -0.006184624671936034 0.02038797569274901 -0.03261233520507812
v -0.008153215408325193 0.01968360328674315 -0.03261233520507812
v -0.010043285369873044 0.018789665222167958 -0.03261233520507812
v -0.011836633682250974 0.01771477508544921 -0.03261233520507812
v -0.01190482425689697 0.016051797866821278 -0.02900396537780761
v -0.012678109169006345 0.015448320388793936 -0.02900396537780761
v -0.014131259918212888 0.014131259918212881 -0.02900396537780761
v -0.013420850753784177 0.014807626724243154 -0.02900396537780761
v -0.014807626724243161 0.013420850753784172 -0.02900396537780761
v -0.013515989303588865 0.016469280242919913 -0.03261233520507812
v -0.015065177917480466 0.015065177917480459 -0.03261233520507812
v -0.01646928024291992 0.013515989303588858 -0.03261233520507812
v -0.015448320388793943 0.01267810916900634 -0.02900396537780761
v -0.01436629486083984 0.010654769897460932 -0.021613481521606442
v -0.014871794700622555 0.009937015533447259 -0.021613481521606442
v -0.015341466903686521 0.009195322036743158 -0.021613481521606442
v -0.016168893814086913 0.007647316932678218 -0.021613481521606442
v -0.015774180412292477 0.008431475639343256 -0.021613481521606442
v -0.016524652481079097 0.006844735145568844 -0.021613481521606442
v -0.015668169975280758 0.010469137191772454 -0.02533468627929687
v -0.016051797866821284 0.011904824256896965 -0.02900396537780761
v -0.01513560104370117 0.01122532653808593 -0.02533468627929687
v -0.016162994384765622 0.009687726020812982 -0.02533468627929687
v -0.017034727096557616 0.008056825637817377 -0.02533468627929687
v -0.0166188793182373 0.0088829755783081 -0.02533468627929687
v -0.016616603851318357 0.011102860450744621 -0.02900396537780761
v -0.01711598396301269 0.00519207668304443 -0.021613481521606442
v -0.017542478561401363 0.0034894158840179422 -0.021613481521606442
v -0.017350130081176755 0.004345981121063229 -0.021613481521606442
v -0.017800027847290036 0.0017531498670577991 -0.021613481521606442
v -0.017864610671997065 0.0008776320219039911 -0.021613481521606442
v -0.017886156082153316 4.890109669329837e-19 -0.021613481521606442
v -0.017692564010620113 0.0026244440078735335 -0.021613481521606442
v -0.01774240684509277 0.006348334789276119 -0.02533468627929687
v -0.016840602874755858 0.0060256643295288044 -0.021613481521606442
v -0.018279218673706053 0.004578705787658689 -0.02533468627929687
v -0.01803253364562988 0.0054701094627380336 -0.02533468627929687
v -0.018639991760253903 0.0027649815082550033 -0.02533468627929687
v -0.01882125091552734 0.0009246287345886225 -0.02533468627929687
v -0.018843948364257807 5.476588929261609e-19 -0.02533468627929687
v -0.01875321006774902 0.0018470299243926991 -0.02533468627929687
v -0.018481866836547848 0.003676271915435789 -0.02533468627929687
v -0.017409538269042964 0.007211266994476314 -0.02533468627929687
v -0.01714138031005859 0.010274147987365716 -0.02900396537780761
v -0.017714775085449216 0.011836633682250968 -0.03261233520507812
v -0.017624860763549802 0.00942068481445312 -0.02900396537780761
v -0.01846338081359863 0.007647782802581782 -0.02900396537780761
v -0.018065881729125974 0.008544526100158685 -0.02900396537780761
v -0.018816400527954098 0.006732615470886226 -0.02900396537780761
v -0.018789665222167965 0.010043285369873041 -0.03261233520507812
v -0.01968360328674316 0.00815321540832519 -0.03261233520507812
v -0.02038797569274902 0.006184624671936032 -0.03261233520507812
v -0.019124088287353513 0.005801229000091549 -0.02900396537780761
v -0.019385705947875972 0.004855866432189939 -0.02900396537780761
v -0.019600620269775385 0.0038988058567047093 -0.02900396537780761
v -0.019888387680053708 0.001958835244178771 -0.02900396537780761
v -0.0199605484008789 0.0009805988073348993 -0.02900396537780761
v -0.019984619140624996 6.175048591798361e-19 -0.02900396537780761
v -0.019768316268920894 0.0029323527812957747 -0.02900396537780761
v -0.020896001815795893 0.004156473159790036 -0.03261233520507812
v -0.02120278739929199 0.0020882923603057846 -0.03261233520507812
v -0.021305377960205076 6.983779767969006e-19 -0.03261233520507812
v 0.009709774017333982 0.0019313942193984973 -1.2528133641175745e-16
v 0.009146407127380369 0.003788565874099729 -1.1842470634768758e-16
v 0.009146407127380369 0.003788565874099729 0.014999999999999998
v 0.008231549263000487 0.005500145435333248 -1.0729013299537805e-16
v 0.0070003571510314925 0.00700035715103149 -9.230551029472745e-17
v 0.0070003571510314925 0.00700035715103149 0.014999999999999998
v 0.005500145435333251 0.008231549263000484 -7.404670545338789e-17
v 0.0037885658740997308 0.009146407127380365 -5.3215380236074075e-17
v 0.005500145435333251 0.008231549263000484 0.014999999999999998
v -1.8330093844685921e-16 0.009899999618530267 -7.105427357601e-18
v -7.386339058294311e-19 0.009899999618530267 0.014999999999999998
v 0.0019313942193984982 0.009709774017333979 -3.061207903376321e-17
v 0.0019313942193984982 0.009709774017333979 0.014999999999999998
v 0.009899999618530272 -1.183291357831517e-32 -1.265654248072678e-16
v 0.009709774017333982 0.0019313942193984973 0.014999999999999998
v 0.009899999618530272 -7.395570986446981e-34 0.014999999999999998
v 0.008231549263000487 0.005500145435333248 0.014999999999999998
v 0.0037885658740997308 0.009146407127380365 0.014999999999999998
v -0.0019313942193984982 0.009709774017333979 1.640122431856121e-17
v -0.0037885658740997308 0.009146407127380365 3.900452552087207e-17
v -0.0037885658740997308 0.009146407127380365 0.014999999999999998
v -0.005500145435333251 0.008231549263000484 5.983585073818588e-17
v -0.0070003571510314925 0.00700035715103149 7.809465557952545e-17
v -0.0070003571510314925 0.00700035715103149 0.014999999999999998
v -0.008231549263000487 0.005500145435333248 9.307927828017605e-17
v -0.009146407127380369 0.003788565874099729 1.0421385163248556e-16
v -0.008231549263000487 0.005500145435333248 0.014999999999999998
v -0.009709774017333982 0.0019313942193984973 1.1107048847281904e-16
v -0.009899999618530272 -1.0353799381025774e-32 1.1324274851176594e-16
v -0.009899999618530272 6.162975822039151e-34 0.014999999999999998
v -0.009709774017333982 0.0019313942193984973 0.014999999999999998
v -0.0019313942193984982 0.009709774017333979 0.014999999999999998
v -0.005500145435333251 0.008231549263000484 0.014999999999999998
v -0.009146407127380369 0.003788565874099729 0.014999999999999998
v -0.009146407127380369 0.003788565874099729 0.014999999999999998
v 0.009146407127380369 0.003788565874099729 0.014999999999999998
v -0.008231549263000487 0.005500145435333248 0.014999999999999998
v 0.0070003571510314925 0.00700035715103149 0.014999999999999998
v -0.0070003571510314925 0.00700035715103149 0.014999999999999998
v -0.009709774017333982 0.0019313942193984973 0.014999999999999998
v 0.0037885658740997308 0.009146407127380365 0.014999999999999998
v -0.0037885658740997308 0.009146407127380365 0.014999999999999998
v -0.005500145435333251 0.008231549263000484 0.014999999999999998
v -0.0019313942193984982 0.009709774017333979 0.014999999999999998
v -0.009899999618530272 6.162975822039151e-34 0.014999999999999998
v 0.009709774017333982 0.0019313942193984973 0.014999999999999998
v 0.008231549263000487 0.005500145435333248 0.014999999999999998
v -7.386339058294311e-19 0.009899999618530267 0.014999999999999998
v 0.0019313942193984982 0.009709774017333979 0.014999999999999998
v 0.005500145435333251 0.008231549263000484 0.014999999999999998
v 0.009899999618530272 -7.395570986446981e-34 0.014999999999999998
usemtl Diffuse_1
f 1 2 3
f 4 3 5
f 3 4 1
f 3 6 7
f 4 5 8
f 9 3 2
f 3 7 5
f 3 10 6
f 11 12 13
f 12 14 13
f 13 15 16
f 17 13 16
f 14 12 6
f 18 6 12
f 19 16 20
f 16 19 21
f 18 22 7
f 18 7 6
f 23 8 5
f 5 24 23
f 23 24 25
f 8 23 26
f 22 24 7
f 5 7 24
f 11 17 27
f 17 11 13
f 22 28 29
f 22 18 28
f 27 28 11
f 28 27 30
f 17 21 31
f 28 18 11
f 18 12 11
f 24 22 32
f 16 21 17
f 33 34 35
f 19 20 33
f 36 37 38
f 34 39 36
f 36 40 37
f 37 41 42
f 43 34 33
f 34 36 44
f 45 46 47
f 41 48 45
f 49 50 51
f 46 52 49
f 49 53 50
f 54 55 50
f 56 46 45
f 46 49 57
f 58 41 37
f 41 45 59
f 60 61 21
f 21 19 60
f 35 62 60
f 61 31 21
f 44 35 34
f 44 63 35
f 60 33 35
f 31 27 17
f 64 44 38
f 42 38 37
f 59 42 41
f 65 38 42
f 66 59 47
f 57 47 46
f 51 57 49
f 67 47 57
f 59 45 47
f 68 42 59
f 44 36 38
f 69 57 51
f 55 70 51
f 60 19 33
f 54 50 53
f 27 31 30
f 22 71 32
f 32 25 24
f 28 30 29
f 71 22 29
f 72 30 31
f 61 62 73
f 62 61 60
f 73 74 61
f 63 75 73
f 73 62 63
f 74 72 31
f 26 23 25
f 10 3 9
f 14 6 10
f 13 14 15
f 16 76 20
f 33 20 43
f 16 15 76
f 39 34 43
f 74 31 61
f 64 77 75
f 64 63 44
f 78 77 65
f 65 77 64
f 79 65 68
f 78 65 79
f 64 38 65
f 80 68 66
f 66 68 59
f 81 67 82
f 69 67 57
f 82 67 69
f 67 81 66
f 66 47 67
f 68 80 79
f 65 42 68
f 80 66 81
f 37 40 58
f 41 58 48
f 36 39 40
f 46 83 52
f 49 52 53
f 82 69 84
f 46 56 83
f 45 48 56
f 75 63 64
f 62 35 63
f 85 54 53
f 55 51 50
f 86 87 88
f 86 89 87
f 55 90 91
f 55 54 90
f 88 90 86
f 90 88 92
f 93 94 87
f 90 54 86
f 87 94 88
f 93 95 96
f 97 96 98
f 98 99 100
f 100 101 102
f 103 98 100
f 104 98 96
f 105 93 96
f 106 93 87
f 100 102 107
f 55 91 70
f 94 108 88
f 91 92 109
f 91 90 92
f 92 88 108
f 92 108 110
f 105 111 94
f 70 91 84
f 105 97 112
f 97 105 96
f 103 97 98
f 97 103 113
f 111 112 114
f 112 111 105
f 113 112 97
f 112 113 115
f 103 107 116
f 111 108 94
f 94 93 105
f 108 111 114
f 100 107 103
f 70 69 51
f 117 118 119
f 117 120 118
f 121 122 123
f 121 124 122
f 122 125 126
f 122 126 127
f 128 121 118
f 118 121 129
f 130 131 132
f 133 134 135
f 133 136 134
f 134 136 132
f 134 132 137
f 131 138 132
f 133 126 139
f 102 140 117
f 126 133 141
f 107 142 143
f 102 142 107
f 119 129 144
f 119 118 129
f 129 121 123
f 145 129 123
f 117 119 142
f 142 119 146
f 126 141 127
f 127 123 122
f 133 135 141
f 147 127 141
f 148 135 137
f 135 134 137
f 149 137 138
f 141 135 150
f 123 127 151
f 138 137 132
f 116 113 103
f 142 102 117
f 54 85 86
f 149 148 137
f 112 115 114
f 91 109 84
f 114 152 108
f 115 113 153
f 116 154 153
f 116 153 113
f 143 146 155
f 146 143 142
f 155 154 143
f 156 155 146
f 146 144 156
f 143 154 116
f 116 107 143
f 92 110 109
f 86 85 89
f 87 89 106
f 96 95 104
f 100 99 101
f 102 101 140
f 98 104 99
f 152 110 108
f 93 106 95
f 144 145 157
f 145 144 129
f 145 158 157
f 158 145 151
f 158 151 159
f 145 123 151
f 159 147 160
f 150 147 141
f 160 147 150
f 148 161 150
f 162 148 149
f 162 163 148
f 150 135 148
f 147 159 151
f 151 127 147
f 118 120 128
f 122 124 125
f 126 125 139
f 121 128 124
f 161 160 150
f 163 161 148
f 164 165 130
f 133 166 136
f 133 139 166
f 157 156 144
f 146 119 144
f 117 140 120
f 70 84 69
f 164 130 132
f 132 136 164
f 167 168 169
f 170 171 172
f 170 169 173
f 172 174 175
f 176 177 178
f 177 176 179
f 180 181 182
f 179 181 177
f 180 183 167
f 184 175 185
f 186 187 188
f 186 188 189
f 190 191 192
f 192 191 189
f 193 190 192
f 194 195 188
f 196 194 188
f 188 197 198
f 196 188 198
f 187 197 188
f 184 188 195
f 199 193 192
f 179 182 181
f 182 183 180
f 167 183 168
f 168 173 169
f 170 173 171
f 172 171 174
f 174 185 175
f 200 199 192
f 201 200 202
f 192 189 188
f 185 188 184
f 203 204 205
f 203 205 206
f 207 208 209
f 208 203 206
f 210 211 209
f 211 212 209
f 207 209 212
f 203 213 214
f 207 203 208
f 201 202 204
f 215 204 203
f 216 199 200
f 217 216 218
f 219 217 220
f 220 221 222
f 219 220 222
f 220 223 221
f 224 225 226
f 224 227 225
f 228 224 229
f 228 227 224
f 226 223 224
f 229 224 230
f 224 231 232
f 233 234 231
f 235 236 237
f 235 234 238
f 237 239 240
f 241 242 243
f 243 244 245
f 246 247 248
f 249 248 245
f 250 241 240
f 224 232 230
f 249 246 248
f 251 252 253
f 254 255 256
f 254 256 215
f 255 254 253
f 251 253 254
f 254 203 214
f 257 258 252
f 252 251 257
f 259 252 258
f 254 215 203
f 239 250 240
f 237 236 239
f 242 244 243
f 241 250 242
f 236 235 238
f 215 201 204
f 201 218 200
f 231 224 233
f 233 238 234
f 224 223 220
f 249 245 244
f 218 220 217
f 216 200 218
f 260 261 262
f 263 264 261
f 265 266 267
f 260 262 265
f 263 268 269
f 266 265 262
f 262 261 264
f 270 266 271
f 270 267 266
f 270 271 272
f 264 263 269
f 272 273 274
f 273 272 271
f 274 273 275
f 275 276 277
f 278 277 276
f 276 275 273
f 278 279 280
f 279 278 276
f 280 279 281
f 281 279 282
f 283 284 282
f 283 285 284
f 283 282 279
f 286 287 288
f 289 290 287
f 291 290 292
f 293 292 290
f 291 292 294
f 288 295 296
f 288 296 286
f 286 297 287
f 290 289 293
f 287 297 289
f 296 295 298
f 299 300 301
f 283 300 302
f 283 302 303
f 302 300 299
f 300 304 305
f 283 303 285
f 306 294 307
f 294 306 291
f 306 307 308
f 300 305 301
f 304 309 305
f 308 309 304
f 306 308 304
f 310 311 312
f 313 314 312
f 315 316 317
f 318 317 319
f 320 319 321
f 322 315 318
f 322 323 324
f 318 320 325
f 318 315 317
f 319 320 318
f 318 326 327
f 321 328 320
f 329 330 328
f 330 331 332
f 328 332 333
f 328 330 332
f 334 331 335
f 332 331 334
f 336 334 335
f 336 337 338
f 329 328 321
f 320 328 339
f 340 326 341
f 327 326 340
f 325 339 342
f 325 320 339
f 318 325 326
f 326 325 343
f 310 312 314
f 341 314 340
f 344 341 343
f 342 343 325
f 341 326 343
f 345 314 341
f 333 346 339
f 340 314 313
f 333 332 347
f 333 339 328
f 348 334 338
f 349 338 337
f 334 336 338
f 338 349 350
f 333 351 346
f 351 333 347
f 347 352 351
f 352 347 348
f 353 348 350
f 354 346 351
f 347 334 348
f 355 342 346
f 353 356 352
f 346 342 339
f 334 347 332
f 357 343 342
f 337 358 349
f 323 318 327
f 359 351 352
f 360 361 362
f 363 364 362
f 365 366 367
f 368 311 310
f 344 369 345
f 344 345 341
f 310 314 345
f 310 345 370
f 371 368 372
f 366 373 371
f 372 370 374
f 372 368 310
f 310 370 372
f 371 372 375
f 369 370 345
f 357 355 376
f 355 357 342
f 359 377 354
f 359 354 351
f 355 346 354
f 355 354 378
f 369 379 380
f 369 344 379
f 376 378 381
f 378 376 355
f 379 357 376
f 379 376 382
f 377 378 354
f 379 344 357
f 344 343 357
f 370 369 383
f 367 375 384
f 367 371 375
f 374 383 385
f 374 370 383
f 372 374 375
f 375 374 386
f 361 384 387
f 384 361 367
f 386 385 388
f 385 386 374
f 384 375 386
f 384 386 389
f 380 390 383
f 361 360 367
f 380 382 391
f 380 379 382
f 378 392 381
f 381 382 376
f 383 369 380
f 382 381 393
f 390 391 394
f 390 380 391
f 381 395 393
f 393 391 382
f 396 392 397
f 393 395 398
f 395 381 392
f 391 393 399
f 377 400 397
f 390 385 383
f 378 377 392
f 385 390 401
f 359 356 400
f 371 367 366
f 362 361 402
f 348 338 350
f 358 403 404
f 403 405 404
f 404 406 407
f 404 405 406
f 408 409 406
f 409 408 410
f 405 408 406
f 406 409 411
f 410 412 409
f 413 349 404
f 414 415 416
f 416 417 414
f 418 419 420
f 419 418 412
f 420 416 421
f 420 419 417
f 417 416 420
f 418 420 422
f 415 423 416
f 412 418 409
f 409 418 424
f 350 413 425
f 349 413 350
f 407 411 426
f 407 406 411
f 404 407 413
f 413 407 427
f 353 425 428
f 425 353 350
f 427 426 429
f 426 427 407
f 425 413 427
f 425 427 430
f 424 431 411
f 353 352 348
f 424 422 432
f 424 418 422
f 416 433 421
f 421 422 420
f 411 409 424
f 422 421 434
f 431 432 435
f 431 424 432
f 421 436 434
f 434 432 422
f 433 437 438
f 434 436 439
f 436 421 433
f 432 434 440
f 441 437 423
f 431 426 411
f 416 423 433
f 426 431 442
f 415 443 423
f 404 349 358
f 441 444 445
f 445 446 447
f 448 449 446
f 437 433 423
f 443 444 441
f 447 449 450
f 441 445 447
f 446 449 447
f 441 447 451
f 448 452 449
f 453 454 455
f 456 457 458
f 453 455 457
f 459 452 448
f 452 459 460
f 452 460 461
f 454 461 460
f 458 462 463
f 449 452 464
f 437 451 465
f 437 441 451
f 450 464 466
f 450 449 464
f 447 450 451
f 451 450 467
f 438 465 468
f 465 438 437
f 467 466 469
f 466 467 450
f 465 451 467
f 465 467 470
f 471 472 464
f 436 433 438
f 461 453 473
f 453 461 454
f 456 463 474
f 463 456 458
f 453 457 456
f 453 456 475
f 472 466 464
f 471 473 476
f 471 476 472
f 475 473 453
f 474 475 456
f 477 473 475
f 471 461 473
f 478 475 474
f 474 463 479
f 471 464 452
f 452 461 471
f 466 472 480
f 474 481 478
f 423 443 441
f 436 438 482
f 356 428 483
f 356 353 428
f 430 429 484
f 430 427 429
f 425 430 428
f 428 430 485
f 400 483 486
f 483 400 356
f 485 484 487
f 484 485 430
f 483 428 485
f 483 485 488
f 442 489 429
f 400 377 359
f 442 435 490
f 442 431 435
f 439 491 440
f 440 434 439
f 432 440 435
f 435 440 492
f 489 490 493
f 489 442 490
f 439 482 494
f 492 490 435
f 491 492 440
f 490 492 495
f 436 482 439
f 489 484 429
f 426 442 429
f 484 489 496
f 397 486 497
f 397 400 486
f 488 487 498
f 488 485 487
f 483 488 486
f 486 488 499
f 396 497 500
f 497 396 397
f 499 498 501
f 498 499 488
f 497 486 499
f 497 499 502
f 496 503 487
f 396 395 392
f 496 493 504
f 496 489 493
f 492 505 495
f 495 493 490
f 487 484 496
f 493 495 506
f 503 504 507
f 503 496 504
f 495 508 506
f 506 504 493
f 509 505 510
f 506 508 511
f 508 495 505
f 504 506 512
f 491 494 510
f 503 498 487
f 492 491 505
f 498 503 513
f 491 439 494
f 397 392 377
f 468 470 514
f 468 465 470
f 480 515 469
f 469 466 480
f 467 469 470
f 470 469 516
f 494 517 518
f 494 482 517
f 514 516 519
f 516 514 470
f 517 468 514
f 517 514 520
f 515 516 469
f 517 482 468
f 521 480 522
f 476 477 523
f 476 523 522
f 478 477 475
f 476 473 477
f 524 477 478
f 515 521 525
f 480 521 515
f 522 526 521
f 524 523 477
f 523 526 522
f 527 523 524
f 524 478 528
f 480 472 522
f 482 438 468
f 516 515 529
f 510 518 530
f 510 494 518
f 520 519 531
f 520 514 519
f 517 520 518
f 518 520 532
f 509 530 533
f 530 509 510
f 532 531 534
f 531 532 520
f 530 518 532
f 530 532 535
f 529 536 519
f 509 508 505
f 529 525 537
f 529 515 525
f 521 538 525
f 527 526 523
f 519 516 529
f 539 526 527
f 536 537 540
f 536 529 537
f 539 541 538
f 539 538 526
f 538 541 542
f 542 537 525
f 538 542 525
f 537 542 543
f 539 527 544
f 536 531 519
f 538 521 526
f 531 536 545
f 527 524 528
f 510 505 491
f 472 476 522
f 508 509 546
f 539 547 541
f 356 359 352
f 395 396 548
f 549 550 551
f 552 553 554
f 553 552 555
f 556 553 549
f 551 557 549
f 558 559 560
f 558 560 561
f 562 557 563
f 557 564 563
f 562 565 566
f 558 567 566
f 561 568 558
f 560 363 561
f 549 557 569
f 570 571 572
f 573 574 570
f 554 556 575
f 574 554 570
f 549 569 556
f 570 554 576
f 577 576 578
f 577 570 576
f 556 579 575
f 575 576 554
f 579 556 569
f 576 575 580
f 553 556 554
f 570 577 581
f 582 569 583
f 562 567 584
f 562 584 583
f 568 567 558
f 562 566 567
f 585 567 568
f 579 582 586
f 569 582 579
f 585 587 584
f 585 584 567
f 584 587 588
f 588 582 583
f 584 588 583
f 582 588 589
f 590 591 568
f 569 557 583
f 583 557 562
f 575 579 592
f 593 590 561
f 572 573 570
f 590 568 561
f 363 362 593
f 402 387 594
f 593 362 402
f 387 402 361
f 593 402 595
f 590 595 596
f 590 593 595
f 387 597 594
f 594 595 402
f 597 387 389
f 595 594 598
f 389 387 384
f 585 568 591
f 388 401 599
f 389 386 388
f 401 600 599
f 401 390 394
f 385 401 388
f 394 600 401
f 597 601 602
f 389 601 597
f 603 399 398
f 599 601 388
f 394 399 604
f 601 599 605
f 391 399 394
f 601 389 388
f 398 399 393
f 594 597 606
f 591 596 607
f 591 590 596
f 606 608 598
f 598 594 606
f 595 598 596
f 596 598 609
f 587 610 611
f 587 585 610
f 607 609 612
f 609 607 596
f 610 591 607
f 610 607 613
f 608 609 598
f 585 591 610
f 602 601 605
f 602 606 597
f 614 600 604
f 603 604 399
f 600 394 604
f 615 604 603
f 605 616 602
f 617 608 606
f 618 605 619
f 614 619 600
f 615 614 604
f 620 619 614
f 599 619 605
f 621 614 615
f 622 623 603
f 617 606 602
f 619 599 600
f 609 608 624
f 548 622 398
f 561 363 593
f 588 587 625
f 626 578 627
f 626 577 578
f 580 592 628
f 580 575 592
f 576 580 578
f 578 580 629
f 630 627 631
f 627 630 626
f 629 628 632
f 628 629 580
f 627 578 629
f 627 629 633
f 586 634 592
f 626 630 635
f 586 589 636
f 586 582 589
f 611 637 625
f 625 587 611
f 588 625 589
f 589 625 638
f 634 636 639
f 634 586 636
f 611 613 640
f 638 636 589
f 637 638 625
f 636 638 641
f 610 613 611
f 634 628 592
f 579 586 592
f 628 634 642
f 643 631 644
f 643 630 631
f 633 632 645
f 633 629 632
f 627 633 631
f 631 633 646
f 647 644 648
f 644 647 643
f 646 645 648
f 645 646 633
f 644 631 646
f 644 646 648
f 642 649 632
f 643 647 650
f 642 639 651
f 642 634 639
f 638 652 641
f 641 639 636
f 632 628 642
f 639 641 653
f 649 651 648
f 649 642 651
f 641 654 653
f 653 651 639
f 655 652 656
f 653 654 648
f 654 641 652
f 651 653 648
f 637 640 656
f 649 645 632
f 638 637 652
f 645 649 648
f 637 611 640
f 630 643 657
f 612 624 658
f 612 609 624
f 659 624 608
f 617 616 660
f 613 607 612
f 624 659 661
f 640 662 663
f 640 613 662
f 658 661 664
f 661 658 624
f 662 612 658
f 662 658 665
f 660 666 659
f 662 613 612
f 616 618 667
f 618 616 605
f 620 621 668
f 621 620 614
f 618 619 620
f 618 620 669
f 659 666 661
f 667 660 616
f 670 667 669
f 668 669 620
f 667 618 669
f 671 660 667
f 672 673 621
f 660 659 617
f 617 602 616
f 669 668 674
f 656 663 675
f 656 640 663
f 665 664 676
f 665 658 664
f 662 665 663
f 663 665 677
f 655 675 648
f 675 655 656
f 677 676 648
f 676 677 665
f 675 663 677
f 675 677 648
f 678 679 664
f 655 654 652
f 678 664 661
f 666 671 680
f 666 680 678
f 670 671 667
f 666 660 671
f 681 671 670
f 678 682 679
f 682 678 680
f 680 683 682
f 683 680 681
f 684 681 685
f 682 683 648
f 680 671 681
f 679 682 648
f 670 674 685
f 679 676 664
f 661 666 678
f 676 679 648
f 670 669 674
f 656 652 637
f 617 659 608
f 654 655 648
f 623 672 615
f 577 626 686
f 548 500 687
f 395 548 398
f 502 501 688
f 502 499 501
f 500 548 396
f 500 502 689
f 622 687 690
f 687 622 548
f 689 688 691
f 688 689 502
f 687 500 689
f 687 689 692
f 513 693 501
f 615 603 623
f 513 507 694
f 513 503 507
f 512 511 695
f 512 506 511
f 504 512 507
f 507 512 696
f 693 694 697
f 694 693 513
f 696 695 698
f 695 696 512
f 694 507 696
f 694 696 699
f 546 700 511
f 693 688 501
f 498 513 501
f 688 693 701
f 623 690 702
f 690 623 622
f 691 703 692
f 691 692 689
f 690 687 692
f 690 692 704
f 705 668 673
f 672 702 706
f 672 706 673
f 704 702 690
f 672 623 702
f 704 707 702
f 703 704 692
f 668 621 673
f 701 697 708
f 697 701 693
f 699 698 709
f 698 699 696
f 697 694 699
f 697 699 710
f 711 704 703
f 703 691 712
f 713 712 708
f 710 708 697
f 709 710 699
f 714 708 710
f 712 701 708
f 715 703 712
f 716 717 698
f 712 691 701
f 691 688 701
f 709 718 710
f 700 716 695
f 621 615 672
f 546 533 719
f 546 509 533
f 535 534 720
f 535 532 534
f 530 535 533
f 533 535 721
f 700 719 722
f 719 700 546
f 721 720 723
f 720 721 535
f 719 533 721
f 719 721 724
f 545 725 534
f 700 695 511
f 545 540 726
f 545 536 540
f 542 727 543
f 543 540 537
f 534 531 545
f 540 543 728
f 725 726 729
f 725 545 726
f 543 730 728
f 728 726 540
f 730 543 727
f 726 728 731
f 727 541 732
f 725 720 534
f 511 508 546
f 720 725 733
f 716 722 734
f 716 700 722
f 724 723 735
f 724 721 723
f 719 724 722
f 722 724 736
f 737 709 717
f 734 717 716
f 738 734 736
f 735 736 724
f 734 722 736
f 739 717 734
f 733 740 723
f 717 709 698
f 733 729 741
f 733 725 729
f 728 742 731
f 731 729 726
f 723 720 733
f 729 731 743
f 744 735 740
f 740 733 741
f 731 745 743
f 743 741 729
f 746 745 742
f 747 741 743
f 745 731 742
f 748 740 741
f 742 730 749
f 740 735 723
f 728 730 742
f 750 736 735
f 730 727 732
f 716 698 695
f 500 497 502
f 751 743 745
f 668 705 674
f 673 706 752
f 753 706 707
f 711 707 704
f 706 702 707
f 754 707 711
f 705 752 755
f 705 673 752
f 753 754 756
f 754 753 707
f 752 706 753
f 752 753 757
f 715 758 711
f 674 705 759
f 715 713 760
f 713 715 712
f 714 718 761
f 718 714 710
f 713 708 714
f 713 714 762
f 758 760 763
f 760 758 715
f 762 761 764
f 761 762 714
f 760 713 762
f 760 762 765
f 737 766 718
f 758 754 711
f 711 703 715
f 754 758 767
f 685 759 768
f 759 685 674
f 755 757 769
f 757 755 752
f 759 705 755
f 759 755 770
f 684 768 648
f 768 684 685
f 770 769 648
f 769 770 755
f 768 759 770
f 768 770 648
f 756 771 757
f 684 683 681
f 756 767 772
f 767 756 754
f 763 765 773
f 765 763 760
f 767 758 763
f 767 763 774
f 771 772 648
f 771 756 772
f 763 773 774
f 774 772 767
f 765 775 773
f 774 773 648
f 765 764 775
f 772 774 648
f 765 762 764
f 771 769 757
f 757 753 756
f 769 771 648
f 766 776 761
f 685 681 670
f 737 739 777
f 739 737 717
f 738 750 778
f 750 738 736
f 739 734 738
f 739 738 779
f 766 777 780
f 777 766 737
f 779 778 781
f 778 779 738
f 777 739 779
f 777 779 782
f 744 783 750
f 764 761 776
f 744 748 784
f 748 744 740
f 747 751 785
f 751 747 743
f 748 741 747
f 748 747 786
f 783 784 787
f 784 783 744
f 786 785 788
f 785 786 747
f 784 748 786
f 784 786 789
f 785 751 790
f 783 778 750
f 750 735 744
f 778 783 791
f 776 780 792
f 780 776 766
f 781 793 782
f 781 782 779
f 780 777 782
f 780 782 794
f 775 795 648
f 775 764 795
f 792 794 648
f 794 792 780
f 795 776 792
f 795 792 648
f 793 794 782
f 764 776 795
f 791 787 796
f 787 791 783
f 789 788 797
f 788 789 786
f 787 784 789
f 787 789 798
f 793 799 648
f 793 781 799
f 796 798 648
f 798 796 787
f 797 798 789
f 798 797 648
f 799 791 796
f 799 796 648
f 797 788 800
f 799 781 791
f 781 778 791
f 794 793 648
f 788 785 801
f 761 718 766
f 718 709 737
f 773 775 648
f 751 745 802
f 603 398 622
f 541 727 542
f 683 684 648
f 479 463 462
f 803 804 805
f 806 804 803
f 479 807 808
f 807 479 809
f 808 803 810
f 808 807 806
f 806 803 808
f 479 808 811
f 804 812 805
f 809 479 462
f 813 814 815
f 814 816 815
f 817 815 816
f 805 818 819
f 818 805 812
f 819 815 820
f 819 818 813
f 813 815 819
f 805 819 821
f 816 822 817
f 803 805 823
f 811 810 824
f 811 808 810
f 821 825 823
f 823 805 821
f 803 823 810
f 810 823 826
f 481 827 828
f 481 811 827
f 824 826 829
f 827 811 824
f 810 826 824
f 827 824 830
f 825 826 823
f 481 479 811
f 815 831 820
f 820 821 819
f 817 832 831
f 832 817 833
f 817 822 833
f 820 831 834
f 825 835 836
f 821 835 825
f 831 837 834
f 834 835 820
f 832 838 839
f 834 837 840
f 837 831 832
f 835 834 841
f 842 838 833
f 835 821 820
f 831 815 817
f 826 825 843
f 822 844 833
f 479 481 474
f 842 845 846
f 846 847 848
f 849 850 847
f 838 832 833
f 844 845 842
f 848 850 851
f 842 846 848
f 847 850 848
f 842 848 852
f 849 853 850
f 853 854 855
f 856 857 858
f 855 859 860
f 855 854 859
f 859 861 857
f 854 861 859
f 858 857 861
f 856 862 863
f 853 855 850
f 850 855 864
f 838 852 865
f 838 842 852
f 851 864 866
f 851 850 864
f 848 851 852
f 852 851 867
f 839 865 868
f 865 839 838
f 867 866 869
f 866 867 851
f 865 852 867
f 865 867 870
f 860 871 864
f 837 832 839
f 860 859 872
f 860 864 855
f 873 857 863
f 874 863 862
f 857 856 863
f 875 863 874
f 860 876 871
f 876 860 872
f 876 872 877
f 877 872 873
f 875 873 863
f 878 873 875
f 872 857 873
f 871 876 879
f 880 881 874
f 871 866 864
f 857 872 859
f 866 871 882
f 862 883 874
f 833 844 842
f 837 839 884
f 828 528 478
f 828 827 528
f 885 830 886
f 528 827 885
f 830 885 827
f 528 885 887
f 887 886 888
f 887 885 886
f 889 886 830
f 829 843 890
f 829 889 830
f 886 889 891
f 829 830 824
f 528 887 544
f 843 836 892
f 829 826 843
f 841 840 893
f 836 835 841
f 825 836 843
f 836 841 894
f 890 892 895
f 892 890 843
f 894 893 896
f 893 894 841
f 892 836 894
f 892 894 897
f 884 898 840
f 890 889 829
f 840 841 834
f 889 890 899
f 544 900 539
f 900 544 901
f 901 888 902
f 901 544 887
f 888 901 887
f 900 901 547
f 547 903 732
f 547 901 903
f 888 904 902
f 902 903 901
f 904 888 891
f 903 902 905
f 891 888 886
f 900 547 539
f 899 895 906
f 891 889 899
f 897 896 907
f 895 892 897
f 890 895 899
f 895 897 908
f 904 909 910
f 904 891 909
f 906 908 911
f 908 906 895
f 907 908 897
f 908 907 912
f 909 899 906
f 909 906 913
f 914 915 896
f 909 891 899
f 894 896 897
f 902 904 916
f 898 914 893
f 528 544 527
f 884 868 917
f 884 839 868
f 870 869 918
f 870 867 869
f 865 870 868
f 868 870 919
f 898 917 920
f 917 898 884
f 919 918 921
f 918 919 870
f 917 868 919
f 917 919 922
f 882 923 869
f 898 893 840
f 882 879 924
f 882 871 879
f 876 925 879
f 878 877 873
f 869 866 882
f 926 877 878
f 923 924 927
f 923 882 924
f 879 928 924
f 926 925 877
f 925 928 879
f 929 925 926
f 930 931 878
f 923 918 869
f 840 837 884
f 918 923 932
f 914 920 933
f 914 898 920
f 922 921 934
f 922 919 921
f 917 922 920
f 920 922 935
f 915 933 936
f 933 915 914
f 935 934 937
f 934 935 922
f 933 920 935
f 933 935 938
f 932 939 921
f 915 907 896
f 932 927 940
f 932 923 927
f 924 941 927
f 929 928 925
f 921 918 932
f 942 928 929
f 939 940 943
f 939 932 940
f 942 944 941
f 942 941 928
f 941 944 945
f 945 940 927
f 941 945 927
f 940 945 946
f 947 948 929
f 939 934 921
f 941 924 928
f 934 939 949
f 931 947 926
f 914 896 893
f 877 925 876
f 907 915 950
f 881 930 875
f 481 828 478
f 951 880 874
f 952 953 954
f 880 955 956
f 955 880 951
f 956 954 957
f 956 955 952
f 952 954 956
f 880 956 958
f 953 959 954
f 881 875 874
f 960 961 962
f 960 963 961
f 964 965 960
f 965 964 959
f 966 967 968
f 960 965 963
f 962 961 967
f 964 960 969
f 959 964 954
f 954 964 970
f 881 958 971
f 881 880 958
f 970 972 957
f 957 954 970
f 956 957 958
f 958 957 973
f 926 878 931
f 930 971 974
f 930 974 931
f 973 971 958
f 930 881 971
f 973 975 971
f 972 973 957
f 878 875 930
f 960 976 969
f 969 970 964
f 962 977 976
f 977 962 966
f 962 967 966
f 969 976 978
f 979 973 972
f 970 980 972
f 976 981 978
f 978 980 969
f 982 977 983
f 978 984 980
f 981 976 977
f 980 985 972
f 977 966 986
f 980 970 969
f 962 976 960
f 981 987 978
f 988 966 968
f 947 929 926
f 988 989 966
f 990 991 989
f 966 989 991
f 983 977 986
f 992 993 983
f 982 981 977
f 994 982 993
f 993 982 983
f 982 994 995
f 981 982 995
f 996 988 968
f 997 995 994
f 974 975 998
f 975 974 971
f 985 999 979
f 985 979 972
f 975 973 979
f 975 979 1000
f 947 1001 1002
f 947 931 1001
f 998 1000 1003
f 1000 998 975
f 1001 974 998
f 1001 998 1004
f 999 1000 979
f 1001 931 974
f 1005 984 987
f 987 984 978
f 987 995 1006
f 995 997 1007
f 987 981 995
f 1007 1006 995
f 999 1008 1009
f 999 985 1008
f 1005 1006 1010
f 1006 1005 987
f 1008 984 1005
f 1008 1005 1011
f 1012 1013 1006
f 1008 985 984
f 985 980 984
f 1000 999 1014
f 948 1002 1015
f 1002 948 947
f 1003 1016 1004
f 1003 1004 998
f 1002 1001 1004
f 1002 1004 1017
f 944 1018 1019
f 944 942 1018
f 1015 1017 1020
f 1017 1015 1002
f 1018 948 1015
f 1018 1015 1021
f 1016 1017 1004
f 942 948 1018
f 1014 1009 1022
f 1009 1014 999
f 1011 1010 1023
f 1010 1011 1005
f 1009 1008 1011
f 1009 1011 1024
f 1016 1025 1026
f 1016 1003 1025
f 1022 1024 1027
f 1024 1022 1009
f 1023 1024 1011
f 1024 1023 1028
f 1025 1014 1022
f 1025 1022 1029
f 1010 1013 1030
f 1025 1003 1014
f 1003 1000 1014
f 1017 1016 1031
f 1012 1006 1007
f 929 948 942
f 1032 1033 1012
f 1013 1033 1034
f 1033 1013 1012
f 1034 1035 1013
f 1030 1036 1037
f 1035 1030 1013
f 1038 1036 1039
f 1035 1039 1036
f 1030 1023 1010
f 1013 1010 1006
f 1023 1030 1040
f 951 874 883
f 945 944 1041
f 1042 905 1043
f 1042 903 905
f 910 1044 916
f 916 904 910
f 902 916 905
f 905 916 1045
f 732 1046 749
f 732 1042 1046
f 1043 1045 1047
f 1046 1042 1043
f 905 1045 1043
f 1046 1043 1048
f 1044 1045 916
f 732 903 1042
f 913 911 1049
f 913 906 911
f 950 1050 912
f 912 907 950
f 908 912 911
f 911 912 1051
f 1044 1052 1053
f 1044 910 1052
f 1049 1051 1054
f 1051 1049 911
f 1052 913 1049
f 1052 1049 1055
f 1050 1051 912
f 1052 910 913
f 909 913 910
f 1045 1044 1056
f 749 1057 746
f 749 1046 1057
f 1048 1047 1058
f 1057 1046 1048
f 1047 1048 1043
f 1057 1048 1059
f 746 1060 802
f 746 1057 1060
f 1059 1058 1061
f 1060 1057 1059
f 1048 1058 1059
f 1060 1059 1062
f 1056 1063 1047
f 749 746 742
f 1056 1053 1064
f 1056 1044 1053
f 1049 1054 1055
f 1055 1053 1052
f 1045 1056 1047
f 1053 1055 1065
f 1063 1064 1066
f 1063 1056 1064
f 1055 1067 1065
f 1065 1064 1053
f 1068 1054 1069
f 1065 1067 1070
f 1067 1055 1054
f 1064 1065 1071
f 1051 1069 1054
f 1063 1058 1047
f 1050 1069 1051
f 1058 1063 1072
f 936 1073 950
f 732 749 730
f 936 938 1074
f 936 933 938
f 937 949 1075
f 937 934 949
f 935 937 938
f 938 937 1076
f 1073 1074 1077
f 1074 1073 936
f 1076 1075 1078
f 1075 1076 937
f 1074 938 1076
f 1074 1076 1079
f 943 1080 949
f 1081 1050 1073
f 943 946 1082
f 943 940 946
f 1041 1019 1083
f 1041 944 1019
f 945 1041 946
f 946 1041 1084
f 1080 1082 1085
f 1082 1080 943
f 1084 1083 1086
f 1083 1084 1041
f 1082 946 1084
f 1082 1084 1087
f 1021 1088 1019
f 1080 1075 949
f 939 943 949
f 1075 1080 1089
f 1069 1081 1090
f 1069 1050 1081
f 1077 1079 1091
f 1079 1077 1074
f 1081 1073 1077
f 1081 1077 1092
f 1068 1090 1093
f 1090 1068 1069
f 1092 1091 1094
f 1091 1092 1077
f 1090 1081 1092
f 1090 1092 1095
f 1078 1096 1079
f 1068 1067 1054
f 1078 1089 1097
f 1089 1078 1075
f 1085 1087 1098
f 1087 1085 1082
f 1089 1080 1085
f 1089 1085 1099
f 1096 1097 1100
f 1096 1078 1097
f 1085 1098 1099
f 1099 1097 1089
f 1098 1101 1102
f 1099 1098 1103
f 1087 1086 1101
f 1097 1099 1104
f 1087 1084 1086
f 1096 1091 1079
f 1079 1076 1078
f 1091 1096 1105
f 1088 1106 1083
f 1050 950 1073
f 915 936 950
f 1067 1068 1107
f 802 790 751
f 790 802 1108
f 1108 1062 1109
f 1108 802 1060
f 1062 1108 1060
f 790 1108 1110
f 1110 1109 1111
f 1110 1108 1109
f 1112 1109 1062
f 1061 1072 1113
f 1061 1112 1062
f 1109 1112 1114
f 1061 1062 1059
f 790 1110 801
f 1072 1066 1115
f 1061 1058 1072
f 1071 1070 1116
f 1066 1064 1071
f 1063 1066 1072
f 1066 1071 1117
f 1113 1115 1118
f 1115 1113 1072
f 1117 1116 1119
f 1116 1117 1071
f 1115 1066 1117
f 1115 1117 1120
f 1107 1121 1070
f 1113 1112 1061
f 1070 1071 1065
f 1112 1113 1122
f 801 800 788
f 800 801 1123
f 800 1123 1124
f 1123 801 1110
f 1111 1123 1110
f 1125 1123 1111
f 1126 648 797
f 648 1126 1124
f 1124 1125 648
f 1125 1124 1123
f 1126 800 1124
f 648 1125 1127
f 1114 1127 1111
f 800 1126 797
f 1114 1122 1128
f 1111 1109 1114
f 1118 1120 1129
f 1122 1113 1118
f 1112 1122 1114
f 1122 1118 1130
f 1127 1128 648
f 1127 1114 1128
f 1118 1129 1130
f 1130 1128 1122
f 1120 1131 1129
f 1130 1129 648
f 1120 1119 1131
f 1128 1130 648
f 1115 1120 1118
f 1127 1125 1111
f 1117 1119 1120
f 648 1129 1131
f 1121 1132 1116
f 790 801 785
f 1107 1093 1133
f 1070 1067 1107
f 1095 1094 1134
f 1093 1090 1095
f 1068 1093 1107
f 1093 1095 1135
f 1121 1133 1136
f 1133 1121 1107
f 1135 1134 1137
f 1134 1135 1095
f 1133 1093 1135
f 1133 1135 1138
f 1105 1139 1094
f 1119 1116 1132
f 1105 1100 1140
f 1094 1091 1105
f 1104 1103 1141
f 1100 1097 1104
f 1096 1100 1105
f 1100 1104 1142
f 1139 1140 1143
f 1140 1139 1105
f 1142 1141 1144
f 1141 1142 1104
f 1140 1100 1142
f 1140 1142 1145
f 1103 1102 1146
f 1139 1134 1094
f 1092 1094 1095
f 1134 1139 1147
f 1132 1136 1148
f 1136 1132 1121
f 1137 1149 1138
f 1137 1138 1135
f 1136 1133 1138
f 1136 1138 1150
f 1131 1151 648
f 1131 1119 1151
f 1148 1150 648
f 1150 1148 1136
f 1151 1132 1148
f 1151 1148 648
f 1149 1150 1138
f 1119 1132 1151
f 1147 1143 1152
f 1143 1147 1139
f 1145 1144 1153
f 1144 1145 1142
f 1143 1140 1145
f 1143 1145 1154
f 1149 1155 648
f 1149 1137 1155
f 1152 1154 648
f 1154 1152 1143
f 1153 1154 1145
f 1154 1153 648
f 1155 1147 1152
f 1155 1152 648
f 1144 1156 1157
f 1155 1137 1147
f 1137 1134 1147
f 1150 1149 648
f 1141 1146 1156
f 1116 1070 1121
f 1099 1103 1104
f 648 1153 1157
f 1087 1101 1098
f 746 802 745
f 1021 1020 1158
f 1021 1015 1020
f 1031 1026 1159
f 1031 1016 1026
f 1017 1031 1020
f 1020 1031 1160
f 1088 1158 1161
f 1158 1088 1021
f 1160 1159 1162
f 1159 1160 1031
f 1158 1020 1160
f 1158 1160 1163
f 1029 1164 1026
f 1086 1083 1106
f 1029 1027 1165
f 1029 1022 1027
f 1028 1040 1166
f 1028 1023 1040
f 1024 1028 1027
f 1027 1028 1167
f 1164 1165 1168
f 1165 1164 1029
f 1167 1166 1169
f 1166 1167 1028
f 1165 1027 1167
f 1165 1167 1170
f 1037 1171 1040
f 1164 1159 1026
f 1025 1029 1026
f 1159 1164 1172
f 1106 1161 1173
f 1161 1106 1088
f 1162 1174 1163
f 1162 1163 1160
f 1161 1158 1163
f 1161 1163 1175
f 1101 1176 1177
f 1101 1086 1176
f 1173 1175 1178
f 1175 1173 1161
f 1176 1106 1173
f 1176 1173 1179
f 1174 1175 1163
f 1086 1106 1176
f 1172 1168 1180
f 1168 1172 1164
f 1170 1169 1181
f 1169 1170 1167
f 1168 1165 1170
f 1168 1170 1182
f 1174 1183 1184
f 1174 1162 1183
f 1180 1182 1185
f 1182 1180 1168
f 1181 1182 1170
f 1182 1181 1186
f 1183 1172 1180
f 1183 1180 1187
f 1188 1189 1169
f 1183 1162 1172
f 1162 1159 1172
f 1175 1174 1190
f 1171 1188 1166
f 1083 1019 1088
f 1037 1038 1191
f 1037 1040 1030
f 1191 1192 1193
f 1192 1191 1038
f 1191 1194 1037
f 1193 1195 1191
f 1194 1171 1037
f 1196 1195 1193
f 1196 1193 1197
f 1171 1166 1040
f 1198 1199 1200
f 1201 1202 1203
f 1204 1205 1206
f 1171 1207 1188
f 1207 1171 1194
f 1194 1208 1207
f 1208 1194 1195
f 1194 1191 1195
f 1188 1207 1209
f 1189 1209 1210
f 1189 1188 1209
f 1211 1209 1207
f 1208 1212 1213
f 1208 1211 1207
f 1209 1211 1214
f 1199 1212 1195
f 1189 1181 1169
f 1199 1202 1215
f 1202 1199 1198
f 571 1216 1204
f 571 1204 1217
f 1202 1201 1205
f 1202 1205 1216
f 1213 1211 1208
f 1212 1215 1218
f 1212 1218 1213
f 1216 1215 1202
f 1216 1205 1204
f 1219 1215 1216
f 1212 1199 1215
f 581 1216 571
f 571 1217 1220
f 1212 1208 1195
f 1195 1196 1199
f 1211 1213 1221
f 1188 1169 1166
f 1019 1018 1021
f 1181 1189 1222
f 1102 1177 1223
f 1102 1101 1177
f 1179 1178 1224
f 1179 1173 1178
f 1176 1179 1177
f 1177 1179 1225
f 1146 1223 1226
f 1223 1146 1102
f 1225 1224 1227
f 1224 1225 1179
f 1223 1177 1225
f 1223 1225 1228
f 1190 1229 1178
f 1146 1141 1103
f 1190 1184 1230
f 1190 1174 1184
f 1185 1231 1187
f 1187 1180 1185
f 1183 1187 1184
f 1184 1187 1232
f 1229 1230 1233
f 1229 1190 1230
f 1185 1186 1234
f 1232 1230 1184
f 1231 1232 1187
f 1230 1232 1235
f 1182 1186 1185
f 1229 1224 1178
f 1175 1190 1178
f 1224 1229 1236
f 1156 1226 1237
f 1156 1146 1226
f 1228 1227 1238
f 1228 1225 1227
f 1223 1228 1226
f 1226 1228 1239
f 1157 1237 648
f 1237 1157 1156
f 1239 1238 648
f 1238 1239 1228
f 1237 1226 1239
f 1237 1239 648
f 1236 1240 1227
f 1157 1153 1144
f 1236 1233 1241
f 1236 1229 1233
f 1232 1242 1235
f 1235 1233 1230
f 1227 1224 1236
f 1233 1235 1243
f 1240 1241 648
f 1240 1236 1241
f 1235 1244 1243
f 1243 1241 1233
f 1245 1242 1246
f 1243 1244 648
f 1244 1235 1242
f 1241 1243 648
f 1231 1234 1246
f 1240 1238 1227
f 1232 1231 1242
f 1238 1240 648
f 1231 1185 1234
f 1156 1144 1141
f 1222 1210 1247
f 1222 1189 1210
f 1221 1248 1214
f 1214 1211 1221
f 1209 1214 1210
f 1210 1214 1249
f 1234 1250 1251
f 1234 1186 1250
f 1247 1249 1252
f 1249 1247 1210
f 1250 1222 1247
f 1250 1247 1253
f 1248 1249 1214
f 1250 1186 1222
f 1254 1221 1255
f 1218 1219 1256
f 1218 1256 1255
f 581 1219 1216
f 1218 1215 1219
f 686 1219 581
f 1248 1254 1257
f 1221 1254 1248
f 686 635 1256
f 686 1256 1219
f 1256 635 1258
f 1258 1254 1255
f 1256 1258 1255
f 1254 1258 1259
f 581 577 686
f 1221 1213 1255
f 1186 1181 1222
f 1249 1248 1260
f 1246 1251 1261
f 1246 1234 1251
f 1253 1252 1262
f 1253 1247 1252
f 1250 1253 1251
f 1251 1253 1263
f 1245 1261 648
f 1261 1245 1246
f 1263 1262 648
f 1262 1263 1253
f 1261 1251 1263
f 1261 1263 648
f 1260 1264 1252
f 1245 1244 1242
f 1260 1257 1265
f 1260 1248 1257
f 1258 657 1259
f 1259 1257 1254
f 1252 1249 1260
f 1257 1259 1266
f 1264 1265 648
f 1264 1260 1265
f 1259 650 1266
f 1266 1265 1257
f 650 657 643
f 1266 650 648
f 650 1259 657
f 1265 1266 648
f 635 630 657
f 1264 1262 1252
f 1258 635 657
f 1262 1264 648
f 686 626 635
f 1246 1242 1231
f 1213 1218 1255
f 1244 1245 648
f 571 570 581
f 1102 1103 1098
f 1036 1038 1037
f 648 650 647
f 547 732 541
f 966 991 986
f 989 988 990
f 983 986 992
f 1012 1007 1032
f 1030 1035 1036
f 1192 1197 1193
f 1196 1200 1199
f 1198 1203 1202
f 1201 1206 1205
f 571 1220 572
f 1204 1220 1217
f 555 554 574
f 554 555 552
f 549 553 550
f 557 551 564
f 562 563 565
f 558 566 559
f 360 365 367
f 364 360 362
f 368 371 373
f 327 340 1267
f 313 1267 340
f 318 323 322
f 315 322 324
f 1268 9 1269
f 1270 1268 1271
f 1269 1271 1268
f 1268 1272 9
f 1273 10 1274
f 1275 1274 1272
f 1274 9 1272
f 1276 14 10
f 10 9 1274
f 1277 1272 1268
f 1278 1279 1270
f 1277 1268 1279
f 1280 1275 1277
f 1272 1277 1275
f 1268 1270 1279
f 1281 1277 1279
f 1282 1276 1273
f 10 1273 1276
f 1283 1282 1284
f 1273 1284 1282
f 1285 1286 1276
f 1274 1275 1284
f 1284 1273 1274
f 1287 1284 1275
f 1286 14 1276
f 1286 1288 14
f 15 14 1288
f 1289 1290 1288
f 15 1288 1290
f 1290 1291 15
f 1292 1288 1286
f 1293 76 1294
f 1291 1295 1294
f 76 1291 1294
f 1293 20 76
f 15 1291 76
f 1296 1291 1290
f 1297 1292 1285
f 1292 1286 1285
f 1298 1296 1289
f 1296 1290 1289
f 1292 1289 1288
f 1299 1289 1292
f 1293 1294 1300
f 20 1293 1301
f 1302 1301 1303
f 1302 1304 43
f 1302 20 1301
f 1301 1293 1305
f 1295 1291 1296
f 1304 1302 1306
f 43 20 1302
f 1276 1282 1285
f 1307 1285 1282
f 1308 1309 1278
f 1309 1279 1278
f 1310 1280 1281
f 1280 1277 1281
f 1309 1281 1279
f 1311 1281 1309
f 1312 1283 1287
f 1283 1284 1287
f 1313 1297 1307
f 1297 1285 1307
f 1283 1307 1282
f 1314 1307 1283
f 1280 1287 1275
f 1315 1287 1280
f 1316 1317 1308
f 1317 1309 1308
f 1318 1310 1311
f 1311 1309 1317
f 1281 1311 1310
f 1319 1311 1317
f 1320 1312 1315
f 1315 1280 1310
f 1321 1313 1314
f 1314 1283 1312
f 1315 1312 1287
f 1322 1314 1312
f 1314 1313 1307
f 1323 1315 1310
f 1297 1324 1299
f 1299 1298 1289
f 1292 1297 1299
f 1325 1326 1298
f 1326 1296 1298
f 1295 1327 1300
f 1328 1298 1299
f 1326 1327 1295
f 1293 1300 1305
f 1303 1305 1329
f 1302 1303 1306
f 1303 1301 1305
f 1305 1300 1330
f 1300 1294 1295
f 1331 1306 1303
f 1324 1328 1299
f 1326 1332 1327
f 1333 1325 1328
f 1325 1298 1328
f 1326 1325 1332
f 1334 1328 1324
f 1335 1329 1330
f 1305 1330 1329
f 1336 1337 1332
f 1337 1327 1332
f 1330 1337 1335
f 1338 1335 1337
f 1339 1331 1329
f 1330 1327 1337
f 1330 1300 1327
f 1340 1332 1325
f 1329 1331 1303
f 1297 1313 1324
f 1326 1295 1296
f 1341 1324 1313
f 1304 1342 1343
f 1343 39 43
f 1344 1345 1343
f 39 1343 1345
f 1345 1346 39
f 1304 1306 1342
f 1347 40 1346
f 48 58 1348
f 1349 58 40
f 39 1346 40
f 1350 1346 1345
f 1342 1344 1343
f 1346 1351 1347
f 1352 1350 1344
f 1350 1345 1344
f 1346 1350 1351
f 1353 1344 1342
f 1351 1354 1347
f 58 1349 1355
f 1355 1356 1348
f 1357 1355 1349
f 1348 58 1355
f 1349 1347 1354
f 1349 40 1347
f 1358 1351 1350
f 1348 1359 48
f 1306 1360 1342
f 1359 1361 48
f 56 48 1361
f 1361 1359 1362
f 56 1361 1363
f 1364 56 1363
f 1359 1348 1365
f 83 56 1364
f 53 52 1366
f 52 83 1367
f 85 53 1368
f 1364 1363 1369
f 83 1364 1370
f 1367 1370 1371
f 52 1367 1372
f 1367 83 1370
f 1370 1364 1373
f 1366 1372 1374
f 53 1366 1375
f 1368 1375 1376
f 85 1368 1377
f 1368 53 1375
f 1375 1366 1378
f 1366 52 1372
f 1372 1367 1379
f 1377 1380 85
f 1363 1361 1381
f 1377 1368 1382
f 1360 1353 1342
f 1349 1354 1357
f 1335 1339 1329
f 1331 1360 1306
f 1357 1354 1383
f 1384 1354 1351
f 1356 1357 1385
f 1348 1356 1365
f 1362 1365 1386
f 1361 1362 1381
f 1362 1359 1365
f 1365 1356 1387
f 1356 1355 1357
f 1388 1381 1362
f 1353 1360 1389
f 1352 1344 1353
f 1358 1352 1390
f 1384 1351 1358
f 1352 1358 1350
f 1352 1353 1391
f 1383 1384 1392
f 1357 1383 1385
f 1387 1385 1393
f 1365 1387 1386
f 1387 1356 1385
f 1385 1383 1394
f 1383 1354 1384
f 1384 1358 1395
f 1362 1386 1388
f 1360 1331 1396
f 1397 1373 1369
f 1364 1369 1373
f 1398 1379 1371
f 1367 1371 1379
f 1371 1370 1373
f 1399 1371 1373
f 1400 1378 1374
f 1366 1374 1378
f 1401 1382 1376
f 1368 1376 1382
f 1376 1375 1378
f 1402 1376 1378
f 1374 1372 1379
f 1403 1374 1379
f 1388 1386 1404
f 1405 1381 1388
f 1397 1405 1406
f 1373 1397 1399
f 1397 1369 1405
f 1405 1388 1407
f 1398 1399 1408
f 1379 1398 1403
f 1400 1403 1409
f 1378 1400 1402
f 1376 1402 1401
f 1402 1400 1410
f 1400 1374 1403
f 1403 1398 1411
f 1398 1371 1399
f 1399 1397 1412
f 1382 1413 1414
f 1369 1381 1405
f 1369 1363 1381
f 1386 1387 1415
f 1377 1414 1380
f 43 1304 1343
f 1416 1401 1402
f 1417 1418 1316
f 1319 1317 1418
f 1419 1318 1319
f 1311 1319 1318
f 1318 1323 1310
f 1420 1319 1418
f 1421 1320 1323
f 1315 1323 1320
f 1422 1321 1322
f 1314 1322 1321
f 1322 1312 1320
f 1423 1322 1320
f 1316 1418 1317
f 1424 1323 1318
f 1425 1426 1417
f 1426 1418 1417
f 1427 1419 1420
f 1420 1418 1426
f 1319 1420 1419
f 1428 1420 1426
f 1429 1421 1424
f 1424 1318 1419
f 1430 1422 1423
f 1423 1320 1421
f 1424 1421 1323
f 1431 1423 1421
f 1423 1422 1322
f 1432 1424 1419
f 1321 1433 1341
f 1434 1334 1341
f 1334 1324 1341
f 1434 1435 1334
f 1340 1325 1333
f 1334 1333 1328
f 1334 1435 1333
f 1340 1336 1332
f 1331 1339 1396
f 1389 1396 1436
f 1353 1389 1391
f 1389 1360 1396
f 1396 1339 1437
f 1341 1313 1321
f 1391 1389 1438
f 1336 1340 1439
f 1338 1337 1336
f 1440 1434 1433
f 1434 1341 1433
f 1338 1336 1441
f 1333 1442 1340
f 1443 1338 1444
f 1339 1443 1437
f 1436 1437 1445
f 1389 1436 1438
f 1436 1396 1437
f 1437 1443 1446
f 1338 1443 1335
f 1447 1438 1436
f 1391 1448 1390
f 1321 1422 1433
f 1335 1443 1339
f 1449 1433 1422
f 1450 1451 1425
f 1428 1426 1451
f 1452 1427 1428
f 1420 1428 1427
f 1426 1425 1451
f 1452 1428 1451
f 1432 1429 1424
f 1419 1427 1432
f 1453 1431 1429
f 1431 1421 1429
f 1423 1431 1430
f 1454 1429 1432
f 1455 1435 1434
f 1454 1432 1427
f 1454 1427 1452
f 1429 1454 1453
f 1451 1450 1452
f 1456 1449 1430
f 1449 1422 1430
f 1440 1456 1457
f 1449 1456 1440
f 1449 1440 1433
f 1453 1456 1430
f 1430 1431 1453
f 1440 1455 1434
f 1442 1458 1439
f 1340 1442 1439
f 1457 1459 1455
f 1459 1435 1455
f 1459 1458 1442
f 1442 1435 1459
f 1441 1439 1460
f 1338 1441 1444
f 1446 1444 1461
f 1437 1446 1445
f 1446 1443 1444
f 1444 1441 1462
f 1441 1336 1439
f 1445 1446 1463
f 1464 1460 1458
f 1439 1458 1460
f 1464 1459 1457
f 1464 1465 1460
f 1458 1459 1464
f 1465 1461 1462
f 1444 1462 1461
f 1465 1466 1461
f 1463 1461 1466
f 1463 1466 1467
f 1463 1446 1461
f 1460 1465 1462
f 1462 1441 1460
f 1467 1447 1445
f 1440 1457 1455
f 1442 1333 1435
f 1447 1436 1445
f 1468 1395 1390
f 1358 1390 1395
f 1469 1468 1448
f 1390 1448 1468
f 1395 1470 1392
f 1448 1438 1471
f 1468 1470 1395
f 1383 1392 1394
f 1393 1394 1472
f 1387 1393 1415
f 1393 1385 1394
f 1394 1392 1473
f 1392 1384 1395
f 1415 1393 1474
f 1438 1447 1471
f 1468 1475 1470
f 1476 1469 1471
f 1469 1448 1471
f 1468 1469 1475
f 1477 1471 1447
f 1475 1478 1470
f 1394 1473 1472
f 1472 1479 1474
f 1480 1472 1473
f 1474 1393 1472
f 1473 1470 1478
f 1473 1392 1470
f 1481 1475 1469
f 1415 1482 1404
f 1448 1391 1438
f 1483 1407 1404
f 1388 1404 1407
f 1484 1412 1406
f 1397 1406 1412
f 1406 1405 1407
f 1485 1406 1407
f 1486 1411 1408
f 1398 1408 1411
f 1487 1410 1409
f 1400 1409 1410
f 1409 1403 1411
f 1488 1409 1411
f 1408 1399 1412
f 1489 1408 1412
f 1482 1474 1490
f 1404 1482 1483
f 1485 1483 1491
f 1406 1485 1484
f 1485 1407 1483
f 1483 1482 1492
f 1489 1484 1493
f 1408 1489 1486
f 1488 1486 1494
f 1409 1488 1487
f 1488 1411 1486
f 1486 1489 1495
f 1489 1412 1484
f 1484 1485 1496
f 1497 1416 1410
f 1415 1474 1482
f 1404 1386 1415
f 1487 1488 1498
f 1499 1477 1467
f 1477 1447 1467
f 1500 1481 1476
f 1481 1469 1476
f 1477 1476 1471
f 1499 1476 1477
f 1481 1501 1475
f 1473 1478 1480
f 1479 1480 1502
f 1474 1479 1490
f 1479 1472 1480
f 1480 1478 1503
f 1501 1478 1475
f 1490 1479 1504
f 1505 1501 1500
f 1478 1501 1503
f 1500 1476 1499
f 1505 1503 1501
f 1501 1481 1500
f 1506 1504 1502
f 1479 1502 1504
f 1502 1505 1506
f 1506 1507 1504
f 1503 1505 1502
f 1502 1480 1503
f 1490 1507 1492
f 1466 1499 1467
f 1492 1508 1491
f 1483 1492 1491
f 1491 1509 1496
f 1492 1507 1508
f 1496 1485 1491
f 1490 1504 1507
f 1493 1496 1510
f 1489 1493 1495
f 1494 1495 1511
f 1488 1494 1498
f 1494 1486 1495
f 1495 1493 1512
f 1493 1484 1496
f 1498 1494 1513
f 1514 1509 1508
f 1491 1508 1509
f 1510 1509 1515
f 1514 1515 1509
f 1510 1496 1509
f 1507 1514 1508
f 1516 1511 1512
f 1495 1512 1511
f 1515 1516 1512
f 1513 1511 1516
f 1517 1513 1516
f 1513 1494 1511
f 1510 1515 1512
f 1512 1493 1510
f 1518 1519 1498
f 1506 1514 1507
f 1492 1482 1490
f 1519 1497 1487
f 1445 1463 1467
f 1390 1352 1391
f 1402 1410 1416
f 1520 89 1380
f 85 1380 89
f 1521 1522 1520
f 89 1520 1522
f 1522 106 89
f 1523 1520 1380
f 1524 95 106
f 1525 1524 1526
f 106 1526 1524
f 1524 1527 95
f 1522 1526 106
f 1528 1526 1522
f 1529 1523 1414
f 1523 1380 1414
f 1530 1528 1521
f 1528 1522 1521
f 1523 1521 1520
f 1531 1521 1523
f 1527 1532 1533
f 95 1527 1533
f 1534 1535 1525
f 1535 1524 1525
f 1527 1535 1532
f 1526 1528 1525
f 1524 1535 1527
f 1536 1525 1528
f 1533 104 95
f 1413 1382 1401
f 1537 99 104
f 1538 1537 1539
f 104 1539 1537
f 1537 1540 99
f 1539 1533 1541
f 1542 101 1543
f 1540 1544 1543
f 1543 99 1540
f 1545 140 101
f 101 99 1543
f 1546 1540 1537
f 1547 1541 1532
f 1532 1541 1533
f 1548 1546 1538
f 1546 1537 1538
f 1541 1538 1539
f 1549 1538 1541
f 1542 1543 1550
f 101 1542 1545
f 1551 1545 1552
f 140 1551 1553
f 1551 140 1545
f 1545 1542 1554
f 1544 1540 1546
f 1555 1553 1551
f 1553 120 140
f 104 1533 1539
f 1556 1532 1535
f 1557 1529 1413
f 1529 1414 1413
f 1558 1530 1531
f 1530 1521 1531
f 1529 1531 1523
f 1559 1531 1529
f 1560 1534 1536
f 1534 1525 1536
f 1556 1561 1547
f 1547 1532 1556
f 1534 1556 1535
f 1562 1556 1534
f 1530 1536 1528
f 1563 1536 1530
f 1564 1565 1416
f 1565 1401 1416
f 1566 1559 1557
f 1529 1557 1559
f 1557 1413 1565
f 1567 1557 1565
f 1568 1563 1558
f 1530 1558 1563
f 1569 1562 1560
f 1534 1560 1562
f 1560 1536 1563
f 1570 1560 1563
f 1558 1531 1559
f 1571 1558 1559
f 1556 1562 1561
f 1565 1413 1401
f 1549 1548 1538
f 1541 1547 1549
f 1572 1573 1548
f 1573 1546 1548
f 1544 1574 1550
f 1575 1548 1549
f 1550 1576 1554
f 1542 1550 1554
f 1552 1554 1577
f 1550 1574 1576
f 1552 1545 1554
f 1544 1573 1574
f 1550 1543 1544
f 1578 1574 1573
f 1579 1580 1561
f 1561 1580 1547
f 1581 1572 1575
f 1572 1548 1575
f 1580 1575 1549
f 1582 1575 1580
f 1583 1577 1576
f 1554 1576 1577
f 1584 1585 1578
f 1585 1574 1578
f 1576 1585 1583
f 1586 1583 1585
f 1587 1588 1577
f 1573 1572 1578
f 1574 1585 1576
f 1589 1578 1572
f 1588 1555 1552
f 1549 1547 1580
f 1573 1544 1546
f 1590 1561 1562
f 1555 1551 1552
f 1414 1377 1382
f 1591 1553 1592
f 1593 120 1591
f 1594 1595 1593
f 1593 1595 128
f 128 120 1593
f 1596 1593 1591
f 1597 124 128
f 125 124 1598
f 1597 1599 124
f 1595 1597 128
f 1600 1597 1595
f 1601 1592 1555
f 1555 1592 1553
f 1602 1594 1596
f 1594 1593 1596
f 1592 1596 1591
f 1603 1596 1592
f 1599 1604 1598
f 124 1599 1598
f 1605 1606 1600
f 1606 1597 1600
f 1606 1604 1599
f 1595 1594 1600
f 1597 1606 1599
f 1607 1600 1594
f 1598 1608 125
f 120 1553 1591
f 1608 1609 125
f 139 125 1609
f 1609 1608 1610
f 139 1609 1611
f 1612 139 1611
f 1608 1598 1613
f 166 139 1612
f 164 136 1614
f 136 166 1615
f 165 164 1616
f 1612 1611 1617
f 166 1612 1618
f 1615 1618 1619
f 136 1615 1620
f 1615 166 1618
f 1618 1612 1621
f 1614 1620 1622
f 164 1614 1623
f 1616 1623 1624
f 165 1616 1625
f 1616 164 1623
f 1623 1614 1626
f 1614 136 1620
f 1620 1615 1627
f 1611 1609 1628
f 1625 1616 1629
f 1630 1601 1588
f 1601 1555 1588
f 1630 1631 1601
f 1602 1596 1603
f 1601 1603 1592
f 1601 1631 1603
f 1602 1607 1594
f 1598 1604 1613
f 1610 1613 1632
f 1609 1610 1628
f 1610 1608 1613
f 1613 1604 1633
f 1604 1606 1634
f 1628 1610 1635
f 1607 1602 1636
f 1605 1600 1607
f 1637 1630 1587
f 1630 1588 1587
f 1605 1607 1638
f 1603 1639 1602
f 1634 1605 1640
f 1604 1634 1633
f 1632 1633 1641
f 1610 1632 1635
f 1632 1613 1633
f 1633 1634 1642
f 1605 1634 1606
f 1632 1643 1635
f 1628 1644 1617
f 1577 1583 1587
f 1645 1621 1617
f 1612 1617 1621
f 1646 1627 1619
f 1615 1619 1627
f 1619 1618 1621
f 1647 1619 1621
f 1648 1626 1622
f 1614 1622 1626
f 1649 1629 1624
f 1616 1624 1629
f 1624 1623 1626
f 1649 1624 1626
f 1622 1620 1627
f 1650 1622 1627
f 1645 1644 1651
f 1617 1644 1645
f 1646 1647 1652
f 1619 1647 1646
f 1647 1621 1645
f 1647 1645 1653
f 1648 1650 1654
f 1622 1650 1648
f 1655 1656 1649
f 1629 1649 1656
f 1657 1649 1648
f 1649 1626 1648
f 1658 1650 1646
f 1650 1627 1646
f 1659 1644 1635
f 1628 1635 1644
f 1617 1611 1628
f 1649 1657 1655
f 1552 1577 1588
f 1660 1587 1583
f 1661 1564 1497
f 1564 1416 1497
f 1662 1566 1567
f 1566 1557 1567
f 1564 1567 1565
f 1663 1567 1564
f 1664 1568 1571
f 1568 1558 1571
f 1665 1569 1570
f 1569 1560 1570
f 1568 1570 1563
f 1666 1570 1568
f 1566 1571 1559
f 1667 1571 1566
f 1668 1661 1519
f 1497 1519 1661
f 1669 1662 1663
f 1567 1663 1662
f 1663 1564 1661
f 1670 1663 1661
f 1671 1664 1667
f 1571 1667 1664
f 1672 1665 1666
f 1570 1666 1665
f 1666 1568 1664
f 1673 1666 1664
f 1667 1566 1662
f 1674 1667 1662
f 1569 1675 1590
f 1487 1498 1519
f 1676 1579 1590
f 1579 1561 1590
f 1677 1581 1582
f 1581 1575 1582
f 1579 1582 1580
f 1678 1582 1579
f 1589 1584 1578
f 1572 1581 1589
f 1679 1680 1589
f 1586 1585 1584
f 1583 1586 1660
f 1589 1680 1584
f 1590 1562 1569
f 1679 1589 1581
f 1681 1676 1675
f 1676 1590 1675
f 1682 1677 1678
f 1677 1582 1678
f 1676 1678 1579
f 1683 1678 1676
f 1660 1586 1684
f 1637 1587 1660
f 1685 1637 1686
f 1687 1637 1660
f 1637 1685 1630
f 1581 1677 1679
f 1586 1584 1688
f 1689 1679 1677
f 1690 1691 1685
f 1569 1665 1675
f 1630 1685 1631
f 1692 1675 1665
f 1517 1668 1518
f 1668 1519 1518
f 1693 1669 1670
f 1669 1663 1670
f 1668 1670 1661
f 1693 1670 1668
f 1694 1671 1674
f 1671 1667 1674
f 1695 1672 1673
f 1672 1666 1673
f 1671 1673 1664
f 1695 1673 1671
f 1669 1674 1662
f 1694 1674 1669
f 1693 1668 1517
f 1695 1671 1694
f 1693 1694 1669
f 1696 1681 1692
f 1681 1675 1692
f 1683 1681 1697
f 1696 1697 1681
f 1681 1683 1676
f 1672 1695 1696
f 1696 1692 1672
f 1672 1692 1665
f 1513 1517 1518
f 1682 1689 1677
f 1678 1683 1682
f 1698 1699 1689
f 1699 1679 1689
f 1680 1700 1688
f 1698 1689 1682
f 1699 1700 1680
f 1586 1688 1684
f 1687 1684 1701
f 1637 1687 1686
f 1687 1660 1684
f 1684 1688 1702
f 1688 1584 1680
f 1686 1687 1703
f 1697 1698 1682
f 1704 1700 1699
f 1704 1699 1698
f 1704 1702 1700
f 1705 1701 1702
f 1684 1702 1701
f 1706 1703 1705
f 1701 1705 1703
f 1703 1706 1707
f 1703 1687 1701
f 1704 1705 1702
f 1702 1688 1700
f 1690 1686 1707
f 1683 1697 1682
f 1699 1680 1679
f 1691 1639 1631
f 1498 1513 1518
f 1639 1708 1636
f 1602 1639 1636
f 1636 1709 1638
f 1639 1691 1708
f 1638 1607 1636
f 1631 1685 1691
f 1640 1638 1710
f 1634 1640 1642
f 1641 1642 1711
f 1632 1641 1643
f 1641 1633 1642
f 1642 1640 1712
f 1640 1605 1638
f 1713 1643 1641
f 1708 1714 1709
f 1636 1708 1709
f 1715 1716 1690
f 1716 1691 1690
f 1708 1716 1714
f 1708 1691 1716
f 1714 1717 1709
f 1640 1710 1712
f 1712 1718 1711
f 1719 1712 1710
f 1711 1642 1712
f 1710 1709 1717
f 1710 1638 1709
f 1720 1714 1716
f 1641 1711 1713
f 1685 1686 1690
f 1651 1659 1721
f 1644 1659 1651
f 1652 1653 1722
f 1647 1653 1652
f 1653 1645 1651
f 1653 1651 1723
f 1654 1658 1724
f 1650 1658 1654
f 1725 1657 1654
f 1655 1657 1726
f 1657 1648 1654
f 1727 1658 1652
f 1658 1646 1652
f 1725 1726 1657
f 1728 1729 1713
f 1729 1643 1713
f 1723 1721 1730
f 1651 1721 1723
f 1721 1659 1729
f 1721 1729 1731
f 1727 1722 1732
f 1652 1722 1727
f 1725 1724 1733
f 1654 1724 1725
f 1726 1725 1734
f 1735 1724 1727
f 1724 1658 1727
f 1736 1722 1723
f 1722 1653 1723
f 1737 1713 1711
f 1659 1643 1729
f 1659 1635 1643
f 1733 1734 1725
f 1707 1715 1690
f 1714 1738 1717
f 1739 1720 1715
f 1720 1716 1715
f 1720 1738 1714
f 1706 1739 1715
f 1719 1717 1740
f 1712 1719 1718
f 1737 1718 1741
f 1713 1737 1728
f 1737 1711 1718
f 1718 1719 1742
f 1719 1710 1717
f 1728 1737 1743
f 1744 1740 1738
f 1717 1738 1740
f 1738 1739 1744
f 1744 1742 1740
f 1720 1739 1738
f 1745 1741 1742
f 1718 1742 1741
f 1746 1743 1745
f 1741 1745 1743
f 1743 1737 1741
f 1744 1745 1742
f 1742 1719 1740
f 1728 1747 1731
f 1707 1706 1715
f 1731 1748 1730
f 1721 1731 1730
f 1730 1749 1736
f 1731 1747 1748
f 1736 1723 1730
f 1743 1746 1747
f 1735 1732 1750
f 1727 1732 1735
f 1751 1733 1735
f 1734 1733 1752
f 1733 1724 1735
f 1732 1736 1753
f 1732 1722 1736
f 1751 1752 1733
f 1754 1749 1748
f 1730 1748 1749
f 1748 1746 1754
f 1754 1753 1749
f 1747 1746 1748
f 1755 1750 1753
f 1732 1753 1750
f 1756 1751 1755
f 1750 1755 1751
f 1752 1751 1756
f 1751 1735 1750
f 1754 1755 1753
f 1753 1736 1749
f 1747 1728 1743
f 1731 1729 1728
f 1686 1703 1707
f 1639 1603 1631
f 1410 1487 1497
f 1757 1758 1759
f 1760 1761 1762
f 1758 1760 1759
f 1763 1764 1765
f 1766 1767 1768
f 1764 1768 1769
f 1761 1763 1762
f 1770 1771 1772
f 1770 1757 1771
f 1759 1771 1757
f 1759 1760 1773
f 1762 1763 1765
f 1774 1765 1764
f 1760 1762 1773
f 1764 1769 1774
f 1767 1769 1768
f 1775 1776 1777
f 1778 1779 1780
f 1776 1778 1777
f 1781 1782 1783
f 1784 1785 1786
f 1782 1784 1787
f 1779 1781 1783
f 1766 1788 1767
f 1777 1778 1789
f 1775 1777 1788
f 1782 1790 1783
f 1783 1780 1779
f 1782 1787 1790
f 1780 1789 1778
f 1784 1786 1787
f 1788 1766 1775
f 1791 1792 1793
f 1793 1794 1795
f 1792 1791 1796
f 1797 1798 1799
f 1797 1800 1798
f 1794 1799 1795
f 1796 1801 1802
f 1803 1793 1792
f 1802 1792 1796
f 1803 1794 1793
f 1804 1800 1805
f 1797 1805 1800
f 1799 1806 1797
f 1794 1806 1799
f 1802 1801 1807
